2014-01-02;23,30;23,49;23,13;23,24;153.283
2014-01-03;23,12;23,30;22,84;23,28;154.327
2014-01-06;23,30;23,44;23,24;23,35;130.933
2014-01-07;23,37;23,43;23,24;23,43;124.289
2014-01-08;23,41;23,45;23,29;23,37;88.160
2014-01-09;23,40;23,50;23,18;23,26;90.651
2014-01-10;23,32;23,55;23,32;23,50;156.415
2014-01-13;23,61;23,85;23,60;23,80;145.913
2014-01-14;23,68;23,87;23,55;23,82;104.911
2014-01-15;23,97;23,98;23,57;23,70;193.107
2014-01-16;23,72;23,84;23,70;23,74;93.062
2014-01-17;23,72;23,88;23,69;23,77;83.707
2014-01-20;23,77;23,78;23,60;23,64;64.591
2014-01-21;23,70;23,70;23,44;23,54;152.812
2014-01-22;23,61;23,87;23,56;23,84;116.214
2014-01-23;23,76;23,95;23,61;23,70;129.194
2014-01-24;23,77;23,89;22,99;23,05;204.618
2014-01-27;22,90;23,16;22,38;23,03;200.936
2014-01-28;23,17;23,50;23,07;23,21;147.760
2014-01-29;23,45;23,69;23,07;23,25;171.116
2014-01-30;23,25;23,43;23,03;23,35;89.416
2014-01-31;23,40;23,53;22,95;23,21;235.028
2014-02-03;23,23;23,48;22,74;22,80;250.073
2014-02-04;22,62;22,83;22,22;22,68;244.589
2014-02-05;22,65;22,92;22,53;22,77;155.412
2014-02-06;22,90;23,20;22,85;23,12;167.973
2014-02-07;23,16;23,36;23,10;23,23;89.951
2014-02-10;23,24;23,40;23,14;23,31;98.769
2014-02-11;23,45;23,88;23,44;23,81;196.851
2014-02-12;23,90;24,04;23,75;23,80;181.619
2014-02-13;23,84;23,95;23,61;23,86;125.367
2014-02-14;23,96;24,09;23,88;23,96;112.257
2014-02-17;23,99;24,21;23,93;24,12;140.913
2014-02-18;24,12;24,12;23,82;23,99;152.255
2014-02-19;23,88;23,97;23,71;23,78;143.329
2014-02-20;23,61;23,72;23,56;23,67;111.246
2014-02-21;23,74;23,82;23,62;23,72;123.793
2014-02-24;23,72;23,82;23,63;23,76;132.331
2014-02-25;23,79;23,87;23,64;23,76;168.405
2014-02-26;24,00;24,03;23,42;23,73;326.538
2014-02-27;23,94;24,09;23,63;24,06;279.110
2014-02-28;24,10;24,59;24,10;24,50;249.143
2014-03-03;24,00;24,45;23,73;24,15;389.960
2014-03-04;24,30;24,56;24,30;24,47;212.544
2014-03-05;24,35;24,64;24,32;24,58;288.737
2014-03-06;24,70;25,35;24,68;25,27;331.160
2014-03-07;25,25;25,50;25,03;25,16;223.016
2014-03-10;25,19;25,46;24,83;25,09;218.770
2014-03-11;25,09;25,12;24,88;25,00;116.060
2014-03-12;24,94;24,95;24,48;24,77;144.712
2014-03-13;24,86;24,86;24,37;24,41;152.253
2014-03-14;24,20;24,20;23,67;24,04;218.004
2014-03-17;24,00;24,69;23,97;24,53;177.071
2014-03-18;24,58;24,81;24,35;24,81;130.365
2014-03-19;24,84;25,00;24,71;24,83;123.992
2014-03-20;24,65;24,76;24,45;24,70;105.145
2014-03-21;24,75;24,93;24,71;24,76;239.183
2014-03-24;24,72;24,81;24,25;24,44;185.163
2014-03-25;24,42;24,84;24,42;24,71;102.742
2014-03-26;24,77;25,14;24,77;25,03;126.668
2014-03-27;24,95;25,08;24,81;24,95;81.862
2014-03-28;25,00;25,29;24,90;25,23;119.748
2014-03-31;25,30;25,48;25,27;25,30;181.039
2014-04-01;25,36;25,75;25,35;25,63;255.035
2014-04-02;25,73;25,83;25,66;25,79;144.576
2014-04-03;25,85;25,88;25,56;25,56;119.296
2014-04-04;25,67;25,85;25,61;25,73;90.635
2014-04-07;25,52;25,65;25,34;25,47;96.020
2014-04-08;25,48;25,52;24,89;25,41;173.297
2014-04-09;25,40;25,82;25,39;25,49;107.317
2014-04-10;25,64;25,90;25,35;25,41;128.630
2014-04-11;25,17;25,17;24,56;24,93;287.462
2014-04-14;24,84;24,84;24,09;24,41;157.929
2014-04-15;24,46;24,63;24,01;24,12;130.664
2014-04-16;24,36;24,62;24,16;24,43;140.108
2014-04-17;24,45;24,52;24,31;24,44;243.482
2014-04-22;24,45;24,85;24,31;24,66;395.395
2014-04-23;24,67;24,79;24,54;24,64;140.127
2014-04-24;24,36;24,50;24,06;24,25;223.433
2014-04-25;24,11;24,26;23,99;24,05;176.151
2014-04-28;24,10;24,24;23,77;23,94;83.342
2014-04-29;23,88;24,14;23,88;23,95;105.053
2014-04-30;23,90;24,00;23,68;23,99;96.929
2014-05-02;24,01;24,09;23,91;24,00;73.471
2014-05-05;23,95;23,95;23,54;23,82;144.953
2014-05-06;23,78;23,99;23,78;23,88;193.772
2014-05-07;23,76;23,99;23,48;23,57;183.386
2014-05-08;23,63;23,94;23,63;23,81;167.850
2014-05-09;23,88;24,08;23,78;24,01;107.442
2014-05-12;24,05;24,50;24,02;24,42;221.336
2014-05-13;24,50;24,70;24,43;24,54;135.281
2014-05-14;24,74;24,80;24,43;24,50;100.803
2014-05-15;24,53;24,70;24,04;24,14;139.861
2014-05-16;24,30;24,36;23,71;23,76;206.462
2014-05-19;23,95;24,14;23,62;23,66;195.689
2014-05-20;23,69;24,05;23,67;23,89;130.828
2014-05-21;23,76;23,90;23,52;23,86;242.659
2014-05-22;23,89;23,99;23,85;23,88;110.513
2014-05-23;23,82;23,99;23,82;23,99;128.719
2014-05-26;23,97;24,44;23,97;24,31;91.047
2014-05-27;24,39;24,47;24,21;24,21;86.100
2014-05-28;24,28;24,35;24,22;24,35;91.607
2014-05-29;24,35;24,39;24,21;24,27;45.309
2014-05-30;24,27;24,39;24,14;24,14;150.374
2014-06-02;24,20;24,35;24,06;24,16;173.838
2014-06-03;24,16;24,25;24,04;24,21;300.171
2014-06-04;24,29;24,40;24,16;24,38;120.363
2014-06-05;24,38;24,48;24,20;24,36;117.050
2014-06-06;24,45;24,74;24,36;24,68;171.097
2014-06-09;24,66;24,89;24,66;24,85;85.210
2014-06-10;24,95;24,96;24,75;24,85;95.232
2014-06-11;24,85;24,88;24,63;24,72;112.937
2014-06-12;24,71;24,85;24,60;24,85;154.286
2014-06-13;24,73;24,79;24,55;24,72;139.648
2014-06-16;24,61;24,76;24,50;24,55;69.788
2014-06-17;24,65;24,79;24,51;24,56;104.808
2014-06-18;24,46;24,64;24,45;24,55;91.576
2014-06-19;24,74;24,96;24,73;24,80;193.850
2014-06-20;24,76;24,99;24,76;24,99;194.318
2014-06-23;24,96;25,00;24,75;24,78;86.462
2014-06-24;24,80;24,95;24,60;24,65;116.847
2014-06-25;24,52;24,52;24,01;24,30;184.865
2014-06-26;24,29;24,41;23,94;24,12;147.821
2014-06-27;24,12;24,17;23,68;23,92;243.588
2014-06-30;23,94;24,09;23,76;23,85;131.321
2014-07-01;23,84;23,92;23,67;23,74;264.508
2014-07-02;23,75;23,85;23,35;23,83;216.379
2014-07-03;23,80;23,92;23,53;23,81;178.782
2014-07-04;23,95;24,10;23,64;24,00;669.313
2014-07-07;23,95;24,10;23,60;23,69;486.740
2014-07-08;23,70;23,88;23,36;23,61;414.796
2014-07-09;23,62;23,78;23,34;23,41;193.435
2014-07-10;23,40;23,44;22,69;22,77;223.348
2014-07-11;22,70;23,13;22,70;23,08;150.265
2014-07-14;23,14;23,39;23,14;23,27;120.760
2014-07-15;23,30;23,32;22,86;23,09;246.853
2014-07-16;23,15;23,56;23,04;23,51;138.539
2014-07-17;23,44;23,53;23,27;23,49;177.029
2014-07-18;23,32;23,44;23,03;23,27;109.303
2014-07-21;23,27;23,33;23,09;23,25;101.730
2014-07-22;23,25;23,74;23,25;23,65;198.691
2014-07-23;23,63;23,82;23,59;23,76;122.919
2014-07-24;23,75;24,02;23,70;23,95;107.935
2014-07-25;23,99;23,99;23,70;23,77;71.192
2014-07-28;23,81;23,86;23,45;23,57;104.035
2014-07-29;23,69;23,69;23,29;23,42;146.558
2014-07-30;23,39;23,45;23,17;23,25;105.599
2014-07-31;23,24;23,24;22,79;22,82;222.377
2014-08-01;22,86;22,86;21,97;22,50;225.834
2014-08-04;22,56;22,56;22,16;22,19;114.430
2014-08-05;22,29;22,39;22,17;22,20;114.074
2014-08-06;22,10;22,10;21,13;21,41;408.151
2014-08-07;21,40;21,49;20,90;21,30;196.248
2014-08-08;20,93;20,94;20,27;20,43;376.707
2014-08-11;20,67;21,10;20,67;21,00;249.134
2014-08-12;20,97;21,00;20,78;20,87;160.163
2014-08-13;20,99;21,00;20,69;20,78;147.197
2014-08-14;20,88;21,23;20,79;21,02;435.706
2014-08-15;21,10;21,23;20,84;20,91;293.697
2014-08-18;21,19;21,27;21,12;21,12;114.665
2014-08-19;21,17;21,27;21,10;21,16;255.689
2014-08-20;21,16;21,16;20,75;20,87;205.453
2014-08-21;20,90;21,14;20,85;21,10;166.916
2014-08-22;21,16;21,22;20,93;21,05;246.259
2014-08-25;21,10;21,11;20,97;21,06;124.830
2014-08-26;21,05;21,10;20,96;21,00;140.028
2014-08-27;21,05;21,17;21,05;21,14;89.286
2014-08-28;21,14;21,14;20,88;21,01;216.974
2014-08-29;21,09;21,12;20,95;21,10;114.936
2014-09-01;21,12;21,21;20,93;20,93;79.344
2014-09-02;21,00;21,09;20,86;21,03;138.772
2014-09-03;21,08;21,08;20,87;21,00;213.602
2014-09-04;21,00;21,17;20,94;21,14;255.225
2014-09-05;21,18;21,79;21,13;21,68;514.417
2014-09-08;21,73;21,81;21,65;21,76;289.779
2014-09-09;21,76;22,07;21,65;21,85;207.184
2014-09-10;21,94;21,94;21,63;21,76;112.320
2014-09-11;21,85;21,89;21,57;21,69;169.192
2014-09-12;21,70;21,82;21,59;21,64;189.581
2014-09-15;21,57;21,57;21,34;21,46;226.248
2014-09-16;21,45;21,45;21,11;21,23;176.946
2014-09-17;21,31;21,50;21,30;21,36;205.803
2014-09-18;21,40;21,50;21,27;21,34;176.871
2014-09-19;21,44;21,52;21,32;21,43;393.112
2014-09-22;21,32;21,42;21,20;21,22;152.880
2014-09-23;21,21;21,26;20,75;20,81;218.762
2014-09-24;20,81;20,81;20,53;20,74;147.889
2014-09-25;20,80;20,93;20,60;20,65;209.740
2014-09-26;20,67;20,71;20,39;20,59;221.308
2014-09-29;20,61;20,68;20,37;20,45;128.007
2014-09-30;20,44;20,66;20,43;20,53;248.932
2014-10-01;20,59;20,63;20,04;20,04;171.317
2014-10-02;20,00;20,12;19,60;19,78;220.145
2014-10-03;19,95;20,03;19,85;19,88;115.645
2014-10-06;20,00;20,45;19,82;20,04;241.658
2014-10-07;20,06;20,06;19,46;19,48;157.029
2014-10-08;19,40;19,41;19,00;19,22;216.170
2014-10-09;19,39;19,50;18,96;19,02;198.516
2014-10-10;18,79;19,04;18,62;18,74;249.968
2014-10-13;18,51;18,99;18,35;18,67;238.608
2014-10-14;18,51;19,15;18,46;19,06;264.911
2014-10-17;19,15;19,78;19,10;19,62;332.855
2014-10-20;19,69;19,69;19,40;19,50;243.009
2014-10-21;19,50;20,22;19,33;20,05;280.648
2014-10-22;20,21;20,40;20,01;20,17;245.285
2014-10-23;20,30;20,55;19,73;20,24;275.927
2014-10-24;20,26;20,26;20,04;20,08;104.472
2014-10-27;20,26;20,26;19,70;19,80;218.679
2014-10-28;19,99;20,23;19,90;20,13;163.937
2014-10-29;20,79;20,90;20,54;20,66;362.310
2014-10-30;20,82;20,82;20,31;20,60;237.584
2014-10-31;20,88;21,33;20,78;21,25;327.768
2014-11-03;21,36;21,65;21,04;21,06;223.654
2014-11-04;21,10;21,10;20,55;20,61;271.102
2014-11-05;20,81;20,94;20,65;20,87;257.249
2014-11-06;20,80;21,00;20,75;20,94;240.080
2014-11-07;21,10;21,33;20,96;21,13;178.787
2014-11-10;21,33;21,73;21,22;21,73;248.823
2014-11-11;21,80;21,80;21,45;21,56;154.922
2014-11-12;21,61;21,72;21,36;21,44;175.949
2014-11-13;21,53;21,89;21,53;21,58;154.663
2014-11-14;21,76;21,78;21,51;21,60;159.266
2014-11-17;21,50;21,79;21,42;21,74;200.690
2014-11-18;21,83;21,96;21,74;21,91;169.531
2014-11-19;21,98;22,00;21,79;21,93;105.236
2014-11-20;21,87;22,05;21,85;21,96;146.389
2014-11-21;22,03;22,64;22,03;22,42;266.375
2014-11-24;22,49;22,72;22,40;22,64;169.518
2014-11-25;22,68;22,70;22,47;22,55;228.395
2014-11-26;22,57;22,67;22,46;22,55;92.516
2014-11-27;22,55;22,88;22,49;22,79;191.722
2014-11-28;22,77;22,77;22,50;22,56;116.561
2014-12-01;22,55;22,84;22,41;22,54;207.149
2014-12-02;22,56;22,74;22,42;22,63;172.645
2014-12-03;22,55;23,01;22,53;22,92;150.836
2014-12-04;23,04;23,22;22,89;22,93;264.946
2014-12-05;23,07;23,85;22,94;23,70;309.924
2014-12-08;23,95;24,45;23,90;24,31;561.409
2014-12-09;24,15;24,20;23,81;24,12;272.127
2014-12-10;24,12;24,35;23,73;23,73;269.511
2014-12-11;23,66;24,01;23,54;23,85;218.072
2014-12-12;23,73;23,89;23,22;23,23;365.405
2014-12-15;23,14;23,71;23,13;23,33;287.917
2014-12-16;23,37;23,83;23,29;23,82;376.164
2014-12-17;23,70;23,77;23,38;23,67;202.660
2014-12-18;23,78;24,29;23,78;24,19;294.140
2014-12-19;24,30;24,54;24,18;24,54;402.091
2014-12-22;24,56;24,61;24,32;24,38;168.711
2014-12-23;24,50;24,65;24,36;24,62;183.185
2014-12-24;24,52;24,70;24,47;24,58;49.294
2014-12-29;24,61;24,75;24,44;24,56;166.214
2014-12-30;24,55;24,55;24,17;24,19;101.054
2014-12-31;24,24;24,54;24,24;24,54;46.257
2015-01-02;24,50;24,59;24,02;24,36;148.211
2015-01-05;24,25;24,51;23,55;23,90;294.321
2015-01-06;23,76;24,08;23,41;23,77;439.343
2015-01-07;23,91;23,96;23,55;23,65;321.847
2015-01-08;23,82;23,83;22,81;23,34;524.452
2015-01-09;23,36;23,49;22,91;23,10;250.907
2015-01-12;23,11;23,44;23,00;23,36;270.830
2015-01-13;23,36;23,98;23,32;23,95;351.671
2015-01-14;23,86;23,90;23,42;23,60;337.778
2015-01-15;23,80;24,03;23,16;23,98;356.429
2015-01-16;23,90;24,18;23,67;24,14;226.654
2015-01-19;24,00;24,49;23,99;24,42;223.997
2015-01-20;24,45;24,84;24,32;24,60;292.642
2015-01-21;24,65;24,65;24,21;24,59;214.722
2015-01-22;24,65;24,99;24,62;24,80;263.713
2015-01-23;24,93;25,40;24,93;25,16;400.088
2015-01-26;25,10;25,91;24,90;25,89;365.994
2015-01-27;25,88;25,92;25,19;25,24;336.221
2015-01-28;25,29;25,50;24,85;25,34;206.740
2015-01-29;25,25;25,44;25,07;25,35;234.609
2015-01-30;25,43;25,71;25,42;25,61;336.535
2015-02-02;25,71;25,86;25,42;25,61;217.403
2015-02-03;25,64;25,82;25,57;25,67;461.702
2015-02-04;25,75;25,77;25,34;25,50;360.080
2015-02-05;25,30;26,11;25,25;26,11;296.908
2015-02-06;26,11;26,17;25,79;25,96;184.599
2015-02-09;25,90;25,93;25,59;25,85;162.953
2015-02-10;25,83;26,11;25,82;26,05;321.190
2015-02-11;26,05;26,24;25,95;26,22;552.913
2015-02-12;26,05;26,63;26,05;26,50;310.050
2015-02-13;26,55;26,96;26,55;26,76;389.420
2015-02-16;26,30;26,66;26,21;26,63;235.970
2015-02-17;26,39;26,72;26,29;26,64;249.494
2015-02-18;26,64;26,98;26,59;26,98;222.018
2015-02-19;26,92;27,25;26,63;26,97;335.512
2015-02-20;26,88;27,36;26,88;27,36;227.165
2015-02-23;27,50;27,75;27,37;27,62;334.472
2015-02-24;27,67;27,85;27,40;27,72;283.286
2015-02-25;27,89;27,89;27,39;27,49;293.191
2015-02-26;27,75;28,20;26,84;27,44;442.723
2015-02-27;27,55;27,65;27,27;27,65;329.030
2015-03-02;27,72;27,99;27,66;27,90;354.425
2015-03-03;28,00;28,07;27,81;28,00;530.018
2015-03-04;28,01;28,40;28,00;28,40;407.460
2015-03-05;28,42;29,07;28,40;28,94;403.260
2015-03-06;29,00;29,90;29,00;29,38;769.380
2015-03-09;29,30;29,34;28,93;29,25;403.005
2015-03-10;29,21;29,41;28,76;29,08;246.192
2015-03-11;29,01;29,68;28,90;29,58;239.999
2015-03-12;29,72;29,90;29,36;29,47;218.806
2015-03-13;29,69;29,83;29,11;29,53;271.966
2015-03-16;29,50;29,80;29,43;29,73;259.307
2015-03-17;29,65;29,88;29,32;29,47;271.664
2015-03-18;29,35;29,59;29,22;29,46;317.446
2015-03-19;29,50;29,83;29,31;29,36;287.415
2015-03-20;29,36;29,59;28,84;28,84;1.583.539
2015-03-23;28,86;29,32;28,86;29,27;553.901
2015-03-24;29,19;29,68;29,10;29,22;472.128
2015-03-25;29,16;29,60;29,10;29,19;387.915
2015-03-26;28,90;28,93;28,27;28,89;437.913
2015-03-27;29,06;29,10;28,68;28,76;224.509
2015-03-30;28,97;29,49;28,97;29,44;305.258
2015-03-31;29,41;29,75;29,12;29,27;302.859
2015-04-01;29,10;29,65;28,92;29,40;293.035
2015-04-02;29,40;29,59;29,23;29,57;175.837
2015-04-07;29,70;30,37;29,67;30,12;596.780
2015-04-08;30,13;30,13;29,54;29,65;388.282
2015-04-09;29,83;29,99;29,73;29,88;232.922
2015-04-10;29,95;30,50;29,82;30,38;455.394
2015-04-13;29,95;29,99;29,53;29,80;655.776
2015-04-14;29,73;29,80;29,36;29,60;490.384
2015-04-15;29,72;29,72;29,42;29,48;277.859
2015-04-16;29,40;29,52;28,96;29,09;369.893
2015-04-17;28,95;29,09;28,29;28,39;525.567
2015-04-20;28,70;29,20;28,70;28,92;398.961
2015-04-21;29,04;29,45;28,95;29,14;272.564
2015-04-22;29,21;29,36;28,74;28,81;306.551
2015-04-23;28,29;28,49;27,21;28,20;779.250
2015-04-24;28,25;28,51;28,00;28,17;333.997
2015-04-27;28,14;28,71;27,70;28,66;345.371
2015-04-28;28,60;28,66;27,91;28,12;435.638
2015-04-29;28,10;28,32;27,27;27,49;419.844
2015-04-30;27,41;27,80;27,22;27,68;409.037
2015-05-04;27,75;27,93;27,47;27,83;212.303
2015-05-05;27,87;28,15;27,22;27,22;366.408
2015-05-06;27,18;27,44;26,97;27,15;250.436
2015-05-07;27,14;27,69;26,66;27,59;422.257
2015-05-08;27,67;28,17;27,52;28,11;343.057
2015-05-11;28,16;28,33;27,94;28,20;218.911
2015-05-12;27,96;28,12;27,75;28,02;382.968
2015-05-13;28,17;28,58;28,10;28,34;522.892
2015-05-14;28,41;28,61;28,15;28,52;399.016
2015-05-15;28,64;28,76;28,33;28,50;344.862
2015-05-18;28,49;28,67;28,25;28,45;244.875
2015-05-19;28,56;28,79;28,56;28,76;196.779
2015-05-20;28,76;29,08;28,66;28,91;224.535
2015-05-21;28,81;28,98;28,74;28,94;150.282
2015-05-22;29,00;29,04;28,82;28,88;125.420
2015-05-25;28,82;28,99;28,75;28,93;42.150
2015-05-26;28,95;29,08;28,61;28,69;186.437
2015-05-27;28,65;29,25;28,65;29,08;292.630
2015-05-28;29,01;29,36;28,99;29,17;196.201
2015-05-29;29,20;29,20;28,14;28,16;448.092
2015-06-01;28,20;28,81;28,20;28,43;254.856
2015-06-02;28,50;28,50;27,82;28,22;388.049
2015-06-03;28,17;28,47;28,02;28,08;329.509
2015-06-04;28,10;28,15;27,50;27,64;525.801
2015-06-05;27,46;27,53;26,95;27,30;577.640
2015-06-08;27,22;27,22;26,88;26,92;265.254
2015-06-09;26,85;27,68;26,65;27,62;610.870
2015-06-10;27,62;28,45;27,42;28,36;434.019
2015-06-11;28,25;28,33;27,65;27,71;346.474
2015-06-12;27,56;27,60;26,88;27,10;441.661
2015-06-15;26,86;26,89;26,44;26,65;339.878
2015-06-16;26,21;27,08;26,06;26,94;381.770
2015-06-17;26,91;26,95;26,42;26,44;282.185
2015-06-18;26,25;26,52;25,92;26,38;333.487
2015-06-19;26,46;26,78;26,38;26,69;425.138
2015-06-22;27,10;27,30;26,85;27,20;619.897
2015-06-23;27,61;27,94;27,58;27,79;354.755
2015-06-24;27,81;27,82;27,46;27,64;396.539
2015-06-25;27,52;27,81;27,31;27,73;361.498
2015-06-26;27,67;27,92;27,51;27,82;293.380
2015-06-29;26,79;27,40;26,61;27,16;474.205
2015-06-30;27,01;27,05;26,50;26,64;597.714
2015-07-01;27,54;29,35;27,49;28,60;1.305.571
2015-07-02;28,63;28,67;28,11;28,14;400.693
2015-07-03;28,09;28,32;27,88;28,17;284.994
2015-07-06;27,72;27,99;27,45;27,55;465.321
2015-07-07;27,55;27,55;26,69;26,79;538.624
2015-07-08;26,98;27,21;26,67;26,97;405.289
2015-07-09;27,14;27,26;26,68;27,18;488.267
2015-07-10;27,72;28,00;27,34;27,73;416.014
2015-07-13;27,89;28,25;27,81;27,97;230.278
2015-07-14;28,04;28,20;27,92;28,04;237.223
2015-07-15;27,92;28,00;27,71;27,81;248.516
2015-07-16;28,02;28,49;27,87;28,45;569.561
2015-07-17;28,47;28,67;28,33;28,49;386.875
2015-07-20;28,65;29,14;28,62;28,99;301.357
2015-07-21;29,10;29,35;28,66;28,67;265.656
2015-07-22;28,57;28,61;28,31;28,31;234.176
2015-07-23;28,46;28,52;28,32;28,40;212.620
2015-07-24;28,30;28,68;28,12;28,15;244.220
2015-07-27;28,00;28,00;27,45;27,49;339.444
2015-07-28;27,70;27,94;27,43;27,84;236.820
2015-07-29;27,91;28,46;27,69;28,01;379.987
2015-07-30;28,07;28,29;27,95;28,19;246.182
2015-07-31;28,35;28,61;28,07;28,58;291.536
2015-08-03;28,52;28,97;28,51;28,92;248.920
2015-08-04;28,90;28,98;28,67;28,86;209.405
2015-08-05;28,94;29,40;28,84;29,14;262.812
2015-08-06;29,25;29,28;29,01;29,15;193.394
2015-08-07;29,15;29,15;28,79;28,85;231.738
2015-08-10;28,95;29,40;28,69;29,40;222.172
2015-08-11;29,48;29,52;28,90;28,98;317.836
2015-08-12;29,60;29,60;28,17;28,42;545.656
2015-08-13;29,40;29,95;29,20;29,67;628.265
2015-08-14;29,75;29,89;29,48;29,54;309.533
2015-08-17;29,60;29,80;29,20;29,42;230.493
2015-08-18;29,45;29,98;29,23;29,93;361.097
2015-08-19;29,73;29,87;29,54;29,56;329.473
2015-08-20;29,36;29,41;28,54;28,65;319.066
2015-08-21;28,20;28,55;27,61;27,63;470.795
2015-08-24;26,78;27,19;25,79;26,91;871.493
2015-08-25;27,20;28,06;26,86;27,59;541.957
2015-08-26;27,23;27,91;26,84;27,43;408.634
2015-08-27;27,96;28,02;27,54;27,63;418.518
2015-08-28;27,63;27,76;27,36;27,76;259.527
2015-08-31;27,54;27,78;27,40;27,71;337.668
2015-09-01;27,26;27,52;27,00;27,28;386.309
2015-09-02;27,41;27,50;27,00;27,19;282.766
2015-09-03;27,42;27,95;27,33;27,69;292.731
2015-09-04;27,42;27,57;27,10;27,19;251.222
2015-09-07;27,35;27,42;27,06;27,23;144.574
2015-09-08;27,42;27,99;27,36;27,57;424.357
2015-09-09;28,05;28,15;27,34;27,43;441.461
2015-09-10;27,27;27,40;26,91;27,18;316.067
2015-09-11;27,21;27,30;26,87;27,16;191.469
2015-09-14;27,16;27,36;26,75;26,86;165.729
2015-09-15;26,78;27,09;26,57;27,01;130.191
2015-09-16;27,28;27,48;27,14;27,33;164.104
2015-09-17;27,36;27,37;27,04;27,15;144.000
2015-09-18;27,00;27,07;26,10;26,45;426.464
2015-09-21;26,40;26,79;26,26;26,66;180.695
2015-09-22;26,65;26,65;25,83;25,88;225.421
2015-09-23;25,86;26,38;25,77;26,07;269.984
2015-09-24;26,00;26,19;25,02;25,14;309.031
2015-09-25;25,42;25,78;25,27;25,59;207.187
2015-09-28;25,50;25,62;25,26;25,32;200.791
2015-09-29;25,00;25,68;24,85;25,50;304.657
2015-09-30;25,78;26,54;25,60;26,46;394.699
2015-10-01;26,75;26,98;26,21;26,30;349.592
2015-10-02;26,72;26,83;26,05;26,55;233.609
2015-10-05;26,93;27,50;26,82;27,48;306.703
2015-10-06;27,55;28,20;27,54;28,04;271.115
2015-10-07;28,16;28,50;28,12;28,31;336.634
2015-10-08;28,40;28,49;28,19;28,46;192.824
2015-10-09;28,67;28,80;28,51;28,67;278.903
2015-10-12;28,65;28,99;28,45;28,49;288.483
2015-10-13;28,31;28,61;28,11;28,22;371.265
2015-10-14;28,05;28,26;27,80;27,88;203.618
2015-10-15;27,98;28,26;27,89;28,11;215.346
2015-10-16;28,36;28,37;27,04;27,06;551.027
2015-10-19;26,97;27,19;26,63;26,89;317.847
2015-10-20;26,80;26,92;26,55;26,76;222.623
2015-10-21;26,85;26,91;26,52;26,69;352.823
2015-10-22;27,00;28,19;26,54;28,19;608.502
2015-10-23;28,33;29,08;28,20;28,92;382.799
2015-10-26;28,95;29,06;28,78;28,97;186.912
2015-10-27;28,96;29,03;28,48;28,56;238.873
2015-10-28;28,58;29,25;28,47;29,20;228.324
2015-10-29;29,25;29,33;29,06;29,29;206.955
2015-10-30;29,39;29,57;29,24;29,57;189.137
2015-11-02;29,30;29,97;29,30;29,79;209.957
2015-11-03;29,93;30,07;29,70;29,80;201.581
2015-11-04;29,94;30,01;29,64;29,80;214.654
2015-11-05;29,87;30,16;29,47;30,16;312.395
2015-11-06;30,15;30,75;30,02;30,50;276.182
2015-11-09;30,59;30,74;30,34;30,43;263.082
2015-11-10;30,48;30,48;30,01;30,27;311.941
2015-11-11;30,38;31,09;30,38;31,07;431.668
2015-11-12;31,00;31,04;30,21;30,33;301.966
2015-11-13;30,18;30,28;29,79;30,07;293.744
2015-11-16;29,73;30,44;29,72;30,37;294.751
2015-11-17;30,63;31,27;30,63;31,23;341.634
2015-11-18;31,16;31,30;30,95;31,16;358.020
2015-11-19;31,34;31,46;31,08;31,24;328.737
2015-11-20;31,39;31,67;31,11;31,59;328.090
2015-11-23;31,66;31,91;31,40;31,75;294.479
2015-11-24;31,47;31,53;30,82;30,87;379.308
2015-11-25;30,88;31,40;30,72;31,27;320.019
2015-11-26;31,16;31,24;30,66;30,96;379.188
2015-11-27;30,83;31,24;30,75;31,18;199.548
2015-11-30;31,00;31,47;30,93;31,25;334.128
2015-12-01;31,27;31,92;31,27;31,34;325.289
2015-12-02;31,34;31,49;31,13;31,34;196.336
2015-12-03;31,22;31,60;30,39;30,56;437.588
2015-12-04;30,37;31,23;30,23;31,12;444.281
2015-12-07;31,36;31,74;31,21;31,47;268.628
2015-12-08;31,32;31,60;31,17;31,31;265.260
2015-12-09;31,06;31,59;30,67;31,19;462.587
2015-12-10;31,10;31,50;30,86;31,17;279.708
2015-12-11;31,18;31,18;30,59;30,81;299.709
2015-12-14;31,00;31,15;30,54;30,64;333.806
2015-12-15;30,65;30,90;30,44;30,83;341.935
2015-12-16;30,87;31,34;30,84;31,13;274.840
2015-12-17;31,64;31,92;31,27;31,40;370.030
2015-12-18;31,05;31,32;30,77;30,94;451.030
2015-12-21;30,76;31,10;30,67;30,68;328.263
2015-12-22;30,93;30,93;30,28;30,59;287.095
2015-12-23;30,92;31,19;30,86;31,13;225.415
2015-12-24;31,04;31,22;31,04;31,17;23.581
2015-12-28;31,25;31,35;31,04;31,18;94.480
2015-12-29;31,39;31,68;31,35;31,65;200.030
2015-12-30;31,55;31,82;31,55;31,63;160.154
2015-12-31;31,42;31,81;31,38;31,79;85.618
2016-01-04;31,31;31,46;29,86;30,13;570.355
2016-01-05;30,28;30,40;29,74;30,10;589.329
2016-01-06;29,92;29,93;29,20;29,41;311.233
2016-01-07;28,81;29,10;28,31;29,01;403.345
2016-01-08;29,07;29,32;28,84;28,93;387.522
2016-01-11;28,83;29,16;28,42;28,80;260.046
2016-01-12;28,89;29,45;28,75;29,14;343.898
2016-01-13;29,32;29,56;28,95;29,04;268.155
2016-01-14;28,68;28,68;27,85;28,49;284.687
2016-01-15;28,27;28,56;27,05;27,25;840.766
2016-01-18;27,19;27,37;26,91;27,30;518.680
2016-01-19;27,68;28,00;27,61;27,82;313.121
2016-01-20;27,30;27,65;27,04;27,30;432.697
2016-01-21;27,35;28,20;27,35;27,98;607.677
2016-01-22;28,44;28,80;28,22;28,53;274.447
2016-01-25;28,81;28,81;28,37;28,50;145.424
2016-01-26;28,12;28,98;28,03;28,97;224.934
2016-01-27;29,06;29,27;28,80;29,21;232.935
2016-01-28;29,22;29,36;28,56;28,66;240.775
2016-01-29;28,99;29,08;28,66;29,08;283.445
2016-02-01;29,21;29,22;28,82;29,10;219.740
2016-02-02;29,09;29,10;28,36;28,54;178.268
2016-02-03;28,33;28,74;27,83;28,04;270.712
2016-02-04;28,33;28,43;27,84;28,42;381.904
2016-02-05;28,45;28,88;28,22;28,41;247.499
2016-02-08;28,44;28,51;27,17;27,27;297.359
2016-02-09;27,35;27,46;26,34;27,18;465.116
2016-02-10;27,35;27,74;27,01;27,35;282.060
2016-02-11;27,11;27,13;26,29;26,55;378.636
2016-02-12;26,67;26,87;26,51;26,81;393.041
2016-02-15;27,19;27,95;27,15;27,78;314.474
2016-02-16;28,05;28,50;27,70;27,96;319.780
2016-02-17;27,93;28,80;27,75;28,80;214.865
2016-02-18;28,81;29,06;28,63;28,93;204.518
2016-02-19;28,86;28,95;28,23;28,52;349.682
2016-02-22;28,88;29,13;28,80;29,05;426.582
2016-02-23;28,94;29,04;28,65;28,69;358.765
2016-02-24;28,79;28,79;28,19;28,43;283.373
2016-02-25;28,85;28,90;27,71;27,92;522.387
2016-02-26;28,28;28,55;28,17;28,46;345.359
2016-02-29;28,13;28,70;27,96;28,65;363.812
2016-03-01;28,66;29,22;28,48;29,19;273.747
2016-03-02;29,21;29,36;28,59;28,76;254.760
2016-03-03;28,86;29,04;28,60;28,84;276.124
2016-03-04;29,00;29,81;28,85;29,70;403.800
2016-03-07;29,80;29,99;29,45;29,54;199.609
2016-03-08;29,30;29,40;28,89;29,00;276.891
2016-03-09;29,04;29,56;28,87;29,29;271.157
2016-03-10;29,40;30,00;28,71;28,71;327.785
2016-03-11;29,01;29,31;28,90;29,15;319.920
2016-03-14;29,22;29,84;29,20;29,78;545.556
2016-03-15;29,64;29,70;29,50;29,50;244.666
2016-03-16;29,70;29,80;29,40;29,66;231.162
2016-03-17;29,92;30,00;29,28;30,00;309.947
2016-03-18;30,00;30,37;29,82;30,35;391.342
2016-03-21;30,25;30,39;29,99;30,24;364.602
2016-03-22;30,08;30,48;29,89;30,48;234.716
2016-03-23;30,45;30,81;30,45;30,55;237.191
2016-03-24;30,42;30,44;30,16;30,21;191.010
2016-03-29;30,21;30,47;30,09;30,34;203.470
2016-03-30;30,50;30,99;30,47;30,72;335.507
2016-03-31;30,73;30,78;30,35;30,49;257.045
2016-04-01;30,20;30,29;29,79;30,20;275.046
2016-04-04;30,28;30,50;30,00;30,28;185.855
2016-04-05;30,03;30,07;29,57;29,71;233.165
2016-04-06;29,77;29,78;29,50;29,61;330.005
2016-04-07;29,79;29,83;29,31;29,36;228.974
2016-04-08;29,43;29,88;29,39;29,83;189.446
2016-04-11;29,66;30,08;29,53;29,86;161.899
2016-04-12;29,98;29,98;29,52;29,96;190.277
2016-04-13;30,18;30,53;30,18;30,41;316.395
2016-04-14;30,46;30,63;30,43;30,56;268.821
2016-04-15;30,60;30,65;30,32;30,41;319.715
2016-04-18;30,10;30,59;30,08;30,44;285.480
2016-04-19;30,46;30,70;30,27;30,64;265.703
2016-04-20;30,68;30,73;30,47;30,67;269.583
2016-04-21;30,29;30,42;29,96;30,39;468.061
2016-04-22;30,54;30,54;30,07;30,14;252.873
2016-04-25;30,25;30,29;29,90;30,00;311.488
2016-04-26;30,12;30,24;29,82;29,95;230.388
2016-04-27;29,85;30,24;29,78;30,11;134.070
2016-04-28;29,95;30,24;29,80;30,23;147.361
2016-04-29;29,91;30,07;29,66;29,92;400.077
2016-05-02;30,08;30,20;29,90;30,01;188.637
2016-05-03;30,11;30,11;29,81;29,85;273.459
2016-05-04;29,84;30,27;29,77;30,06;353.434
2016-05-05;30,21;30,46;30,06;30,21;184.401
2016-05-06;30,18;30,34;30,00;30,18;226.690
2016-05-09;30,27;30,54;30,13;30,15;272.606
2016-05-10;30,34;30,78;30,31;30,73;393.131
2016-05-11;30,76;30,88;30,64;30,79;248.147
2016-05-12;30,74;30,90;30,49;30,50;372.956
2016-05-13;30,35;30,64;30,16;30,56;304.516
2016-05-16;30,37;30,68;30,35;30,65;220.952
2016-05-17;30,80;30,95;30,59;30,69;339.628
2016-05-18;30,43;30,83;30,43;30,82;292.279
2016-05-19;30,66;30,73;30,40;30,60;253.122
2016-05-20;30,83;31,07;30,83;31,07;289.514
2016-05-23;31,13;31,30;30,97;31,06;332.921
2016-05-24;31,00;31,42;30,74;31,32;307.126
2016-05-25;31,49;31,49;31,28;31,40;199.200
2016-05-26;31,29;31,77;31,20;31,57;271.155
2016-05-27;31,61;31,68;31,47;31,63;173.485
2016-05-30;31,64;31,73;31,51;31,56;76.905
2016-05-31;31,54;31,81;31,47;31,71;278.246
2016-06-01;31,65;31,72;31,51;31,70;202.124
2016-06-02;31,80;31,81;31,59;31,66;229.350
2016-06-03;31,67;31,85;31,33;31,46;308.407
2016-06-06;31,46;31,65;31,44;31,61;140.068
2016-06-07;31,75;32,00;31,75;31,96;232.285
2016-06-08;31,94;32,00;31,64;31,75;307.799
2016-06-09;31,67;31,74;31,40;31,43;266.573
2016-06-10;31,35;31,38;30,60;30,62;478.528
2016-06-13;30,31;30,52;29,91;29,91;457.626
2016-06-14;29,63;29,63;28,91;29,02;627.605
2016-06-15;29,20;29,37;28,88;28,88;363.314
2016-06-16;28,59;28,92;28,44;28,44;321.082
2016-06-17;28,72;28,94;28,57;28,75;786.711
2016-06-20;29,16;29,70;29,14;29,55;474.769
2016-06-21;29,55;29,79;29,41;29,52;361.260
2016-06-22;29,58;29,93;29,54;29,73;224.778
2016-06-23;29,82;30,38;29,76;30,13;333.279
2016-06-24;27,55;28,80;27,27;28,18;915.753
2016-06-27;28,00;28,09;26,30;26,34;816.350
2016-06-28;26,88;26,91;26,40;26,75;492.989
2016-06-29;27,26;27,26;26,72;26,92;383.300
2016-06-30;26,95;27,12;26,62;27,05;423.502
2016-07-01;27,23;27,36;26,75;27,32;301.417
2016-07-04;27,48;27,51;26,57;26,62;262.694
2016-07-05;26,50;26,64;25,92;26,19;355.473
2016-07-06;26,15;26,22;25,70;25,95;398.307
2016-07-07;26,15;26,41;26,07;26,12;287.680
2016-07-08;26,19;26,68;25,90;26,66;407.573
2016-07-11;26,91;27,49;26,72;27,49;467.696
2016-07-12;27,59;27,80;27,42;27,69;289.613
2016-07-13;27,69;27,91;27,58;27,83;284.635
2016-07-14;27,97;28,22;27,93;28,16;354.815
2016-07-15;28,20;28,27;27,83;28,23;306.837
2016-07-18;28,05;28,59;27,89;28,21;295.504
2016-07-19;28,17;28,44;27,96;28,42;255.174
2016-07-20;28,50;28,86;28,27;28,86;308.438
2016-07-21;28,81;28,86;28,35;28,60;247.497
2016-07-22;28,45;28,69;28,31;28,48;212.313
2016-07-25;28,40;28,81;28,35;28,78;239.311
2016-07-26;28,83;28,85;28,52;28,71;337.072
2016-07-27;28,84;29,27;28,77;29,03;285.788
2016-07-28;29,65;30,39;29,32;29,66;540.991
2016-07-29;29,83;29,95;29,52;29,70;394.942
2016-08-01;29,95;29,95;29,36;29,39;282.106
2016-08-02;29,29;29,33;28,71;28,80;282.434
2016-08-03;28,70;28,88;28,68;28,76;39.510
2016-08-04;28,70;29,01;28,68;28,81;203.257
2016-08-05;28,79;29,36;28,79;29,35;338.313
2016-08-08;29,32;29,65;29,30;29,43;175.403
2016-08-09;29,50;29,77;29,39;29,76;188.907
2016-08-10;29,56;29,82;29,53;29,80;151.181
2016-08-11;29,92;29,96;29,62;29,96;318.689
2016-08-12;29,88;30,05;29,71;29,87;159.669
2016-08-15;30,04;30,43;30,04;30,26;324.021
2016-08-16;30,06;30,18;29,85;29,88;218.148
2016-08-17;30,02;30,06;29,58;29,63;202.854
2016-08-18;29,75;30,16;29,74;30,13;238.722
2016-08-19;30,05;30,08;29,79;29,91;248.668
2016-08-22;29,78;30,34;29,72;29,96;211.992
2016-08-23;30,09;30,31;30,00;30,17;166.669
2016-08-24;29,95;30,28;29,87;30,20;186.544
2016-08-25;30,05;30,05;29,77;29,83;235.868
2016-08-26;29,76;30,27;29,69;30,11;275.384
2016-08-29;29,92;30,09;29,74;30,05;116.169
2016-08-30;30,14;30,34;30,14;30,27;236.677
2016-08-31;30,28;30,35;30,04;30,05;250.252
2016-09-01;30,13;30,46;29,96;30,00;291.924
2016-09-02;30,05;30,42;29,95;30,37;286.768
2016-09-05;30,45;30,59;30,38;30,48;223.508
2016-09-06;30,55;30,59;30,41;30,49;178.179
2016-09-07;30,52;30,60;30,46;30,54;141.535
2016-09-08;30,41;30,50;30,08;30,30;220.262
2016-09-09;30,20;30,27;29,93;30,12;273.414
2016-09-12;29,87;29,87;29,34;29,80;253.006
2016-09-13;29,70;29,98;29,65;29,68;237.133
2016-09-14;29,73;29,80;29,56;29,65;251.673
2016-09-15;29,53;29,79;29,46;29,77;153.653
2016-09-16;29,73;29,83;29,33;29,44;397.831
2016-09-19;29,74;29,92;29,65;29,88;132.172
2016-09-20;29,91;30,05;29,79;29,90;161.062
2016-09-21;30,15;30,44;30,10;30,24;259.440
2016-09-22;30,49;30,83;30,41;30,74;256.848
2016-09-23;30,61;30,70;30,51;30,66;147.093
2016-09-26;30,55;30,57;30,22;30,28;207.656
2016-09-27;30,41;30,44;29,77;29,93;306.182
2016-09-28;30,10;30,35;30,00;30,31;188.793
2016-09-29;30,57;30,69;30,31;30,39;197.076
2016-09-30;30,17;30,43;29,87;30,35;267.359
2016-10-03;30,30;30,38;30,15;30,24;125.550
2016-10-04;30,17;30,47;30,16;30,37;210.626
2016-10-05;30,16;30,20;29,99;30,10;255.966
2016-10-06;30,28;30,28;29,88;29,98;229.252
2016-10-07;30,10;30,10;29,46;29,53;289.643
2016-10-10;29,64;29,73;29,44;29,59;343.000
2016-10-11;29,50;29,60;29,43;29,57;236.601
2016-10-12;29,52;29,63;29,20;29,25;231.038
2016-10-13;29,13;29,14;28,77;28,86;375.035
2016-10-14;29,07;29,23;28,92;29,20;374.631
2016-10-17;29,12;29,24;29,00;29,10;216.336
2016-10-18;29,18;29,50;29,18;29,42;239.149
2016-10-19;29,37;29,45;29,23;29,45;180.406
2016-10-20;29,49;29,49;29,01;29,07;234.955
2016-10-21;29,05;29,34;29,05;29,30;259.781
2016-10-24;29,35;29,70;29,35;29,45;193.354
2016-10-25;29,39;29,52;29,22;29,25;172.055
2016-10-26;29,21;29,33;28,88;29,29;212.632
2016-10-27;29,16;29,39;28,67;28,72;354.141
2016-10-28;28,60;29,07;28,22;28,94;217.491
2016-10-31;28,90;28,90;28,60;28,78;242.029
2016-11-01;28,78;28,96;28,50;28,56;214.235
2016-11-02;28,50;28,50;28,18;28,22;240.958
2016-11-03;28,25;28,36;28,04;28,14;191.939
2016-11-04;28,02;28,12;27,74;27,85;185.454
2016-11-07;28,16;28,28;28,06;28,24;177.535
2016-11-08;28,30;28,34;27,89;28,00;153.521
2016-11-09;27,28;28,42;27,22;28,42;257.952
2016-11-10;28,66;28,90;28,45;28,54;236.010
2016-11-11;28,92;28,95;28,42;28,52;255.956
2016-11-14;28,75;29,00;28,48;28,52;248.855
2016-11-15;28,60;28,89;28,57;28,70;241.109
2016-11-16;28,69;28,82;28,55;28,73;224.931
2016-11-17;28,82;29,13;28,72;29,13;244.113
2016-11-18;29,28;29,28;28,74;28,82;319.233
2016-11-21;28,85;28,93;28,40;28,83;266.506
2016-11-22;29,10;29,10;28,71;28,80;256.359
2016-11-23;28,75;28,98;28,65;28,73;146.116
2016-11-24;28,75;28,83;28,51;28,83;151.168
2016-11-25;28,88;28,90;28,63;28,80;112.129
2016-11-28;28,70;28,80;28,53;28,61;153.276
2016-11-29;28,54;28,86;28,42;28,86;316.811
2016-11-30;28,78;28,98;28,64;28,75;269.425
2016-12-01;28,59;28,89;28,51;28,68;197.868
2016-12-02;28,64;28,64;28,32;28,45;264.960
2016-12-05;28,50;29,03;28,50;28,89;236.403
2016-12-06;28,98;28,98;28,81;28,90;258.333
2016-12-07;29,02;29,49;28,89;29,49;345.547
2016-12-08;29,50;29,69;29,37;29,59;267.181
2016-12-09;29,50;29,78;29,47;29,74;239.237
2016-12-12;29,68;29,78;29,55;29,61;151.849
2016-12-13;29,62;29,79;29,47;29,74;225.533
2016-12-14;29,60;29,98;29,56;29,97;439.853
2016-12-15;29,90;30,22;29,90;30,20;403.816
2016-12-16;30,14;30,35;30,12;30,17;581.067
2016-12-19;30,17;30,47;30,14;30,34;226.026
2016-12-20;30,39;30,45;30,27;30,40;194.648
2016-12-21;30,20;30,62;30,19;30,56;215.612
2016-12-22;30,44;30,63;30,44;30,53;152.662
2016-12-23;30,50;30,75;30,48;30,71;115.259
2016-12-27;30,70;30,86;30,70;30,77;94.785
2016-12-28;30,77;30,84;30,70;30,77;108.597
2016-12-29;30,67;30,90;30,66;30,82;131.194
2016-12-30;30,60;30,92;30,55;30,82;122.029
2017-01-02;30,53;31,17;30,53;31,13;158.085
2017-01-03;31,26;31,30;30,94;31,01;237.596
2017-01-04;31,05;31,05;30,91;30,97;147.119
2017-01-05;30,96;31,04;30,86;31,04;160.212
2017-01-06;31,03;31,03;30,65;30,75;164.301
2017-01-09;30,82;30,85;30,68;30,75;202.250
2017-01-10;30,72;30,87;30,30;30,49;222.010
2017-01-11;30,45;30,68;30,35;30,56;242.345
2017-01-12;30,51;30,52;30,27;30,37;180.716
2017-01-13;30,49;30,56;30,36;30,54;125.131
2017-01-16;30,36;30,54;30,25;30,37;182.652
2017-01-17;30,20;30,30;29,97;30,29;205.180
2017-01-18;30,33;30,40;30,13;30,37;252.419
2017-01-19;30,33;30,56;30,30;30,42;251.142
2017-01-20;30,37;30,83;30,30;30,80;378.652
2017-01-23;30,78;31,38;30,69;31,32;658.688
2017-01-24;31,50;31,94;31,45;31,94;449.491
2017-01-25;32,00;32,53;32,00;32,51;423.030
2017-01-26;32,60;32,74;32,53;32,69;337.861
2017-01-27;32,70;32,85;32,62;32,80;350.777
2017-01-30;32,70;32,75;32,17;32,31;374.061
2017-01-31;32,22;32,54;32,15;32,45;416.927
2017-02-01;32,60;32,87;32,47;32,58;293.028
2017-02-02;32,32;32,80;32,29;32,68;238.736
2017-02-03;32,70;32,87;32,59;32,77;155.322
2017-02-06;32,77;32,82;32,51;32,55;337.147
2017-02-07;32,50;33,05;32,44;33,04;302.646
2017-02-08;33,03;33,14;32,93;33,00;267.350
2017-02-09;33,05;33,20;32,77;33,02;232.589
2017-02-10;33,07;33,10;32,82;32,87;254.097
2017-02-13;32,92;33,22;32,92;33,15;235.673
2017-02-14;33,16;33,20;33,03;33,18;257.029
2017-02-15;33,17;33,26;32,95;33,05;382.791
2017-02-16;33,02;33,15;32,90;33,01;173.199
2017-02-17;33,05;33,07;32,42;32,55;460.201
2017-02-20;32,79;33,15;32,75;33,15;302.946
2017-02-21;33,15;33,46;33,03;33,42;244.620
2017-02-22;33,49;33,63;33,39;33,46;299.904
2017-02-23;33,56;33,57;33,27;33,29;162.413
2017-02-24;33,32;33,32;32,89;33,20;252.195
2017-02-27;33,31;33,38;33,06;33,35;249.172
2017-02-28;33,80;33,84;30,75;32,56;1.653.089
2017-03-01;32,60;33,82;32,60;33,82;720.165
2017-03-02;33,85;34,65;33,62;34,65;536.635
2017-03-03;34,67;34,72;34,25;34,47;345.813
2017-03-06;34,43;34,57;34,16;34,57;274.810
2017-03-07;34,56;34,96;34,45;34,86;372.720
2017-03-08;34,80;34,88;34,59;34,77;282.458
2017-03-09;34,62;35,08;34,58;35,04;297.821
2017-03-10;35,10;35,26;34,94;35,13;316.412
2017-03-13;35,06;35,22;34,98;34,99;243.976
2017-03-14;35,00;35,01;34,74;34,99;257.795
2017-03-15;35,13;35,13;34,89;35,05;314.562
2017-03-16;35,30;35,30;34,88;35,09;318.664
2017-03-17;35,10;35,25;34,93;35,24;409.762
2017-03-20;35,17;35,35;35,13;35,19;208.858
2017-03-21;35,20;35,28;34,86;34,86;231.283
2017-03-22;34,81;34,81;34,33;34,57;335.717
2017-03-23;34,58;34,99;34,49;34,99;267.891
2017-03-24;34,99;35,09;34,83;35,04;187.640
2017-03-27;34,71;34,87;34,57;34,78;184.270
2017-03-28;34,93;35,00;34,72;35,00;146.095
2017-03-29;35,10;35,17;34,89;35,03;199.742
2017-03-30;35,00;35,18;34,93;35,17;187.822
2017-03-31;34,99;35,12;34,74;35,00;319.393
2017-04-03;35,13;35,29;34,89;34,94;294.331
2017-04-04;35,00;35,55;35,00;35,21;312.741
2017-04-05;35,25;35,26;35,00;35,00;263.106
2017-04-06;34,86;35,30;34,68;35,28;336.126
2017-04-07;35,23;35,32;35,08;35,28;271.282
2017-04-10;35,26;35,50;35,26;35,37;228.215
2017-04-11;35,35;35,52;35,12;35,22;272.796
2017-04-12;35,16;35,43;35,09;35,12;239.314
2017-04-13;35,11;35,16;34,60;35,08;249.190
2017-04-18;35,10;35,31;34,83;34,87;350.365
2017-04-19;34,77;35,36;34,77;35,31;691.540
2017-04-20;35,05;35,10;34,78;35,09;296.449
2017-04-21;35,19;35,34;34,95;35,34;430.980
2017-04-24;35,95;36,10;35,80;35,83;342.012
2017-04-25;35,90;36,04;35,88;35,92;232.858
2017-04-26;35,94;36,14;35,92;36,10;298.281
2017-04-27;36,00;36,26;35,96;36,22;340.953
2017-04-28;36,16;36,48;36,09;36,42;286.752
2017-05-02;36,49;37,09;36,39;37,02;360.428
2017-05-03;36,95;36,97;36,75;36,86;294.765
2017-05-04;36,90;37,00;36,85;37,00;267.621
2017-05-05;36,86;36,99;36,67;36,80;399.121
2017-05-08;36,80;36,82;36,41;36,59;515.386
2017-05-09;36,63;36,85;36,53;36,53;566.087
2017-05-10;36,46;36,62;36,34;36,52;450.133
2017-05-11;36,60;36,63;36,39;36,52;292.640
2017-05-12;36,42;36,53;36,39;36,50;241.721
2017-05-15;36,50;36,55;35,85;36,00;476.488
2017-05-16;35,94;36,05;35,53;35,74;674.253
2017-05-17;35,57;35,72;34,92;34,98;797.679
2017-05-18;34,85;34,90;34,33;34,55;516.577
2017-05-19;34,50;34,94;34,50;34,94;423.264
2017-05-22;34,95;35,20;34,71;35,15;477.192
2017-05-23;35,07;35,60;35,07;35,48;465.952
2017-05-24;35,48;35,73;35,34;35,64;291.391
2017-05-25;35,80;35,80;35,47;35,60;202.342
2017-05-26;35,51;35,75;35,44;35,74;242.619
2017-05-29;35,62;35,95;35,62;35,87;170.420
2017-05-30;35,76;35,94;35,68;35,94;378.644
2017-05-31;35,95;36,14;35,77;36,00;365.973
2017-06-01;36,00;36,37;35,96;36,29;298.431
2017-06-02;36,37;36,51;36,27;36,35;325.264
2017-06-05;36,19;36,34;36,01;36,07;197.526
2017-06-06;36,01;36,07;35,82;35,82;375.542
2017-06-07;35,85;35,99;35,75;35,80;256.549
2017-06-08;35,81;35,83;35,48;35,48;337.492
2017-06-09;35,46;35,84;35,33;35,80;338.298
2017-06-12;35,66;35,71;34,86;35,17;423.397
2017-06-13;35,22;35,63;35,08;35,54;268.295
2017-06-14;35,55;35,96;35,51;35,55;233.971
2017-06-15;35,55;35,57;35,08;35,36;306.792
2017-06-16;35,52;36,18;35,52;36,18;510.076
2017-06-19;36,28;36,82;36,20;36,80;392.335
2017-06-20;36,90;37,07;36,39;36,39;399.614
2017-06-21;36,31;36,59;35,93;36,53;298.319
2017-06-22;36,54;36,82;36,32;36,70;309.672
2017-06-23;36,61;36,69;36,01;36,16;402.411
2017-06-26;36,34;36,42;36,03;36,11;252.681
2017-06-27;36,00;36,12;35,34;35,45;332.229
2017-06-28;35,21;35,59;35,01;35,46;359.268
2017-06-29;35,61;35,66;34,68;34,78;364.800
2017-06-30;34,89;35,23;34,69;34,86;310.777
2017-07-03;35,01;35,16;34,94;35,02;261.294
2017-07-04;34,90;35,03;34,76;34,91;235.380
2017-07-05;34,94;35,29;34,75;35,20;239.862
2017-07-06;35,18;35,29;34,68;35,10;318.772
2017-07-07;35,08;35,17;34,83;35,10;180.837
2017-07-10;35,20;35,49;35,06;35,37;187.556
2017-07-11;35,42;35,63;35,08;35,20;177.827
2017-07-12;35,35;35,79;35,28;35,70;233.093
2017-07-13;35,72;35,89;35,39;35,48;313.708
2017-07-14;35,47;35,66;35,37;35,66;209.408
2017-07-17;35,70;35,86;35,40;35,82;258.598
2017-07-18;35,80;36,03;35,46;35,71;266.800
2017-07-19;35,78;35,97;35,37;35,92;219.551
2017-07-20;36,09;36,35;35,63;35,74;497.603
2017-07-21;35,74;35,82;35,15;35,35;401.787
2017-07-24;35,50;35,51;35,02;35,03;278.998
2017-07-25;35,12;35,44;35,05;35,41;320.214
2017-07-26;35,25;36,05;35,17;36,05;386.226
2017-07-27;36,81;37,50;36,73;37,01;588.906
2017-07-28;36,99;36,99;36,51;36,61;436.070
2017-07-31;36,56;37,09;36,41;36,90;625.182
2017-08-01;37,15;37,15;36,61;36,61;443.198
2017-08-02;36,75;36,75;36,18;36,27;377.641
2017-08-03;36,18;36,19;35,68;35,68;495.165
2017-08-04;36,65;37,26;36,26;37,21;1.295.182
2017-08-07;37,35;37,58;37,28;37,49;489.855
2017-08-08;37,59;37,63;37,31;37,60;371.781
2017-08-09;37,40;37,56;37,27;37,43;464.785
2017-08-10;37,38;37,49;37,04;37,25;476.953
2017-08-11;37,18;37,29;36,68;36,76;480.020
2017-08-14;36,94;37,17;36,91;37,01;190.483
2017-08-15;37,10;37,17;36,70;36,96;251.606
2017-08-16;37,05;37,44;37,05;37,36;238.878
2017-08-17;37,39;37,60;37,16;37,28;279.455
2017-08-18;37,17;37,49;36,99;37,34;354.219
2017-08-21;37,15;37,40;37,02;37,19;248.062
2017-08-22;37,45;37,67;37,32;37,67;243.348
2017-08-23;37,70;38,04;37,63;37,67;401.275
2017-08-24;37,83;37,83;37,49;37,49;232.783
2017-08-25;37,52;37,70;37,39;37,40;217.525
2017-08-28;37,25;37,37;36,99;36,99;240.747
2017-08-29;36,80;36,80;36,30;36,66;364.945
2017-08-30;36,91;37,10;36,82;37,06;219.094
2017-08-31;37,18;37,49;37,16;37,38;242.992
2017-09-01;37,50;37,74;37,46;37,56;210.073
2017-09-04;37,37;37,49;37,23;37,23;199.665
2017-09-05;37,20;37,69;37,19;37,58;278.123
2017-09-06;37,44;37,62;37,27;37,50;285.957
2017-09-07;37,59;37,98;37,47;37,92;254.831
2017-09-08;37,98;38,20;37,62;38,20;242.003
2017-09-11;38,46;38,58;38,34;38,44;301.146
2017-09-12;38,60;38,88;38,45;38,82;299.506
2017-09-13;38,89;39,17;38,75;39,12;324.644
2017-09-14;39,15;39,47;38,92;39,47;406.648
2017-09-15;39,50;39,80;39,37;39,58;603.368
2017-09-18;39,73;39,95;39,68;39,91;247.964
2017-09-19;39,92;40,09;39,73;39,82;262.240
2017-09-20;39,77;39,77;39,44;39,65;434.793
2017-09-21;39,84;39,89;39,43;39,77;281.181
2017-09-22;39,78;39,84;39,45;39,81;253.374
2017-09-25;39,85;40,02;39,67;39,68;289.622
2017-09-26;39,70;39,97;39,67;39,88;288.041
2017-09-27;40,00;40,00;39,64;39,84;257.321
2017-09-28;39,81;40,41;39,81;40,41;319.398
2017-09-29;40,44;40,91;40,28;40,91;401.254
2017-10-02;41,09;41,29;40,88;41,29;335.159
2017-10-03;41,35;41,37;40,98;41,31;386.247
2017-10-04;41,46;41,76;41,12;41,76;404.942
2017-10-05;41,63;41,73;41,33;41,53;298.832
2017-10-06;41,57;41,57;41,23;41,28;258.038
2017-10-09;41,28;41,33;41,07;41,21;245.927
2017-10-10;41,21;41,34;40,94;41,27;249.618
2017-10-11;41,11;41,33;41,08;41,33;231.058
2017-10-12;41,23;41,32;41,01;41,24;183.436
2017-10-13;41,15;41,36;41,06;41,29;196.439
2017-10-16;41,33;41,36;41,20;41,27;209.968
2017-10-17;41,31;41,32;41,00;41,16;218.098
2017-10-18;41,24;41,50;41,08;41,43;268.078
2017-10-19;41,55;41,60;40,91;41,22;327.644
2017-10-20;41,39;41,60;41,37;41,41;317.632
2017-10-23;41,50;41,55;41,32;41,38;205.429
2017-10-24;41,33;41,43;41,16;41,30;275.325
2017-10-25;41,42;41,79;41,17;41,58;307.626
2017-10-26;41,50;41,99;41,44;41,97;449.913
2017-10-27;42,11;42,26;41,89;42,12;331.419
2017-10-30;42,05;42,16;41,94;42,00;179.632
2017-10-31;42,00;42,39;41,99;42,35;262.656
2017-11-01;42,67;42,84;42,45;42,45;258.826
2017-11-02;42,50;42,63;42,17;42,63;286.957
2017-11-03;42,68;43,13;42,59;43,13;212.066
2017-11-06;43,15;43,16;42,64;42,64;270.170
2017-11-07;42,64;42,84;42,49;42,67;261.649
2017-11-08;42,82;42,82;42,13;42,21;352.117
2017-11-09;42,11;42,23;41,53;41,67;349.560
2017-11-10;41,62;41,82;41,47;41,64;241.875
2017-11-13;41,62;41,64;40,87;41,17;330.267
2017-11-14;41,35;41,75;41,29;41,55;331.799
2017-11-15;41,50;41,56;40,85;41,27;375.670
2017-11-16;41,75;41,75;41,24;41,73;291.228
2017-11-17;41,60;41,69;41,31;41,39;294.447
2017-11-20;41,18;41,93;41,08;41,85;215.334
2017-11-21;41,75;41,99;41,43;41,96;275.816
2017-11-22;41,91;41,98;41,54;41,64;165.951
2017-11-23;41,52;41,81;41,36;41,73;113.508
2017-11-24;41,63;41,85;41,54;41,70;99.388
2017-11-27;41,62;41,83;41,32;41,54;241.166
2017-11-28;41,48;42,47;41,41;42,47;344.481
2017-11-29;42,90;43,13;42,52;42,61;387.955
2017-11-30;42,58;42,90;42,35;42,90;386.341
2017-12-01;42,98;42,98;42,30;42,30;424.317
2017-12-04;42,70;43,29;42,70;43,20;477.226
2017-12-05;43,11;43,40;42,89;43,15;331.724
2017-12-06;43,00;43,14;42,42;43,04;304.640
2017-12-07;43,00;43,49;43,00;43,36;324.258
2017-12-08;43,43;43,64;43,36;43,54;360.713
2017-12-11;43,73;43,77;43,22;43,29;230.616
2017-12-12;43,08;43,11;42,64;42,94;296.603
2017-12-13;42,76;42,99;42,62;42,70;333.053
2017-12-14;42,60;42,75;42,38;42,54;228.871
2017-12-15;42,40;42,49;42,16;42,41;420.681
2017-12-18;42,52;42,97;42,43;42,91;296.512
2017-12-19;42,95;42,95;42,57;42,64;243.516
2017-12-20;42,63;42,82;42,18;42,33;239.753
2017-12-21;42,42;42,42;41,96;42,35;205.369
2017-12-22;42,25;42,50;42,11;42,49;199.158
2017-12-27;42,30;42,54;42,10;42,53;184.214
2017-12-28;42,49;42,54;42,29;42,53;133.560
2017-12-29;42,31;42,59;42,20;42,40;202.467
2018-01-02;42,39;42,39;41,87;42,29;206.980
2018-01-03;42,29;42,97;42,20;42,80;245.806
2018-01-04;43,06;43,55;42,92;43,51;233.609
2018-01-05;43,64;44,27;43,53;44,13;427.975
2018-01-08;44,32;44,39;44,03;44,33;230.684
2018-01-09;44,33;45,05;44,32;44,90;265.605
2018-01-10;44,90;44,90;44,47;44,56;263.329
2018-01-11;44,68;44,68;44,22;44,40;214.607
2018-01-12;44,50;44,51;44,19;44,33;129.968
2018-01-15;44,46;44,49;44,20;44,30;204.263
2018-01-16;44,49;44,49;44,12;44,32;186.946
2018-01-17;44,12;44,40;43,85;44,15;172.917
2018-01-18;44,38;44,39;43,96;44,09;207.892
2018-01-19;44,02;44,64;44,02;44,62;232.925
2018-01-22;44,42;44,43;43,92;44,00;215.016
2018-01-23;43,92;44,12;43,89;43,95;186.582
2018-01-24;43,95;44,06;43,77;43,83;166.969
2018-01-25;43,55;43,75;43,15;43,36;269.505
2018-01-26;43,50;43,57;43,22;43,55;172.471
2018-01-29;43,73;43,73;43,10;43,10;167.844
2018-01-30;43,05;43,34;42,97;43,27;206.331
2018-01-31;43,59;44,17;43,33;44,00;420.159
2018-02-01;44,16;44,28;43,23;43,24;323.617
2018-02-02;43,08;43,16;42,35;42,35;265.474
2018-02-05;41,99;41,99;41,26;41,46;298.063
2018-02-06;39,99;40,69;39,24;40,13;760.135
2018-02-07;40,61;41,55;40,19;41,29;446.545
2018-02-08;41,22;41,22;40,19;40,23;353.026
2018-02-09;39,95;40,36;39,48;39,73;386.826
2018-02-12;40,24;40,41;39,81;39,84;279.248
2018-02-13;39,91;40,15;39,50;39,50;213.961
2018-02-14;39,85;39,92;39,01;39,64;333.046
2018-02-15;39,96;40,40;39,80;40,33;260.110
2018-02-16;40,55;40,74;40,31;40,69;212.231
2018-02-19;40,80;40,80;40,43;40,56;166.531
2018-02-20;40,58;41,34;40,58;41,27;253.695
2018-02-21;41,14;41,40;40,84;41,29;245.865
2018-02-22;41,04;41,35;40,92;41,27;217.664
2018-02-23;41,33;41,34;41,04;41,12;162.636
2018-02-26;41,30;41,62;41,30;41,42;224.065
2018-02-27;41,50;41,73;41,28;41,62;310.609
2018-02-28;41,82;41,90;40,82;41,27;368.630
2018-03-01;41,16;41,34;39,96;39,98;504.038
2018-03-02;39,56;39,76;38,98;39,06;556.467
2018-03-05;38,75;40,92;38,73;40,76;626.511
2018-03-06;41,21;41,61;41,11;41,38;464.017
2018-03-07;41,27;42,53;41,23;42,43;633.504
2018-03-08;42,50;43,45;42,43;43,40;566.466
2018-03-09;43,40;43,48;43,12;43,46;333.235
2018-03-12;43,69;44,02;43,60;44,00;385.401
2018-03-13;44,06;44,85;43,65;43,88;607.496
2018-03-14;43,75;44,33;43,67;43,74;366.622
2018-03-15;43,90;44,18;43,51;43,83;363.529
2018-03-16;0,00;0,00;0,00;43,64;0
2018-03-19;0,00;0,00;0,00;43,44;0
2018-03-20;0,00;0,00;0,00;43,25;0
2018-03-21;0,00;0,00;0,00;43,17;0
2018-03-22;0,00;0,00;0,00;42,20;0
2018-03-23;41,91;41,97;41,30;41,77;215.773
2018-03-26;41,88;41,91;41,00;41,13;223.920
2018-03-27;41,42;41,85;41,24;41,52;411.861
2018-03-28;41,23;41,23;40,56;41,15;339.429
2018-03-29;41,25;41,56;41,06;41,36;313.393
2018-04-03;40,90;41,21;40,47;40,83;284.732
2018-04-04;40,82;41,00;39,91;40,26;324.811
2018-04-05;40,93;41,32;40,47;41,26;278.351
2018-04-06;41,12;41,74;40,96;41,54;414.784
2018-04-09;41,66;41,66;40,91;41,25;312.365
2018-04-10;41,50;41,96;41,39;41,88;248.587
2018-04-11;41,80;42,07;41,29;41,39;412.871
2018-04-12;41,32;41,58;40,91;41,40;331.661
2018-04-13;41,59;41,60;41,06;41,14;191.917
2018-04-16;41,29;41,64;41,26;41,36;222.191
2018-04-17;41,43;41,86;41,43;41,78;233.482
2018-04-18;41,89;41,94;41,37;41,74;260.405
2018-04-19;41,73;41,80;41,44;41,44;249.710
2018-04-20;40,87;41,04;40,50;40,76;363.170
2018-04-23;40,80;41,18;40,63;41,18;242.108
2018-04-24;41,24;41,30;40,89;41,05;234.903
2018-04-25;40,88;40,88;40,25;40,62;220.111
2018-04-26;40,78;41,15;40,54;41,13;203.842
2018-04-27;41,13;41,40;40,80;40,90;189.531
2018-04-30;41,13;41,40;40,67;40,84;178.700
2018-05-02;40,93;41,18;40,80;41,06;277.549
2018-05-03;41,12;41,12;40,51;40,61;234.425
2018-05-04;40,80;41,45;40,80;41,12;265.892
2018-05-07;41,04;41,26;40,98;41,20;149.887
2018-05-08;41,23;41,61;41,08;41,54;254.349
2018-05-09;41,69;41,70;41,37;41,46;169.063
2018-05-10;41,35;41,78;41,35;41,59;135.753
2018-05-11;41,53;41,56;41,26;41,36;151.663
2018-05-14;41,32;41,46;41,10;41,43;173.372
2018-05-15;41,38;41,92;41,37;41,85;217.115
2018-05-16;41,81;42,30;41,77;42,14;224.144
2018-05-17;42,00;42,05;41,57;41,70;241.146
2018-05-18;41,58;41,97;41,45;41,81;254.485
2018-05-21;42,05;42,71;41,98;42,44;295.942
2018-05-22;42,44;43,03;42,37;42,85;301.067
2018-05-23;42,77;42,96;42,45;42,64;389.821
2018-05-24;42,60;43,13;42,57;42,86;346.960
2018-05-25;43,14;43,65;43,08;43,39;307.236
2018-05-28;43,60;44,05;43,33;43,36;191.836
2018-05-29;43,17;43,22;42,39;42,50;329.397
2018-05-30;0,00;0,00;42,06;42,24;255.381
2018-05-31;42,59;42,84;41,73;41,86;346.983
2018-06-01;42,19;42,72;42,07;42,28;343.483
2018-06-04;42,40;42,61;41,45;42,32;344.573
2018-06-05;42,20;43,34;42,20;42,81;364.031
2018-06-06;42,90;42,99;42,24;42,65;215.783
2018-06-07;42,84;43,16;42,48;42,55;212.455
2018-06-08;42,23;42,74;41,89;42,46;240.729
2018-06-11;42,62;42,88;42,44;42,87;420.772
2018-06-12;43,08;43,59;42,97;43,18;268.031
2018-06-13;43,21;43,70;43,18;43,34;330.751
2018-06-14;43,03;43,79;42,96;43,53;341.241
2018-06-15;43,49;43,78;43,17;43,17;362.326
2018-06-18;43,15;43,20;42,68;42,89;257.574
2018-06-19;42,65;42,65;41,71;41,91;281.372
2018-06-20;42,16;42,16;41,41;41,41;347.998
2018-06-21;41,57;41,57;40,79;40,89;265.769
2018-06-22;41,07;41,11;40,84;40,93;311.947
2018-06-25;40,86;40,86;39,87;39,97;207.857
2018-06-26;40,06;40,34;39,93;40,08;247.883
2018-06-27;40,04;41,41;39,97;40,98;427.143
2018-06-28;40,76;40,97;39,83;40,08;524.908
2018-06-29;40,50;41,20;40,46;41,02;294.067
2018-07-02;40,52;40,57;40,09;40,14;331.020
2018-07-03;40,38;40,45;40,05;40,17;343.447
2018-07-04;40,06;40,08;39,65;39,76;215.849
2018-07-05;39,86;40,41;39,80;39,92;167.919
2018-07-06;40,23;40,23;39,41;39,65;365.941
2018-07-09;39,65;40,41;39,65;40,25;197.480
2018-07-10;40,34;40,79;40,26;40,57;187.945
2018-07-11;40,40;40,40;39,55;39,68;335.642
2018-07-12;39,85;39,98;39,58;39,97;430.621
2018-07-13;40,00;40,59;40,00;40,42;177.311
2018-07-16;40,40;40,91;40,37;40,69;150.400
2018-07-17;40,75;41,08;40,50;40,96;200.201
2018-07-18;41,15;41,39;40,97;41,12;283.918
2018-07-19;41,15;41,30;40,88;41,11;290.197
2018-07-20;40,98;41,23;40,46;40,80;331.993
2018-07-23;40,64;40,64;40,13;40,33;318.486
2018-07-24;40,30;40,90;39,98;40,69;312.093
2018-07-25;40,73;40,87;39,99;40,48;452.720
2018-07-26;40,87;41,03;39,45;39,86;489.264
2018-07-27;40,00;40,13;39,19;39,28;404.718
2018-07-30;39,31;39,39;38,69;38,71;446.173
2018-07-31;38,78;38,89;38,36;38,80;406.551
2018-08-01;38,89;39,20;38,75;38,80;260.306
2018-08-02;38,56;38,57;37,62;37,85;471.556
2018-08-03;37,85;38,22;37,66;37,98;296.587
2018-08-06;38,06;38,65;37,93;38,28;343.593
2018-08-07;38,41;38,77;38,35;38,40;244.418
2018-08-08;38,23;38,53;38,02;38,26;303.443
2018-08-09;38,10;38,40;38,03;38,34;191.364
2018-08-10;38,15;38,21;37,51;37,74;250.080
2018-08-13;37,58;37,58;37,11;37,24;232.503
2018-08-14;37,50;37,59;37,08;37,10;212.390
2018-08-15;37,15;37,27;36,28;36,42;271.450
2018-08-16;36,59;36,88;36,38;36,52;274.202
2018-08-17;36,66;36,66;36,19;36,44;258.237
2018-08-20;36,51;37,09;36,40;36,74;241.915
2018-08-21;36,74;36,74;36,44;36,50;223.535
2018-08-22;36,45;36,73;36,42;36,43;198.415
2018-08-23;36,40;36,55;36,25;36,45;203.834
2018-08-24;36,50;36,53;36,30;36,43;191.055
2018-08-27;36,59;36,62;36,30;36,50;155.536
2018-08-28;36,61;37,08;36,53;37,05;318.815
2018-08-29;37,23;37,60;36,97;37,31;373.652
2018-08-30;37,40;37,49;37,08;37,44;267.439
2018-08-31;37,35;37,36;36,68;36,94;336.821
2018-09-03;36,82;36,89;35,77;36,08;384.349
2018-09-04;36,04;36,19;35,00;35,48;412.109
2018-09-05;35,39;35,60;34,97;34,98;325.644
2018-09-06;35,01;35,16;34,65;34,70;299.884
2018-09-07;34,77;34,90;34,55;34,74;335.468
2018-09-10;34,64;34,95;34,39;34,80;304.970
2018-09-11;34,95;35,34;34,49;34,77;362.225
2018-09-12;35,55;36,25;35,38;36,03;539.580
2018-09-13;36,00;36,08;35,74;36,00;473.660
2018-09-14;36,09;36,56;35,94;36,46;389.435
2018-09-17;36,30;36,32;36,00;36,13;311.336
2018-09-18;36,10;36,42;36,10;36,35;333.717
2018-09-19;36,49;36,73;36,36;36,68;274.228
2018-09-20;36,70;37,11;36,65;37,00;430.430
2018-09-21;37,07;37,88;37,06;37,70;632.547
2018-09-24;37,61;37,61;36,84;36,88;240.007
2018-09-25;36,99;36,99;36,41;36,57;264.222
2018-09-26;36,65;36,65;36,27;36,57;147.905
2018-09-27;36,34;36,40;35,91;36,30;275.347
2018-09-28;36,33;37,44;36,25;36,68;620.597
2018-10-01;36,78;37,22;36,60;36,95;305.783
2018-10-02;36,71;37,00;36,19;36,96;300.924
2018-10-03;37,15;37,79;37,00;37,46;235.417
2018-10-04;37,40;37,44;36,29;36,51;219.339
2018-10-05;36,34;36,47;35,95;36,01;251.099
2018-10-08;35,82;36,01;35,38;35,42;275.933
2018-10-09;35,45;35,60;34,97;35,33;281.445
2018-10-10;35,49;35,49;33,95;34,00;462.816
2018-10-11;33,55;33,55;32,82;32,92;575.380
2018-10-12;33,33;33,58;32,84;32,91;459.619
2018-10-15;32,90;32,90;32,23;32,53;472.467
2018-10-16;32,54;33,25;32,33;33,15;378.757
2018-10-17;33,19;33,65;32,58;32,77;515.977
2018-10-18;32,87;33,12;32,47;32,47;366.195
2018-10-19;32,41;32,43;31,40;31,54;620.291
2018-10-22;31,76;32,04;31,31;31,44;246.775
2018-10-23;31,11;31,22;30,46;30,84;503.290
2018-10-24;31,00;31,24;30,36;30,59;451.610
2018-10-25;30,31;31,44;30,29;31,43;505.093
2018-10-26;31,20;31,51;30,82;31,17;538.262
2018-10-29;31,01;31,81;31,01;31,31;346.686
2018-10-30;31,35;31,48;30,82;31,31;355.083
2018-10-31;31,85;32,94;31,73;32,45;594.704
2018-11-01;32,28;33,11;32,16;32,39;341.258
2018-11-02;32,88;33,57;32,79;33,46;491.701
2018-11-05;33,50;33,50;32,46;32,52;292.837
2018-11-06;32,80;32,94;32,35;32,69;228.417
2018-11-07;32,93;33,19;32,63;33,00;298.695
2018-11-08;33,05;33,50;32,86;33,00;237.015
2018-11-09;32,95;33,00;32,25;32,53;277.407
2018-11-12;32,85;33,00;31,97;32,00;304.842
2018-11-13;32,28;32,61;31,80;32,28;267.136
2018-11-14;32,09;32,49;31,70;31,93;282.371
2018-11-15;32,04;32,35;31,15;31,36;300.718
2018-11-16;31,61;31,82;30,93;31,13;322.080
2018-11-19;31,24;31,94;31,09;31,10;323.547
2018-11-20;30,94;31,14;30,33;30,80;522.690
2018-11-21;31,07;31,26;30,70;31,10;398.520
2018-11-22;31,15;31,15;30,65;30,95;179.880
2018-11-23;31,08;31,23;30,78;31,14;199.571
2018-11-26;31,35;31,54;31,17;31,52;263.541
2018-11-27;31,52;31,88;31,35;31,51;339.428
2018-11-28;31,65;31,93;31,43;31,60;300.685
2018-11-29;31,75;32,29;31,74;31,77;241.462
2018-11-30;31,74;31,80;30,85;30,96;399.696
2018-12-03;31,60;32,25;31,60;31,65;324.352
2018-12-04;31,51;31,58;30,87;30,92;253.590
2018-12-05;30,82;30,82;30,32;30,41;172.427
2018-12-06;30,20;30,31;29,03;29,29;433.802
2018-12-07;29,67;29,73;29,12;29,12;297.415
2018-12-10;29,10;29,13;28,47;28,49;313.466
2018-12-11;28,85;29,41;28,54;29,06;297.547
2018-12-12;29,32;30,11;29,01;29,95;276.973
2018-12-13;30,33;30,39;29,56;29,56;246.708
2018-12-14;29,19;29,32;28,66;28,87;224.503
2018-12-17;28,91;29,50;28,51;29,32;609.934
2018-12-18;29,18;29,66;29,00;29,14;430.761
2018-12-19;29,27;29,27;28,78;28,83;344.016
2018-12-20;28,54;28,86;28,02;28,58;392.094
2018-12-21;28,63;28,75;27,86;28,06;671.977
2018-12-24;27,95;28,09;27,83;27,90;72.839
2018-12-27;28,29;28,57;27,43;27,62;314.216
2018-12-28;27,89;28,51;27,77;28,33;250.900
2018-12-31;28,50;29,05;28,46;29,05;91.394
2019-01-02;28,80;28,80;28,09;28,39;328.812
2019-01-03;28,04;28,13;27,52;27,52;271.337
2019-01-04;27,72;28,90;27,70;28,81;311.458
2019-01-07;29,10;29,16;28,46;28,82;319.543
2019-01-08;28,89;29,62;28,89;29,25;355.597
2019-01-09;29,59;30,20;29,08;29,46;432.640
2019-01-10;29,09;29,58;28,99;29,58;286.525
2019-01-11;29,74;29,74;29,02;29,05;274.299
2019-01-14;28,82;28,97;28,39;28,68;244.252
2019-01-15;28,94;29,30;28,62;28,84;308.600
2019-01-16;28,83;29,44;28,83;29,35;315.914
2019-01-17;29,32;29,40;29,03;29,40;229.381
2019-01-18;29,57;30,34;29,55;30,27;347.317
2019-01-21;30,37;30,43;29,87;29,98;196.138
2019-01-22;29,97;30,00;29,45;29,69;154.438
2019-01-23;29,41;29,72;29,21;29,50;257.436
2019-01-24;29,46;29,70;29,18;29,23;328.949
2019-01-25;29,61;30,20;29,50;30,12;276.123
2019-01-28;30,03;30,22;29,83;30,00;277.070
2019-01-29;30,00;30,13;29,65;29,88;241.756
2019-01-30;29,98;30,16;29,64;29,82;157.946
2019-01-31;30,00;30,67;29,97;30,59;408.992
2019-02-01;30,79;30,88;30,42;30,42;275.993
2019-02-04;30,41;30,50;30,12;30,29;194.569
2019-02-05;30,50;30,99;30,20;30,99;207.456
2019-02-06;30,75;31,44;30,67;31,38;234.515
2019-02-07;31,22;31,54;30,72;30,72;353.921
2019-02-08;30,75;31,00;30,43;30,50;309.397
2019-02-11;30,74;31,05;30,58;30,75;231.289
2019-02-12;30,83;31,47;30,83;31,39;206.445
2019-02-13;31,36;31,86;31,36;31,55;213.080
2019-02-14;31,76;31,81;31,10;31,10;310.316
2019-02-15;31,10;31,82;30,90;31,79;312.627
2019-02-18;31,80;31,94;31,70;31,91;180.882
2019-02-19;31,80;31,86;30,99;31,32;324.795
2019-02-20;31,23;31,66;31,22;31,45;278.317
2019-02-21;31,63;31,64;31,32;31,54;282.046
2019-02-22;31,58;31,81;31,50;31,69;253.425
2019-02-25;31,88;32,19;31,67;32,14;540.295
2019-02-26;33,00;33,17;31,05;32,03;864.488
2019-02-27;32,05;32,56;31,84;32,26;433.875
2019-02-28;32,05;32,57;31,91;32,49;366.923
2019-03-01;32,73;33,00;32,27;32,28;506.396
2019-03-04;32,50;33,37;32,50;33,15;433.119
2019-03-05;33,05;33,14;32,49;33,05;423.294
2019-03-06;33,05;33,20;32,72;32,84;259.672
2019-03-07;32,92;32,92;31,87;31,96;338.730
2019-03-08;31,75;31,86;30,75;31,00;460.320
2019-03-11;31,04;31,32;30,70;31,32;253.077
2019-03-12;31,53;31,80;31,24;31,41;205.111
2019-03-13;31,40;31,95;31,20;31,88;348.197
2019-03-14;31,98;32,16;31,77;31,82;333.632
2019-03-15;31,98;32,43;31,87;32,26;662.276
2019-03-18;32,41;32,43;31,75;31,92;355.254
2019-03-19;32,08;32,86;32,02;32,86;367.391
2019-03-20;32,85;32,85;32,18;32,18;343.832
2019-03-21;32,14;32,22;31,57;31,78;415.123
2019-03-22;31,90;31,90;30,34;30,46;652.922
2019-03-25;30,40;30,40;29,81;30,14;406.277
2019-03-26;30,18;30,30;29,61;30,07;381.758
2019-03-27;30,12;30,64;30,03;30,10;281.276
2019-03-28;30,10;30,39;30,03;30,14;323.632
2019-03-29;30,31;30,97;30,31;30,83;325.843
2019-04-01;31,24;31,65;31,08;31,57;321.251
2019-04-02;31,62;31,76;31,46;31,62;216.421
2019-04-03;31,93;32,39;31,83;32,38;236.017
2019-04-04;32,28;32,30;32,03;32,26;194.227
2019-04-05;32,21;32,55;32,21;32,35;222.562
2019-04-08;32,38;32,40;32,04;32,24;176.308
2019-04-09;32,10;32,34;31,86;32,04;228.903
2019-04-10;32,12;32,45;32,06;32,40;267.607
2019-04-11;32,50;32,82;32,21;32,74;308.216
2019-04-12;32,80;33,56;32,68;33,45;386.269
2019-04-15;33,58;33,68;33,36;33,65;231.374
2019-04-16;33,68;34,57;33,65;34,50;630.185
2019-04-17;34,59;35,25;34,40;34,78;537.230
2019-04-18;34,86;35,28;34,47;35,04;370.412
2019-04-23;34,62;34,68;34,06;34,46;588.152
2019-04-24;34,52;34,89;34,30;34,76;445.538
2019-04-25;34,89;35,18;34,64;34,77;443.798
2019-04-26;34,77;34,90;34,47;34,71;255.593
2019-04-29;34,70;35,18;34,61;34,87;279.952
2019-04-30;34,71;35,06;34,68;35,00;364.254
2019-05-02;34,76;35,07;34,42;34,53;353.729
2019-05-03;34,40;34,66;34,35;34,51;186.033
2019-05-06;34,00;34,20;33,42;34,09;300.758
2019-05-07;33,93;34,13;32,94;33,08;415.051
2019-05-08;33,05;33,50;33,02;33,30;233.799
2019-05-09;33,00;33,00;32,12;32,30;417.654
2019-05-10;32,58;32,86;32,27;32,42;357.633
2019-05-13;32,40;32,40;31,45;31,45;336.430
2019-05-14;31,62;31,88;31,38;31,70;273.638
2019-05-15;31,60;31,74;30,89;31,50;372.220
2019-05-16;31,54;31,65;30,92;31,65;418.322
2019-05-17;31,48;31,57;31,22;31,42;250.091
2019-05-20;31,35;31,39;30,55;30,74;335.909
2019-05-21;30,95;31,14;30,80;31,02;302.297
2019-05-22;31,08;31,31;30,83;31,08;273.738
2019-05-23;30,81;30,85;30,03;30,10;345.378
2019-05-24;30,34;30,58;30,16;30,17;208.133
2019-05-27;30,35;30,56;30,19;30,35;128.339
2019-05-28;30,48;30,61;30,25;30,31;269.403
2019-05-29;30,00;30,10;29,68;29,71;250.213
2019-05-30;30,13;30,26;29,98;30,07;182.483
2019-05-31;29,79;29,79;29,25;29,51;230.810
2019-06-03;29,33;29,95;29,22;29,89;408.953
2019-06-04;29,79;30,56;29,66;30,50;332.327
2019-06-05;30,65;31,10;30,54;30,73;408.175
2019-06-06;30,73;31,36;30,53;30,69;244.958
2019-06-07;30,81;31,38;30,76;31,30;406.763
2019-06-10;31,40;31,79;31,21;31,55;267.237
2019-06-11;31,35;32,12;31,35;31,98;335.983
2019-06-12;31,74;32,21;31,65;31,84;315.978
2019-06-13;31,82;32,27;31,63;32,18;330.738
2019-06-14;32,10;32,11;31,46;31,50;364.973
2019-06-17;31,62;31,76;31,14;31,30;234.424
2019-06-18;31,30;32,21;31,07;32,06;410.334
2019-06-19;32,15;32,56;32,15;32,47;335.823
2019-06-20;32,51;33,19;32,51;32,83;311.507
2019-06-21;32,75;33,15;32,70;32,95;385.774
2019-06-24;32,93;33,21;32,84;33,10;317.857
2019-06-25;32,87;33,58;32,87;33,46;362.845
2019-06-26;33,37;33,85;33,24;33,69;407.023
2019-06-27;33,80;34,07;33,67;34,01;276.807
2019-06-28;34,00;34,64;34,00;34,57;324.188
2019-07-01;34,85;35,36;34,76;34,94;337.772
2019-07-02;35,01;35,12;34,53;34,86;212.954
2019-07-03;34,90;35,26;34,80;35,01;191.224
2019-07-04;35,20;35,28;35,04;35,16;157.748
2019-07-05;35,09;35,15;34,73;35,06;272.012
2019-07-08;34,82;35,22;34,70;34,89;269.316
2019-07-09;34,66;34,71;34,15;34,36;409.434
2019-07-10;34,26;34,52;34,21;34,25;295.366
2019-07-11;34,37;34,43;34,14;34,30;234.494
2019-07-12;34,25;35,01;34,25;34,69;185.053
2019-07-15;34,66;35,02;34,55;34,70;221.098
2019-07-16;34,65;34,98;34,50;34,98;206.367
2019-07-17;34,84;35,13;34,72;34,81;238.384
2019-07-18;34,61;34,75;34,40;34,40;246.568
2019-07-19;34,55;34,88;34,55;34,84;245.944
2019-07-22;34,65;34,84;34,18;34,36;458.368
2019-07-23;34,62;35,27;34,60;35,22;369.944
2019-07-24;35,27;35,47;34,93;35,19;249.780
2019-07-25;35,51;37,14;35,51;36,95;839.173
2019-07-26;36,99;37,14;36,63;36,95;350.362
2019-07-29;36,95;36,97;36,36;36,41;264.014
2019-07-30;36,50;36,53;35,91;36,22;226.897
2019-07-31;36,40;36,80;36,30;36,46;277.228
2019-08-01;36,29;36,72;36,20;36,60;139.954
2019-08-02;35,90;35,99;34,89;35,28;517.308
2019-08-05;34,82;34,91;34,05;34,39;337.874
2019-08-06;34,25;34,80;34,13;34,36;246.500
2019-08-07;34,64;34,91;34,24;34,46;332.480
2019-08-08;34,97;35,15;34,67;35,15;217.609
2019-08-09;35,18;35,19;34,68;34,69;314.561
2019-08-12;34,94;35,28;34,38;34,67;253.582
2019-08-13;34,61;35,19;34,06;34,84;318.222
2019-08-14;34,80;34,82;34,02;34,23;268.965
2019-08-15;34,26;34,42;33,17;33,32;589.941
2019-08-16;33,38;33,85;33,33;33,85;308.831
2019-08-19;34,01;34,45;33,98;34,16;287.482
2019-08-20;34,27;34,35;33,73;33,73;242.139
2019-08-21;33,80;34,50;33,80;34,37;223.952
2019-08-22;34,31;34,45;34,08;34,22;239.867
2019-08-23;34,46;34,63;33,94;33,94;270.225
2019-08-26;33,78;34,04;33,37;33,65;228.908
2019-08-27;33,62;33,62;33,30;33,37;302.562
2019-08-28;33,30;33,32;32,88;33,30;269.093
2019-08-29;33,00;33,86;33,00;33,86;335.639
2019-08-30;33,85;34,48;33,85;34,36;234.179
2019-09-02;34,44;34,61;33,99;34,43;171.361
2019-09-03;34,49;34,56;34,15;34,25;171.335
2019-09-04;34,64;34,80;34,49;34,79;193.891
2019-09-05;35,00;35,50;35,00;35,25;295.862
2019-09-06;35,31;35,38;35,06;35,25;290.672
2019-09-09;35,39;35,60;34,83;35,60;287.877
2019-09-10;35,57;36,23;35,57;36,17;290.375
2019-09-11;36,42;37,51;36,36;37,33;432.012
2019-09-12;37,50;37,88;37,23;37,61;607.168
2019-09-13;37,64;38,48;37,64;38,45;305.633
2019-09-16;38,09;38,65;38,03;38,51;385.098
2019-09-17;38,40;38,46;37,21;37,70;293.545
2019-09-18;37,70;37,92;37,46;37,58;228.678
2019-09-19;37,74;37,77;37,42;37,65;215.042
2019-09-20;37,57;37,67;37,08;37,18;350.676
2019-09-23;37,03;37,11;36,25;36,53;298.799
2019-09-24;36,47;36,76;36,24;36,50;217.179
2019-09-25;36,32;36,32;35,53;35,96;229.810
2019-09-26;35,96;36,20;35,91;35,99;219.700
2019-09-27;36,11;36,32;36,02;36,19;218.955
2019-09-30;36,21;36,57;36,15;36,36;243.341
2019-10-01;36,40;36,90;35,93;35,95;286.737
2019-10-02;35,75;35,77;34,85;34,88;342.855
2019-10-03;34,82;34,96;34,23;34,50;314.114
2019-10-04;34,94;34,94;34,28;34,62;275.108
2019-10-07;34,80;34,82;34,39;34,79;208.165
2019-10-08;34,85;34,85;34,04;34,21;369.858
2019-10-09;34,21;34,75;34,07;34,41;222.295
2019-10-10;34,47;35,10;34,44;34,98;239.973
2019-10-11;35,34;36,30;35,22;36,30;443.118
2019-10-14;36,21;36,21;35,41;35,81;227.809
2019-10-15;36,00;36,66;35,71;36,49;356.700
2019-10-16;36,50;36,70;36,18;36,60;345.481
2019-10-17;36,36;37,31;36,36;36,83;405.579
2019-10-18;36,77;36,78;35,63;36,29;666.726
2019-10-21;36,29;37,09;36,29;37,05;225.847
2019-10-22;37,12;37,27;36,76;36,83;239.591
2019-10-23;36,83;37,05;36,56;36,94;231.164
2019-10-24;36,93;37,30;36,79;37,30;242.452
2019-10-25;37,11;37,43;37,00;37,37;263.263
2019-10-28;37,28;37,96;37,15;37,80;251.963
2019-10-29;36,82;37,05;36,06;36,35;726.032
2019-10-30;36,19;36,61;35,93;36,20;408.919
2019-10-31;36,11;36,51;35,84;36,06;438.742
2019-11-01;36,15;36,61;36,01;36,59;310.195
2019-11-04;36,67;37,28;36,64;37,22;285.468
2019-11-05;37,02;38,16;36,95;38,16;418.512
2019-11-06;37,92;38,30;37,84;38,22;246.582
2019-11-07;38,21;39,08;38,21;39,08;408.167
2019-11-08;38,82;39,45;38,74;39,45;411.271
2019-11-11;39,21;39,71;39,05;39,67;364.968
2019-11-12;39,80;39,80;39,37;39,67;292.959
2019-11-13;39,22;39,41;38,02;38,66;379.101
2019-11-14;38,28;38,58;37,76;37,90;336.008
2019-11-15;38,28;38,36;37,79;38,36;303.919
2019-11-18;38,40;38,50;37,77;38,05;252.187
2019-11-19;38,26;38,44;37,87;38,02;238.662
2019-11-20;37,90;37,91;37,31;37,54;278.233
2019-11-21;37,37;37,37;36,87;37,00;278.309
2019-11-22;37,00;37,50;36,97;37,45;335.841
2019-11-25;37,50;38,19;37,45;38,19;291.802
2019-11-26;38,14;38,56;37,98;38,53;266.479
2019-11-27;38,75;38,83;38,32;38,46;215.799
2019-11-28;38,30;38,30;37,96;38,24;140.693
2019-11-29;37,86;38,49;37,86;38,45;262.393
2019-12-02;38,59;39,22;37,51;37,62;470.217
2019-12-03;37,62;38,06;37,08;37,37;290.654
2019-12-04;37,66;38,87;37,46;38,73;311.510
2019-12-05;38,73;39,35;38,73;38,96;266.792
2019-12-06;39,05;39,39;38,73;39,05;318.433
2019-12-09;39,10;39,28;38,91;39,20;287.890
2019-12-10;39,00;39,17;38,47;39,00;335.659
2019-12-11;38,95;39,35;38,85;39,26;198.964
2019-12-12;39,32;39,88;39,15;39,66;337.196
2019-12-13;39,94;40,50;39,90;40,16;366.959
2019-12-16;40,30;40,74;40,25;40,61;247.012
2019-12-17;40,75;40,89;40,43;40,85;230.892
2019-12-18;40,76;40,92;40,46;40,48;274.140
2019-12-19;40,65;40,65;39,95;40,31;269.607
2019-12-20;40,24;40,46;40,14;40,38;284.246
2019-12-23;40,34;40,58;40,22;40,45;149.256
2019-12-24;40,50;40,50;40,18;40,18;63.180
2019-12-27;40,22;40,43;40,04;40,28;170.734
2019-12-30;40,09;40,29;39,77;39,83;161.570
2019-12-31;39,79;40,01;39,61;40,01;80.438
2020-01-02;40,25;40,59;40,15;40,40;152.289
2020-01-03;40,20;40,27;39,81;40,07;204.935
2020-01-06;39,66;39,80;39,18;39,61;314.460
2020-01-07;39,79;40,22;39,68;39,94;289.941
2020-01-08;39,66;40,31;39,51;40,31;173.419
2020-01-09;40,74;41,06;40,39;40,45;237.609
2020-01-10;40,64;40,79;40,39;40,42;126.169
2020-01-13;40,56;40,77;40,36;40,42;152.492
2020-01-14;40,42;40,81;40,12;40,81;232.687
2020-01-15;40,80;40,88;40,44;40,65;171.730
2020-01-16;40,65;40,86;40,07;40,49;238.914
2020-01-17;40,68;40,76;40,40;40,67;139.957
2020-01-20;40,70;40,89;40,57;40,63;110.674
2020-01-21;40,37;40,54;39,93;40,42;144.955
2020-01-22;40,53;40,71;40,32;40,44;129.106
2020-01-23;40,22;40,33;39,66;39,87;176.556
2020-01-24;40,15;40,80;40,15;40,65;222.137
2020-01-27;39,90;39,91;39,13;39,56;265.867
2020-01-28;39,73;40,08;39,27;40,08;207.516
2020-01-29;40,03;40,46;39,89;40,17;189.669
2020-01-30;39,71;39,98;39,55;39,88;162.434
2020-01-31;39,96;40,46;39,44;39,52;293.224
2020-02-03;39,57;40,40;39,51;40,31;273.743
2020-02-04;40,31;41,25;40,31;41,24;310.857
2020-02-05;41,26;42,20;41,09;41,82;254.048
2020-02-06;42,16;42,48;41,84;42,01;228.478
2020-02-07;41,90;41,92;41,18;41,45;190.560
2020-02-10;41,40;41,45;41,11;41,19;136.128
2020-02-11;41,41;42,42;41,41;42,42;232.739
2020-02-12;42,34;42,99;42,30;42,99;230.903
2020-02-13;42,74;42,92;42,25;42,90;267.529
2020-02-14;42,62;43,11;42,56;42,58;208.040
2020-02-17;42,39;43,07;42,36;42,98;202.057
2020-02-18;42,50;42,53;41,99;42,20;208.856
2020-02-19;42,58;42,64;42,14;42,61;161.677
2020-02-20;42,33;42,76;42,00;42,00;259.262
2020-02-21;41,89;41,97;41,46;41,70;199.363
2020-02-24;40,74;40,74;39,29;39,71;405.481
2020-02-25;39,91;40,37;39,41;39,50;436.411
2020-02-26;39,08;39,82;38,07;39,52;513.126
2020-02-27;39,00;39,00;34,95;35,57;924.677
2020-02-28;34,33;34,59;32,96;33,75;1.255.525
2020-03-02;34,51;34,68;31,68;32,09;1.001.941
2020-03-03;32,96;33,43;32,55;32,84;993.359
2020-03-04;33,07;33,14;30,71;31,19;866.307
2020-03-05;31,58;31,73;29,19;29,20;1.197.472
2020-03-06;28,32;28,91;27,94;28,91;1.013.753
2020-03-09;27,23;28,39;26,30;27,80;1.255.771
2020-03-10;28,51;29,08;27,30;27,45;1.078.895
2020-03-11;28,01;28,59;26,88;27,05;845.055
2020-03-12;25,18;26,00;22,43;22,86;1.715.457
2020-03-13;24,42;25,95;23,27;23,63;1.221.125
2020-03-16;22,45;22,52;20,22;21,95;1.037.823
2020-03-17;22,72;22,82;20,31;20,80;601.530
2020-03-18;20,05;21,14;18,11;18,14;723.161
2020-03-19;18,17;18,99;16,16;18,04;1.226.650
2020-03-20;18,99;19,93;18,37;19,25;1.373.380
2020-03-23;18,08;18,80;17,72;18,22;524.696
2020-03-24;18,94;19,51;18,56;19,51;592.790
2020-03-25;20,50;21,35;19,33;20,10;736.870
2020-03-26;19,66;22,03;19,41;22,00;699.808
2020-03-27;21,50;22,47;21,05;21,47;584.012
2020-03-30;21,35;21,45;20,14;20,62;314.484
2020-03-31;20,84;22,12;20,56;21,64;582.569
2020-04-01;20,92;21,20;20,53;20,82;306.266
2020-04-02;21,07;22,14;20,75;21,65;466.623
2020-04-03;21,74;21,78;21,20;21,56;287.687
2020-04-06;22,51;23,62;22,41;22,94;506.489
2020-04-07;23,62;24,93;23,30;23,38;536.630
2020-04-08;23,29;25,12;23,10;25,00;501.485
2020-04-09;25,74;26,14;24,73;25,34;678.354
2020-04-14;25,66;25,66;23,35;23,84;525.432
2020-04-15;23,73;23,76;22,06;22,36;598.324
2020-04-16;22,70;23,41;22,41;22,71;312.242
2020-04-17;23,63;24,18;23,24;23,88;344.101
2020-04-20;24,15;24,27;23,53;24,00;216.254
2020-04-21;23,73;23,73;22,41;22,41;217.618
2020-04-22;22,70;22,73;22,03;22,73;297.353
2020-04-23;23,03;24,08;22,60;23,64;298.153
2020-04-24;23,11;23,43;22,66;22,72;217.401
2020-04-27;23,36;24,06;23,15;23,96;196.825
2020-04-28;24,08;24,76;23,69;24,19;320.023
2020-04-29;24,32;26,14;24,20;25,89;392.126
2020-04-30;26,10;26,48;25,52;25,78;604.911
2020-05-04;24,74;24,74;23,42;24,11;339.592
2020-05-05;24,50;24,86;24,06;24,63;269.062
2020-05-06;24,68;24,90;24,08;24,14;218.962
2020-05-07;24,38;24,82;23,95;24,80;236.103
2020-05-08;25,00;25,60;24,94;25,23;223.509
2020-05-11;25,44;25,44;24,36;24,56;196.157
2020-05-12;24,42;24,57;24,01;24,01;232.296
2020-05-13;23,65;23,78;22,60;22,60;411.751
2020-05-14;22,40;22,55;21,15;21,76;544.050
2020-05-15;22,09;22,44;21,31;21,64;788.714
2020-05-18;21,98;22,83;21,64;22,80;1.296.000
2020-05-19;23,02;23,65;22,38;22,78;685.621
2020-05-20;22,68;23,26;21,88;23,26;538.544
2020-05-21;22,96;23,78;22,96;23,27;314.565
2020-05-22;22,90;23,12;22,20;22,78;639.068
2020-05-25;23,00;23,40;22,90;23,09;587.498
2020-05-26;23,46;23,78;23,40;23,70;1.122.338
2020-05-27;23,84;24,89;23,83;24,57;721.062
2020-05-28;24,94;25,41;24,68;25,10;417.914
2020-05-29;24,81;25,09;24,44;24,65;473.071
2020-06-01;25,00;25,65;24,75;25,50;384.429
2020-06-02;25,70;26,62;25,49;26,51;498.671
2020-06-03;26,95;28,44;26,76;28,37;553.653
2020-06-04;28,18;28,76;27,59;28,72;570.277
2020-06-05;29,15;30,52;29,13;30,52;827.369
2020-06-08;30,07;30,89;29,78;29,81;464.093
2020-06-09;29,95;29,95;28,17;28,68;794.045
2020-06-10;28,93;29,39;27,60;27,85;375.519
2020-06-11;27,00;27,16;25,97;25,97;469.820
2020-06-12;25,61;27,14;25,51;26,50;544.424
2020-06-15;25,75;27,61;25,62;27,36;671.915
2020-06-16;28,35;29,03;27,99;28,37;603.839
2020-06-17;28,38;28,88;28,26;28,35;512.502
2020-06-18;28,34;29,05;28,01;28,71;452.985
2020-06-19;29,00;29,00;27,97;28,00;1.466.512
2020-06-22;28,00;28,34;27,50;28,10;281.713
2020-06-23;29,37;30,57;29,27;29,81;615.860
2020-06-24;29,75;29,94;28,29;28,29;635.009
2020-06-25;28,20;28,36;27,54;27,93;465.030
2020-06-26;28,48;29,19;28,24;28,35;328.805
2020-06-29;27,60;29,04;27,60;28,96;481.013
2020-06-30;29,42;29,63;28,83;29,19;441.683
2020-07-01;29,30;29,79;28,90;29,25;469.346
2020-07-02;29,54;29,84;29,02;29,40;378.288
2020-07-03;29,69;29,91;29,48;29,84;200.564
2020-07-06;30,46;30,58;29,68;30,19;433.555
2020-07-07;30,02;30,49;29,84;30,38;372.748
2020-07-08;30,08;30,20;29,09;29,24;426.962
2020-07-09;29,48;29,75;29,02;29,06;208.988
2020-07-10;28,90;29,50;28,50;29,39;196.400
2020-07-13;29,58;29,96;29,48;29,93;165.837
2020-07-14;29,45;29,80;28,93;29,80;378.732
2020-07-15;29,99;30,24;29,61;30,00;194.849
2020-07-16;29,90;29,90;29,07;29,14;327.838
2020-07-17;29,14;29,30;28,80;29,25;355.329
2020-07-20;29,37;29,61;29,10;29,58;278.500
2020-07-21;29,86;30,05;29,40;29,70;432.616
2020-07-22;29,88;29,95;29,20;29,64;187.188
2020-07-23;30,52;31,47;29,83;30,65;572.174
2020-07-24;30,71;32,20;30,67;31,69;657.682
2020-07-27;31,56;31,84;30,77;31,70;362.334
2020-07-28;31,98;32,11;31,07;31,45;387.136
2020-07-29;31,39;31,66;31,14;31,45;234.265
2020-07-30;31,37;31,37;30,39;30,73;257.838
2020-07-31;30,62;31,71;30,17;30,19;388.062
2020-08-03;30,25;31,70;30,23;31,57;255.979
2020-08-04;31,89;31,98;30,63;30,87;236.581
2020-08-05;31,10;31,62;30,77;31,62;271.260
2020-08-06;31,89;31,89;31,19;31,33;183.865
2020-08-07;31,10;31,60;30,90;31,46;125.148
2020-08-10;31,70;31,97;31,39;31,83;127.838
2020-08-11;31,97;33,65;31,96;33,49;422.571
2020-08-12;33,45;33,57;33,14;33,28;230.789
2020-08-13;33,32;33,50;32,92;32,92;164.201
2020-08-14;32,98;32,98;32,20;32,61;153.673
2020-08-17;32,72;32,99;32,39;32,75;146.811
2020-08-18;32,64;33,10;32,26;32,76;177.775
2020-08-19;32,63;32,75;32,27;32,72;127.988
2020-08-20;32,38;32,47;32,04;32,36;177.951
2020-08-21;32,49;32,75;31,52;32,18;169.813
2020-08-24;32,46;32,80;32,38;32,64;253.339
2020-08-25;32,90;33,04;32,26;32,36;339.517
2020-08-26;32,54;32,79;32,09;32,79;293.843
2020-08-27;32,61;32,89;32,28;32,40;156.157
2020-08-28;32,61;32,61;31,97;32,10;147.002
2020-09-01;31,70;32,17;31,18;31,58;172.136
2020-09-02;31,77;32,02;31,12;31,49;569.643
2020-09-03;31,62;32,02;30,99;31,13;313.322
2020-09-04;30,99;31,92;30,70;31,24;286.174
2020-09-07;31,50;32,09;31,50;31,89;174.684
2020-09-08;32,00;32,14;31,11;31,62;170.545
2020-09-09;31,57;32,62;31,49;32,42;245.868
2020-09-10;32,52;32,59;32,09;32,17;191.931
2020-09-11;31,80;32,47;31,62;32,31;148.668
2020-09-14;32,73;32,76;31,81;31,92;238.096
2020-09-15;31,84;32,31;31,84;32,03;183.509
2020-09-16;32,00;32,53;31,88;32,53;163.109
2020-09-17;32,23;32,57;32,15;32,47;88.441
2020-09-18;32,51;32,58;31,80;31,90;410.321
2020-09-21;31,56;31,56;30,63;30,84;341.018
2020-09-22;31,00;31,46;30,76;31,07;187.252
2020-09-23;31,21;31,95;31,19;31,19;137.821
2020-09-24;30,56;30,98;30,09;30,31;258.235
2020-09-25;30,36;30,48;29,31;29,33;336.536
2020-09-28;29,88;30,65;29,43;30,65;381.867
2020-10-01;31,02;31,37;30,70;31,07;244.456
2020-10-02;30,70;31,26;30,42;31,26;178.240
2020-10-05;31,50;31,99;31,50;31,88;111.990
2020-10-06;32,00;32,63;31,95;32,18;154.546
2020-10-07;32,17;32,71;32,09;32,37;229.859
2020-10-08;32,63;33,47;32,62;33,00;178.241
2020-10-09;33,10;33,93;33,08;33,34;233.290
2020-10-12;33,50;35,20;33,50;35,20;460.269
2020-10-13;35,19;35,20;34,19;34,50;273.396
2020-10-14;34,50;34,95;34,32;34,54;148.416
2020-10-15;34,26;34,26;33,84;33,98;214.454
2020-10-16;34,27;34,66;33,93;33,96;578.565
2020-10-19;34,14;34,35;32,32;34,20;61.514
2020-10-20;34,08;34,15;33,50;33,51;160.147
2020-10-21;33,75;33,77;32,94;33,21;157.929
2020-10-22;33,01;33,33;32,39;32,71;181.827
2020-10-23;32,86;33,28;32,57;33,09;140.948
2020-11-02;29,10;29,81;28,71;29,81;247.450
2020-11-03;30,00;31,50;30,00;31,30;324.427
2020-11-04;30,91;31,94;30,79;31,67;250.781
2020-11-05;32,03;33,12;31,99;32,77;302.197
2020-11-06;32,79;33,07;32,35;32,53;172.076
2020-11-09;33,37;34,95;32,77;34,61;299.994
2020-11-10;34,01;34,82;33,66;34,16;364.675
2020-11-11;34,10;34,80;34,06;34,49;187.631
2020-11-12;34,13;35,19;34,11;34,82;227.935
2020-11-13;34,50;35,34;34,46;34,70;202.013
2020-11-16;35,24;36,35;35,15;36,01;268.672
2020-11-17;35,94;36,01;35,40;35,75;131.572
2020-11-18;35,56;36,01;35,22;36,00;220.344
