2015-11-20;18,18;18,43;18,00;18,35;38.392.898
2015-11-23;18,45;18,70;18,22;18,61;3.352.514
2015-11-24;18,70;18,80;18,37;18,80;4.871.901
2015-11-25;18,85;19,50;18,77;19,45;4.802.607
2015-11-26;19,48;19,67;19,41;19,43;1.648.481
2015-11-27;19,45;19,79;19,26;19,65;1.428.854
2015-11-30;19,74;19,94;19,55;19,88;5.982.957
2015-12-01;19,90;19,95;19,60;19,70;1.506.970
2015-12-02;19,65;19,89;19,52;19,80;1.203.564
2015-12-03;19,75;19,94;19,19;19,35;1.707.701
2015-12-04;19,40;19,59;19,28;19,43;1.096.498
2015-12-07;19,50;19,85;19,43;19,70;2.559.985
2015-12-08;19,75;19,75;19,05;19,19;975.463
2015-12-09;19,40;19,47;19,11;19,24;601.137
2015-12-10;19,26;19,56;19,25;19,31;726.421
2015-12-11;19,38;19,40;19,06;19,35;699.670
2015-12-14;19,35;19,59;19,15;19,19;536.032
2015-12-15;19,33;19,49;19,16;19,16;472.349
2015-12-16;19,24;19,33;19,07;19,19;549.069
2015-12-17;19,28;19,81;19,27;19,70;760.246
2015-12-18;19,65;20,00;19,55;20,00;1.121.160
2015-12-21;19,91;20,00;19,82;19,96;692.244
2015-12-22;19,95;20,07;19,69;20,01;496.124
2015-12-23;20,10;20,42;20,09;20,40;512.478
2015-12-24;20,45;20,46;20,25;20,40;189.821
2015-12-28;20,40;20,45;20,20;20,26;140.675
2015-12-29;20,35;20,76;20,28;20,76;630.806
2015-12-30;20,71;20,80;20,57;20,80;310.286
2015-12-31;20,64;20,75;20,60;20,67;35.056
2016-01-04;20,60;21,00;20,56;20,67;898.265
2016-01-05;20,87;20,90;20,55;20,63;847.726
2016-01-06;20,65;20,65;20,03;20,13;757.729
2016-01-07;19,97;19,97;19,43;19,70;1.498.763
2016-01-08;19,90;20,20;19,84;19,97;801.778
2016-01-11;19,91;19,91;19,56;19,65;742.877
2016-01-12;19,62;19,80;19,40;19,43;1.050.981
2016-01-13;19,53;19,86;19,42;19,43;643.534
2016-01-14;19,30;19,34;19,01;19,13;755.248
2016-01-15;19,16;19,20;18,53;18,55;1.022.030
2016-01-18;18,52;18,70;18,08;18,08;1.098.012
2016-01-19;18,50;18,75;18,25;18,66;814.737
2016-01-20;18,34;18,49;18,00;18,11;980.031
2016-01-21;18,15;18,36;17,95;18,15;905.925
2016-01-22;18,50;19,00;18,36;18,90;841.434
2016-01-25;19,19;19,25;18,92;19,11;635.352
2016-01-26;18,97;19,37;18,75;19,19;643.071
2016-01-27;19,20;19,42;18,99;19,06;631.634
2016-01-28;18,99;19,36;18,95;19,00;1.105.512
2016-01-29;19,19;19,24;19,00;19,24;593.734
2016-02-01;19,44;19,51;19,21;19,22;614.105
2016-02-02;19,22;19,37;18,22;18,25;973.538
2016-02-03;18,35;18,39;17,98;18,00;996.655
2016-02-04;18,31;18,99;18,14;18,93;1.537.462
2016-02-05;18,99;18,99;18,56;18,79;971.200
2016-02-08;18,97;18,97;17,31;17,45;1.546.073
2016-02-09;17,50;17,75;15,92;16,27;2.801.400
2016-02-10;16,41;17,47;16,17;17,09;1.475.325
2016-02-11;17,00;17,39;16,35;16,86;1.398.721
2016-02-12;15,90;16,69;15,23;16,61;4.202.723
2016-02-15;17,06;17,45;17,02;17,26;1.057.664
2016-02-16;17,50;17,65;16,81;17,04;1.435.767
2016-02-17;16,49;17,14;16,15;16,99;2.036.725
2016-02-18;17,10;17,43;16,88;17,05;1.175.442
2016-02-19;17,20;17,40;17,01;17,10;838.582
2016-02-22;17,35;17,62;17,27;17,62;544.539
2016-02-23;17,46;18,05;17,41;17,57;612.696
2016-02-24;17,50;17,79;17,08;17,25;788.044
2016-02-25;17,40;18,14;17,28;18,00;750.660
2016-02-26;18,08;18,74;18,06;18,61;745.206
2016-02-29;18,40;18,51;18,03;18,24;670.097
2016-03-01;18,20;18,44;17,86;17,95;1.404.716
2016-03-02;18,00;18,69;17,86;18,62;1.397.029
2016-03-03;18,72;18,82;18,34;18,42;681.772
2016-03-04;18,54;18,75;18,36;18,58;390.948
2016-03-07;18,46;18,56;18,11;18,20;415.568
2016-03-08;18,20;18,22;17,52;17,79;738.580
2016-03-09;17,79;18,25;17,59;18,01;499.370
2016-03-10;18,30;18,90;18,04;18,27;1.347.403
2016-03-11;18,55;19,16;18,49;19,09;1.015.082
2016-03-14;19,15;19,29;18,78;18,78;469.927
2016-03-15;18,89;18,89;18,47;18,55;300.384
2016-03-16;18,51;18,63;18,42;18,45;644.781
2016-03-17;18,69;18,69;18,11;18,26;896.352
2016-03-18;18,40;18,55;17,90;17,90;3.653.602
2016-03-21;17,95;18,35;17,93;18,10;758.178
2016-03-22;18,01;18,29;17,85;18,11;906.987
2016-03-23;18,25;18,33;17,93;17,93;846.779
2016-03-24;17,90;17,90;17,30;17,30;1.355.610
2016-03-29;17,50;17,85;17,50;17,68;842.813
2016-03-30;17,86;18,09;17,85;17,95;882.494
2016-03-31;17,96;18,05;17,80;18,01;773.057
2016-04-01;17,85;17,96;17,62;17,78;1.023.185
2016-04-04;17,50;17,94;17,40;17,64;700.980
2016-04-05;17,41;17,57;17,31;17,42;770.063
2016-04-06;17,52;17,67;17,35;17,61;806.139
2016-04-07;17,70;17,74;17,44;17,50;957.176
2016-04-08;17,50;17,90;17,50;17,77;880.220
2016-04-11;17,89;18,20;17,76;18,08;1.051.369
2016-04-12;18,04;18,24;17,98;18,22;1.082.026
2016-04-13;18,30;18,95;18,30;18,90;1.535.008
2016-04-14;19,04;19,07;18,74;18,80;1.256.851
2016-04-15;18,80;18,83;18,51;18,63;836.979
2016-04-18;18,41;18,66;18,30;18,51;739.369
2016-04-19;18,55;18,71;18,27;18,30;1.019.385
2016-04-20;18,30;19,04;18,30;19,00;1.304.791
2016-04-21;18,90;19,22;18,88;19,22;1.144.912
2016-04-22;19,03;19,25;18,98;19,22;1.096.601
2016-04-25;19,21;19,24;18,56;18,65;1.271.242
2016-04-26;18,80;18,94;18,61;18,90;893.872
2016-04-27;18,82;18,92;18,55;18,64;700.405
2016-04-28;18,52;18,90;18,19;18,84;992.099
2016-04-29;18,75;18,76;18,51;18,67;932.911
2016-05-02;18,67;18,93;18,56;18,90;486.397
2016-05-03;18,83;18,90;18,36;18,57;1.320.166
2016-05-04;18,50;18,99;18,50;18,75;1.212.537
2016-05-05;18,85;18,90;18,45;18,51;638.295
2016-05-06;18,41;18,51;18,05;18,13;1.243.331
2016-05-09;18,15;18,22;17,90;17,90;1.027.329
2016-05-10;18,00;18,17;17,95;18,01;1.371.728
2016-05-11;18,09;18,09;17,35;17,49;2.683.982
2016-05-12;17,41;17,71;17,29;17,30;1.808.030
2016-05-13;17,37;17,68;17,32;17,61;2.239.958
2016-05-16;17,57;17,60;17,40;17,54;880.647
2016-05-17;17,69;17,80;17,24;17,28;1.302.797
2016-05-18;17,29;17,45;17,12;17,33;1.650.475
2016-05-19;17,39;17,54;17,28;17,50;1.441.994
2016-05-20;17,22;17,33;17,05;17,09;1.809.035
2016-05-23;17,18;17,19;16,99;17,09;1.482.583
2016-05-24;17,12;17,88;17,06;17,64;2.867.267
2016-05-25;17,87;18,10;17,76;18,02;2.031.027
2016-05-26;18,00;18,00;17,78;17,98;1.344.023
2016-05-27;17,91;18,20;17,78;18,16;1.162.362
2016-05-30;18,20;18,63;18,11;18,60;1.027.241
2016-05-31;18,63;18,77;18,16;18,31;15.360.775
2016-06-01;18,30;18,33;17,90;18,04;1.701.398
2016-06-02;17,80;18,24;17,80;18,23;2.190.987
2016-06-03;18,30;18,30;17,85;18,13;1.642.614
2016-06-06;18,16;18,31;17,98;18,11;823.688
2016-06-07;18,21;18,29;17,97;18,01;1.201.516
2016-06-08;18,02;18,17;17,93;18,17;1.046.836
2016-06-09;18,06;18,14;17,81;17,90;1.672.275
2016-06-10;17,81;17,85;17,41;17,51;1.200.484
2016-06-13;17,40;17,46;17,26;17,39;1.583.390
2016-06-14;17,50;17,58;17,00;17,17;2.067.078
2016-06-15;17,31;17,34;16,90;16,90;1.787.558
2016-06-16;16,65;16,97;16,52;16,97;2.069.983
2016-06-17;17,09;17,51;17,05;17,17;5.303.833
2016-06-20;17,50;17,82;17,45;17,71;2.011.980
2016-06-21;17,76;17,95;17,65;17,83;1.298.789
2016-06-22;17,89;17,95;17,60;17,70;1.701.034
2016-06-23;17,75;18,51;17,74;18,51;2.390.330
2016-06-24;17,19;17,35;16,26;16,61;6.156.822
2016-06-27;16,80;16,81;14,50;14,53;6.299.308
2016-06-28;15,05;15,25;14,71;14,86;3.016.037
2016-06-29;15,05;15,08;14,50;14,65;3.932.164
2016-06-30;14,70;14,90;14,55;14,90;2.821.075
2016-07-01;15,08;15,09;14,65;14,92;1.754.653
2016-07-04;15,00;15,01;14,50;14,63;1.799.628
2016-07-05;14,50;14,85;14,41;14,52;2.703.364
2016-07-06;14,50;14,60;14,02;14,10;2.765.961
2016-07-07;14,25;14,67;14,23;14,48;1.574.596
2016-07-08;14,39;15,15;14,37;15,12;1.841.547
2016-07-11;15,30;15,39;14,92;15,27;1.651.066
2016-07-12;15,22;15,80;15,16;15,72;2.154.635
2016-07-13;15,76;15,95;15,49;15,76;1.382.323
2016-07-14;15,93;16,10;15,84;16,07;1.496.259
2016-07-15;16,07;16,30;15,96;16,18;1.562.602
2016-07-18;16,20;16,34;16,04;16,23;1.185.601
2016-07-19;16,17;16,38;16,04;16,20;1.248.631
2016-07-20;16,30;16,48;16,22;16,42;824.298
2016-07-21;16,46;16,63;16,30;16,41;1.334.741
2016-07-22;16,41;16,60;16,35;16,56;936.627
2016-07-25;16,56;16,68;16,32;16,40;860.038
2016-07-26;16,40;16,46;16,11;16,23;1.899.242
2016-07-27;16,25;16,49;16,23;16,37;876.293
2016-07-28;16,41;16,46;16,14;16,24;1.120.375
2016-07-29;16,30;16,68;16,30;16,62;1.046.566
2016-08-01;16,60;16,80;15,97;16,18;1.720.142
2016-08-02;16,18;16,23;15,75;15,80;1.264.133
2016-08-03;16,31;16,45;16,31;16,44;128.159
2016-08-04;16,31;16,64;16,31;16,59;1.122.154
2016-08-05;16,63;16,95;16,55;16,93;1.003.114
2016-08-08;16,98;17,22;16,96;17,06;867.656
2016-08-09;17,09;17,43;17,02;17,43;1.260.318
2016-08-10;17,31;17,57;16,81;17,27;1.515.875
2016-08-11;17,30;17,40;17,22;17,30;1.219.131
2016-08-12;17,23;17,47;17,22;17,38;903.703
2016-08-15;17,45;17,55;17,38;17,45;660.735
2016-08-16;17,40;17,43;17,04;17,09;1.341.690
2016-08-17;17,70;18,14;17,52;17,52;3.299.030
2016-08-18;17,61;17,89;17,59;17,67;1.801.701
2016-08-19;17,63;17,66;17,35;17,50;1.556.333
2016-08-22;17,44;17,73;17,41;17,64;1.361.014
2016-08-23;17,69;17,83;17,59;17,82;1.273.401
2016-08-24;17,44;17,69;17,35;17,65;1.658.789
2016-08-25;17,59;17,70;17,56;17,68;1.001.632
2016-08-26;17,60;17,82;17,56;17,76;950.059
2016-08-29;17,69;17,84;17,64;17,73;443.765
2016-08-30;17,91;18,23;17,90;18,23;1.755.134
2016-08-31;18,22;18,54;18,15;18,43;1.716.323
2016-09-01;18,49;18,78;18,41;18,52;2.463.880
2016-09-02;18,62;18,89;18,50;18,89;1.774.026
2016-09-05;18,89;18,95;18,66;18,68;1.012.488
2016-09-06;18,70;18,89;18,51;18,59;1.066.674
2016-09-07;18,60;18,69;18,48;18,67;1.413.349
2016-09-08;18,62;18,98;18,58;18,98;1.513.554
2016-09-09;18,93;19,10;18,83;18,90;1.217.059
2016-09-12;18,59;18,78;18,44;18,78;1.677.435
2016-09-13;18,80;18,83;18,21;18,22;1.300.883
2016-09-14;18,31;18,51;18,13;18,22;889.961
2016-09-15;18,14;18,39;18,11;18,35;713.537
2016-09-16;18,25;18,34;18,03;18,20;1.546.308
2016-09-19;18,42;18,42;18,15;18,22;972.285
2016-09-20;18,19;18,25;18,06;18,18;722.732
2016-09-21;18,28;18,72;18,28;18,72;1.999.079
2016-09-22;18,69;18,89;18,60;18,67;1.339.087
2016-09-23;18,60;18,63;18,46;18,60;931.839
2016-09-26;18,45;18,52;18,20;18,44;1.228.244
2016-09-27;18,49;18,52;18,02;18,26;1.444.904
2016-09-28;18,25;18,53;18,21;18,28;1.241.980
2016-09-29;18,44;18,57;18,26;18,28;1.031.114
2016-09-30;17,97;18,49;17,72;18,42;2.226.055
2016-10-03;18,40;18,44;18,14;18,30;574.841
2016-10-04;18,27;18,45;18,25;18,30;973.516
2016-10-05;18,25;18,66;18,13;18,66;1.611.660
2016-10-06;18,70;18,90;18,66;18,75;1.285.991
2016-10-07;19,02;19,19;18,49;18,57;2.562.239
2016-10-10;18,50;18,69;18,29;18,68;755.663
2016-10-11;18,59;18,70;18,44;18,52;717.820
2016-10-12;18,50;18,98;18,46;18,98;1.531.850
2016-10-13;18,82;18,82;18,44;18,67;1.244.318
2016-10-14;18,70;19,40;18,70;19,35;1.697.136
2016-10-17;19,22;19,50;19,19;19,42;951.511
2016-10-18;19,45;19,85;19,45;19,85;1.134.477
2016-10-19;19,82;19,89;19,61;19,70;1.191.852
2016-10-20;19,71;19,88;19,63;19,85;1.235.110
2016-10-21;19,85;19,93;19,77;19,82;834.033
2016-10-24;19,95;20,32;19,94;20,27;1.784.817
2016-10-25;20,50;20,50;20,24;20,45;1.364.418
2016-10-26;20,40;20,55;20,30;20,55;1.338.846
2016-10-27;20,55;21,07;20,42;21,07;1.544.418
2016-10-28;20,95;21,06;20,57;20,99;1.160.951
2016-10-31;20,95;21,06;20,85;21,03;1.027.155
2016-11-01;21,03;21,07;20,65;20,73;1.237.828
2016-11-02;20,50;20,54;20,28;20,47;1.263.018
2016-11-03;20,44;20,73;20,33;20,33;1.251.386
2016-11-04;20,19;20,31;19,96;20,02;1.497.496
2016-11-07;20,27;20,54;20,10;20,54;921.221
2016-11-08;20,54;20,69;20,31;20,60;1.349.161
2016-11-09;19,99;21,45;19,80;21,42;2.306.591
2016-11-10;21,51;22,04;21,51;21,63;1.825.080
2016-11-11;21,85;22,00;21,29;21,40;1.472.059
2016-11-14;21,63;21,97;21,58;21,87;1.526.405
2016-11-15;21,90;22,12;21,72;21,80;1.907.988
2016-11-16;21,80;21,85;20,56;20,90;4.034.732
2016-11-17;20,25;20,50;20,12;20,40;9.555.187
2016-11-18;20,41;20,42;20,17;20,30;2.468.921
2016-11-21;20,46;20,51;20,23;20,50;3.029.999
2016-11-22;20,60;20,75;20,47;20,53;4.545.536
2016-11-23;20,58;20,59;20,22;20,34;3.172.430
2016-11-24;20,40;20,47;20,16;20,28;1.190.697
2016-11-25;20,20;20,24;20,06;20,06;2.047.085
2016-11-28;20,05;20,06;19,47;19,53;2.388.205
2016-11-29;19,53;19,94;19,45;19,83;1.857.388
2016-11-30;19,80;20,40;19,78;20,40;3.858.081
2016-12-01;20,41;20,48;20,23;20,48;1.930.735
2016-12-02;20,30;20,37;19,96;20,10;1.537.207
2016-12-05;19,93;20,54;19,89;20,29;1.874.030
2016-12-06;20,28;21,28;20,28;21,23;2.500.081
2016-12-07;21,38;21,82;21,32;21,49;2.457.116
2016-12-08;21,51;22,11;21,37;21,93;2.315.541
2016-12-09;21,70;21,92;21,44;21,65;1.846.013
2016-12-12;21,65;21,75;21,41;21,52;1.401.579
2016-12-13;21,48;21,56;21,10;21,33;1.937.035
2016-12-14;21,37;21,45;20,91;20,91;2.065.046
2016-12-15;21,17;21,54;20,88;21,52;3.262.856
2016-12-16;21,55;21,67;21,09;21,13;2.764.199
2016-12-19;21,15;21,24;20,93;21,13;1.356.626
2016-12-20;21,24;21,46;21,06;21,35;1.528.372
2016-12-21;21,28;21,40;21,16;21,32;803.026
2016-12-22;21,27;21,47;21,25;21,27;646.468
2016-12-23;21,37;21,48;21,26;21,26;443.127
2016-12-27;21,20;21,40;21,20;21,29;238.685
2016-12-28;21,27;21,36;21,20;21,36;582.477
2016-12-29;21,25;21,36;21,09;21,16;672.468
2016-12-30;21,11;21,28;20,94;21,05;563.033
2017-01-02;21,10;21,30;20,95;21,28;407.919
2017-01-03;21,34;22,07;21,34;21,95;1.453.872
2017-01-04;21,99;22,14;21,94;22,13;1.169.976
2017-01-05;22,12;22,28;22,00;22,13;1.102.774
2017-01-06;22,10;22,25;22,05;22,23;766.804
2017-01-09;22,22;22,22;21,93;21,99;1.006.061
2017-01-10;22,03;22,17;21,88;22,08;954.217
2017-01-11;22,10;22,25;21,95;22,05;1.140.509
2017-01-12;21,91;22,11;21,83;21,85;1.231.540
2017-01-13;21,93;22,73;21,93;22,55;1.527.436
2017-01-16;22,36;22,48;22,21;22,45;1.074.070
2017-01-17;22,38;22,52;22,18;22,18;1.091.572
2017-01-18;22,45;22,46;21,90;22,20;1.577.236
2017-01-19;22,33;22,35;22,05;22,27;763.981
2017-01-20;22,33;22,54;22,18;22,39;1.046.964
2017-01-23;22,29;22,31;21,53;21,61;1.468.977
2017-01-24;21,67;22,06;21,23;21,43;2.914.747
2017-01-25;21,65;22,08;21,58;21,98;1.773.014
2017-01-26;22,11;22,41;22,03;22,04;1.218.865
2017-01-27;22,12;22,12;21,92;22,00;964.466
2017-01-30;22,30;22,42;21,94;21,96;1.782.569
2017-01-31;21,90;22,28;21,75;21,75;1.425.429
2017-02-01;21,93;22,27;21,92;22,19;1.264.463
2017-02-02;22,20;22,39;21,98;22,32;1.158.670
2017-02-03;22,28;22,65;22,23;22,50;1.136.574
2017-02-06;22,64;22,78;22,33;22,38;972.060
2017-02-07;22,35;22,35;22,16;22,25;1.470.405
2017-02-08;22,30;22,44;21,55;21,94;1.797.511
2017-02-09;22,01;22,33;21,85;22,20;1.347.783
2017-02-10;22,30;22,32;21,56;21,60;2.328.265
2017-02-13;21,63;21,72;21,47;21,65;1.651.439
2017-02-14;21,71;21,80;21,47;21,71;1.727.746
2017-02-15;22,20;22,50;21,90;22,27;3.858.777
2017-02-16;22,49;22,70;22,39;22,51;2.201.247
2017-02-17;22,62;22,67;21,67;21,88;2.205.076
2017-02-20;22,28;22,31;22,06;22,18;1.356.264
2017-02-21;22,23;22,26;21,95;21,95;1.585.936
2017-02-22;22,01;22,25;21,89;22,03;2.088.829
2017-02-23;22,11;22,11;21,69;21,76;1.284.862
2017-02-24;21,81;21,81;21,09;21,45;2.136.446
2017-02-27;21,56;21,60;21,32;21,41;1.387.794
2017-02-28;21,53;21,75;21,48;21,60;1.580.927
2017-03-01;21,79;22,52;21,79;22,39;2.244.532
2017-03-02;22,49;22,53;22,23;22,31;1.415.452
2017-03-03;22,19;22,96;22,13;22,95;1.696.310
2017-03-06;22,74;23,00;22,74;22,85;1.120.972
2017-03-07;22,91;22,98;22,72;22,98;1.296.144
2017-03-08;23,00;23,08;22,81;22,93;1.028.150
2017-03-09;22,91;23,96;22,89;23,61;2.606.093
2017-03-10;23,70;24,10;23,64;23,78;2.370.295
2017-03-13;23,76;23,88;23,60;23,78;1.131.824
2017-03-14;23,87;23,87;23,24;23,37;1.481.888
2017-03-15;23,54;23,71;23,43;23,56;1.338.992
2017-03-16;23,80;24,01;23,61;23,90;2.579.073
2017-03-17;23,76;24,02;23,48;23,52;2.228.392
2017-03-20;23,42;23,65;23,14;23,14;1.594.334
2017-03-21;23,40;23,45;22,92;22,96;1.819.664
2017-03-22;22,89;22,89;22,40;22,56;2.268.363
2017-03-23;22,71;23,09;22,58;23,04;1.649.464
2017-03-24;23,00;23,02;22,76;22,90;1.214.840
2017-03-27;22,73;22,80;22,47;22,63;1.334.247
2017-03-28;22,79;22,94;22,56;22,91;794.536
2017-03-29;23,00;23,20;22,73;22,78;1.453.509
2017-03-30;22,78;22,95;22,65;22,87;1.042.747
2017-03-31;22,69;22,89;22,58;22,75;1.278.233
2017-04-03;22,79;22,87;22,63;22,73;1.105.058
2017-04-04;22,70;22,78;22,27;22,57;1.665.743
2017-04-05;22,66;23,06;22,55;22,74;1.350.076
2017-04-06;22,58;22,68;22,46;22,58;1.956.358
2017-04-07;22,50;22,60;22,28;22,33;1.720.876
2017-04-10;22,40;22,55;22,26;22,43;843.307
2017-04-11;22,49;22,75;22,21;22,51;1.738.294
2017-04-12;22,60;22,74;22,29;22,35;1.175.850
2017-04-13;22,36;22,36;21,87;21,98;1.297.204
2017-04-18;22,00;22,17;21,80;21,83;1.684.778
2017-04-19;21,95;22,28;21,84;22,25;1.512.025
2017-04-20;22,14;22,45;22,09;22,34;1.216.305
2017-04-21;22,43;22,70;22,22;22,58;2.070.179
2017-04-24;23,37;23,92;23,24;23,92;3.504.608
2017-04-25;24,00;24,08;23,69;23,77;1.882.611
2017-04-26;23,85;23,87;23,60;23,82;1.597.965
2017-04-27;23,80;23,97;23,59;23,77;1.630.849
2017-04-28;23,68;24,36;23,63;24,10;2.334.578
2017-05-02;24,24;24,61;24,21;24,58;2.197.499
2017-05-03;24,62;24,72;24,44;24,65;1.455.226
2017-05-04;24,72;25,07;24,63;25,03;2.047.110
2017-05-05;24,97;25,69;24,92;25,69;2.392.461
2017-05-08;25,75;25,84;24,76;25,10;3.023.959
2017-05-09;25,18;25,50;24,76;24,89;2.604.141
2017-05-10;24,80;25,01;24,64;24,96;1.791.648
2017-05-11;25,06;25,08;24,42;24,54;2.280.461
2017-05-12;24,49;24,70;24,42;24,53;1.337.838
2017-05-15;24,67;24,81;24,46;24,81;1.546.120
2017-05-16;24,85;24,85;24,36;24,38;2.188.362
2017-05-17;23,49;24,00;23,12;23,23;5.385.570
2017-05-18;23,15;23,40;22,73;23,30;4.580.714
2017-05-19;23,41;23,70;23,23;23,57;3.124.792
2017-05-22;23,67;23,70;23,30;23,30;1.784.059
2017-05-23;23,31;23,59;23,21;23,45;1.710.662
2017-05-24;23,48;23,59;23,34;23,57;1.868.644
2017-05-25;23,69;23,70;23,21;23,24;1.612.586
2017-05-26;23,23;23,48;22,99;23,41;1.716.727
2017-05-29;23,35;23,36;23,23;23,33;706.401
2017-05-30;23,18;23,30;23,03;23,04;2.017.541
2017-05-31;23,10;23,27;22,88;22,96;3.059.588
2017-06-01;22,51;23,00;22,33;23,00;2.480.717
2017-06-02;23,20;23,39;22,71;22,85;2.595.034
2017-06-05;22,87;22,87;22,46;22,54;1.263.707
2017-06-06;22,45;22,57;22,27;22,39;1.976.588
2017-06-07;22,47;23,02;22,43;22,69;2.228.148
2017-06-08;22,76;23,12;22,52;22,80;2.573.282
2017-06-09;22,80;23,11;22,73;23,01;1.933.561
2017-06-12;22,96;23,04;22,70;22,81;1.978.246
2017-06-13;22,89;22,91;22,73;22,85;1.494.868
2017-06-14;22,90;23,02;22,69;22,75;2.062.459
2017-06-15;22,79;22,93;22,49;22,93;2.426.379
2017-06-16;23,00;23,23;22,86;23,10;2.463.461
2017-06-19;23,25;23,40;23,16;23,16;1.332.135
2017-06-20;23,28;23,45;22,99;23,04;2.005.423
2017-06-21;22,97;23,19;22,56;23,11;2.990.011
2017-06-22;23,11;23,16;22,88;23,10;1.504.468
2017-06-23;23,08;23,17;22,81;23,01;1.076.485
2017-06-26;23,10;23,38;23,09;23,17;1.538.306
2017-06-27;23,19;23,37;22,98;23,24;1.769.074
2017-06-28;22,70;22,99;22,53;22,94;7.402.845
2017-06-29;23,12;23,51;22,99;23,16;7.466.770
2017-06-30;23,20;23,40;23,09;23,21;9.761.308
2017-07-03;23,32;23,82;23,26;23,82;4.214.022
2017-07-04;23,75;23,88;23,67;23,80;2.869.996
2017-07-05;23,75;23,99;23,69;23,98;2.479.947
2017-07-06;24,07;24,30;23,96;24,17;2.617.830
2017-07-07;24,34;24,35;23,91;24,15;2.055.023
2017-07-10;24,32;24,35;24,00;24,07;1.721.509
2017-07-11;24,17;24,53;24,03;24,09;2.530.483
2017-07-12;24,13;24,33;24,01;24,10;1.398.323
2017-07-13;24,14;24,18;23,96;24,00;2.226.349
2017-07-14;24,10;24,14;23,68;23,96;2.098.380
2017-07-17;24,07;24,07;23,73;23,73;2.031.224
2017-07-18;23,65;23,89;23,43;23,56;2.335.234
2017-07-19;23,62;23,74;23,42;23,74;2.256.786
2017-07-20;23,80;24,07;23,71;23,94;2.726.167
2017-07-21;23,97;24,07;23,66;23,88;2.999.859
2017-07-24;23,79;23,89;23,53;23,74;2.133.576
2017-07-25;23,89;24,14;23,87;23,97;2.290.391
2017-07-26;24,03;24,26;23,84;24,26;2.031.833
2017-07-27;24,15;24,39;24,10;24,25;3.051.114
2017-07-28;24,19;24,22;23,84;24,04;2.460.626
2017-07-31;24,04;24,09;23,72;23,91;2.338.676
2017-08-01;23,93;24,05;23,83;23,99;1.708.406
2017-08-02;24,05;24,16;23,81;24,10;2.207.046
2017-08-03;24,09;24,12;23,82;24,12;1.754.933
2017-08-04;24,15;24,53;23,99;24,49;2.239.402
2017-08-07;24,55;24,81;24,48;24,81;1.537.859
2017-08-08;24,88;24,94;24,63;24,86;1.908.352
2017-08-09;25,15;25,16;24,49;24,97;2.652.373
2017-08-10;25,03;25,11;24,77;24,86;3.327.675
2017-08-11;24,70;24,86;24,47;24,84;2.967.270
2017-08-14;24,96;25,13;24,89;24,94;1.945.556
2017-08-15;25,02;25,37;24,96;25,14;1.603.162
2017-08-16;24,64;24,74;24,52;24,67;2.286.518
2017-08-17;24,61;24,75;24,37;24,51;2.234.440
2017-08-18;24,32;24,41;24,16;24,36;1.734.055
2017-08-21;24,25;24,31;24,00;24,03;1.744.292
2017-08-22;24,42;24,46;24,17;24,18;1.943.850
2017-08-23;24,19;24,28;24,03;24,10;1.571.440
2017-08-24;24,20;24,21;24,03;24,06;1.659.641
2017-08-25;24,03;24,06;23,88;23,88;1.624.785
2017-08-28;23,82;23,83;23,66;23,69;986.523
2017-08-29;23,55;23,55;23,14;23,30;2.155.208
2017-08-30;23,53;23,53;23,26;23,40;1.576.319
2017-08-31;23,57;23,61;23,45;23,54;1.800.149
2017-09-01;23,61;23,71;23,44;23,58;1.410.141
2017-09-04;23,42;23,47;23,25;23,25;1.600.784
2017-09-05;23,25;23,30;22,84;22,86;1.930.953
2017-09-06;22,80;23,01;22,75;22,75;1.430.571
2017-09-07;22,85;23,12;22,61;22,88;2.584.464
2017-09-08;22,94;23,30;22,78;23,23;1.989.164
2017-09-11;23,35;23,42;23,14;23,25;2.311.745
2017-09-12;23,35;23,73;23,34;23,62;1.804.531
2017-09-13;23,61;23,95;23,61;23,88;1.633.070
2017-09-14;23,88;24,00;23,82;23,95;1.775.598
2017-09-15;23,60;23,90;23,59;23,79;8.770.150
2017-09-18;23,99;24,14;23,90;24,10;2.976.224
2017-09-19;24,15;24,19;24,04;24,10;4.671.733
2017-09-20;24,03;24,14;23,92;24,14;2.169.847
2017-09-21;24,20;24,39;24,16;24,35;4.554.133
2017-09-22;24,38;24,46;24,25;24,37;1.808.856
2017-09-25;24,57;24,66;24,23;24,37;2.196.433
2017-09-26;24,42;24,47;24,17;24,20;2.114.354
2017-09-27;24,35;24,76;24,25;24,68;2.844.738
2017-09-28;24,83;24,94;24,61;24,79;2.112.101
2017-09-29;25,00;25,34;24,97;25,34;3.503.361
2017-10-02;25,45;25,59;25,22;25,59;2.467.736
2017-10-03;25,66;25,72;25,50;25,59;1.443.703
2017-10-04;25,67;25,67;25,31;25,50;2.386.572
2017-10-05;25,46;25,90;25,40;25,90;2.177.988
2017-10-06;25,97;26,27;25,97;26,17;3.615.899
2017-10-09;26,19;26,30;26,08;26,17;1.721.204
2017-10-10;26,21;26,27;25,91;26,00;2.753.524
2017-10-11;26,14;26,17;25,75;25,95;2.621.724
2017-10-12;25,90;25,97;25,75;25,75;1.570.843
2017-10-13;25,60;25,84;25,46;25,70;1.608.466
2017-10-16;25,80;25,82;25,46;25,77;1.899.217
2017-10-17;25,93;26,16;25,82;25,90;2.102.822
2017-10-18;26,20;26,41;25,94;26,39;2.628.390
2017-10-19;26,44;26,52;26,13;26,28;2.110.895
2017-10-20;26,50;26,77;26,42;26,67;2.103.263
2017-10-23;26,66;26,66;26,29;26,34;1.613.606
2017-10-24;26,26;26,51;26,22;26,45;1.799.555
2017-10-25;26,45;26,79;26,34;26,51;2.011.724
2017-10-26;26,45;26,57;26,35;26,56;1.698.316
2017-10-27;26,71;26,72;26,20;26,42;2.011.219
2017-10-30;26,49;26,53;26,29;26,38;889.996
2017-10-31;26,46;26,70;26,31;26,52;1.497.406
2017-11-01;26,75;26,78;26,53;26,73;1.688.035
2017-11-02;26,80;26,89;26,56;26,66;1.673.365
2017-11-03;26,67;26,67;26,18;26,30;1.925.212
2017-11-06;26,32;26,34;25,76;25,78;2.965.260
2017-11-07;25,87;25,99;25,65;25,80;1.862.317
2017-11-08;25,15;25,51;24,91;24,91;4.949.863
2017-11-09;25,00;25,32;24,96;25,14;2.581.346
2017-11-10;25,20;25,25;24,96;24,96;2.067.669
2017-11-13;25,00;25,04;24,73;24,95;1.739.802
2017-11-14;25,08;25,19;24,79;24,93;1.483.863
2017-11-15;24,88;25,06;24,66;25,05;3.145.973
2017-11-16;25,16;25,25;24,93;25,03;1.452.939
2017-11-17;25,01;25,25;24,79;24,90;1.802.318
2017-11-20;24,82;24,86;24,48;24,54;2.388.943
2017-11-21;24,65;24,94;24,56;24,57;2.017.526
2017-11-22;24,62;24,82;24,43;24,56;2.151.430
2017-11-23;24,49;24,74;24,40;24,65;1.056.883
2017-11-24;24,65;25,11;24,62;24,99;2.045.326
2017-11-27;25,00;25,12;24,65;24,70;1.820.491
2017-11-28;24,78;24,79;24,61;24,66;1.371.242
2017-11-29;24,76;25,07;24,63;24,78;2.021.681
2017-11-30;24,80;25,06;24,68;24,93;2.593.897
2017-12-01;24,98;25,15;24,65;24,97;2.501.595
2017-12-04;25,26;25,37;25,01;25,13;2.127.446
2017-12-05;25,10;25,37;24,71;24,95;2.180.526
2017-12-06;24,78;24,85;24,39;24,65;2.267.677
2017-12-07;24,65;25,23;24,63;25,23;2.394.820
2017-12-08;25,92;26,76;25,90;26,55;5.512.004
2017-12-11;26,90;27,05;26,64;26,83;3.520.138
2017-12-12;26,87;26,94;26,62;26,77;2.228.132
2017-12-13;26,72;26,88;26,54;26,60;2.383.177
2017-12-14;26,57;26,97;26,52;26,83;3.163.358
2017-12-15;26,72;26,88;26,36;26,74;2.733.630
2017-12-18;26,87;26,98;26,72;26,80;1.830.548
2017-12-19;26,85;26,89;26,71;26,80;1.426.910
2017-12-20;26,82;26,88;26,53;26,72;1.337.635
2017-12-21;26,73;26,98;26,55;26,91;1.456.821
2017-12-22;26,74;26,89;26,67;26,89;1.206.685
2017-12-27;26,93;27,01;26,80;27,01;1.247.091
2017-12-28;27,05;27,16;26,95;26,95;980.810
2017-12-29;27,01;27,02;26,81;26,90;1.076.766
2018-01-02;26,90;26,95;26,59;26,84;1.167.828
2018-01-03;26,92;27,03;26,78;26,81;1.373.897
2018-01-04;26,92;27,14;26,84;27,06;1.970.644
2018-01-05;27,16;27,32;27,10;27,23;1.172.354
2018-01-08;27,38;27,67;27,37;27,42;1.412.000
2018-01-09;27,49;27,76;27,46;27,66;1.638.728
2018-01-10;27,80;28,30;27,68;28,17;2.346.663
2018-01-11;28,17;28,20;27,87;27,93;2.495.908
2018-01-12;27,96;28,09;27,71;28,08;1.737.226
2018-01-15;28,10;28,35;28,02;28,35;1.069.829
2018-01-16;28,21;28,48;28,12;28,18;1.554.080
2018-01-17;28,08;28,14;27,69;27,99;1.751.552
2018-01-18;28,04;28,28;27,80;28,16;1.117.212
2018-01-19;28,00;28,05;27,57;27,70;2.297.835
2018-01-22;27,44;27,80;27,35;27,76;1.947.280
2018-01-23;27,66;27,82;27,29;27,45;2.099.003
2018-01-24;27,48;27,60;27,16;27,16;1.463.614
2018-01-25;27,11;27,34;26,96;27,29;1.765.735
2018-01-26;27,30;27,71;27,23;27,39;1.753.567
2018-01-29;27,43;27,63;27,31;27,52;1.213.176
2018-01-30;27,46;27,47;27,11;27,27;1.227.733
2018-01-31;27,16;27,44;27,09;27,29;1.522.227
2018-02-01;27,48;27,71;27,09;27,39;1.491.498
2018-02-02;27,22;27,41;27,07;27,15;1.410.551
2018-02-05;27,03;27,15;26,75;26,90;1.988.705
2018-02-06;26,00;27,01;25,96;26,22;3.508.432
2018-02-07;25,50;26,01;25,17;25,33;6.598.122
2018-02-08;25,20;25,62;25,00;25,34;3.520.332
2018-02-09;25,26;25,50;24,88;25,09;3.175.906
2018-02-12;25,35;25,51;24,63;24,73;2.901.263
2018-02-13;24,75;24,81;24,45;24,52;1.794.828
2018-02-14;24,63;24,77;24,46;24,57;1.932.799
2018-02-15;24,63;25,46;24,59;25,22;2.322.054
2018-02-16;25,27;25,43;25,13;25,27;1.723.654
2018-02-19;25,37;25,37;25,01;25,10;1.374.710
2018-02-20;25,10;25,34;25,02;25,27;1.519.939
2018-02-21;25,27;25,37;24,98;25,23;1.336.697
2018-02-22;25,30;25,82;25,18;25,52;1.796.079
2018-02-23;25,51;25,54;25,36;25,53;1.058.089
2018-02-26;25,52;25,65;25,31;25,38;772.055
2018-02-27;0,00;0,00;0,00;25,57;0
2018-02-28;25,48;25,83;25,45;25,60;1.684.311
2018-03-01;25,53;25,55;25,23;25,30;1.270.027
2018-03-02;25,10;25,10;24,54;24,68;2.440.515
2018-03-05;24,50;24,82;24,50;24,63;1.622.415
2018-03-06;24,77;25,05;24,26;24,80;1.781.588
2018-03-07;24,73;24,80;24,54;24,75;1.343.897
2018-03-08;24,76;25,31;24,67;25,16;2.109.800
2018-03-09;25,12;25,29;24,99;25,19;1.047.770
2018-03-12;25,26;25,39;24,95;25,09;1.511.461
2018-03-13;25,19;25,34;24,91;24,96;1.920.829
2018-03-14;24,91;25,04;24,41;24,43;1.990.770
2018-03-15;24,45;24,70;24,35;24,54;1.640.911
2018-03-16;0,00;0,00;0,00;25,07;0
2018-03-19;0,00;0,00;0,00;24,69;0
2018-03-20;0,00;0,00;0,00;24,91;0
2018-03-21;0,00;0,00;0,00;24,83;0
2018-03-22;0,00;0,00;0,00;23,96;0
2018-03-23;23,77;23,98;23,47;23,92;3.108.971
2018-03-26;23,92;24,01;23,65;23,71;1.892.495
2018-03-27;24,01;24,11;23,64;23,73;2.068.948
2018-03-28;23,60;24,10;23,45;24,05;1.954.743
2018-03-29;24,05;24,53;24,02;24,47;2.810.461
2018-04-03;24,23;24,63;24,09;24,39;1.588.718
2018-04-04;24,55;24,65;24,15;24,65;1.909.498
2018-04-05;24,90;25,13;24,84;25,07;1.886.156
2018-04-06;24,94;25,05;24,63;24,71;1.299.132
2018-04-09;24,84;24,94;24,50;24,79;1.455.161
2018-04-10;24,96;25,18;24,69;25,13;1.453.911
2018-04-11;25,13;25,19;24,74;24,78;1.343.667
2018-04-12;24,85;24,93;24,72;24,83;2.057.290
2018-04-13;24,88;24,96;24,63;24,70;1.839.686
2018-04-16;24,70;24,90;24,70;24,85;1.841.685
2018-04-17;24,92;25,03;24,76;24,76;1.421.926
2018-04-18;24,76;24,93;24,75;24,77;1.383.925
2018-04-19;24,77;25,19;24,77;25,19;1.548.575
2018-04-20;25,20;25,42;25,17;25,39;1.709.698
2018-04-23;25,32;25,83;25,32;25,76;1.293.437
2018-04-24;25,75;25,87;25,67;25,79;1.328.097
2018-04-25;25,71;25,78;25,41;25,55;1.290.656
2018-04-26;25,63;25,95;25,56;25,74;1.553.325
2018-04-27;25,74;25,86;25,43;25,67;997.912
2018-04-30;25,74;25,86;25,62;25,73;1.021.014
2018-05-02;25,83;26,24;25,81;26,24;2.331.333
2018-05-03;26,18;26,25;25,50;25,77;2.172.297
2018-05-04;25,77;25,90;25,50;25,84;1.469.166
2018-05-07;25,82;25,90;25,59;25,75;935.109
2018-05-08;25,80;25,99;25,72;25,82;1.342.988
2018-05-09;25,98;26,08;25,88;25,94;1.607.795
2018-05-10;25,95;26,29;25,90;26,29;1.429.631
2018-05-11;26,18;26,40;26,08;26,35;1.517.456
2018-05-14;25,58;25,70;24,57;24,77;7.806.439
2018-05-15;24,92;25,05;24,71;24,71;2.240.718
2018-05-16;24,50;24,59;23,94;24,16;3.862.977
2018-05-17;24,25;24,43;24,05;24,22;1.705.319
2018-05-18;24,26;24,30;23,90;23,95;1.985.998
2018-05-21;24,07;24,12;23,96;24,03;1.304.619
2018-05-22;24,10;24,61;24,08;24,48;2.261.484
2018-05-23;24,48;24,48;24,17;24,26;1.820.015
2018-05-24;24,34;24,43;23,92;24,11;1.975.425
2018-05-25;24,20;24,27;23,63;23,80;2.330.926
2018-05-28;24,10;24,16;23,52;23,64;1.965.505
2018-05-29;23,44;23,44;22,78;22,78;5.255.101
2018-05-30;0,00;23,20;22,55;23,10;5.099.657
2018-05-31;22,60;22,75;22,08;22,22;4.586.328
2018-06-01;22,59;23,03;22,40;22,73;3.280.094
2018-06-04;23,00;23,13;22,75;22,96;2.025.099
2018-06-05;22,95;22,99;22,56;22,60;1.743.033
2018-06-06;22,66;22,80;22,45;22,80;2.104.283
2018-06-07;23,00;23,18;22,91;22,97;1.956.684
2018-06-08;22,73;23,05;22,61;23,04;1.575.385
2018-06-11;23,30;23,40;23,07;23,36;2.059.821
2018-06-12;23,45;23,47;23,00;23,08;2.322.867
2018-06-13;23,10;23,26;22,97;22,99;1.618.401
2018-06-14;22,90;23,08;22,75;23,02;2.300.155
2018-06-15;23,05;23,06;22,21;22,35;5.439.118
2018-06-18;22,35;22,48;22,15;22,15;2.638.828
2018-06-19;21,96;22,25;21,71;22,14;2.897.670
2018-06-20;22,29;22,57;22,25;22,41;2.244.582
2018-06-21;22,41;22,47;21,92;22,08;2.336.461
2018-06-22;22,23;22,68;22,18;22,64;1.995.351
2018-06-25;22,35;22,48;22,22;22,30;1.101.921
2018-06-26;22,35;22,37;22,02;22,10;1.303.694
2018-06-27;22,00;22,34;21,66;22,26;1.655.708
2018-06-28;22,14;22,35;22,02;22,11;1.552.045
2018-06-29;22,30;22,40;22,12;22,22;2.044.992
2018-07-02;22,00;22,24;21,75;22,20;1.834.662
2018-07-03;22,30;22,34;21,97;22,13;1.153.634
2018-07-04;22,05;22,25;22,05;22,12;1.008.367
2018-07-05;22,12;22,64;22,10;22,16;1.986.826
2018-07-06;22,19;22,29;21,87;22,00;1.873.348
2018-07-09;22,15;22,20;21,96;22,11;1.308.991
2018-07-10;22,19;22,19;21,93;21,99;1.312.457
2018-07-11;21,94;21,98;21,73;21,79;1.739.548
2018-07-12;21,92;21,93;21,71;21,81;1.143.659
2018-07-13;21,86;21,95;21,69;21,81;1.703.420
2018-07-16;21,80;22,09;21,70;21,90;1.259.951
2018-07-17;21,82;21,89;21,61;21,70;1.729.266
2018-07-18;21,70;21,96;21,52;21,93;1.575.028
2018-07-19;21,94;22,31;21,91;22,28;2.082.554
2018-07-20;22,18;22,39;22,04;22,37;1.917.170
2018-07-23;22,41;22,71;22,34;22,53;1.508.597
2018-07-24;22,75;23,26;22,73;23,16;2.502.209
2018-07-25;23,20;23,27;22,98;23,01;1.411.606
2018-07-26;23,12;23,44;23,11;23,25;1.944.740
2018-07-27;23,34;23,57;23,32;23,36;1.688.188
2018-07-30;23,41;23,64;23,37;23,57;1.226.066
2018-07-31;23,52;23,86;23,52;23,70;1.671.155
2018-08-01;23,92;24,00;23,77;23,79;1.818.435
2018-08-02;23,81;23,97;23,27;23,33;2.310.858
2018-08-03;23,50;23,58;23,19;23,45;1.252.024
2018-08-06;23,50;23,59;23,29;23,34;1.126.371
2018-08-07;23,59;23,60;23,31;23,33;1.785.613
2018-08-08;24,00;24,39;23,83;24,14;4.165.320
2018-08-09;24,40;24,46;24,16;24,37;2.422.470
2018-08-10;23,70;23,94;23,28;23,51;3.951.850
2018-08-13;23,31;23,41;23,08;23,26;2.341.326
2018-08-14;23,41;23,46;22,87;23,00;2.176.316
2018-08-15;23,11;23,16;22,65;22,78;2.261.242
2018-08-16;22,95;23,03;22,70;22,79;2.272.499
2018-08-17;22,80;22,82;22,41;22,52;2.410.311
2018-08-20;22,59;22,87;22,55;22,73;1.225.769
2018-08-21;22,71;22,98;22,59;22,93;2.004.039
2018-08-22;22,92;23,71;22,92;23,53;2.934.061
2018-08-23;23,53;23,60;23,33;23,60;1.754.127
2018-08-24;23,57;23,73;23,46;23,55;1.322.769
2018-08-27;23,60;23,98;23,60;23,87;1.663.724
2018-08-28;23,96;23,98;23,61;23,67;1.541.238
2018-08-29;23,66;23,94;23,59;23,94;2.047.541
2018-08-30;23,93;24,02;23,55;23,55;1.830.636
2018-08-31;23,55;23,55;23,24;23,33;1.868.760
2018-09-03;23,33;23,49;23,29;23,39;790.294
2018-09-04;24,00;24,00;23,32;23,57;2.302.883
2018-09-05;23,53;23,82;23,47;23,61;2.056.867
2018-09-06;23,54;23,60;23,33;23,38;1.960.876
2018-09-07;23,47;23,47;22,96;23,20;2.110.786
2018-09-10;23,15;23,55;23,10;23,35;1.524.534
2018-09-11;23,60;23,72;23,21;23,40;1.961.682
2018-09-12;23,40;23,41;22,91;23,22;2.051.176
2018-09-13;23,21;23,54;23,19;23,20;1.877.991
2018-09-14;23,24;23,43;23,19;23,27;1.518.529
2018-09-17;23,28;23,71;23,23;23,62;2.074.983
2018-09-18;23,60;23,76;23,50;23,59;1.490.478
2018-09-19;23,61;23,79;23,49;23,68;2.747.044
2018-09-20;23,75;24,04;23,65;23,65;3.638.294
2018-09-21;23,75;24,09;23,67;23,97;5.168.958
2018-09-24;23,90;23,97;23,58;23,76;2.018.145
2018-09-25;23,74;24,04;23,58;23,68;3.037.954
2018-09-26;23,88;23,93;23,55;23,59;1.698.838
2018-09-27;23,51;23,76;23,24;23,76;1.993.735
2018-09-28;23,58;23,59;23,09;23,45;3.171.228
2018-10-01;23,36;23,67;23,28;23,42;1.926.400
2018-10-02;23,25;23,74;23,19;23,61;2.186.794
2018-10-03;23,80;23,92;23,73;23,73;2.091.952
2018-10-04;23,82;23,95;23,70;23,78;2.156.996
2018-10-05;23,80;24,01;23,65;23,92;2.507.082
2018-10-08;23,90;23,96;23,73;23,85;1.731.075
2018-10-09;23,97;24,18;23,89;24,08;2.450.287
2018-10-10;24,05;24,29;23,59;23,59;2.941.976
2018-10-11;23,43;23,46;22,80;22,80;3.318.449
2018-10-12;23,03;23,03;22,59;22,72;2.163.129
2018-10-15;22,73;22,78;22,39;22,65;2.049.620
2018-10-16;22,72;22,77;22,48;22,74;2.229.513
2018-10-17;22,84;23,00;22,71;22,78;1.756.396
2018-10-18;22,81;23,00;22,41;22,43;2.619.604
2018-10-19;22,40;22,41;21,99;22,22;2.896.561
2018-10-22;22,50;22,70;22,13;22,16;1.810.193
2018-10-23;22,00;22,09;21,62;21,62;3.055.351
2018-10-24;21,76;21,78;21,25;21,25;2.349.654
2018-10-25;21,10;21,29;21,06;21,29;3.434.177
2018-10-26;21,14;21,17;20,85;21,06;2.498.967
2018-10-29;21,40;21,49;21,18;21,28;1.627.195
2018-10-30;21,36;21,45;21,17;21,26;2.415.809
2018-10-31;21,49;21,76;21,44;21,70;2.720.488
2018-11-01;21,72;22,10;21,69;21,92;2.264.045
2018-11-02;22,22;22,46;22,14;22,28;2.041.227
2018-11-05;22,29;22,49;22,21;22,39;1.639.661
2018-11-06;22,50;22,54;22,22;22,39;1.949.571
2018-11-07;23,00;23,10;21,60;22,24;5.991.152
2018-11-08;22,19;23,16;21,95;23,11;5.315.695
2018-11-09;23,00;23,24;22,81;23,08;2.876.957
2018-11-12;23,07;23,43;22,95;23,02;2.317.290
2018-11-13;22,98;23,22;22,84;23,19;1.437.756
2018-11-14;22,98;23,11;22,88;22,95;1.756.052
2018-11-15;22,91;23,07;22,54;22,91;2.257.646
2018-11-16;23,09;23,38;22,02;22,46;4.530.701
2018-11-19;22,54;23,02;22,54;22,67;2.218.379
2018-11-20;22,61;22,61;22,23;22,34;1.861.351
2018-11-21;22,53;22,69;22,40;22,63;1.828.370
2018-11-22;22,51;22,77;22,44;22,59;1.101.732
2018-11-23;22,70;22,82;22,46;22,63;785.671
2018-11-26;22,65;23,10;22,54;23,06;1.911.422
2018-11-27;22,99;23,19;22,72;22,92;1.503.743
2018-11-28;23,02;23,10;22,68;22,82;1.292.602
2018-11-29;22,93;23,09;22,65;22,82;1.255.185
2018-11-30;22,75;22,75;22,37;22,52;1.745.510
2018-12-03;22,96;23,01;22,64;22,72;1.463.274
2018-12-04;22,53;22,71;22,24;22,24;1.683.802
2018-12-05;22,06;22,25;21,81;22,12;1.131.211
2018-12-06;21,95;21,98;21,19;21,30;2.669.396
2018-12-07;21,36;21,97;21,32;21,65;1.759.435
2018-12-10;21,54;21,60;21,01;21,03;2.583.415
2018-12-11;21,28;21,55;20,96;21,13;2.193.241
2018-12-12;21,16;21,57;21,04;21,48;2.189.098
2018-12-13;21,56;21,82;21,38;21,80;2.743.483
2018-12-14;21,52;21,63;21,19;21,51;1.546.792
2018-12-17;21,42;21,60;21,17;21,17;1.674.539
2018-12-18;21,18;21,55;21,01;21,21;2.044.477
2018-12-19;21,31;21,58;21,29;21,49;1.977.992
2018-12-20;21,12;21,21;20,38;20,46;3.852.983
2018-12-21;20,46;20,53;20,03;20,53;4.720.635
2018-12-24;20,28;20,43;20,09;20,31;397.923
2018-12-27;20,50;20,55;19,81;19,94;1.852.119
2018-12-28;19,95;20,49;19,92;20,37;1.168.728
2018-12-31;20,40;20,54;20,30;20,54;422.779
2019-01-02;20,19;20,57;19,92;20,53;1.297.024
2019-01-03;20,38;20,86;20,38;20,70;1.143.706
2019-01-04;20,80;21,39;20,74;21,32;2.028.884
2019-01-07;21,45;21,66;21,39;21,50;1.325.103
2019-01-08;21,47;21,74;21,45;21,47;1.510.395
2019-01-09;21,69;21,80;21,41;21,49;1.759.263
2019-01-10;21,36;21,72;21,35;21,70;2.169.446
2019-01-11;21,70;21,88;21,65;21,84;1.394.836
2019-01-14;21,67;21,89;21,60;21,89;1.433.063
2019-01-15;22,15;22,28;21,88;22,08;1.885.455
2019-01-16;22,20;22,65;22,08;22,55;2.364.620
2019-01-17;22,40;22,70;22,24;22,50;2.132.038
2019-01-18;22,70;22,98;22,65;22,82;2.552.134
2019-01-21;22,87;22,87;22,63;22,70;1.007.635
2019-01-22;22,59;22,64;22,37;22,41;1.884.449
2019-01-23;22,38;22,75;22,32;22,44;2.087.965
2019-01-24;22,52;22,54;22,05;22,25;2.374.489
2019-01-25;22,48;22,49;22,22;22,30;2.235.265
2019-01-28;22,29;22,33;21,99;22,11;1.199.039
2019-01-29;22,04;22,15;21,91;22,00;2.292.533
2019-01-30;22,00;22,11;21,95;22,03;1.840.413
2019-01-31;22,06;22,08;21,64;21,72;2.857.306
2019-02-01;21,79;21,79;21,31;21,45;2.374.459
2019-02-04;21,31;21,32;20,96;21,07;2.639.436
2019-02-05;21,10;21,45;21,01;21,38;2.045.433
2019-02-06;21,34;21,91;21,23;21,86;2.788.428
2019-02-07;21,86;22,06;21,48;21,48;3.334.995
2019-02-08;21,40;21,40;21,06;21,23;2.829.838
2019-02-11;21,44;21,68;21,36;21,59;2.016.762
2019-02-12;21,84;22,02;21,66;21,90;2.435.947
2019-02-13;21,00;21,05;20,12;20,21;11.312.799
2019-02-14;20,44;20,52;19,98;20,00;5.019.885
2019-02-15;19,92;20,55;19,61;20,49;4.041.432
2019-02-18;20,50;20,87;20,47;20,78;2.247.816
2019-02-19;20,68;20,92;20,61;20,90;2.294.715
2019-02-20;20,91;20,97;20,60;20,73;1.931.286
2019-02-21;20,84;20,84;20,34;20,35;2.784.124
2019-02-22;20,40;20,69;20,38;20,53;2.313.765
2019-02-25;20,68;20,82;20,54;20,71;1.608.560
2019-02-26;20,60;20,74;20,52;20,57;1.672.033
2019-02-27;20,53;21,02;20,50;20,84;2.421.185
2019-02-28;20,79;21,34;20,73;21,32;3.291.203
2019-03-01;21,42;21,49;21,15;21,15;2.679.245
2019-03-04;21,25;21,31;21,01;21,10;1.720.680
2019-03-05;21,16;21,18;20,04;20,82;7.277.370
2019-03-06;20,82;21,06;20,67;21,00;2.816.641
2019-03-07;20,94;21,28;20,35;20,57;4.075.598
2019-03-08;20,24;20,29;19,71;19,77;4.201.770
2019-03-11;19,93;20,16;19,87;20,10;2.013.545
2019-03-12;20,20;20,22;19,84;19,90;2.535.699
2019-03-13;19,80;20,12;19,76;20,08;2.291.746
2019-03-14;20,10;20,46;20,07;20,30;2.399.027
2019-03-15;20,31;20,51;20,21;20,45;5.595.634
2019-03-18;20,52;20,86;20,50;20,74;1.898.077
2019-03-19;20,82;20,82;20,54;20,55;2.134.339
2019-03-20;20,35;20,45;20,20;20,28;1.813.360
2019-03-21;20,18;20,18;19,96;19,97;2.264.282
2019-03-22;20,09;20,09;19,43;19,50;3.648.235
2019-03-25;19,36;19,39;19,01;19,04;4.261.171
2019-03-26;19,27;19,40;18,96;19,18;3.083.721
2019-03-27;19,23;20,09;19,17;19,88;4.921.472
2019-03-28;19,81;20,18;19,65;19,89;2.404.996
2019-03-29;20,08;20,16;19,91;20,10;2.785.781
2019-04-01;20,25;20,39;20,09;20,30;1.970.644
2019-04-02;20,25;20,30;20,12;20,25;1.771.835
2019-04-03;20,38;20,69;20,29;20,65;2.121.069
2019-04-04;20,70;20,91;20,60;20,81;1.777.417
2019-04-05;20,80;20,92;20,74;20,91;2.026.794
2019-04-08;20,91;20,98;20,66;20,78;1.657.696
2019-04-09;20,78;21,18;20,72;21,10;2.195.641
2019-04-10;21,05;21,11;20,76;20,83;2.647.219
2019-04-11;20,91;21,16;20,75;21,00;2.696.151
2019-04-12;21,03;21,33;20,82;21,20;2.486.467
2019-04-15;21,25;21,48;21,25;21,48;1.875.916
2019-04-16;21,38;21,70;21,38;21,58;2.425.789
2019-04-17;21,58;21,92;21,55;21,79;3.112.905
2019-04-18;21,78;21,97;21,60;21,88;2.353.557
2019-04-23;21,96;21,96;21,43;21,70;2.636.721
2019-04-24;21,67;21,81;21,27;21,32;2.265.242
2019-04-25;21,39;21,40;21,18;21,36;2.328.688
2019-04-26;20,56;20,83;20,48;20,78;2.221.949
2019-04-29;20,90;21,13;20,84;20,88;1.798.957
2019-04-30;20,80;21,08;20,74;20,97;2.074.456
2019-05-02;20,85;21,08;20,61;20,61;2.394.575
2019-05-03;20,74;20,84;20,53;20,53;1.969.350
2019-05-06;20,22;20,47;20,07;20,47;1.756.998
2019-05-07;20,40;20,48;20,06;20,08;2.018.718
2019-05-08;20,08;20,16;19,76;19,81;2.978.774
2019-05-09;19,78;19,81;19,26;19,33;2.643.563
2019-05-10;19,38;19,56;19,29;19,35;2.220.520
2019-05-13;19,40;19,40;18,96;18,96;2.477.361
2019-05-14;19,23;19,25;18,91;19,22;2.674.841
2019-05-15;18,84;19,64;18,72;19,43;4.602.261
2019-05-16;19,29;19,43;19,04;19,39;2.382.880
2019-05-17;19,30;19,36;19,14;19,28;2.094.310
2019-05-20;19,24;19,42;19,04;19,11;1.534.335
2019-05-21;19,20;19,30;19,05;19,22;1.573.476
2019-05-22;19,24;19,27;18,88;18,96;1.684.840
2019-05-23;18,85;18,89;18,61;18,85;2.285.409
2019-05-24;18,97;19,21;18,90;19,09;2.237.471
2019-05-27;19,27;19,42;19,19;19,26;1.018.205
2019-05-28;19,36;19,37;19,00;19,03;2.461.360
2019-05-29;18,89;19,05;18,81;18,98;1.606.864
2019-05-30;19,09;19,25;19,03;19,14;1.097.846
2019-05-31;18,91;19,02;18,83;18,94;1.703.614
2019-06-03;18,82;18,96;18,70;18,88;1.941.788
2019-06-04;18,85;19,54;18,81;19,50;2.612.408
2019-06-05;19,57;19,57;19,19;19,32;2.328.978
2019-06-06;19,25;19,61;18,99;19,08;2.459.596
2019-06-07;19,10;19,26;18,97;19,10;1.534.857
2019-06-10;19,17;19,33;19,16;19,26;1.336.501
2019-06-11;19,38;19,52;19,27;19,28;1.828.653
2019-06-12;19,17;19,26;19,07;19,14;1.607.034
2019-06-13;19,10;19,16;18,89;19,03;1.478.339
2019-06-14;18,96;19,10;18,82;18,82;2.124.670
2019-06-17;18,82;19,07;18,78;18,82;1.290.007
2019-06-18;18,82;19,13;18,59;18,99;2.490.360
2019-06-19;19,10;19,35;19,02;19,34;1.895.885
2019-06-20;19,39;19,48;18,99;19,05;1.812.841
2019-06-21;19,17;19,36;18,84;18,96;3.475.810
2019-06-24;18,95;19,05;18,42;18,43;2.781.606
2019-06-25;18,28;18,30;17,97;18,30;2.524.763
2019-06-26;18,29;18,67;18,20;18,47;2.142.362
2019-06-27;18,62;18,75;18,36;18,65;2.480.474
2019-06-28;18,72;18,87;18,68;18,82;1.830.072
2019-07-01;19,06;19,23;19,01;19,07;2.153.104
2019-07-02;19,20;19,21;18,82;19,14;1.824.985
2019-07-03;19,15;19,53;19,08;19,53;2.789.660
2019-07-04;19,52;19,73;19,49;19,64;1.541.732
2019-07-05;19,73;19,83;19,53;19,69;2.049.248
2019-07-08;19,59;19,75;19,16;19,28;2.375.451
2019-07-09;19,24;19,26;18,94;19,10;2.527.834
2019-07-10;19,15;19,42;19,11;19,11;1.531.572
2019-07-11;19,17;19,34;19,04;19,24;1.422.346
2019-07-12;19,29;19,40;19,21;19,25;1.222.224
2019-07-15;19,23;19,37;19,11;19,25;1.286.521
2019-07-16;19,26;19,55;19,26;19,52;1.463.364
2019-07-17;19,47;19,52;19,28;19,37;1.222.260
2019-07-18;19,25;19,45;19,24;19,37;1.566.678
2019-07-19;19,43;19,43;19,23;19,23;1.679.623
2019-07-22;19,27;19,27;18,75;18,76;2.587.131
2019-07-23;18,80;18,86;18,33;18,82;3.462.688
2019-07-24;18,85;18,90;18,64;18,79;2.012.382
2019-07-25;18,90;19,26;18,64;18,79;3.717.372
2019-07-26;18,87;18,91;18,66;18,76;1.813.338
2019-07-29;18,78;18,84;18,66;18,70;1.442.728
2019-07-30;18,69;18,70;17,87;18,08;3.971.342
2019-07-31;18,08;18,25;17,96;17,96;2.259.687
2019-08-01;17,93;18,11;17,55;17,72;3.022.786
2019-08-02;17,40;17,40;16,99;17,07;3.579.231
2019-08-05;16,95;17,04;16,58;16,73;3.283.899
2019-08-06;16,73;16,82;16,56;16,56;2.763.389
2019-08-07;15,96;16,61;15,61;16,61;6.883.473
2019-08-08;16,53;16,85;16,37;16,69;4.120.781
2019-08-09;16,04;16,19;15,80;15,95;4.530.311
2019-08-12;16,00;16,12;15,85;15,89;2.738.584
2019-08-13;15,89;16,42;15,87;16,36;4.780.356
2019-08-14;16,32;16,36;16,15;16,35;3.790.665
2019-08-15;16,45;16,50;15,95;16,15;3.574.238
2019-08-16;16,19;16,56;15,70;16,54;5.128.821
2019-08-19;16,70;16,93;16,43;16,50;2.447.697
2019-08-20;16,44;16,50;16,06;16,13;2.302.671
2019-08-21;16,21;16,25;15,89;15,99;2.929.953
2019-08-22;15,91;16,16;15,90;15,98;4.304.055
2019-08-23;16,06;16,10;15,71;15,71;3.098.579
2019-08-26;15,65;16,06;15,65;15,88;2.273.195
2019-08-27;15,92;16,13;15,77;16,02;3.013.237
2019-08-28;15,99;16,02;15,83;15,96;1.875.952
2019-08-29;15,92;16,18;15,91;16,05;2.426.659
2019-08-30;16,23;16,37;16,11;16,19;2.121.205
2019-09-02;16,13;16,18;16,01;16,01;889.584
2019-09-03;16,00;16,02;15,78;15,88;1.500.316
2019-09-04;16,10;16,16;16,01;16,08;1.469.570
2019-09-05;16,17;16,59;16,14;16,59;2.509.805
2019-09-06;16,60;16,69;16,45;16,61;1.984.564
2019-09-09;16,82;17,35;16,76;17,35;4.500.333
2019-09-10;17,42;17,98;17,39;17,85;4.361.598
2019-09-11;18,00;18,26;17,90;18,07;3.903.865
2019-09-12;18,09;18,29;17,53;18,09;4.214.756
2019-09-13;18,05;18,57;18,01;18,57;3.911.454
2019-09-16;18,41;18,73;18,15;18,66;2.744.121
2019-09-17;18,58;18,62;18,14;18,15;2.631.679
2019-09-18;18,18;18,33;18,07;18,16;1.613.714
2019-09-19;18,27;18,52;18,17;18,50;2.493.711
2019-09-20;18,49;18,72;18,42;18,69;4.218.083
2019-09-23;18,50;18,58;17,93;18,18;2.585.027
2019-09-24;18,25;18,36;18,14;18,26;2.220.137
2019-09-25;18,20;18,24;17,67;18,09;2.517.588
2019-09-26;16,68;16,73;15,56;15,89;20.813.732
2019-09-27;16,04;16,30;15,85;16,13;7.900.626
2019-09-30;16,25;16,38;16,12;16,18;3.979.093
2019-10-01;16,25;16,37;15,71;15,78;4.356.257
2019-10-02;15,79;15,87;15,58;15,63;4.104.944
2019-10-03;15,69;15,94;15,54;15,82;4.312.720
2019-10-04;15,82;15,84;15,60;15,84;2.390.279
2019-10-07;15,87;16,04;15,69;15,93;2.106.984
2019-10-08;16,08;16,08;15,68;15,83;2.259.227
2019-10-09;15,83;15,90;15,62;15,64;2.359.222
2019-10-10;15,71;16,05;15,71;16,05;3.043.024
2019-10-11;16,16;16,50;16,07;16,50;6.216.620
2019-10-14;16,28;16,36;16,06;16,30;2.737.874
2019-10-15;16,43;16,69;16,34;16,55;3.954.954
2019-10-16;16,55;16,91;16,42;16,77;3.489.789
2019-10-17;16,68;17,07;16,48;16,75;3.617.316
2019-10-18;16,73;16,76;16,52;16,56;2.398.830
2019-10-21;16,61;16,92;16,57;16,76;3.345.774
2019-10-22;16,81;16,94;16,66;16,91;2.063.951
2019-10-23;16,85;17,21;16,78;17,17;2.687.614
2019-10-24;17,20;17,37;16,86;16,98;2.836.027
2019-10-25;17,00;17,05;16,84;16,98;1.794.411
2019-10-28;17,02;17,10;16,90;16,93;1.509.742
2019-10-29;16,96;17,00;16,76;16,97;1.446.411
2019-10-30;16,93;17,00;16,62;16,74;2.153.485
2019-10-31;16,76;16,77;16,56;16,69;2.115.044
2019-11-01;16,70;16,94;16,62;16,90;1.674.033
2019-11-04;17,01;17,27;17,00;17,22;2.416.141
2019-11-05;17,35;17,40;17,28;17,35;2.139.959
2019-11-06;17,41;17,60;17,21;17,25;2.513.845
2019-11-07;17,39;17,51;17,24;17,45;3.993.124
2019-11-08;17,44;17,52;17,27;17,30;2.773.603
2019-11-11;17,30;17,38;17,17;17,31;2.170.106
2019-11-12;17,41;17,57;17,37;17,42;2.526.749
2019-11-13;17,10;17,10;16,26;16,76;7.507.430
2019-11-14;16,78;16,78;16,45;16,50;3.329.596
2019-11-15;16,65;16,72;16,52;16,65;2.535.934
2019-11-18;16,70;16,79;16,29;16,37;3.073.384
2019-11-19;16,38;16,45;16,17;16,21;3.504.886
2019-11-20;16,00;16,03;15,71;15,99;3.929.403
2019-11-21;15,76;15,99;15,68;15,95;2.534.029
2019-11-22;16,00;16,24;15,95;16,10;2.523.003
2019-11-25;16,17;16,22;15,61;15,72;6.331.147
2019-11-26;15,72;15,84;15,68;15,73;3.077.072
2019-11-27;15,82;15,86;15,72;15,76;1.895.017
2019-11-28;15,75;15,76;15,64;15,70;1.833.994
2019-11-29;15,68;15,68;15,49;15,49;2.489.245
2019-12-02;15,50;15,59;15,23;15,23;3.563.958
2019-12-03;15,29;15,35;14,92;14,98;3.779.065
2019-12-04;14,96;15,19;14,94;15,16;3.057.145
2019-12-05;15,24;15,36;15,16;15,18;2.270.553
2019-12-06;15,22;15,30;15,09;15,24;1.932.533
2019-12-09;15,27;15,40;15,25;15,30;1.658.168
2019-12-10;15,29;15,30;15,06;15,25;1.847.360
2019-12-11;15,24;15,26;15,11;15,24;1.869.224
2019-12-12;15,27;16,04;15,27;15,87;4.952.759
2019-12-13;16,28;16,44;16,00;16,12;6.816.425
2019-12-16;16,29;16,31;16,05;16,14;2.698.417
2019-12-17;16,06;16,36;15,86;16,36;4.700.269
2019-12-18;16,35;16,39;16,17;16,25;2.471.673
2019-12-19;16,23;16,33;16,17;16,26;2.793.661
2019-12-20;16,25;16,40;16,21;16,33;4.497.219
2019-12-23;16,33;16,33;16,17;16,32;1.295.500
2019-12-24;16,30;16,32;16,23;16,28;286.650
2019-12-27;16,30;16,39;16,21;16,25;1.711.092
2019-12-30;16,25;16,32;16,20;16,21;1.292.500
2019-12-31;16,22;16,27;16,13;16,22;656.754
2020-01-02;16,35;16,64;16,32;16,56;2.686.481
2020-01-03;16,51;16,51;16,27;16,33;2.460.206
2020-01-06;16,17;16,17;15,83;16,13;2.686.243
2020-01-07;16,25;16,41;16,21;16,33;2.168.005
2020-01-08;16,26;16,62;16,22;16,55;2.497.561
2020-01-09;16,75;16,98;16,72;16,79;4.019.363
2020-01-10;16,82;16,84;16,62;16,62;1.801.996
2020-01-13;16,63;16,67;16,15;16,34;4.848.377
2020-01-14;16,45;16,68;16,36;16,54;3.906.996
2020-01-15;16,50;16,56;16,32;16,39;2.673.247
2020-01-16;16,44;16,51;16,25;16,39;2.013.726
2020-01-17;16,46;16,64;16,42;16,44;2.383.661
2020-01-20;16,36;16,38;16,07;16,14;3.096.549
2020-01-21;16,00;16,08;15,72;15,72;4.263.634
2020-01-22;15,75;15,80;15,54;15,70;3.133.910
2020-01-23;15,65;15,83;15,56;15,79;4.015.875
2020-01-24;15,96;16,03;15,79;15,79;2.182.544
2020-01-27;15,61;15,78;15,46;15,57;2.441.339
2020-01-28;15,63;15,97;15,41;15,87;2.518.977
2020-01-29;15,92;16,19;15,88;16,05;2.358.346
2020-01-30;15,89;16,06;15,80;15,86;2.484.190
2020-01-31;15,89;16,03;15,69;15,72;2.430.957
2020-02-03;15,78;16,03;15,73;15,92;2.102.321
2020-02-04;16,08;16,19;15,92;15,96;2.895.963
2020-02-05;15,95;16,49;15,91;16,42;3.524.092
2020-02-06;16,50;16,84;16,47;16,71;4.388.626
2020-02-07;16,54;16,80;16,50;16,76;1.814.525
2020-02-10;16,70;16,83;16,56;16,68;1.770.987
2020-02-11;16,75;16,95;16,73;16,89;2.461.546
2020-02-12;16,00;16,17;15,66;15,90;11.705.185
2020-02-13;15,89;15,89;15,25;15,40;7.934.458
2020-02-14;15,49;15,54;15,13;15,19;5.219.944
2020-02-17;15,27;15,34;15,11;15,17;2.335.071
2020-02-18;15,15;15,18;14,92;15,13;3.706.408
2020-02-19;15,19;15,22;14,95;15,11;2.517.818
2020-02-20;15,10;15,24;14,96;15,00;3.082.167
2020-02-21;15,00;15,02;14,71;14,84;3.885.920
2020-02-24;14,50;14,54;13,78;14,24;6.936.082
2020-02-25;14,30;14,31;13,93;14,00;4.209.916
2020-02-26;13,85;14,06;13,67;14,02;5.047.453
2020-02-27;13,74;13,86;13,14;13,31;7.456.504
2020-02-28;12,90;13,02;12,28;12,44;11.254.252
2020-03-02;12,87;12,88;11,93;12,40;7.586.378
2020-03-03;12,69;12,69;11,93;12,00;9.197.258
2020-03-04;12,07;12,28;11,87;12,14;6.143.590
2020-03-05;12,21;12,24;11,60;11,65;4.803.402
2020-03-06;11,35;11,48;11,08;11,20;6.617.432
2020-03-09;10,40;10,44;9,53;9,53;10.807.511
2020-03-10;9,74;10,13;9,34;9,49;10.342.985
2020-03-11;9,60;10,11;9,28;9,51;7.314.931
2020-03-12;8,97;9,03;7,40;7,49;15.137.044
2020-03-13;8,00;8,06;7,31;7,55;13.411.273
2020-03-16;7,18;7,37;6,35;7,15;11.676.305
2020-03-17;7,47;7,84;6,89;7,67;8.802.968
2020-03-18;7,45;7,80;6,85;7,17;6.502.840
2020-03-19;7,19;7,50;7,07;7,18;6.483.383
2020-03-20;7,51;7,66;7,28;7,43;7.874.716
2020-03-23;7,07;7,68;7,02;7,61;5.881.819
2020-03-24;8,01;8,81;8,01;8,76;7.061.301
2020-03-25;9,18;9,37;8,47;8,86;6.463.589
2020-03-26;8,40;8,61;8,25;8,53;5.922.506
2020-03-27;8,45;8,47;7,77;8,15;4.296.877
2020-03-30;7,50;7,75;7,26;7,34;7.036.208
2020-03-31;7,50;7,58;7,26;7,48;6.190.413
2020-04-01;7,24;7,32;6,91;6,92;7.383.928
2020-04-02;7,03;7,61;6,98;7,39;7.240.521
2020-04-03;7,35;7,35;7,01;7,16;4.443.990
2020-04-06;7,50;7,71;7,38;7,64;5.661.954
2020-04-07;7,97;8,30;7,72;7,87;6.421.985
2020-04-08;7,76;7,80;7,48;7,77;4.760.996
2020-04-09;7,98;8,21;7,72;7,95;5.437.956
2020-04-14;7,97;8,08;7,49;7,53;5.256.521
2020-04-15;7,55;7,57;6,90;6,90;5.816.933
2020-04-16;7,05;7,16;6,85;6,96;5.445.696
2020-04-17;7,20;7,33;6,97;7,10;6.429.929
2020-04-20;7,10;7,14;6,81;6,85;5.998.626
2020-04-21;6,72;6,72;6,40;6,43;7.558.959
2020-04-22;6,54;6,55;6,34;6,49;5.622.994
2020-04-23;6,56;6,67;6,49;6,58;7.052.390
2020-04-24;6,53;6,53;6,23;6,31;7.241.471
2020-04-27;6,51;6,53;6,37;6,50;5.593.534
2020-04-28;6,55;7,01;6,51;6,95;9.406.108
2020-04-29;6,97;7,46;6,93;7,46;9.171.240
2020-04-30;7,50;7,64;6,92;7,00;6.446.210
2020-05-04;6,73;6,73;6,53;6,54;5.814.096
2020-05-05;6,73;6,87;6,55;6,69;4.301.823
2020-05-06;6,70;6,77;6,47;6,50;3.346.002
2020-05-07;6,55;6,71;6,43;6,71;3.165.379
2020-05-08;6,84;6,91;6,67;6,82;3.219.117
2020-05-11;6,88;7,00;6,58;6,65;3.558.364
2020-05-12;6,60;6,77;6,60;6,67;3.898.551
2020-05-13;6,40;6,43;6,03;6,06;12.299.691
2020-05-14;6,07;6,16;5,68;6,05;8.811.008
2020-05-15;6,12;6,19;5,72;5,84;8.827.953
2020-05-18;5,98;6,29;5,94;6,27;6.967.144
2020-05-19;6,42;6,52;6,19;6,36;6.892.200
2020-05-20;6,30;6,56;6,07;6,55;6.253.396
2020-05-21;6,48;6,51;6,28;6,28;5.183.223
2020-05-22;6,17;6,80;6,15;6,52;10.649.548
2020-05-25;6,62;6,65;6,40;6,46;3.670.265
2020-05-26;6,54;7,12;6,54;7,09;8.806.425
2020-05-27;7,20;7,74;7,16;7,43;10.016.889
2020-05-28;7,60;7,69;7,29;7,44;7.235.588
2020-05-29;7,30;7,64;7,20;7,21;12.420.214
2020-06-01;7,49;7,72;7,45;7,70;6.984.080
2020-06-02;7,75;8,03;7,67;7,88;7.754.692
2020-06-03;8,03;8,20;7,91;8,20;7.414.125
2020-06-04;8,10;8,42;7,91;8,30;9.066.331
2020-06-05;8,60;9,05;8,55;9,00;10.105.806
2020-06-08;9,01;9,56;8,85;9,07;10.791.421
2020-06-09;9,20;9,26;8,46;8,57;9.089.213
2020-06-10;8,72;8,96;8,23;8,32;7.318.341
2020-06-11;7,88;8,00;7,54;7,58;8.138.546
2020-06-12;7,43;7,92;7,34;7,64;8.416.957
2020-06-15;7,33;7,68;7,18;7,63;7.125.752
2020-06-16;7,98;8,39;7,91;8,18;8.177.428
2020-06-17;8,25;8,45;7,99;8,05;8.635.297
2020-06-18;7,98;8,25;7,72;7,91;6.261.859
2020-06-19;8,05;8,08;7,68;7,73;10.429.949
2020-06-22;7,65;7,81;7,49;7,67;3.698.398
2020-06-23;7,78;8,18;7,70;8,10;5.736.640
2020-06-24;8,10;8,19;7,52;7,52;5.164.070
2020-06-25;7,47;7,79;7,34;7,75;6.312.395
2020-06-26;7,82;7,88;7,42;7,42;4.592.755
2020-06-29;7,42;7,84;7,36;7,74;5.180.835
2020-06-30;7,78;7,86;7,52;7,67;4.967.843
2020-07-01;7,68;7,84;7,55;7,65;4.334.288
2020-07-02;7,78;8,13;7,71;8,01;6.311.808
2020-07-03;8,05;8,07;7,79;7,96;2.906.433
2020-07-06;8,19;8,53;8,18;8,40;7.942.806
2020-07-07;8,42;8,44;8,21;8,24;3.956.533
2020-07-08;8,15;8,20;8,00;8,00;3.483.299
2020-07-09;8,10;8,18;7,77;7,80;3.688.666
2020-07-10;7,70;8,11;7,65;8,08;3.483.662
2020-07-13;8,32;8,37;8,07;8,15;3.798.609
2020-07-14;8,02;8,31;8,01;8,21;4.821.580
2020-07-15;8,32;8,41;8,05;8,35;4.520.672
2020-07-16;8,31;8,49;8,24;8,45;3.866.405
2020-07-17;8,45;8,48;8,26;8,40;3.911.783
2020-07-20;8,31;8,35;8,18;8,22;4.440.994
2020-07-21;8,33;8,61;8,21;8,22;7.042.218
2020-07-22;8,25;8,30;7,87;7,94;5.067.962
2020-07-23;8,02;8,02;7,80;7,81;3.119.294
2020-07-24;7,72;7,80;7,64;7,69;4.762.761
2020-07-27;7,63;7,70;7,49;7,54;2.910.868
2020-07-28;7,53;7,63;7,34;7,46;3.464.337
2020-07-29;7,47;7,49;7,25;7,31;3.813.649
2020-07-30;7,30;7,32;6,95;7,05;5.182.932
2020-07-31;7,08;7,24;7,02;7,02;4.293.890
2020-08-03;7,00;7,19;6,93;7,17;3.412.576
2020-08-04;7,25;7,39;7,17;7,27;3.417.038
2020-08-05;7,34;7,42;7,26;7,29;2.659.332
2020-08-06;7,25;7,41;7,16;7,39;4.739.930
2020-08-07;7,40;7,43;7,27;7,38;2.468.458
2020-08-10;7,46;7,78;7,43;7,76;4.774.045
2020-08-11;7,85;8,22;7,85;8,09;6.789.114
2020-08-12;0,00;8,85;8,30;8,74;11.708.031
2020-08-13;8,70;8,80;8,51;8,53;4.640.180
2020-08-14;8,48;8,53;8,08;8,23;5.276.115
2020-08-17;8,25;8,31;8,01;8,01;3.640.785
2020-08-18;7,93;8,15;7,85;7,94;3.280.109
2020-08-19;7,92;8,11;7,84;8,11;2.610.498
2020-08-20;7,92;8,00;7,81;7,82;3.137.395
2020-08-21;7,87;7,90;7,70;7,79;3.412.570
2020-08-24;7,91;8,11;7,83;8,11;3.045.978
2020-08-25;8,21;8,35;8,16;8,25;4.675.818
2020-08-26;8,25;8,31;8,13;8,20;3.566.684
2020-08-27;8,21;8,23;7,99;8,16;3.412.861
2020-08-28;8,22;8,45;8,18;8,36;3.783.434
2020-09-01;8,19;8,21;7,86;8,01;4.465.728
2020-09-02;8,04;8,09;7,89;7,91;3.539.201
2020-09-03;8,03;8,26;7,93;7,98;4.644.421
2020-09-04;8,02;8,35;7,98;8,24;5.913.430
2020-09-07;8,39;8,45;8,13;8,21;3.030.542
2020-09-08;8,27;8,31;7,99;8,00;3.813.181
2020-09-09;7,99;8,15;7,92;8,12;3.227.677
2020-09-10;8,15;8,36;8,01;8,19;3.249.173
2020-09-11;8,22;8,22;7,98;7,99;3.958.323
2020-09-14;8,12;8,30;8,01;8,30;4.797.992
2020-09-15;8,30;8,33;8,05;8,07;4.333.452
2020-09-16;8,09;8,10;7,82;8,05;5.630.319
2020-09-17;7,89;7,92;7,73;7,80;4.817.782
2020-09-18;7,80;7,81;7,48;7,48;7.864.585
2020-09-21;7,40;7,40;6,97;6,97;6.310.633
2020-09-22;7,10;7,16;6,77;6,92;4.897.011
2020-09-23;6,98;7,09;6,79;6,79;4.612.050
2020-09-24;6,67;6,92;6,56;6,84;5.840.871
2020-09-25;6,90;6,93;6,71;6,76;4.107.195
2020-09-28;6,93;7,21;6,91;7,21;5.112.446
2020-10-01;7,24;7,28;7,01;7,06;4.413.922
2020-10-02;6,93;7,26;6,90;7,26;5.205.304
2020-10-05;7,34;7,42;7,23;7,34;3.521.618
2020-10-06;7,39;7,73;7,34;7,71;5.594.777
2020-10-07;7,67;7,75;7,59;7,72;3.711.252
2020-10-08;7,76;7,92;7,74;7,84;4.049.164
2020-10-09;7,81;7,89;7,64;7,68;4.686.117
2020-10-12;7,69;7,76;7,52;7,62;4.661.717
2020-10-13;7,60;7,62;7,21;7,23;5.958.677
2020-10-14;7,20;7,44;7,17;7,32;4.355.533
2020-10-15;7,26;7,30;7,10;7,24;3.908.369
2020-10-16;7,32;7,40;7,15;7,38;4.254.779
2020-10-19;7,40;7,51;7,29;7,45;2.253.997
2020-10-20;7,40;7,51;7,27;7,38;5.651.698
2020-10-21;7,49;7,54;7,33;7,34;4.506.757
2020-10-22;7,30;7,42;7,13;7,42;3.388.343
2020-10-23;7,54;7,69;7,51;7,62;6.021.415
2020-11-02;7,10;7,34;6,98;7,32;4.219.852
2020-11-03;7,40;7,63;7,35;7,60;5.318.222
2020-11-04;7,38;7,59;7,30;7,47;4.501.024
2020-11-05;7,53;7,55;7,22;7,42;4.478.947
2020-11-06;7,39;7,56;7,23;7,25;5.240.442
2020-11-09;7,38;8,35;7,30;8,35;13.550.984
2020-11-10;8,40;8,74;8,26;8,70;9.867.570
2020-11-11;8,60;8,62;8,16;8,22;12.176.865
2020-11-12;8,15;8,41;8,06;8,38;10.238.125
2020-11-13;8,25;8,46;8,18;8,41;6.570.881
2020-11-16;8,56;8,92;8,55;8,86;9.596.614
