2014-01-02;6,90;6,95;6,79;6,87;7.040.000
2014-01-03;6,86;6,94;6,79;6,92;4.646.491
2014-01-06;6,93;6,97;6,90;6,92;4.753.531
2014-01-07;6,88;6,89;6,75;6,85;11.323.100
2014-01-08;6,88;6,97;6,88;6,96;8.267.358
2014-01-09;6,95;6,99;6,88;6,91;10.499.636
2014-01-10;6,94;6,98;6,73;6,77;13.040.003
2014-01-13;6,83;6,86;6,78;6,81;8.149.280
2014-01-14;6,77;6,82;6,72;6,80;6.492.478
2014-01-15;6,83;6,87;6,78;6,81;6.535.011
2014-01-16;6,86;6,87;6,80;6,81;7.168.992
2014-01-17;6,83;6,88;6,77;6,82;6.294.728
2014-01-20;6,80;6,82;6,74;6,77;5.034.720
2014-01-21;6,72;6,76;6,64;6,66;6.380.689
2014-01-22;6,71;6,77;6,67;6,73;10.159.863
2014-01-23;6,79;6,91;6,74;6,76;13.934.290
2014-01-24;6,78;6,82;6,52;6,53;11.524.442
2014-01-27;6,49;6,53;6,42;6,46;8.540.980
2014-01-28;6,51;6,61;6,47;6,58;10.915.124
2014-01-29;6,64;6,68;6,40;6,50;8.335.459
2014-01-30;6,50;6,59;6,43;6,51;8.712.511
2014-01-31;6,49;6,50;6,39;6,49;8.653.291
2014-02-03;6,45;6,50;6,27;6,30;10.307.138
2014-02-04;6,23;6,38;6,20;6,36;6.477.627
2014-02-05;6,38;6,42;6,33;6,33;6.005.581
2014-02-06;6,36;6,50;6,34;6,48;7.701.540
2014-02-07;6,51;6,57;6,46;6,50;8.069.939
2014-02-10;6,53;6,54;6,48;6,51;4.135.128
2014-02-11;6,53;6,62;6,53;6,60;6.273.391
2014-02-12;6,62;6,71;6,61;6,67;7.803.865
2014-02-13;6,66;6,68;6,61;6,65;6.057.272
2014-02-14;6,68;6,75;6,67;6,75;7.085.140
2014-02-17;6,77;6,82;6,73;6,77;5.387.702
2014-02-18;6,80;6,84;6,78;6,82;7.024.883
2014-02-19;6,80;6,83;6,73;6,76;5.123.968
2014-02-20;6,70;6,70;6,23;6,36;26.416.051
2014-02-21;6,40;6,63;6,40;6,59;15.193.615
2014-02-24;6,57;6,58;6,53;6,57;5.407.109
2014-02-25;6,57;6,59;6,51;6,57;5.156.528
2014-02-26;6,58;6,62;6,51;6,55;4.678.199
2014-02-27;6,55;6,57;6,41;6,50;5.716.497
2014-02-28;6,50;6,57;6,50;6,53;5.077.140
2014-03-03;6,41;6,41;6,20;6,23;12.554.988
2014-03-04;6,32;6,46;6,31;6,43;8.159.272
2014-03-05;6,47;6,56;6,42;6,55;10.081.738
2014-03-06;6,56;6,59;6,50;6,53;4.747.901
2014-03-07;6,53;6,53;6,34;6,36;8.444.765
2014-03-10;6,36;6,45;6,32;6,33;5.251.403
2014-03-11;6,36;6,40;6,30;6,37;6.066.138
2014-03-12;6,34;6,41;6,24;6,39;6.850.884
2014-03-13;6,42;6,47;6,37;6,38;8.395.243
2014-03-14;6,35;6,39;6,28;6,30;9.376.967
2014-03-17;6,32;6,38;6,28;6,35;5.384.513
2014-03-18;6,34;6,40;6,26;6,38;6.606.262
2014-03-19;6,39;6,39;6,25;6,28;7.834.088
2014-03-20;6,28;6,54;6,27;6,54;15.296.017
2014-03-21;6,57;6,61;6,47;6,49;13.842.290
2014-03-24;6,52;6,57;6,40;6,41;5.501.584
2014-03-25;6,44;6,52;6,39;6,50;5.648.617
2014-03-26;6,54;6,62;6,53;6,58;7.012.889
2014-03-27;6,55;6,65;6,51;6,62;6.288.756
2014-03-28;6,65;6,68;6,55;6,59;6.986.454
2014-03-31;6,62;6,68;6,58;6,66;7.588.417
2014-04-01;6,72;6,77;6,72;6,75;6.067.004
2014-04-02;6,78;6,82;6,75;6,77;4.366.210
2014-04-03;6,79;6,80;6,70;6,75;5.269.473
2014-04-04;6,77;6,81;6,75;6,75;4.514.792
2014-04-07;6,70;6,73;6,62;6,64;4.724.981
2014-04-08;6,64;6,65;6,50;6,57;7.022.081
2014-04-09;6,61;6,62;6,55;6,56;5.297.455
2014-04-10;6,60;6,62;6,51;6,52;4.819.833
2014-04-11;6,45;6,46;6,31;6,36;8.258.198
2014-04-14;6,34;6,34;6,20;6,31;5.881.432
2014-04-15;6,33;6,33;6,16;6,17;6.828.996
2014-04-16;6,24;6,28;6,22;6,27;4.616.420
2014-04-17;6,32;6,38;6,29;6,36;5.752.388
2014-04-22;6,40;6,50;6,37;6,44;6.645.467
2014-04-23;6,45;6,51;6,43;6,46;4.132.727
2014-04-24;6,54;6,58;6,38;6,47;5.778.291
2014-04-25;6,53;6,54;6,38;6,41;4.780.128
2014-04-28;6,43;6,48;6,38;6,42;3.163.253
2014-04-29;6,44;6,57;6,43;6,55;4.376.007
2014-04-30;6,52;6,56;6,46;6,54;5.888.666
2014-05-02;6,59;6,65;6,57;6,59;6.976.729
2014-05-05;6,56;6,57;6,38;6,53;4.482.910
2014-05-06;6,56;6,59;6,46;6,51;3.941.642
2014-05-07;6,48;6,49;6,39;6,41;7.820.247
2014-05-08;6,45;6,54;6,40;6,52;6.537.344
2014-05-09;6,51;6,53;6,45;6,46;4.203.001
2014-05-12;6,50;6,53;6,46;6,51;4.237.655
2014-05-13;6,54;6,56;6,49;6,49;3.983.654
2014-05-14;6,52;6,57;6,38;6,38;7.872.520
2014-05-15;6,55;6,69;6,21;6,26;18.446.221
2014-05-16;6,23;6,28;6,11;6,13;13.451.139
2014-05-19;6,13;6,24;6,06;6,18;9.079.870
2014-05-20;6,21;6,34;6,20;6,27;8.710.195
2014-05-21;6,30;6,37;6,24;6,34;5.577.571
2014-05-22;6,37;6,40;6,27;6,33;6.305.080
2014-05-23;6,25;6,29;6,20;6,28;5.390.876
2014-05-26;6,30;6,33;6,30;6,32;4.271.969
2014-05-27;6,31;6,38;6,31;6,35;3.003.329
2014-05-28;6,36;6,43;6,34;6,40;4.885.596
2014-05-29;6,39;6,42;6,37;6,39;2.171.737
2014-05-30;6,39;6,43;6,33;6,36;6.847.282
2014-06-02;6,40;6,42;6,36;6,41;3.424.983
2014-06-03;6,42;6,42;6,36;6,39;3.489.973
2014-06-04;6,38;6,48;6,37;6,48;7.469.459
2014-06-05;6,50;6,59;6,45;6,51;7.910.425
2014-06-06;6,52;6,57;6,50;6,55;5.715.825
2014-06-09;6,56;6,57;6,53;6,56;2.778.343
2014-06-10;6,53;6,58;6,51;6,54;4.133.193
2014-06-11;6,54;6,55;6,48;6,52;4.027.010
2014-06-12;6,48;6,53;6,45;6,45;3.945.126
2014-06-13;6,45;6,45;6,37;6,42;4.172.321
2014-06-16;6,40;6,42;6,35;6,38;3.546.106
2014-06-17;6,41;6,46;6,35;6,45;4.895.791
2014-06-18;6,47;6,69;6,47;6,63;13.768.607
2014-06-19;6,68;6,68;6,58;6,59;7.073.260
2014-06-20;6,59;6,63;6,55;6,57;9.680.804
2014-06-23;6,57;6,58;6,48;6,49;4.424.352
2014-06-24;6,51;6,53;6,46;6,52;4.194.397
2014-06-25;6,48;6,50;6,37;6,42;7.427.245
2014-06-26;6,47;6,47;6,33;6,38;5.132.768
2014-06-27;6,38;6,40;6,34;6,36;4.357.733
2014-06-30;6,38;6,41;6,32;6,37;4.793.151
2014-07-01;6,41;6,42;6,38;6,42;4.333.774
2014-07-02;6,42;6,48;6,38;6,40;7.067.902
2014-07-03;6,45;6,63;6,43;6,60;9.772.254
2014-07-04;6,62;6,63;6,54;6,57;3.450.107
2014-07-07;6,55;6,55;6,46;6,50;4.576.653
2014-07-08;6,50;6,51;6,39;6,41;4.533.557
2014-07-09;6,42;6,46;6,35;6,43;3.819.809
2014-07-10;6,46;6,46;6,29;6,38;9.078.698
2014-07-11;6,37;6,38;6,28;6,33;4.802.607
2014-07-14;6,34;6,41;6,30;6,39;4.205.712
2014-07-15;6,37;6,39;6,29;6,34;4.998.116
2014-07-16;6,37;6,45;6,36;6,44;3.134.345
2014-07-17;6,41;6,41;6,32;6,32;3.930.573
2014-07-18;6,28;6,31;6,22;6,31;6.191.840
2014-07-21;6,29;6,31;6,22;6,22;4.008.538
2014-07-22;6,26;6,27;6,18;6,20;6.646.816
2014-07-23;6,20;6,22;6,12;6,15;9.408.595
2014-07-24;6,17;6,26;6,08;6,26;7.574.435
2014-07-25;6,26;6,34;6,20;6,22;5.801.334
2014-07-28;6,25;6,25;6,16;6,20;4.606.895
2014-07-29;6,23;6,24;6,15;6,18;8.201.037
2014-07-30;6,17;6,27;6,15;6,20;8.781.900
2014-07-31;6,21;6,22;6,08;6,09;7.030.314
2014-08-01;6,09;6,13;6,02;6,07;7.541.504
2014-08-04;6,12;6,12;5,98;6,00;4.790.446
2014-08-05;6,04;6,11;6,03;6,04;4.384.608
2014-08-06;6,02;6,06;5,91;5,97;5.833.589
2014-08-07;5,96;5,97;5,84;5,86;7.386.785
2014-08-08;5,79;5,84;5,72;5,81;10.076.939
2014-08-11;5,87;5,95;5,86;5,94;5.532.040
2014-08-12;5,94;5,97;5,92;5,93;4.561.097
2014-08-13;5,95;5,98;5,87;5,96;6.682.313
2014-08-14;5,93;6,03;5,69;5,75;15.231.109
2014-08-15;5,79;5,86;5,76;5,78;11.568.399
2014-08-18;5,84;5,85;5,77;5,79;7.010.692
2014-08-19;5,83;5,83;5,79;5,83;5.964.498
2014-08-20;5,84;5,86;5,80;5,83;5.561.809
2014-08-21;5,80;5,81;5,69;5,77;9.429.732
2014-08-22;5,78;5,80;5,74;5,78;7.099.596
2014-08-25;5,84;5,84;5,77;5,82;4.868.550
2014-08-26;5,82;6,01;5,80;5,98;9.664.102
2014-08-27;6,00;6,09;5,99;6,03;10.409.065
2014-08-28;6,04;6,08;5,95;5,97;6.022.266
2014-08-29;5,99;6,03;5,97;6,02;6.317.747
2014-09-01;6,07;6,10;6,01;6,02;5.779.502
2014-09-02;6,06;6,13;6,05;6,11;8.234.176
2014-09-03;6,13;6,30;6,12;6,29;14.398.585
2014-09-04;6,29;6,39;6,27;6,34;13.214.751
2014-09-05;6,32;6,39;6,32;6,37;8.407.553
2014-09-08;6,37;6,39;6,32;6,38;5.867.642
2014-09-09;6,38;6,43;6,36;6,38;7.917.940
2014-09-10;6,36;6,40;6,34;6,39;4.778.589
2014-09-11;6,40;6,41;6,32;6,34;5.709.128
2014-09-12;6,36;6,40;6,34;6,39;5.605.336
2014-09-15;6,35;6,51;6,35;6,50;9.036.762
2014-09-16;6,52;6,52;6,47;6,52;8.799.484
2014-09-17;6,52;6,55;6,50;6,50;8.940.472
2014-09-18;6,52;6,63;6,51;6,61;6.890.107
2014-09-19;6,64;6,68;6,63;6,64;10.578.460
2014-09-22;6,61;6,70;6,61;6,64;7.046.272
2014-09-23;6,68;6,73;6,59;6,63;9.465.888
2014-09-24;6,63;6,63;6,50;6,61;8.711.564
2014-09-25;6,63;6,68;6,57;6,58;9.532.936
2014-09-26;6,58;6,60;6,52;6,56;6.924.878
2014-09-29;6,55;6,61;6,54;6,58;5.776.996
2014-09-30;6,60;6,61;6,51;6,53;9.174.884
2014-10-01;6,51;6,62;6,50;6,52;9.221.398
2014-10-02;6,51;6,51;6,36;6,36;10.479.912
2014-10-03;6,40;6,50;6,37;6,48;6.931.477
2014-10-06;6,50;6,52;6,46;6,48;4.148.213
2014-10-07;6,45;6,47;6,37;6,38;5.329.839
2014-10-08;6,33;6,37;6,28;6,30;6.199.068
2014-10-09;6,30;6,37;6,25;6,26;11.977.758
2014-10-10;6,21;6,28;6,16;6,16;9.105.046
2014-10-13;6,10;6,22;6,05;6,18;11.311.211
2014-10-14;6,12;6,23;6,08;6,21;8.813.792
2014-10-17;5,89;6,03;5,84;6,02;11.896.821
2014-10-20;6,01;6,02;5,93;5,97;8.363.768
2014-10-21;5,96;6,17;5,92;6,11;11.756.146
2014-10-22;6,14;6,17;6,06;6,14;8.876.215
2014-10-23;6,11;6,22;6,08;6,20;6.828.293
2014-10-24;6,17;6,22;6,16;6,20;4.242.545
2014-10-27;6,27;6,28;6,14;6,16;5.178.328
2014-10-28;6,23;6,29;6,19;6,27;5.145.764
2014-10-29;6,30;6,31;6,22;6,24;4.497.651
2014-10-30;6,31;6,36;6,20;6,34;7.969.640
2014-10-31;6,40;6,49;6,39;6,49;8.227.217
2014-11-03;6,49;6,55;6,40;6,43;6.064.031
2014-11-04;6,40;6,48;6,38;6,40;5.190.837
2014-11-05;6,44;6,53;6,43;6,51;6.184.065
2014-11-06;6,49;6,64;6,44;6,57;10.015.027
2014-11-07;6,58;6,61;6,50;6,54;4.902.539
2014-11-10;6,54;6,62;6,52;6,61;5.410.537
2014-11-11;6,62;6,69;6,60;6,61;6.262.502
2014-11-12;6,57;6,61;6,46;6,50;6.138.163
2014-11-13;6,30;6,30;5,95;6,10;26.211.947
2014-11-14;6,10;6,10;5,97;6,09;10.536.766
2014-11-17;6,05;6,10;5,98;6,10;9.652.429
2014-11-18;6,10;6,23;6,08;6,22;9.748.486
2014-11-19;6,22;6,24;6,17;6,19;7.985.888
2014-11-20;6,17;6,18;6,03;6,07;8.754.553
2014-11-21;6,08;6,20;6,08;6,15;11.175.289
2014-11-24;6,16;6,25;6,16;6,24;8.553.968
2014-11-25;6,24;6,37;6,23;6,30;8.279.663
2014-11-26;6,32;6,35;6,28;6,29;4.744.679
2014-11-27;6,31;6,39;6,30;6,36;4.414.662
2014-11-28;6,35;6,38;6,30;6,31;5.383.957
2014-12-01;6,28;6,31;6,19;6,20;5.352.053
2014-12-02;6,22;6,33;6,21;6,30;6.084.895
2014-12-03;6,29;6,32;6,27;6,27;4.499.373
2014-12-04;6,32;6,34;6,18;6,21;6.391.595
2014-12-05;6,24;6,40;6,24;6,39;6.284.105
2014-12-08;6,37;6,42;6,30;6,32;4.925.528
2014-12-09;6,26;6,26;6,11;6,13;7.852.957
2014-12-10;6,13;6,15;6,06;6,08;7.154.139
2014-12-11;6,06;6,14;6,05;6,13;5.095.915
2014-12-12;6,06;6,09;5,99;6,00;7.201.819
2014-12-15;6,00;6,03;5,80;5,83;8.274.971
2014-12-16;5,85;6,07;5,74;6,07;14.736.574
2014-12-17;5,99;6,02;5,91;6,00;6.472.267
2014-12-18;6,08;6,20;6,04;6,18;9.064.025
2014-12-19;6,21;6,24;6,14;6,19;9.153.421
2014-12-22;6,16;6,27;6,16;6,21;4.173.438
2014-12-23;6,22;6,30;6,22;6,28;3.283.892
2014-12-24;6,26;6,30;6,24;6,25;736.498
2014-12-29;6,25;6,29;6,19;6,26;3.137.273
2014-12-30;6,23;6,28;6,19;6,19;2.673.468
2014-12-31;6,21;6,28;6,18;6,26;1.120.138
2015-01-02;6,26;6,29;6,18;6,19;3.782.331
2015-01-05;6,15;6,27;6,04;6,04;7.285.180
2015-01-06;6,05;6,07;5,92;5,94;9.146.164
2015-01-07;5,97;6,04;5,94;5,98;7.161.950
2015-01-08;6,05;6,18;6,03;6,16;6.755.919
2015-01-09;6,14;6,18;5,95;6,00;6.735.016
2015-01-12;6,01;6,06;5,92;5,99;4.689.325
2015-01-13;5,96;6,15;5,94;6,10;6.317.694
2015-01-14;6,07;6,14;5,97;5,98;5.597.353
2015-01-15;6,04;6,11;5,87;6,04;12.494.973
2015-01-16;6,01;6,10;5,98;6,09;8.330.887
2015-01-19;6,09;6,25;6,08;6,23;7.022.987
2015-01-20;6,26;6,31;6,20;6,23;7.447.938
2015-01-21;6,22;6,23;6,11;6,18;8.588.713
2015-01-22;6,19;6,33;6,18;6,30;13.357.698
2015-01-23;6,34;6,38;6,21;6,25;10.355.184
2015-01-26;6,23;6,32;6,21;6,26;7.769.845
2015-01-27;6,27;6,31;6,19;6,22;7.949.313
2015-01-28;6,29;6,32;6,21;6,26;6.897.478
2015-01-29;6,24;6,34;6,22;6,33;7.129.302
2015-01-30;6,35;6,46;6,33;6,34;9.733.779
2015-02-02;6,34;6,39;6,31;6,38;5.997.433
2015-02-03;6,40;6,56;6,40;6,53;8.794.406
2015-02-04;6,56;6,59;6,45;6,51;7.958.421
2015-02-05;6,47;6,54;6,47;6,51;4.293.508
2015-02-06;6,50;6,60;6,45;6,57;6.116.191
2015-02-09;6,52;6,54;6,45;6,50;6.331.569
2015-02-10;6,52;6,59;6,47;6,54;5.475.081
2015-02-11;6,55;6,57;6,52;6,56;6.220.734
2015-02-12;6,55;6,68;6,55;6,64;7.082.738
2015-02-13;6,67;6,70;6,58;6,60;10.159.671
2015-02-16;6,61;6,66;6,60;6,61;6.138.673
2015-02-17;6,58;6,61;6,50;6,53;7.333.895
2015-02-18;6,56;6,67;6,56;6,65;8.389.136
2015-02-19;6,70;6,83;6,53;6,63;17.700.754
2015-02-20;6,62;6,72;6,62;6,72;11.257.402
2015-02-23;6,79;6,84;6,77;6,80;10.264.582
2015-02-24;6,82;6,85;6,73;6,84;10.125.240
2015-02-25;6,85;6,93;6,82;6,85;8.070.076
2015-02-26;6,87;6,94;6,87;6,93;6.225.302
2015-02-27;6,93;6,95;6,90;6,92;8.486.212
2015-03-02;6,88;6,92;6,84;6,90;6.597.901
2015-03-03;6,91;6,93;6,78;6,80;7.768.094
2015-03-04;6,81;6,85;6,76;6,83;6.761.310
2015-03-05;6,85;6,95;6,85;6,92;7.497.433
2015-03-06;6,92;7,34;6,92;7,33;20.224.060
2015-03-09;7,29;7,29;7,16;7,23;10.135.376
2015-03-10;7,20;7,22;7,06;7,12;9.990.137
2015-03-11;7,17;7,53;7,17;7,51;15.743.687
2015-03-12;7,51;7,56;7,45;7,52;10.525.722
2015-03-13;7,55;7,59;7,51;7,56;7.426.721
2015-03-16;7,59;7,68;7,59;7,66;7.140.190
2015-03-17;7,69;7,70;7,50;7,57;9.522.666
2015-03-18;7,55;7,64;7,53;7,64;8.432.409
2015-03-19;7,50;7,58;7,42;7,56;14.912.963
2015-03-20;7,59;7,62;7,52;7,59;12.673.656
2015-03-23;7,61;7,62;7,48;7,50;8.562.619
2015-03-24;7,50;7,62;7,50;7,59;6.131.585
2015-03-25;7,59;7,66;7,50;7,51;8.247.428
2015-03-26;7,35;7,37;7,18;7,28;13.848.562
2015-03-27;7,28;7,33;7,20;7,28;6.593.786
2015-03-30;7,31;7,47;7,31;7,45;5.371.467
2015-03-31;7,46;7,51;7,33;7,35;7.220.570
2015-04-01;7,33;7,52;7,32;7,40;7.141.352
2015-04-02;7,42;7,44;7,37;7,43;3.987.596
2015-04-07;7,49;7,55;7,46;7,52;6.409.998
2015-04-08;7,50;7,54;7,46;7,48;3.837.986
2015-04-09;7,52;7,53;7,47;7,51;4.026.252
2015-04-10;7,53;7,61;7,52;7,58;5.567.278
2015-04-13;7,59;7,64;7,57;7,59;4.199.656
2015-04-14;7,60;7,65;7,47;7,51;6.684.819
2015-04-15;7,57;7,63;7,53;7,58;5.693.260
2015-04-16;7,56;7,58;7,45;7,48;6.167.797
2015-04-17;7,45;7,45;7,24;7,30;8.914.674
2015-04-20;7,33;7,35;7,19;7,26;11.038.310
2015-04-21;7,32;7,38;7,18;7,19;8.808.562
2015-04-22;7,20;7,28;7,12;7,18;10.060.970
2015-04-23;7,17;7,20;7,04;7,15;7.019.574
2015-04-24;7,16;7,20;7,04;7,07;8.797.158
2015-04-27;7,10;7,21;7,04;7,20;7.791.059
2015-04-28;7,20;7,20;7,02;7,07;6.661.042
2015-04-29;7,10;7,14;6,90;6,94;10.021.582
2015-04-30;6,94;7,10;6,90;7,07;9.172.674
2015-05-04;7,03;7,13;6,96;7,10;5.417.432
2015-05-05;7,02;7,07;6,84;6,85;10.961.435
2015-05-06;6,85;6,99;6,85;6,94;9.901.556
2015-05-07;6,90;7,11;6,84;7,06;12.210.486
2015-05-08;7,10;7,10;6,94;7,02;11.358.208
2015-05-11;7,08;7,24;7,02;7,23;11.727.120
2015-05-12;7,23;7,24;7,11;7,14;10.735.416
2015-05-13;6,95;7,03;6,90;6,93;15.708.242
2015-05-14;6,95;7,08;6,88;7,06;6.491.902
2015-05-15;7,10;7,18;7,07;7,11;7.955.897
2015-05-18;7,13;7,14;6,97;7,08;6.958.396
2015-05-19;7,11;7,29;7,11;7,26;9.332.111
2015-05-20;7,27;7,29;7,19;7,27;6.721.604
2015-05-21;7,23;7,28;7,20;7,27;7.961.922
2015-05-22;7,18;7,25;7,14;7,19;6.015.820
2015-05-25;7,19;7,21;7,13;7,17;1.875.501
2015-05-26;7,16;7,21;7,09;7,12;5.697.131
2015-05-27;7,10;7,23;7,05;7,20;7.162.201
2015-05-28;7,19;7,21;6,99;7,04;11.824.147
2015-05-29;7,04;7,04;6,91;6,93;11.732.350
2015-06-01;6,95;6,97;6,77;6,85;9.121.510
2015-06-02;6,87;6,90;6,76;6,86;7.063.108
2015-06-03;6,86;6,91;6,82;6,88;7.189.821
2015-06-04;6,83;6,86;6,72;6,82;8.943.248
2015-06-05;6,76;6,87;6,72;6,81;13.229.843
2015-06-08;6,79;6,81;6,64;6,65;11.170.729
2015-06-09;6,65;6,66;6,43;6,56;16.553.105
2015-06-10;6,53;6,75;6,50;6,71;13.733.594
2015-06-11;6,69;6,72;6,59;6,64;16.148.646
2015-06-12;6,61;6,62;6,45;6,51;13.642.790
2015-06-15;6,44;6,48;6,40;6,44;9.105.444
2015-06-16;6,40;6,54;6,37;6,51;11.457.869
2015-06-17;6,53;6,56;6,45;6,49;8.346.124
2015-06-18;6,46;6,53;6,42;6,53;7.397.255
2015-06-19;6,51;6,59;6,48;6,51;15.951.115
2015-06-22;6,64;6,73;6,63;6,71;8.730.310
2015-06-23;6,77;6,84;6,75;6,76;8.588.204
2015-06-24;6,76;6,83;6,71;6,79;9.389.149
2015-06-25;6,75;6,88;6,75;6,80;8.015.812
2015-06-26;6,77;6,88;6,75;6,82;7.123.959
2015-06-29;6,50;6,69;6,43;6,60;11.065.141
2015-06-30;6,55;6,69;6,55;6,59;11.188.675
2015-07-01;6,65;6,75;6,61;6,70;10.091.217
2015-07-02;6,70;6,71;6,64;6,65;5.242.403
2015-07-03;6,66;6,67;6,58;6,61;4.890.563
2015-07-06;6,49;6,55;6,43;6,48;7.436.529
2015-07-07;6,49;6,50;6,34;6,36;9.004.372
2015-07-08;6,36;6,44;6,32;6,42;5.876.955
2015-07-09;6,45;6,60;6,44;6,56;5.445.709
2015-07-10;6,70;6,76;6,68;6,73;8.833.191
2015-07-13;6,82;6,91;6,81;6,90;6.580.180
2015-07-14;6,89;6,91;6,85;6,91;5.647.618
2015-07-15;6,88;6,95;6,88;6,91;5.253.388
2015-07-16;6,95;7,04;6,93;7,03;6.305.982
2015-07-17;7,03;7,13;6,99;7,10;6.976.097
2015-07-20;7,18;7,21;7,13;7,16;5.479.181
2015-07-21;7,17;7,19;7,10;7,11;4.477.913
2015-07-22;7,09;7,20;7,06;7,18;7.504.909
2015-07-23;7,22;7,22;7,15;7,19;5.622.313
2015-07-24;7,16;7,21;7,09;7,11;6.340.820
2015-07-27;7,05;7,09;6,98;6,98;6.311.842
2015-07-28;7,02;7,09;6,97;7,06;5.208.604
2015-07-29;7,08;7,10;6,96;6,99;6.447.285
2015-07-30;7,03;7,10;7,02;7,07;5.022.236
2015-07-31;7,07;7,09;6,90;7,00;6.957.807
2015-08-03;6,96;7,07;6,96;7,05;4.334.056
2015-08-04;7,05;7,09;7,02;7,07;3.920.722
2015-08-05;7,10;7,14;7,08;7,12;5.300.635
2015-08-06;7,11;7,16;7,10;7,14;3.890.374
2015-08-07;7,13;7,16;7,06;7,08;4.064.777
2015-08-10;7,10;7,16;7,01;7,15;4.116.871
2015-08-11;7,12;7,13;6,87;6,88;11.741.219
2015-08-12;6,85;6,85;6,63;6,64;11.920.985
2015-08-13;6,28;6,31;5,98;6,14;28.414.060
2015-08-14;6,17;6,18;5,91;5,97;17.403.339
2015-08-17;6,03;6,04;5,90;5,97;12.216.674
2015-08-18;5,95;6,16;5,93;6,14;11.046.052
2015-08-19;6,11;6,19;5,99;6,03;10.399.769
2015-08-20;5,98;6,01;5,82;5,83;10.806.388
2015-08-21;5,65;5,72;5,55;5,56;14.178.585
2015-08-24;5,32;5,39;4,96;5,20;23.168.073
2015-08-25;5,26;5,45;5,23;5,37;14.809.287
2015-08-26;5,32;5,41;5,21;5,32;11.673.605
2015-08-27;5,46;5,51;5,39;5,47;10.667.370
2015-08-28;5,57;5,74;5,50;5,53;12.669.827
2015-08-31;5,52;5,52;5,42;5,49;6.643.720
2015-09-01;5,43;5,46;5,29;5,36;10.588.855
2015-09-02;5,36;5,41;5,28;5,34;7.158.220
2015-09-03;5,40;5,50;5,34;5,46;9.611.482
2015-09-04;5,41;5,42;5,23;5,25;9.504.091
2015-09-07;5,28;5,33;5,23;5,26;4.761.490
2015-09-08;5,28;5,45;5,27;5,41;8.775.079
2015-09-09;5,54;5,66;5,48;5,56;15.087.896
2015-09-10;5,49;5,50;5,36;5,41;11.972.483
2015-09-11;5,42;5,42;5,27;5,27;8.726.464
2015-09-14;5,27;5,37;5,27;5,31;7.749.086
2015-09-15;5,32;5,44;5,28;5,41;6.271.214
2015-09-16;5,45;5,48;5,41;5,46;6.475.531
2015-09-17;5,48;5,53;5,46;5,51;6.502.025
2015-09-18;5,44;5,44;5,11;5,17;20.857.332
2015-09-21;5,16;5,22;5,11;5,17;9.105.009
2015-09-22;5,20;5,23;5,01;5,04;11.143.739
2015-09-23;5,03;5,11;5,00;5,03;6.429.736
2015-09-24;5,17;5,17;4,87;4,91;12.058.857
2015-09-25;5,03;5,25;5,01;5,20;13.184.567
2015-09-28;5,18;5,19;4,98;5,00;9.352.326
2015-09-29;4,93;5,05;4,88;4,98;8.735.062
2015-09-30;5,08;5,17;5,08;5,14;8.265.959
2015-10-01;5,20;5,22;5,02;5,03;10.411.924
2015-10-02;5,08;5,23;4,97;5,10;12.468.247
2015-10-05;5,20;5,31;5,17;5,30;7.517.541
2015-10-06;5,35;5,37;5,25;5,27;10.765.508
2015-10-07;5,31;5,47;5,30;5,42;13.417.413
2015-10-08;5,41;5,49;5,36;5,49;8.584.044
2015-10-09;5,53;5,60;5,52;5,55;7.472.082
2015-10-12;5,56;5,60;5,50;5,54;6.746.908
2015-10-13;5,51;5,51;5,34;5,44;6.604.196
2015-10-14;5,37;5,44;5,34;5,36;6.956.807
2015-10-15;5,42;5,44;5,36;5,38;6.673.406
2015-10-16;5,43;5,49;5,41;5,47;5.858.322
2015-10-19;5,47;5,58;5,45;5,47;4.335.969
2015-10-20;5,46;5,47;5,24;5,34;11.408.278
2015-10-21;5,34;5,35;5,24;5,28;9.249.632
2015-10-22;5,25;5,46;5,23;5,45;9.622.642
2015-10-23;5,48;5,57;5,45;5,55;8.036.922
2015-10-26;5,54;5,60;5,50;5,53;4.710.072
2015-10-27;5,53;5,53;5,42;5,43;5.319.467
2015-10-28;5,44;5,55;5,40;5,52;5.432.630
2015-10-29;5,58;5,61;5,52;5,58;7.130.635
2015-10-30;5,60;5,62;5,54;5,60;5.062.473
2015-11-02;5,54;5,77;5,54;5,75;9.109.232
2015-11-03;5,68;5,76;5,63;5,73;9.703.691
2015-11-04;5,76;5,83;5,71;5,71;7.437.881
2015-11-05;5,72;5,74;5,61;5,65;6.749.918
2015-11-06;5,64;5,87;5,61;5,85;13.759.377
2015-11-09;5,88;5,93;5,82;5,82;9.548.419
2015-11-10;5,83;5,85;5,69;5,71;8.540.430
2015-11-11;5,70;5,75;5,65;5,74;8.911.037
2015-11-12;5,60;5,63;5,03;5,10;30.517.505
2015-11-13;5,06;5,19;4,99;5,13;17.463.473
2015-11-16;5,05;5,15;5,02;5,09;8.192.336
2015-11-17;5,15;5,27;5,13;5,26;11.010.540
2015-11-18;5,27;5,37;5,24;5,37;10.247.284
2015-11-19;5,41;5,52;5,41;5,50;10.956.103
2015-11-20;5,52;5,53;5,44;5,51;7.398.879
2015-11-23;5,52;5,56;5,46;5,54;6.798.894
2015-11-24;5,55;5,57;5,48;5,54;6.727.557
2015-11-25;5,57;5,75;5,53;5,74;10.147.577
2015-11-26;5,73;5,87;5,71;5,85;7.268.403
2015-11-27;5,83;5,88;5,77;5,80;6.818.029
2015-11-30;5,78;5,84;5,77;5,80;9.173.124
2015-12-01;5,82;5,85;5,78;5,81;7.583.919
2015-12-02;5,81;5,82;5,73;5,76;6.173.413
2015-12-03;5,73;5,82;5,49;5,50;15.259.060
2015-12-04;5,49;5,51;5,36;5,44;9.957.953
2015-12-07;5,50;5,51;5,41;5,42;6.698.705
2015-12-08;5,40;5,40;5,28;5,36;6.596.682
2015-12-09;5,35;5,45;5,27;5,38;6.512.459
2015-12-10;5,34;5,40;5,27;5,35;7.348.771
2015-12-11;5,33;5,34;5,13;5,15;9.440.642
2015-12-14;5,19;5,19;4,92;4,93;9.407.543
2015-12-15;5,00;5,04;4,96;4,99;13.098.894
2015-12-16;5,02;5,05;4,93;4,96;8.862.621
2015-12-17;5,12;5,26;5,09;5,12;12.847.076
2015-12-18;5,05;5,11;5,02;5,10;12.417.321
2015-12-21;5,07;5,20;5,06;5,08;6.401.070
2015-12-22;5,13;5,14;5,03;5,10;4.683.058
2015-12-23;5,16;5,29;5,14;5,28;5.961.004
2015-12-24;5,30;5,32;5,25;5,26;1.122.624
2015-12-28;5,27;5,31;5,23;5,24;3.458.957
2015-12-29;5,27;5,34;5,24;5,30;4.039.406
2015-12-30;5,28;5,31;5,24;5,25;3.382.099
2015-12-31;5,27;5,27;5,20;5,23;1.435.458
2016-01-04;5,16;5,16;5,02;5,08;7.122.571
2016-01-05;5,12;5,14;4,98;5,05;8.487.249
2016-01-06;5,05;5,10;4,96;5,03;9.007.308
2016-01-07;4,86;4,90;4,74;4,84;12.933.166
2016-01-08;4,83;4,93;4,75;4,76;11.168.882
2016-01-11;4,75;4,90;4,74;4,84;9.873.727
2016-01-12;4,86;4,98;4,81;4,95;10.479.775
2016-01-13;5,29;5,65;5,26;5,43;32.834.488
2016-01-14;5,35;5,50;5,33;5,42;18.505.247
2016-01-15;5,37;5,47;5,20;5,29;17.734.679
2016-01-18;5,26;5,36;5,10;5,10;10.362.219
2016-01-19;5,20;5,30;5,14;5,18;10.333.020
2016-01-20;5,06;5,11;4,90;4,97;14.312.977
2016-01-21;4,97;5,13;4,90;5,06;10.218.850
2016-01-22;5,19;5,37;5,14;5,25;12.951.087
2016-01-25;5,31;5,31;5,12;5,15;7.406.994
2016-01-26;5,06;5,23;5,03;5,21;7.902.055
2016-01-27;5,22;5,24;5,11;5,18;6.796.695
2016-01-28;5,15;5,23;5,05;5,09;7.903.384
2016-01-29;5,17;5,20;5,08;5,20;8.715.456
2016-02-01;5,23;5,24;5,09;5,15;6.893.373
2016-02-02;5,12;5,13;4,90;4,93;10.198.374
2016-02-03;4,92;4,93;4,70;4,76;12.994.611
2016-02-04;4,85;4,92;4,76;4,86;10.928.536
2016-02-05;4,86;4,92;4,76;4,82;10.795.219
2016-02-08;4,88;4,93;4,64;4,67;14.271.383
2016-02-09;4,63;4,68;4,22;4,25;21.404.937
2016-02-10;4,31;4,52;4,24;4,39;14.832.325
2016-02-11;4,32;4,32;4,04;4,07;15.319.473
2016-02-12;4,14;4,16;4,04;4,12;15.271.515
2016-02-15;4,26;4,34;4,23;4,24;11.558.007
2016-02-16;4,30;4,30;4,13;4,23;10.811.650
2016-02-17;4,23;4,49;4,20;4,47;11.671.275
2016-02-18;4,52;4,56;4,45;4,53;3.588.470
2016-02-19;4,41;4,46;4,23;4,30;13.719.670
2016-02-22;4,41;4,52;4,37;4,51;11.522.230
2016-02-23;4,47;4,62;4,43;4,49;13.020.206
2016-02-24;4,49;4,49;4,35;4,40;10.389.750
2016-02-25;4,46;4,54;4,42;4,45;8.398.886
2016-02-26;4,50;4,61;4,49;4,57;9.070.101
2016-02-29;4,52;4,63;4,50;4,63;7.186.785
2016-03-01;4,60;4,78;4,59;4,77;8.153.847
2016-03-02;4,80;4,88;4,79;4,87;8.474.351
2016-03-03;4,89;4,90;4,82;4,88;5.341.780
2016-03-04;4,90;4,95;4,85;4,91;7.496.866
2016-03-07;4,90;4,97;4,85;4,88;6.467.267
2016-03-08;4,84;4,90;4,79;4,83;7.651.339
2016-03-09;4,84;4,94;4,82;4,88;6.176.020
2016-03-10;4,90;5,10;4,83;4,87;13.887.372
2016-03-11;4,95;5,10;4,93;5,09;8.969.729
2016-03-14;5,15;5,20;5,03;5,09;7.923.179
2016-03-15;5,05;5,08;5,00;5,01;5.768.894
2016-03-16;5,00;5,09;4,96;5,08;6.836.322
2016-03-17;5,13;5,14;4,96;5,10;7.083.390
2016-03-18;5,12;5,16;5,03;5,13;13.157.094
2016-03-21;5,09;5,17;5,06;5,08;6.432.427
2016-03-22;5,06;5,08;5,00;5,06;5.748.184
2016-03-23;5,08;5,12;5,04;5,06;5.471.096
2016-03-24;5,03;5,08;4,90;4,92;7.667.728
2016-03-29;4,95;5,06;4,89;4,94;4.681.067
2016-03-30;4,90;4,96;4,89;4,90;7.148.461
2016-03-31;4,88;4,94;4,83;4,83;6.958.405
2016-04-01;4,77;4,78;4,70;4,72;10.428.460
2016-04-04;4,72;4,84;4,69;4,77;7.691.701
2016-04-05;4,72;4,72;4,60;4,61;8.580.708
2016-04-06;4,61;4,67;4,57;4,62;7.751.535
2016-04-07;4,64;4,68;4,58;4,60;9.490.752
2016-04-08;4,61;4,76;4,61;4,72;6.385.322
2016-04-11;4,74;4,91;4,73;4,86;10.224.662
2016-04-12;4,88;4,96;4,83;4,91;9.219.031
2016-04-13;4,96;5,15;4,96;5,15;11.005.714
2016-04-14;5,15;5,21;5,13;5,18;11.339.392
2016-04-15;5,17;5,18;5,10;5,13;10.484.554
2016-04-18;5,06;5,16;5,02;5,16;6.778.676
2016-04-19;5,13;5,21;5,12;5,15;9.829.457
2016-04-20;5,14;5,25;5,10;5,25;11.554.237
2016-04-21;5,23;5,38;5,22;5,36;11.871.610
2016-04-22;5,35;5,41;5,29;5,39;8.710.136
2016-04-25;5,36;5,40;5,10;5,12;13.616.475
2016-04-26;5,14;5,22;5,11;5,17;8.451.029
2016-04-27;5,16;5,21;5,10;5,14;7.218.428
2016-04-28;5,10;5,18;5,06;5,18;7.567.732
2016-04-29;5,11;5,17;5,01;5,01;9.641.455
2016-05-02;5,04;5,09;5,00;5,09;6.341.876
2016-05-03;5,09;5,10;4,87;4,88;12.421.324
2016-05-04;4,87;4,93;4,85;4,86;9.273.371
2016-05-05;4,89;4,91;4,81;4,82;9.210.077
2016-05-06;4,80;4,89;4,74;4,84;9.466.300
2016-05-09;4,88;4,92;4,80;4,83;7.702.358
2016-05-10;4,89;4,96;4,84;4,88;7.882.804
2016-05-11;4,86;4,88;4,75;4,83;10.519.585
2016-05-12;4,42;4,51;4,25;4,28;32.940.539
2016-05-13;4,25;4,33;4,18;4,32;15.267.441
2016-05-16;4,29;4,31;4,23;4,31;6.223.002
2016-05-17;4,33;4,37;4,27;4,29;9.005.330
2016-05-18;4,22;4,37;4,18;4,36;12.872.268
2016-05-19;4,40;4,49;4,39;4,42;12.251.220
2016-05-20;4,47;4,51;4,44;4,50;7.670.660
2016-05-23;4,49;4,50;4,36;4,45;8.092.758
2016-05-24;4,30;4,52;4,29;4,52;7.861.289
2016-05-25;4,56;4,61;4,52;4,55;10.962.184
2016-05-26;4,55;4,59;4,50;4,58;10.313.213
2016-05-27;4,54;4,58;4,52;4,57;4.732.940
2016-05-30;4,58;4,62;4,57;4,62;2.727.243
2016-05-31;4,63;4,65;4,59;4,62;11.505.413
2016-06-01;4,60;4,61;4,45;4,54;10.156.607
2016-06-02;4,55;4,61;4,51;4,55;5.898.854
2016-06-03;4,57;4,60;4,37;4,40;8.807.845
2016-06-06;4,39;4,43;4,36;4,42;6.078.734
2016-06-07;4,44;4,47;4,42;4,43;5.564.937
2016-06-08;4,41;4,41;4,31;4,35;6.779.144
2016-06-09;4,35;4,35;4,26;4,29;7.705.064
2016-06-10;4,25;4,26;4,07;4,09;8.599.788
2016-06-13;4,03;4,06;3,90;3,94;10.562.447
2016-06-14;3,90;3,94;3,84;3,87;10.885.822
2016-06-15;3,92;3,99;3,89;3,90;9.840.670
2016-06-16;3,84;3,86;3,76;3,79;11.490.699
2016-06-17;3,85;3,98;3,83;3,87;42.813.501
2016-06-20;4,04;4,13;4,00;4,12;10.238.739
2016-06-21;4,13;4,21;4,10;4,18;5.949.295
2016-06-22;4,20;4,28;4,15;4,24;5.481.782
2016-06-23;4,25;4,39;4,22;4,34;10.050.822
2016-06-24;3,54;3,96;3,54;3,86;21.764.306
2016-06-27;3,82;3,87;3,57;3,61;15.348.063
2016-06-28;3,71;3,73;3,55;3,56;14.481.619
2016-06-29;3,59;3,63;3,47;3,53;16.548.097
2016-06-30;3,55;3,58;3,49;3,53;14.717.732
2016-07-01;3,57;3,58;3,50;3,54;15.203.223
2016-07-04;3,55;3,57;3,44;3,47;10.334.029
2016-07-05;3,43;3,44;3,18;3,18;17.596.444
2016-07-06;3,15;3,17;3,00;3,04;19.737.394
2016-07-07;3,08;3,22;3,08;3,16;16.656.741
2016-07-08;3,17;3,37;3,14;3,30;14.374.200
2016-07-11;3,37;3,39;3,29;3,37;10.829.586
2016-07-12;3,29;3,45;3,24;3,42;13.062.905
2016-07-13;3,44;3,54;3,43;3,45;14.662.614
2016-07-14;3,50;3,52;3,43;3,47;14.949.417
2016-07-15;3,47;3,50;3,39;3,45;11.559.176
2016-07-18;3,47;3,53;3,44;3,49;9.813.556
2016-07-19;3,50;3,54;3,42;3,46;8.915.545
2016-07-20;3,49;3,55;3,46;3,54;7.952.350
2016-07-21;3,55;3,60;3,50;3,53;9.386.953
2016-07-22;3,49;3,52;3,46;3,48;9.705.136
2016-07-25;3,49;3,54;3,46;3,54;6.487.228
2016-07-26;3,53;3,56;3,46;3,53;7.231.114
2016-07-27;3,56;3,68;3,56;3,62;10.870.960
2016-07-28;3,61;3,66;3,56;3,57;9.595.957
2016-07-29;3,60;3,68;3,59;3,65;9.067.141
2016-08-01;3,69;3,70;3,52;3,54;11.691.388
2016-08-02;3,52;3,53;3,38;3,42;9.080.623
2016-08-03;3,48;3,56;3,47;3,55;2.297.610
2016-08-04;3,48;3,56;3,46;3,49;8.756.850
2016-08-05;3,51;3,65;3,49;3,65;10.429.073
2016-08-08;3,67;3,77;3,65;3,74;9.145.658
2016-08-09;3,72;3,79;3,72;3,79;7.022.556
2016-08-10;3,77;3,85;3,75;3,85;10.336.506
2016-08-11;3,97;3,98;3,69;3,82;15.835.279
2016-08-12;3,81;3,83;3,67;3,69;13.908.959
2016-08-15;3,69;3,73;3,64;3,71;6.532.929
2016-08-16;3,70;3,72;3,63;3,65;9.338.752
2016-08-17;3,68;3,72;3,61;3,63;7.713.241
2016-08-18;3,69;3,70;3,64;3,66;7.262.857
2016-08-19;3,52;3,53;3,37;3,41;15.890.261
2016-08-22;3,41;3,51;3,41;3,43;10.330.673
2016-08-23;3,44;3,54;3,43;3,52;10.872.812
2016-08-24;3,51;3,55;3,48;3,51;7.641.969
2016-08-25;3,49;3,49;3,38;3,44;12.168.113
2016-08-26;3,42;3,47;3,39;3,44;8.882.561
2016-08-29;3,43;3,47;3,42;3,44;4.584.842
2016-08-30;3,47;3,54;3,43;3,53;10.192.050
2016-08-31;3,53;3,81;3,52;3,67;17.259.102
2016-09-01;3,62;3,74;3,59;3,61;14.473.997
2016-09-02;3,64;3,69;3,58;3,68;10.839.463
2016-09-05;3,70;3,71;3,64;3,68;8.431.642
2016-09-06;3,67;3,67;3,57;3,61;13.681.765
2016-09-07;3,62;3,64;3,58;3,59;11.981.567
2016-09-08;3,58;3,63;3,49;3,62;16.230.334
2016-09-09;3,61;3,69;3,58;3,66;12.075.443
2016-09-12;3,56;3,60;3,48;3,53;12.230.965
2016-09-13;3,56;3,58;3,42;3,42;10.177.261
2016-09-14;3,45;3,45;3,36;3,36;12.392.033
2016-09-15;3,35;3,41;3,33;3,38;10.590.079
2016-09-16;3,39;3,40;3,29;3,30;16.505.684
2016-09-19;3,34;3,37;3,32;3,36;6.578.933
2016-09-20;3,37;3,40;3,32;3,38;9.761.637
2016-09-21;3,44;3,53;3,43;3,48;10.686.939
2016-09-22;3,50;3,56;3,46;3,52;11.257.468
2016-09-23;3,50;3,56;3,49;3,55;8.122.320
2016-09-26;3,53;3,53;3,42;3,44;10.006.631
2016-09-27;3,47;3,48;3,33;3,36;10.566.597
2016-09-28;3,38;3,46;3,38;3,41;7.401.737
2016-09-29;3,46;3,48;3,41;3,43;8.100.535
2016-09-30;3,33;3,42;3,27;3,41;17.282.389
2016-10-03;3,42;3,45;3,38;3,41;8.740.107
2016-10-04;3,41;3,48;3,39;3,47;11.255.033
2016-10-05;3,51;3,66;3,48;3,62;21.954.200
2016-10-06;3,65;3,77;3,64;3,71;19.780.256
2016-10-07;3,71;3,76;3,63;3,67;16.771.825
2016-10-10;3,67;3,69;3,58;3,67;9.702.788
2016-10-11;3,65;3,73;3,64;3,70;11.955.200
2016-10-12;3,72;3,89;3,71;3,87;19.172.667
2016-10-13;3,80;3,80;3,62;3,65;28.318.453
2016-10-14;3,67;3,77;3,67;3,72;13.744.264
2016-10-17;3,71;3,80;3,71;3,74;10.846.569
2016-10-18;3,78;3,80;3,76;3,79;12.713.560
2016-10-19;3,78;3,85;3,76;3,82;10.015.264
2016-10-20;3,85;3,87;3,82;3,86;10.222.025
2016-10-21;3,87;3,89;3,82;3,85;13.509.667
2016-10-24;3,88;3,96;3,87;3,93;12.290.865
2016-10-25;3,93;3,97;3,90;3,96;10.330.077
2016-10-26;3,96;4,01;3,93;3,98;13.903.302
2016-10-27;3,97;4,01;3,93;4,00;11.530.558
2016-10-28;4,00;4,01;3,94;3,99;11.379.848
2016-10-31;3,96;3,97;3,91;3,93;10.237.167
2016-11-01;3,95;3,97;3,88;3,90;10.144.700
2016-11-02;3,85;3,85;3,78;3,79;10.552.819
2016-11-03;3,80;3,92;3,77;3,86;10.614.499
2016-11-04;3,80;3,83;3,74;3,80;10.870.905
2016-11-07;3,88;3,91;3,87;3,91;7.459.645
2016-11-08;3,91;3,93;3,84;3,92;8.787.449
2016-11-09;3,71;4,10;3,68;4,10;24.626.431
2016-11-10;4,39;4,70;4,37;4,65;43.122.443
2016-11-11;4,68;4,75;4,59;4,65;18.693.661
2016-11-14;4,75;4,88;4,73;4,84;18.535.318
2016-11-15;4,85;4,86;4,69;4,80;15.893.905
2016-11-16;4,81;4,84;4,69;4,74;11.192.703
2016-11-17;4,68;4,78;4,68;4,78;9.524.171
2016-11-18;4,80;4,83;4,72;4,77;9.165.661
2016-11-21;4,78;4,80;4,71;4,72;8.561.461
2016-11-22;4,76;4,86;4,74;4,82;12.488.495
2016-11-23;4,84;4,85;4,76;4,80;9.473.454
2016-11-24;4,79;4,86;4,78;4,82;6.718.507
2016-11-25;4,84;4,86;4,78;4,79;6.097.304
2016-11-28;4,78;4,79;4,70;4,73;7.172.865
2016-11-29;4,71;4,77;4,66;4,76;6.826.140
2016-11-30;4,75;4,83;4,72;4,80;11.433.112
2016-12-01;4,74;4,83;4,73;4,79;9.915.610
2016-12-02;4,77;4,80;4,74;4,76;9.626.936
2016-12-05;4,71;4,95;4,69;4,95;13.483.147
2016-12-06;4,94;5,00;4,85;5,00;10.718.806
2016-12-07;5,06;5,24;5,05;5,24;15.682.891
2016-12-08;5,27;5,32;5,17;5,27;16.966.825
2016-12-09;5,30;5,30;5,17;5,21;10.455.331
2016-12-12;5,23;5,27;5,20;5,22;9.899.102
2016-12-13;5,21;5,24;5,16;5,22;9.032.375
2016-12-14;5,22;5,23;5,18;5,19;8.193.770
2016-12-15;5,24;5,31;5,16;5,24;16.433.880
2016-12-16;5,24;5,30;5,22;5,27;15.676.280
2016-12-19;5,26;5,26;5,19;5,22;6.425.180
2016-12-20;5,20;5,26;5,20;5,25;6.163.724
2016-12-21;5,23;5,28;5,22;5,28;5.071.202
2016-12-22;5,25;5,29;5,24;5,26;5.375.204
2016-12-23;5,28;5,30;5,23;5,27;3.583.229
2016-12-27;5,27;5,30;5,25;5,25;3.373.388
2016-12-28;5,27;5,28;5,22;5,25;3.744.301
2016-12-29;5,21;5,23;5,18;5,20;2.889.909
2016-12-30;5,20;5,25;5,18;5,23;2.902.568
2017-01-02;5,20;5,30;5,20;5,27;3.711.740
2017-01-03;5,29;5,37;5,28;5,36;7.355.393
2017-01-04;5,39;5,41;5,34;5,38;6.007.234
2017-01-05;5,37;5,40;5,29;5,31;7.630.924
2017-01-06;5,29;5,32;5,25;5,31;5.956.591
2017-01-09;5,33;5,34;5,15;5,17;8.707.523
2017-01-10;5,15;5,17;5,03;5,15;9.451.575
2017-01-11;5,15;5,22;5,11;5,18;6.769.041
2017-01-12;5,26;5,27;5,07;5,09;10.647.025
2017-01-13;5,12;5,24;5,11;5,22;7.764.532
2017-01-16;5,19;5,19;5,09;5,12;6.006.429
2017-01-17;5,03;5,14;5,00;5,07;7.266.229
2017-01-18;5,04;5,05;4,93;4,96;11.822.101
2017-01-19;4,96;5,08;4,96;5,01;7.675.536
2017-01-20;5,02;5,05;4,98;5,02;7.572.175
2017-01-23;4,99;5,00;4,93;4,94;8.106.900
2017-01-24;4,97;5,03;4,97;5,02;6.582.853
2017-01-25;5,06;5,23;5,06;5,21;11.230.194
2017-01-26;5,27;5,36;5,16;5,22;9.429.255
2017-01-27;5,21;5,25;5,16;5,18;6.525.948
2017-01-30;5,14;5,16;5,04;5,06;6.781.494
2017-01-31;5,06;5,18;5,01;5,01;8.974.824
2017-02-01;5,08;5,17;5,06;5,14;7.393.190
2017-02-02;5,09;5,12;5,03;5,08;6.365.410
2017-02-03;5,09;5,22;5,04;5,20;9.139.834
2017-02-06;5,20;5,22;5,09;5,10;6.632.996
2017-02-07;5,08;5,12;5,05;5,08;5.631.054
2017-02-08;5,09;5,13;4,93;5,03;8.966.814
2017-02-09;5,05;5,14;5,03;5,13;9.138.852
2017-02-10;5,17;5,20;5,13;5,15;8.103.396
2017-02-13;5,17;5,24;5,16;5,23;6.517.460
2017-02-14;5,24;5,27;5,21;5,26;7.005.054
2017-02-15;5,29;5,34;5,27;5,31;9.355.103
2017-02-16;5,31;5,31;5,25;5,27;7.764.159
2017-02-17;5,39;5,49;4,91;5,03;28.471.871
2017-02-20;5,08;5,11;5,03;5,08;8.648.304
2017-02-21;5,09;5,16;5,04;5,14;8.023.310
2017-02-22;5,17;5,22;5,08;5,15;8.770.852
2017-02-23;5,14;5,14;5,00;5,01;13.614.555
2017-02-24;4,99;5,03;4,89;4,96;11.135.699
2017-02-27;4,98;5,01;4,93;4,97;6.095.421
2017-02-28;5,00;5,02;4,92;5,02;10.451.273
2017-03-01;5,04;5,18;5,04;5,17;12.540.781
2017-03-02;5,18;5,20;5,11;5,20;9.328.198
2017-03-03;5,16;5,31;5,15;5,30;11.198.195
2017-03-06;5,28;5,34;5,26;5,28;6.895.093
2017-03-07;5,28;5,31;5,25;5,31;6.325.241
2017-03-08;5,30;5,35;5,28;5,30;7.915.200
2017-03-09;5,31;5,38;5,25;5,35;9.782.662
2017-03-10;5,38;5,44;5,37;5,38;7.857.153
2017-03-13;5,36;5,43;5,33;5,38;5.219.674
2017-03-14;5,38;5,38;5,28;5,31;6.706.010
2017-03-15;5,32;5,37;5,29;5,34;7.425.241
2017-03-16;5,40;5,40;5,34;5,37;7.289.362
2017-03-17;5,37;5,41;5,32;5,32;12.269.554
2017-03-20;5,29;5,35;5,27;5,28;5.585.817
2017-03-21;5,30;5,38;5,20;5,24;9.918.980
2017-03-22;5,19;5,19;5,07;5,10;11.957.642
2017-03-23;5,11;5,14;5,05;5,14;8.460.775
2017-03-24;5,12;5,13;4,83;4,87;29.141.801
2017-03-27;4,78;4,78;4,65;4,75;18.655.317
2017-03-28;4,80;4,83;4,75;4,81;9.929.212
2017-03-29;4,84;4,87;4,70;4,77;12.608.464
2017-03-30;4,76;4,82;4,75;4,79;8.170.954
2017-03-31;4,79;4,82;4,76;4,77;7.087.977
2017-04-03;4,78;4,79;4,70;4,71;7.460.581
2017-04-04;4,72;4,76;4,63;4,70;7.768.698
2017-04-05;4,70;4,71;4,65;4,67;7.075.686
2017-04-06;4,61;4,68;4,53;4,67;11.486.308
2017-04-07;4,64;4,65;4,54;4,59;11.746.678
2017-04-10;4,60;4,62;4,56;4,60;7.614.880
2017-04-11;4,57;4,62;4,51;4,58;10.977.332
2017-04-12;4,60;4,66;4,55;4,56;8.278.707
2017-04-13;4,55;4,56;4,49;4,54;8.393.970
2017-04-18;4,55;4,56;4,40;4,42;13.478.811
2017-04-19;4,44;4,54;4,44;4,51;11.148.911
2017-04-20;4,50;4,57;4,47;4,55;7.811.294
2017-04-21;4,56;4,69;4,56;4,62;12.795.431
2017-04-24;4,81;4,83;4,68;4,73;14.828.740
2017-04-25;4,78;4,79;4,67;4,74;12.556.461
2017-04-26;4,74;4,76;4,69;4,74;9.080.297
2017-04-27;4,73;4,75;4,62;4,66;9.411.170
2017-04-28;4,68;4,72;4,66;4,68;12.843.365
2017-05-02;4,70;4,73;4,67;4,72;8.072.299
2017-05-03;4,71;4,72;4,67;4,71;5.623.239
2017-05-04;4,73;4,86;4,72;4,81;12.498.872
2017-05-05;4,81;4,91;4,78;4,89;9.075.510
2017-05-08;4,91;4,91;4,85;4,91;9.535.951
2017-05-09;4,91;4,95;4,90;4,90;6.400.389
2017-05-10;4,88;4,94;4,86;4,91;7.851.641
2017-05-11;5,00;5,04;4,56;4,59;41.151.747
2017-05-12;4,60;4,60;4,46;4,54;19.808.940
2017-05-15;4,57;4,57;4,50;4,56;9.473.925
2017-05-16;4,55;4,56;4,50;4,53;8.258.384
2017-05-17;4,50;4,50;4,32;4,37;17.888.859
2017-05-18;4,33;4,40;4,26;4,40;16.574.234
2017-05-19;4,41;4,44;4,34;4,42;11.568.954
2017-05-22;4,66;4,79;4,61;4,71;34.488.423
2017-05-23;4,55;4,58;4,43;4,47;16.565.237
2017-05-24;4,46;4,48;4,43;4,45;6.565.377
2017-05-25;4,44;4,47;4,40;4,42;7.085.878
2017-05-26;4,42;4,42;4,36;4,41;7.737.643
2017-05-29;4,39;4,48;4,36;4,47;5.173.861
2017-05-30;4,46;4,51;4,41;4,43;8.486.547
2017-05-31;4,42;4,46;4,38;4,43;12.991.632
2017-06-01;4,40;4,52;4,39;4,52;12.775.575
2017-06-02;4,54;4,59;4,43;4,44;11.304.770
2017-06-05;4,43;4,43;4,39;4,41;5.211.183
2017-06-06;4,38;4,38;4,28;4,30;11.390.563
2017-06-07;4,31;4,38;4,28;4,32;7.583.308
2017-06-08;4,33;4,42;4,33;4,39;8.974.962
2017-06-09;4,41;4,53;4,37;4,50;10.428.149
2017-06-12;4,51;4,58;4,48;4,55;10.618.838
2017-06-13;4,58;4,62;4,57;4,57;8.689.364
2017-06-14;4,59;4,62;4,49;4,50;12.895.088
2017-06-15;4,51;4,52;4,42;4,48;10.451.097
2017-06-16;4,50;4,53;4,43;4,48;13.420.039
2017-06-19;4,50;4,54;4,50;4,51;8.213.650
2017-06-20;4,52;4,54;4,47;4,47;7.575.546
2017-06-21;4,46;4,46;4,35;4,44;10.912.588
2017-06-22;4,41;4,45;4,37;4,41;6.695.734
2017-06-23;4,41;4,43;4,31;4,38;10.377.254
2017-06-26;4,39;4,46;4,39;4,39;9.830.594
2017-06-27;4,40;4,41;4,32;4,35;10.323.180
2017-06-28;4,33;4,36;4,30;4,35;14.874.949
2017-06-29;4,38;4,55;4,37;4,53;24.734.021
2017-06-30;4,55;4,57;4,47;4,47;9.425.884
2017-07-03;4,50;4,65;4,50;4,63;12.473.875
2017-07-04;4,61;4,71;4,59;4,67;9.949.956
2017-07-05;4,68;4,73;4,63;4,65;8.139.205
2017-07-06;4,66;4,71;4,64;4,70;8.249.959
2017-07-07;4,75;4,83;4,73;4,81;15.835.721
2017-07-10;4,84;4,89;4,83;4,84;9.202.461
2017-07-11;4,84;4,90;4,82;4,83;7.986.459
2017-07-12;4,83;4,87;4,77;4,79;11.921.286
2017-07-13;4,79;4,83;4,79;4,81;8.083.488
2017-07-14;4,82;4,83;4,73;4,78;7.015.288
2017-07-17;4,78;4,79;4,75;4,77;5.683.307
2017-07-18;4,76;4,76;4,61;4,63;12.631.474
2017-07-19;4,65;4,65;4,57;4,64;9.102.458
2017-07-20;4,66;4,74;4,64;4,66;13.626.299
2017-07-21;4,65;4,68;4,60;4,62;8.737.393
2017-07-24;4,59;4,68;4,54;4,68;10.919.985
2017-07-25;4,70;4,78;4,67;4,77;13.139.248
2017-07-26;4,75;4,79;4,71;4,75;7.814.372
2017-07-27;4,74;4,77;4,70;4,76;7.102.576
2017-07-28;4,74;4,74;4,68;4,73;6.687.119
2017-07-31;4,73;4,78;4,72;4,74;8.171.742
2017-08-01;4,74;4,78;4,71;4,75;7.695.429
2017-08-02;4,76;4,80;4,72;4,77;9.050.330
2017-08-03;4,76;4,80;4,74;4,76;8.623.941
2017-08-04;4,75;4,83;4,74;4,83;8.921.750
2017-08-07;4,84;4,86;4,82;4,84;6.252.706
2017-08-08;4,90;4,96;4,87;4,93;13.818.674
2017-08-09;4,90;4,91;4,80;4,85;11.095.100
2017-08-10;5,09;5,38;5,08;5,11;39.633.537
2017-08-11;5,06;5,06;4,91;4,98;18.081.701
2017-08-14;5,05;5,10;5,00;5,00;8.902.196
2017-08-15;5,02;5,07;4,97;5,07;7.456.337
2017-08-16;5,10;5,20;5,06;5,19;11.384.985
2017-08-17;5,17;5,17;5,07;5,11;12.312.253
2017-08-18;4,94;4,98;4,90;4,98;11.473.331
2017-08-21;4,95;4,97;4,89;4,90;7.038.087
2017-08-22;4,93;4,95;4,91;4,94;4.621.788
2017-08-23;4,94;4,97;4,85;4,90;6.626.796
2017-08-24;4,92;4,97;4,91;4,96;5.282.032
2017-08-25;4,96;5,02;4,96;4,97;6.121.010
2017-08-28;4,94;4,94;4,89;4,90;4.799.668
2017-08-29;4,85;4,85;4,68;4,71;13.840.715
2017-08-30;4,76;4,79;4,72;4,75;5.522.972
2017-08-31;4,77;4,83;4,77;4,80;6.748.577
2017-09-01;4,82;4,85;4,77;4,83;5.389.508
2017-09-04;4,79;4,81;4,77;4,78;4.976.457
2017-09-05;4,78;4,79;4,68;4,69;7.710.139
2017-09-06;4,66;4,69;4,63;4,69;6.572.201
2017-09-07;4,70;4,71;4,64;4,67;8.037.358
2017-09-08;4,65;4,69;4,64;4,68;6.177.113
2017-09-11;4,72;4,79;4,72;4,78;10.108.883
2017-09-12;4,82;4,98;4,80;4,95;12.729.190
2017-09-13;4,94;4,99;4,94;4,96;6.927.385
2017-09-14;4,88;4,91;4,82;4,84;13.985.208
2017-09-15;4,81;4,83;4,75;4,79;12.724.726
2017-09-18;4,81;4,88;4,80;4,87;7.045.681
2017-09-19;4,86;4,88;4,83;4,87;4.309.293
2017-09-20;4,86;4,88;4,84;4,86;5.614.642
2017-09-21;4,90;4,98;4,90;4,94;10.666.626
2017-09-22;4,93;4,97;4,90;4,97;4.512.569
2017-09-25;4,96;4,99;4,88;4,90;6.111.399
2017-09-26;4,90;4,93;4,89;4,91;4.297.900
2017-09-27;4,93;5,03;4,93;5,00;12.624.136
2017-09-28;4,96;5,02;4,94;4,98;9.324.929
2017-09-29;5,00;5,00;4,92;4,93;11.668.018
2017-10-02;4,94;4,98;4,87;4,92;12.599.328
2017-10-03;4,90;4,91;4,87;4,87;11.880.658
2017-10-04;4,87;4,87;4,78;4,83;12.626.649
2017-10-05;4,82;4,82;4,75;4,75;19.426.684
2017-10-06;4,76;4,78;4,72;4,76;14.401.045
2017-10-09;4,75;4,80;4,74;4,80;8.450.141
2017-10-10;4,77;4,82;4,76;4,81;9.420.419
2017-10-11;4,82;4,87;4,81;4,82;9.889.281
2017-10-12;4,81;4,84;4,80;4,83;6.647.744
2017-10-13;4,84;4,89;4,83;4,86;8.930.466
2017-10-16;4,88;4,95;4,88;4,91;9.682.279
2017-10-17;4,92;4,96;4,91;4,94;7.908.588
2017-10-18;4,96;5,00;4,95;4,98;9.523.548
2017-10-19;4,98;5,02;4,95;5,01;10.462.108
2017-10-20;5,04;5,10;4,95;4,99;21.003.577
2017-10-23;4,99;5,07;4,96;5,05;9.751.938
2017-10-24;5,05;5,11;5,05;5,08;10.543.939
2017-10-25;5,08;5,09;5,04;5,07;10.814.504
2017-10-26;5,05;5,15;5,03;5,13;10.002.126
2017-10-27;5,16;5,18;5,09;5,09;12.616.166
2017-10-30;5,09;5,13;5,06;5,07;7.688.586
2017-10-31;5,07;5,11;5,02;5,07;7.131.604
2017-11-01;5,09;5,17;5,08;5,15;8.578.419
2017-11-02;5,15;5,21;5,12;5,19;10.862.141
2017-11-03;5,19;5,20;5,08;5,13;11.061.240
2017-11-06;5,11;5,14;5,08;5,13;7.299.908
2017-11-07;5,13;5,18;5,13;5,13;9.235.615
2017-11-08;5,12;5,16;5,06;5,08;14.875.632
2017-11-09;5,25;5,42;5,25;5,33;36.454.751
2017-11-10;5,33;5,40;5,22;5,23;18.753.684
2017-11-13;5,25;5,26;5,11;5,13;14.722.452
2017-11-14;5,14;5,19;5,09;5,10;10.732.281
2017-11-15;5,08;5,14;5,03;5,13;10.474.480
2017-11-16;5,15;5,17;5,11;5,15;7.172.721
2017-11-17;5,16;5,19;5,13;5,17;8.648.083
2017-11-20;5,14;5,15;5,11;5,13;7.248.413
2017-11-21;5,13;5,20;5,12;5,15;8.225.529
2017-11-22;5,16;5,17;5,12;5,12;7.114.327
2017-11-23;5,08;5,10;5,06;5,10;6.684.231
2017-11-24;5,10;5,15;5,07;5,11;6.113.615
2017-11-27;5,12;5,17;5,08;5,11;8.172.327
2017-11-28;5,13;5,18;5,11;5,18;8.105.329
2017-11-29;5,21;5,29;5,20;5,26;10.771.001
2017-11-30;5,27;5,29;5,21;5,22;11.675.161
2017-12-01;5,23;5,23;5,13;5,14;11.448.255
2017-12-04;5,21;5,27;5,21;5,26;10.569.504
2017-12-05;5,27;5,29;5,22;5,23;9.741.750
2017-12-06;5,18;5,24;5,16;5,22;8.494.876
2017-12-07;5,22;5,25;5,18;5,19;11.241.004
2017-12-08;5,24;5,30;5,23;5,25;9.946.580
2017-12-11;5,28;5,30;5,26;5,26;6.539.168
2017-12-12;5,28;5,30;5,26;5,30;7.369.342
2017-12-13;5,29;5,36;5,27;5,32;7.386.063
2017-12-14;5,31;5,34;5,27;5,30;6.446.187
2017-12-15;5,29;5,30;5,23;5,30;10.280.317
2017-12-18;5,31;5,38;5,31;5,35;7.347.349
2017-12-19;5,36;5,41;5,36;5,37;6.146.927
2017-12-20;5,38;5,38;5,30;5,31;9.107.371
2017-12-21;5,31;5,34;5,27;5,31;5.725.239
2017-12-22;5,28;5,32;5,27;5,29;3.558.373
2017-12-27;5,28;5,31;5,27;5,27;3.605.258
2017-12-28;5,29;5,37;5,27;5,32;5.129.013
2017-12-29;5,32;5,33;5,27;5,32;5.282.842
2018-01-02;5,34;5,34;5,26;5,31;6.110.612
2018-01-03;5,32;5,34;5,31;5,31;7.629.617
2018-01-04;5,35;5,35;5,30;5,34;8.075.144
2018-01-05;5,37;5,41;5,32;5,35;9.804.306
2018-01-08;5,39;5,42;5,36;5,40;8.256.117
2018-01-09;5,42;5,56;5,42;5,54;14.768.150
2018-01-10;5,54;5,64;5,54;5,63;10.530.649
2018-01-11;5,64;5,67;5,57;5,64;7.783.611
2018-01-12;5,65;5,73;5,64;5,69;11.544.982
2018-01-15;5,70;5,70;5,65;5,65;5.848.862
2018-01-16;5,67;5,69;5,61;5,64;7.550.710
2018-01-17;5,61;5,67;5,59;5,64;8.487.792
2018-01-18;5,64;5,71;5,64;5,71;10.406.591
2018-01-19;5,72;5,76;5,67;5,68;7.988.048
2018-01-22;5,68;5,72;5,67;5,71;5.705.090
2018-01-23;5,72;5,73;5,64;5,65;7.672.314
2018-01-24;5,64;5,68;5,62;5,62;5.302.481
2018-01-25;5,61;5,67;5,60;5,63;7.167.965
2018-01-26;5,63;5,66;5,60;5,63;5.378.779
2018-01-29;5,65;5,71;5,65;5,71;8.334.395
2018-01-30;5,68;5,70;5,56;5,60;10.753.197
2018-01-31;5,59;5,59;5,48;5,51;9.419.054
2018-02-01;5,55;5,60;5,47;5,52;6.964.372
2018-02-02;5,51;5,58;5,46;5,53;5.716.320
2018-02-05;5,50;5,53;5,43;5,49;8.497.911
2018-02-06;5,26;5,38;5,20;5,29;17.593.958
2018-02-07;5,39;5,46;5,30;5,44;10.296.146
2018-02-08;5,46;5,49;5,36;5,38;11.359.475
2018-02-09;5,35;5,38;5,19;5,25;13.272.490
2018-02-12;5,33;5,40;5,29;5,32;8.312.959
2018-02-13;5,32;5,36;5,28;5,34;7.179.861
2018-02-14;5,37;5,43;5,34;5,42;10.319.850
2018-02-15;5,62;5,71;5,52;5,53;16.106.848
2018-02-16;5,56;5,58;5,49;5,52;12.160.576
2018-02-19;5,55;5,56;5,48;5,51;4.557.410
2018-02-20;5,50;5,65;5,50;5,62;8.993.145
2018-02-21;5,62;5,68;5,55;5,68;7.815.927
2018-02-22;5,65;5,66;5,54;5,57;9.002.894
2018-02-23;5,58;5,63;5,55;5,62;6.221.674
2018-02-26;5,65;5,66;5,61;5,61;5.290.453
2018-02-27;5,64;5,71;5,63;5,71;7.218.168
2018-02-28;5,68;5,77;5,66;5,73;9.347.906
2018-03-01;5,70;5,71;5,63;5,63;9.910.250
2018-03-02;5,57;5,59;5,39;5,41;13.693.413
2018-03-05;5,37;5,52;5,36;5,50;9.875.969
2018-03-06;5,57;5,60;5,54;5,54;7.111.237
2018-03-07;5,52;5,57;5,47;5,57;7.065.158
2018-03-08;5,57;5,63;5,56;5,61;9.260.401
2018-03-09;5,60;5,63;5,58;5,60;6.815.335
2018-03-12;5,63;5,67;5,58;5,61;7.687.158
2018-03-13;5,61;5,64;5,52;5,53;8.172.104
2018-03-14;5,55;5,62;5,51;5,52;9.236.586
2018-03-15;5,55;5,65;5,54;5,63;10.149.400
2018-03-16;0,00;0,00;0,00;5,64;0
2018-03-19;0,00;0,00;0,00;5,56;0
2018-03-20;0,00;0,00;0,00;5,68;0
2018-03-21;0,00;0,00;0,00;5,63;0
2018-03-22;0,00;0,00;0,00;5,46;0
2018-03-23;5,41;5,42;5,31;5,38;8.566.033
2018-03-26;5,36;5,46;5,34;5,39;9.998.577
2018-03-27;5,45;5,51;5,44;5,45;9.613.226
2018-03-28;5,41;5,49;5,34;5,49;8.881.583
2018-03-29;5,49;5,55;5,47;5,48;7.889.914
2018-04-03;5,42;5,51;5,40;5,49;6.857.566
2018-04-04;5,49;5,50;5,33;5,39;9.290.624
2018-04-05;5,47;5,57;5,46;5,55;8.810.747
2018-04-06;5,54;5,62;5,51;5,58;10.448.831
2018-04-09;5,62;5,63;5,56;5,60;5.847.558
2018-04-10;5,63;5,72;5,62;5,71;11.189.571
2018-04-11;5,70;5,81;5,69;5,75;11.020.480
2018-04-12;5,77;5,89;5,76;5,88;10.827.377
2018-04-13;5,90;5,95;5,87;5,89;7.563.474
2018-04-16;5,90;5,94;5,83;5,84;6.202.802
2018-04-17;5,87;5,90;5,82;5,87;9.058.146
2018-04-18;5,87;5,98;5,87;5,95;9.739.726
2018-04-19;5,94;5,98;5,93;5,97;6.145.399
2018-04-20;5,98;6,02;5,95;6,00;8.981.887
2018-04-23;6,00;6,10;5,98;6,08;9.878.886
2018-04-24;6,08;6,13;6,05;6,12;9.119.793
2018-04-25;6,07;6,13;6,03;6,05;7.456.525
2018-04-26;6,04;6,10;6,00;6,09;9.488.329
2018-04-27;6,09;6,11;6,02;6,06;6.419.412
2018-04-30;6,09;6,11;6,06;6,09;8.169.970
2018-05-02;6,09;6,11;5,94;5,97;13.595.839
2018-05-03;5,92;5,93;5,77;5,80;18.460.828
2018-05-04;5,81;5,91;5,79;5,90;9.510.551
2018-05-07;5,92;5,94;5,88;5,90;4.992.377
2018-05-08;5,89;5,99;5,86;5,98;9.188.713
2018-05-09;6,00;6,06;6,00;6,03;10.923.714
2018-05-10;6,05;6,05;5,76;5,78;13.653.663
2018-05-11;5,80;5,82;5,75;5,82;10.468.128
2018-05-14;5,86;5,86;5,78;5,81;7.385.634
2018-05-15;5,81;5,94;5,81;5,93;11.216.390
2018-05-16;5,93;5,97;5,87;5,88;8.043.069
2018-05-17;5,86;5,92;5,83;5,91;7.959.967
2018-05-18;5,91;5,93;5,84;5,85;8.615.079
2018-05-21;5,88;5,93;5,86;5,88;6.424.935
2018-05-22;5,76;5,78;5,73;5,74;7.657.980
2018-05-23;5,73;5,74;5,60;5,63;9.773.137
2018-05-24;5,63;5,67;5,55;5,56;10.048.517
2018-05-25;5,60;5,66;5,56;5,61;7.130.438
2018-05-28;5,65;5,65;5,51;5,56;5.309.525
2018-05-29;5,50;5,50;5,24;5,37;15.159.455
2018-05-30;5,37;5,43;5,32;5,36;10.518.427
2018-05-31;5,40;5,46;5,29;5,33;14.414.431
2018-06-01;5,39;5,49;5,37;5,43;10.221.040
2018-06-04;5,48;5,48;5,41;5,46;6.289.312
2018-06-05;5,45;5,46;5,36;5,37;6.888.713
2018-06-06;5,38;5,39;5,28;5,34;8.201.961
2018-06-07;5,40;5,42;5,37;5,40;10.123.845
2018-06-08;5,35;5,40;5,30;5,37;6.953.569
2018-06-11;5,42;5,48;5,40;5,46;7.227.870
2018-06-12;5,50;5,50;5,41;5,42;7.408.075
2018-06-13;5,43;5,49;5,41;5,46;7.628.594
2018-06-14;5,42;5,46;5,38;5,43;8.854.480
2018-06-15;5,40;5,40;5,26;5,28;21.836.479
2018-06-18;5,24;5,37;5,23;5,32;11.755.251
2018-06-19;5,25;5,49;5,22;5,43;18.016.207
2018-06-20;5,50;5,50;5,37;5,38;14.319.637
2018-06-21;5,39;5,40;5,22;5,23;12.890.898
2018-06-22;5,23;5,31;5,22;5,30;10.386.790
2018-06-25;5,28;5,32;5,18;5,20;6.867.399
2018-06-26;5,22;5,23;5,08;5,13;11.725.763
2018-06-27;5,11;5,19;5,03;5,13;11.102.334
2018-06-28;5,10;5,15;5,04;5,08;10.022.657
2018-06-29;5,13;5,20;5,11;5,14;11.877.886
2018-07-02;5,09;5,14;5,04;5,10;7.134.441
2018-07-03;5,12;5,15;5,06;5,11;7.734.763
2018-07-04;5,09;5,14;5,09;5,12;5.701.407
2018-07-05;5,19;5,27;5,18;5,20;9.298.212
2018-07-06;5,24;5,24;5,11;5,16;8.054.698
2018-07-09;5,20;5,24;5,16;5,23;10.013.883
2018-07-10;5,24;5,24;5,19;5,19;7.401.376
2018-07-11;5,15;5,16;5,08;5,11;8.898.188
2018-07-12;5,12;5,15;5,08;5,13;6.042.298
2018-07-13;5,15;5,21;5,12;5,19;7.199.813
2018-07-16;5,19;5,25;5,16;5,24;7.088.334
2018-07-17;5,23;5,30;5,22;5,28;7.487.761
2018-07-18;5,28;5,34;5,23;5,32;6.839.240
2018-07-19;5,33;5,36;5,30;5,33;6.482.587
2018-07-20;5,30;5,32;5,24;5,29;8.869.998
2018-07-23;5,28;5,34;5,26;5,34;5.783.272
2018-07-24;5,37;5,46;5,35;5,42;10.696.328
2018-07-25;5,43;5,46;5,38;5,40;8.923.737
2018-07-26;5,43;5,45;5,40;5,45;6.623.559
2018-07-27;5,47;5,50;5,46;5,48;5.970.765
2018-07-30;5,46;5,55;5,45;5,53;7.514.540
2018-07-31;5,56;5,67;5,55;5,64;11.317.545
2018-08-01;5,64;5,70;5,62;5,65;9.970.013
2018-08-02;5,59;5,59;5,44;5,47;12.274.175
2018-08-03;5,49;5,54;5,48;5,52;7.279.384
2018-08-06;5,51;5,54;5,48;5,50;5.541.093
2018-08-07;5,49;5,54;5,48;5,51;8.263.355
2018-08-08;5,51;5,54;5,47;5,51;9.135.197
2018-08-09;5,51;5,54;5,49;5,50;6.877.816
2018-08-10;5,46;5,49;5,37;5,39;9.638.864
2018-08-13;5,36;5,45;5,35;5,41;7.244.477
2018-08-14;5,43;5,49;5,37;5,40;7.744.723
2018-08-15;5,43;5,44;5,32;5,36;8.801.964
2018-08-16;5,45;5,50;5,41;5,49;12.699.712
2018-08-17;5,50;5,50;5,26;5,27;14.584.108
2018-08-20;5,30;5,31;5,17;5,22;11.885.406
2018-08-21;5,22;5,29;5,19;5,28;7.181.880
2018-08-22;5,29;5,34;5,29;5,31;6.729.072
2018-08-23;5,26;5,27;5,20;5,23;8.538.823
2018-08-24;5,09;5,21;5,09;5,18;10.111.933
2018-08-27;5,20;5,21;5,13;5,19;5.850.864
2018-08-28;5,21;5,26;5,17;5,21;7.742.171
2018-08-29;5,22;5,22;5,16;5,19;6.309.786
2018-08-30;5,19;5,21;5,15;5,18;7.506.216
2018-08-31;5,17;5,20;5,12;5,17;7.210.582
2018-09-03;5,16;5,26;5,16;5,24;7.038.385
2018-09-04;5,24;5,27;5,17;5,20;7.152.348
2018-09-05;5,19;5,28;5,16;5,24;7.869.370
2018-09-06;5,20;5,26;5,19;5,20;5.948.929
2018-09-07;5,22;5,22;5,12;5,15;8.581.275
2018-09-10;5,14;5,22;5,11;5,17;8.146.019
2018-09-11;5,18;5,20;5,13;5,18;6.860.082
2018-09-12;5,18;5,24;5,18;5,23;8.336.464
2018-09-13;5,22;5,26;5,19;5,19;7.621.638
2018-09-14;5,23;5,24;5,19;5,19;6.050.541
2018-09-17;5,19;5,26;5,19;5,23;7.616.321
2018-09-18;5,23;5,26;5,19;5,24;9.082.740
2018-09-19;5,26;5,39;5,25;5,38;13.997.578
2018-09-20;5,38;5,51;5,37;5,47;13.199.071
2018-09-21;5,50;5,60;5,50;5,56;15.557.585
2018-09-24;5,54;5,61;5,53;5,55;7.460.246
2018-09-25;5,72;5,81;5,67;5,78;17.520.606
2018-09-26;5,78;5,79;5,71;5,71;9.535.720
2018-09-27;5,67;5,72;5,65;5,69;8.177.541
2018-09-28;5,65;5,69;5,56;5,59;12.398.098
2018-10-01;5,59;5,67;5,59;5,60;6.667.563
2018-10-02;5,56;5,58;5,50;5,58;7.804.723
2018-10-03;5,59;5,65;5,57;5,62;6.123.504
2018-10-04;5,70;5,78;5,67;5,71;18.532.051
2018-10-05;5,71;5,75;5,68;5,70;8.718.843
2018-10-08;5,71;5,72;5,62;5,63;7.738.999
2018-10-09;5,67;5,72;5,61;5,66;8.317.233
2018-10-10;5,70;5,75;5,61;5,62;9.693.996
2018-10-11;5,52;5,54;5,33;5,33;18.701.863
2018-10-12;5,41;5,42;5,30;5,32;11.182.154
2018-10-15;5,32;5,35;5,24;5,26;10.714.787
2018-10-16;5,28;5,30;5,22;5,30;9.410.859
2018-10-17;5,32;5,40;5,28;5,31;10.116.673
2018-10-18;5,31;5,39;5,30;5,32;9.065.083
2018-10-19;5,30;5,37;5,27;5,35;10.123.828
2018-10-22;5,40;5,44;5,35;5,36;8.960.108
2018-10-23;5,28;5,31;5,20;5,30;11.239.009
2018-10-24;5,33;5,35;5,21;5,22;8.336.018
2018-10-25;5,17;5,28;5,12;5,28;10.730.398
2018-10-26;5,23;5,24;5,16;5,23;9.418.411
2018-10-29;5,25;5,36;5,24;5,31;6.913.205
2018-10-30;5,33;5,35;5,28;5,32;8.769.167
2018-10-31;5,39;5,45;5,35;5,43;8.764.210
2018-11-01;5,43;5,47;5,38;5,43;5.646.499
2018-11-02;5,50;5,51;5,45;5,46;5.750.016
2018-11-05;5,45;5,49;5,44;5,46;4.940.990
2018-11-06;5,48;5,49;5,42;5,44;5.682.282
2018-11-07;5,45;5,50;5,45;5,46;5.507.142
2018-11-08;5,48;5,57;5,47;5,56;7.850.704
2018-11-09;5,52;5,57;5,49;5,56;6.444.948
2018-11-12;5,55;5,60;5,52;5,54;5.645.366
2018-11-13;5,54;5,56;5,47;5,56;5.953.331
2018-11-14;5,51;5,52;5,43;5,47;6.942.286
2018-11-15;5,45;5,50;5,33;5,40;8.640.374
2018-11-16;5,42;5,47;5,30;5,30;11.089.416
2018-11-19;5,31;5,36;5,30;5,33;6.687.894
2018-11-20;5,31;5,32;5,03;5,04;13.019.330
2018-11-21;5,07;5,07;4,96;5,02;11.437.303
2018-11-22;5,02;5,03;4,92;4,93;5.576.639
2018-11-23;4,93;4,98;4,86;4,92;6.030.091
2018-11-26;4,96;5,04;4,95;5,03;7.479.729
2018-11-27;5,05;5,05;4,98;5,02;6.251.940
2018-11-28;5,03;5,05;4,95;4,96;7.295.917
2018-11-29;4,98;5,01;4,95;4,97;8.305.852
2018-11-30;4,97;4,97;4,86;4,92;12.792.613
2018-12-03;5,03;5,04;4,96;4,96;7.040.958
2018-12-04;4,92;4,95;4,85;4,85;8.047.855
2018-12-05;4,78;4,79;4,70;4,76;9.114.576
2018-12-06;4,72;4,73;4,49;4,51;17.140.747
2018-12-07;4,55;4,59;4,51;4,52;10.032.092
2018-12-10;4,55;4,55;4,34;4,36;15.092.741
2018-12-11;4,40;4,40;4,33;4,36;9.541.311
2018-12-12;4,39;4,47;4,33;4,43;11.250.170
2018-12-13;4,44;4,49;4,34;4,35;10.088.237
2018-12-14;4,29;4,30;4,22;4,28;10.365.891
2018-12-17;4,27;4,29;4,18;4,19;10.043.835
2018-12-18;4,16;4,22;4,13;4,18;12.449.831
2018-12-19;4,18;4,21;4,15;4,19;8.687.345
2018-12-20;4,12;4,17;4,06;4,12;11.302.729
2018-12-21;4,08;4,13;4,05;4,10;14.647.054
2018-12-24;4,05;4,08;4,00;4,00;3.336.314
2018-12-27;4,09;4,10;3,92;3,96;7.735.284
2018-12-28;3,99;4,06;3,97;4,05;5.215.636
2018-12-31;4,09;4,09;4,03;4,08;2.567.930
2019-01-02;4,03;4,07;3,96;4,06;7.288.406
2019-01-03;3,99;4,10;3,99;4,05;8.596.184
2019-01-04;4,10;4,20;4,07;4,19;8.462.195
2019-01-07;4,22;4,30;4,19;4,24;9.353.248
2019-01-08;4,25;4,29;4,21;4,24;8.352.054
2019-01-09;4,25;4,28;4,20;4,23;8.953.408
2019-01-10;4,21;4,29;4,19;4,29;6.705.915
2019-01-11;4,29;4,32;4,24;4,30;6.741.053
2019-01-14;4,27;4,35;4,25;4,34;5.896.684
2019-01-15;4,42;4,44;4,35;4,35;7.238.127
2019-01-16;4,36;4,48;4,36;4,47;7.101.495
2019-01-17;4,38;4,43;4,35;4,42;7.325.289
2019-01-18;4,46;4,57;4,46;4,55;10.829.384
2019-01-21;4,56;4,57;4,52;4,55;4.813.019
2019-01-22;4,52;4,54;4,47;4,52;6.628.301
2019-01-23;4,48;4,54;4,46;4,46;5.171.226
2019-01-24;4,47;4,56;4,46;4,53;5.555.324
2019-01-25;4,58;4,59;4,54;4,55;6.465.179
2019-01-28;4,55;4,55;4,48;4,50;5.768.494
2019-01-29;4,50;4,56;4,48;4,53;5.396.415
2019-01-30;4,55;4,59;4,50;4,56;6.198.108
2019-01-31;4,56;4,60;4,44;4,48;9.575.236
2019-02-01;4,50;4,53;4,46;4,51;5.309.795
2019-02-04;4,51;4,54;4,46;4,50;5.454.414
2019-02-05;4,49;4,55;4,45;4,52;6.039.191
2019-02-06;4,51;4,62;4,49;4,60;7.601.488
2019-02-07;4,57;4,60;4,48;4,48;7.538.354
2019-02-08;4,47;4,53;4,40;4,42;8.442.084
2019-02-11;4,45;4,56;4,44;4,52;7.806.748
2019-02-12;4,57;4,62;4,56;4,59;7.762.011
2019-02-13;4,60;4,62;4,54;4,61;8.669.624
2019-02-14;4,38;4,53;4,27;4,38;21.116.775
2019-02-15;4,42;4,58;4,37;4,57;14.474.391
2019-02-18;4,60;4,67;4,55;4,66;8.285.745
2019-02-19;4,64;4,67;4,59;4,64;5.918.174
2019-02-20;4,63;4,67;4,59;4,67;6.853.810
2019-02-21;4,68;4,72;4,64;4,65;6.782.147
2019-02-22;4,65;4,67;4,62;4,62;5.021.300
2019-02-25;4,64;4,68;4,62;4,68;5.941.702
2019-02-26;4,66;4,71;4,61;4,69;6.340.432
2019-02-27;4,67;4,71;4,63;4,70;5.804.900
2019-02-28;4,65;4,73;4,63;4,73;8.343.572
2019-03-01;4,76;4,79;4,72;4,72;6.918.895
2019-03-04;4,76;4,77;4,71;4,73;4.477.917
2019-03-05;4,70;4,73;4,66;4,68;4.762.207
2019-03-06;4,68;4,70;4,65;4,69;3.703.010
2019-03-07;4,67;4,69;4,56;4,58;7.370.324
2019-03-08;4,53;4,56;4,44;4,46;7.405.625
2019-03-11;4,47;4,54;4,46;4,52;4.608.356
2019-03-12;4,55;4,56;4,48;4,52;4.983.359
2019-03-13;4,49;4,55;4,48;4,53;5.689.514
2019-03-14;4,52;4,64;4,52;4,61;7.771.380
2019-03-15;4,63;4,70;4,61;4,70;17.918.962
2019-03-18;4,70;4,75;4,69;4,72;4.491.100
2019-03-19;4,73;4,77;4,72;4,73;4.675.671
2019-03-20;4,73;4,74;4,59;4,59;8.846.471
2019-03-21;4,50;4,55;4,46;4,54;11.098.517
2019-03-22;4,55;4,57;4,30;4,31;12.886.887
2019-03-25;4,28;4,35;4,23;4,32;9.152.436
2019-03-26;4,33;4,34;4,27;4,28;6.781.418
2019-03-27;4,29;4,38;4,22;4,31;8.745.126
2019-03-28;4,31;4,32;4,25;4,27;4.676.526
2019-03-29;4,30;4,32;4,27;4,28;8.008.182
2019-04-01;4,34;4,43;4,31;4,41;8.687.751
2019-04-02;4,41;4,47;4,39;4,43;6.647.366
2019-04-03;4,49;4,53;4,47;4,51;6.697.926
2019-04-04;4,50;4,54;4,45;4,53;5.017.758
2019-04-05;4,52;4,55;4,48;4,52;5.954.391
2019-04-08;4,49;4,52;4,45;4,49;5.302.909
2019-04-09;4,49;4,55;4,45;4,45;5.531.555
2019-04-10;4,44;4,46;4,41;4,43;6.508.042
2019-04-11;4,44;4,55;4,42;4,52;8.422.624
2019-04-12;4,50;4,57;4,42;4,55;9.656.881
2019-04-15;4,55;4,61;4,55;4,56;5.023.921
2019-04-16;4,54;4,62;4,53;4,59;6.514.346
2019-04-17;4,62;4,72;4,61;4,69;7.512.569
2019-04-18;4,66;4,70;4,61;4,67;4.264.663
2019-04-23;4,66;4,67;4,54;4,59;8.195.134
2019-04-24;4,56;4,61;4,53;4,59;7.327.763
2019-04-25;4,59;4,62;4,55;4,61;4.791.465
2019-04-26;4,60;4,66;4,58;4,64;6.071.752
2019-04-29;4,64;4,71;4,64;4,67;5.448.352
2019-04-30;4,65;4,68;4,62;4,66;6.258.150
2019-05-02;4,64;4,79;4,64;4,71;8.821.030
2019-05-03;4,70;4,74;4,67;4,68;5.664.725
2019-05-06;4,60;4,62;4,52;4,62;5.816.017
2019-05-07;4,60;4,60;4,43;4,46;10.853.624
2019-05-08;4,43;4,48;4,40;4,46;7.158.233
2019-05-09;4,43;4,44;4,25;4,27;11.916.795
2019-05-10;4,31;4,36;4,26;4,28;5.964.177
2019-05-13;4,31;4,31;4,15;4,15;8.245.861
2019-05-14;4,17;4,20;4,15;4,19;6.995.423
2019-05-15;4,21;4,22;4,13;4,22;7.224.635
2019-05-16;4,23;4,32;4,14;4,30;8.791.335
2019-05-17;4,27;4,29;4,23;4,29;5.824.569
2019-05-20;4,26;4,29;4,20;4,27;8.030.383
2019-05-21;4,21;4,28;4,18;4,27;10.364.665
2019-05-22;4,27;4,28;4,16;4,20;6.856.666
2019-05-23;4,17;4,19;4,09;4,10;6.772.413
2019-05-24;4,13;4,24;4,13;4,16;7.539.915
2019-05-27;4,20;4,23;4,18;4,19;2.264.565
2019-05-28;4,18;4,21;4,11;4,15;11.386.434
2019-05-29;4,10;4,13;4,07;4,13;5.554.154
2019-05-30;4,13;4,19;4,13;4,15;3.503.543
2019-05-31;4,09;4,10;4,06;4,10;7.241.086
2019-06-03;4,05;4,05;3,94;4,03;8.933.430
2019-06-04;4,01;4,22;3,97;4,19;11.672.658
2019-06-05;4,21;4,22;4,14;4,16;5.783.704
2019-06-06;4,15;4,20;4,09;4,13;6.396.699
2019-06-07;4,17;4,24;4,17;4,23;9.212.167
2019-06-10;4,26;4,30;4,23;4,25;4.040.867
2019-06-11;4,24;4,34;4,24;4,31;12.039.582
2019-06-12;4,29;4,30;4,22;4,23;7.767.545
2019-06-13;4,22;4,25;4,17;4,22;6.766.068
2019-06-14;4,21;4,21;4,15;4,19;6.242.021
2019-06-17;4,20;4,25;4,19;4,21;3.992.798
2019-06-18;4,21;4,28;4,16;4,26;8.079.303
2019-06-19;4,31;4,40;4,30;4,36;9.897.796
2019-06-20;4,38;4,39;4,31;4,33;6.300.311
2019-06-21;4,34;4,40;4,31;4,33;17.836.581
2019-06-24;4,31;4,34;4,26;4,29;6.506.017
2019-06-25;4,26;4,30;4,26;4,28;4.674.759
2019-06-26;4,25;4,33;4,23;4,30;6.957.903
2019-06-27;4,29;4,44;4,29;4,36;7.751.223
2019-06-28;4,35;4,39;4,33;4,38;6.256.815
2019-07-01;4,43;4,53;4,43;4,52;10.437.981
2019-07-02;4,53;4,54;4,44;4,49;7.180.790
2019-07-03;4,48;4,49;4,46;4,48;8.023.167
2019-07-04;4,49;4,55;4,49;4,53;6.589.939
2019-07-05;4,54;4,64;4,52;4,60;8.785.671
2019-07-08;4,57;4,64;4,55;4,59;6.573.431
2019-07-09;4,58;4,60;4,52;4,60;7.674.995
2019-07-10;4,58;4,64;4,54;4,54;8.651.116
2019-07-11;4,56;4,57;4,51;4,56;6.166.660
2019-07-12;4,57;4,65;4,56;4,61;7.230.747
2019-07-15;4,59;4,62;4,55;4,58;7.727.962
2019-07-16;4,58;4,61;4,55;4,59;7.875.095
2019-07-17;4,65;4,66;4,54;4,55;8.992.129
2019-07-18;4,51;4,57;4,50;4,55;7.455.020
2019-07-19;4,58;4,59;4,53;4,56;6.449.540
2019-07-22;4,55;4,58;4,52;4,54;6.093.185
2019-07-23;4,56;4,63;4,56;4,60;8.402.396
2019-07-24;4,61;4,61;4,54;4,59;5.576.725
2019-07-25;4,62;4,66;4,53;4,56;10.315.136
2019-07-26;4,55;4,56;4,49;4,53;8.234.888
2019-07-29;4,53;4,56;4,52;4,55;7.003.579
2019-07-30;4,54;4,55;4,42;4,45;9.757.455
2019-07-31;4,44;4,51;4,43;4,48;9.716.839
2019-08-01;4,47;4,54;4,44;4,47;10.400.694
2019-08-02;4,33;4,33;4,10;4,13;28.138.058
2019-08-05;4,10;4,10;3,95;3,98;17.035.714
2019-08-06;3,97;3,99;3,91;3,91;9.906.929
2019-08-07;3,95;3,95;3,81;3,85;10.649.145
2019-08-08;3,92;3,95;3,84;3,90;8.192.650
2019-08-09;3,90;3,90;3,79;3,81;8.406.478
2019-08-12;3,89;3,92;3,78;3,79;8.409.198
2019-08-13;3,76;3,88;3,73;3,84;12.404.290
2019-08-14;3,85;3,86;3,72;3,75;8.783.479
2019-08-15;3,68;3,68;3,43;3,46;26.541.929
2019-08-16;3,50;3,61;3,48;3,55;16.208.660
2019-08-19;3,59;3,64;3,57;3,63;9.720.939
2019-08-20;3,63;3,65;3,58;3,58;7.478.888
2019-08-21;3,58;3,62;3,57;3,60;5.610.400
2019-08-22;3,58;3,64;3,55;3,60;9.856.221
2019-08-23;3,49;3,53;3,44;3,44;9.816.887
2019-08-26;3,41;3,47;3,41;3,44;4.358.134
2019-08-27;3,44;3,49;3,41;3,48;9.923.459
2019-08-28;3,45;3,46;3,40;3,44;6.772.067
2019-08-29;3,42;3,45;3,37;3,43;8.906.680
2019-08-30;3,43;3,49;3,43;3,46;7.146.059
2019-09-02;3,48;3,50;3,44;3,45;5.260.492
2019-09-03;3,44;3,44;3,40;3,41;5.121.867
2019-09-04;3,45;3,49;3,43;3,44;6.512.657
2019-09-05;3,47;3,59;3,47;3,57;10.325.878
2019-09-06;3,58;3,60;3,55;3,58;6.180.202
2019-09-09;3,60;3,66;3,58;3,66;8.774.045
2019-09-10;3,67;3,83;3,66;3,79;13.570.656
2019-09-11;3,83;3,89;3,77;3,78;9.417.681
2019-09-12;3,80;3,82;3,71;3,78;10.789.793
2019-09-13;3,78;3,88;3,78;3,87;9.130.795
2019-09-16;3,84;3,86;3,78;3,84;7.815.810
2019-09-17;3,83;3,85;3,74;3,80;8.680.484
2019-09-18;3,79;3,83;3,75;3,80;5.416.640
2019-09-19;3,82;3,90;3,79;3,88;7.547.481
2019-09-20;3,87;3,90;3,85;3,86;13.162.515
2019-09-23;3,85;3,85;3,70;3,76;7.322.025
2019-09-24;3,78;3,79;3,73;3,75;7.148.910
2019-09-25;3,73;3,76;3,66;3,76;6.660.761
2019-09-26;3,77;3,80;3,74;3,78;5.780.868
2019-09-27;3,79;3,86;3,77;3,83;5.545.570
2019-09-30;3,83;3,86;3,81;3,82;5.130.390
2019-10-01;3,84;3,89;3,76;3,78;7.901.144
2019-10-02;3,75;3,76;3,65;3,65;9.330.786
2019-10-03;3,64;3,69;3,59;3,66;9.358.880
2019-10-04;3,67;3,69;3,62;3,67;7.838.058
2019-10-07;3,67;3,75;3,64;3,72;6.970.378
2019-10-08;3,72;3,74;3,62;3,66;7.417.022
2019-10-09;3,62;3,68;3,61;3,66;8.444.991
2019-10-10;3,68;3,79;3,67;3,79;10.648.545
2019-10-11;3,80;3,91;3,80;3,88;11.399.586
2019-10-14;3,87;3,87;3,79;3,84;6.952.760
2019-10-15;3,84;3,92;3,84;3,89;8.673.377
2019-10-16;3,90;3,92;3,83;3,88;8.474.643
2019-10-17;3,85;3,97;3,85;3,87;8.208.358
2019-10-18;3,86;3,91;3,85;3,89;7.099.269
2019-10-21;3,91;3,99;3,90;3,94;6.792.891
2019-10-22;3,95;3,97;3,91;3,97;7.662.889
2019-10-23;3,94;4,04;3,92;4,02;7.933.331
2019-10-24;4,04;4,08;4,01;4,03;7.725.168
2019-10-25;4,02;4,05;3,96;4,00;6.896.046
2019-10-28;4,01;4,05;4,01;4,02;6.636.055
2019-10-29;4,02;4,05;3,98;4,02;12.364.948
2019-10-30;4,01;4,03;3,91;3,95;10.848.745
2019-10-31;3,95;3,95;3,85;3,88;11.570.178
2019-11-01;3,89;3,96;3,87;3,96;5.971.725
2019-11-04;3,98;4,05;3,98;4,04;9.656.584
2019-11-05;4,06;4,15;4,05;4,14;12.937.851
2019-11-06;4,15;4,24;4,15;4,19;11.887.009
2019-11-07;4,20;4,25;4,20;4,23;10.755.963
2019-11-08;4,22;4,23;4,18;4,21;9.543.690
2019-11-11;4,18;4,21;4,16;4,20;10.875.488
2019-11-12;4,20;4,28;4,20;4,27;8.726.411
2019-11-13;4,25;4,25;4,16;4,21;7.702.423
2019-11-14;4,19;4,20;4,15;4,19;5.625.320
2019-11-15;4,20;4,23;4,19;4,22;4.503.247
2019-11-18;4,22;4,25;4,15;4,18;5.443.548
2019-11-19;4,19;4,23;4,15;4,17;4.563.534
2019-11-20;4,13;4,15;4,04;4,09;9.938.068
2019-11-21;4,06;4,08;4,04;4,07;5.745.604
2019-11-22;4,07;4,12;4,06;4,11;5.207.821
2019-11-25;4,13;4,15;4,10;4,11;4.304.251
2019-11-26;4,11;4,12;4,06;4,08;10.400.263
2019-11-27;4,09;4,10;4,07;4,09;6.712.857
2019-11-28;4,08;4,10;4,06;4,10;3.753.111
2019-11-29;4,08;4,11;4,06;4,09;3.802.347
2019-12-02;4,10;4,16;4,03;4,04;8.724.774
2019-12-03;4,04;4,07;3,92;3,93;10.931.067
2019-12-04;3,92;4,02;3,91;4,00;8.646.264
2019-12-05;4,02;4,05;3,99;4,00;7.492.125
2019-12-06;4,00;4,08;4,00;4,07;6.379.407
2019-12-09;4,07;4,10;4,06;4,07;4.576.643
2019-12-10;4,07;4,07;4,00;4,06;5.739.344
2019-12-11;4,06;4,07;4,04;4,04;5.879.686
2019-12-12;4,05;4,16;4,03;4,12;12.008.460
2019-12-13;4,20;4,27;4,15;4,15;10.725.933
2019-12-16;4,20;4,21;4,18;4,20;4.939.310
2019-12-17;4,20;4,23;4,17;4,21;5.197.745
2019-12-18;4,20;4,22;4,18;4,19;4.759.677
2019-12-19;4,20;4,21;4,15;4,19;7.297.060
2019-12-20;4,18;4,19;4,15;4,15;9.847.324
2019-12-23;4,12;4,12;4,08;4,12;5.109.271
2019-12-24;4,12;4,12;4,08;4,09;1.631.717
2019-12-27;4,10;4,12;4,08;4,09;4.908.080
2019-12-30;4,08;4,13;4,08;4,10;4.390.748
2019-12-31;4,09;4,09;4,06;4,07;2.283.518
2020-01-02;4,11;4,17;4,11;4,13;5.540.710
2020-01-03;4,12;4,12;4,05;4,06;6.559.419
2020-01-06;4,01;4,01;3,90;3,95;11.682.831
2020-01-07;3,98;4,03;3,97;4,03;7.602.943
2020-01-08;4,00;4,07;3,96;4,05;6.138.909
2020-01-09;4,09;4,10;4,03;4,03;5.910.242
2020-01-10;4,04;4,04;3,99;4,02;6.440.348
2020-01-13;4,03;4,03;3,98;4,01;5.397.756
2020-01-14;4,01;4,03;3,99;4,02;4.845.942
2020-01-15;4,01;4,01;3,94;3,96;9.384.475
2020-01-16;3,96;3,98;3,91;3,96;5.420.096
2020-01-17;3,99;4,01;3,96;3,97;4.729.488
2020-01-20;3,95;3,99;3,94;3,97;3.290.143
2020-01-21;3,95;3,95;3,92;3,93;4.208.640
2020-01-22;3,96;3,97;3,86;3,88;6.646.243
2020-01-23;3,86;3,90;3,81;3,83;5.936.081
2020-01-24;3,86;3,90;3,85;3,85;5.532.619
2020-01-27;3,80;3,81;3,73;3,73;8.460.006
2020-01-28;3,75;3,77;3,70;3,75;6.669.927
2020-01-29;3,75;3,78;3,73;3,74;5.466.627
2020-01-30;3,70;3,73;3,66;3,73;8.501.382
2020-01-31;3,73;3,75;3,65;3,67;7.498.949
2020-02-03;3,67;3,71;3,62;3,69;6.400.723
2020-02-04;3,72;3,79;3,71;3,77;5.866.654
2020-02-05;3,77;3,88;3,77;3,87;8.836.199
2020-02-06;3,89;3,97;3,89;3,90;9.329.886
2020-02-07;3,89;3,90;3,86;3,89;4.639.145
2020-02-10;3,89;3,93;3,88;3,89;3.677.363
2020-02-11;3,91;3,94;3,89;3,93;4.865.637
2020-02-12;3,93;4,02;3,93;3,98;7.972.464
2020-02-13;3,85;3,85;3,59;3,77;40.530.436
2020-02-14;3,80;3,89;3,79;3,81;14.492.435
2020-02-17;3,83;3,88;3,82;3,86;8.454.444
2020-02-18;3,83;3,83;3,72;3,73;12.718.550
2020-02-19;3,74;3,78;3,69;3,75;9.002.348
2020-02-20;3,76;3,77;3,69;3,71;7.197.667
2020-02-21;3,70;3,74;3,65;3,68;10.502.731
2020-02-24;3,58;3,58;3,48;3,52;14.348.978
2020-02-25;3,55;3,56;3,42;3,44;13.669.802
2020-02-26;3,42;3,43;3,31;3,42;15.466.998
2020-02-27;3,36;3,37;3,20;3,24;21.176.988
2020-02-28;3,09;3,13;3,02;3,07;30.029.372
2020-03-02;3,12;3,13;2,95;3,02;23.010.822
2020-03-03;3,12;3,13;3,01;3,03;21.456.141
2020-03-04;3,04;3,08;2,99;3,04;16.237.716
2020-03-05;3,08;3,09;2,88;2,89;16.649.861
2020-03-06;2,82;2,84;2,70;2,73;21.779.445
2020-03-09;2,45;2,49;2,27;2,27;36.474.065
2020-03-10;2,35;2,46;2,23;2,25;30.867.627
2020-03-11;2,30;2,41;2,25;2,29;24.424.529
2020-03-12;2,17;2,17;1,79;1,79;49.091.576
2020-03-13;1,96;2,03;1,75;1,83;38.367.872
2020-03-16;1,75;1,76;1,56;1,67;38.733.369
2020-03-17;1,76;1,91;1,63;1,88;34.356.668
2020-03-18;1,85;2,02;1,74;1,77;25.190.833
2020-03-19;1,77;1,97;1,77;1,94;33.843.958
2020-03-20;2,05;2,30;2,01;2,28;133.015.802
2020-03-23;2,18;2,31;2,06;2,13;36.309.716
2020-03-24;2,25;2,40;2,20;2,40;25.776.035
2020-03-25;2,48;2,54;2,29;2,47;30.579.324
2020-03-26;2,37;2,45;2,31;2,43;20.673.868
2020-03-27;2,35;2,41;2,29;2,36;20.533.685
2020-03-30;2,35;2,41;2,23;2,34;11.550.867
2020-03-31;2,35;2,41;2,27;2,31;13.009.190
2020-04-01;2,22;2,24;2,13;2,20;14.245.235
2020-04-02;2,19;2,31;2,18;2,28;15.713.407
2020-04-03;2,12;2,15;2,03;2,09;31.914.804
2020-04-06;2,18;2,27;2,14;2,24;23.822.461
2020-04-07;2,31;2,48;2,30;2,39;25.656.815
2020-04-08;2,34;2,38;2,28;2,38;14.927.109
2020-04-09;2,44;2,56;2,39;2,49;21.275.251
2020-04-14;2,53;2,58;2,38;2,39;16.320.471
2020-04-15;2,37;2,37;2,18;2,18;22.542.512
2020-04-16;2,20;2,30;2,16;2,19;15.849.114
2020-04-17;2,28;2,30;2,20;2,23;17.503.123
2020-04-20;2,24;2,25;2,14;2,21;13.736.425
2020-04-21;2,16;2,19;2,12;2,12;12.141.531
2020-04-22;2,15;2,16;2,10;2,14;13.594.752
2020-04-23;2,16;2,22;2,13;2,20;12.606.281
2020-04-24;2,15;2,19;2,09;2,15;13.681.004
2020-04-27;2,20;2,23;2,17;2,22;9.510.894
2020-04-28;2,22;2,37;2,21;2,35;16.216.741
2020-04-29;2,35;2,47;2,35;2,47;16.822.113
2020-04-30;2,50;2,53;2,33;2,35;20.073.668
2020-05-04;2,26;2,26;2,17;2,20;16.522.115
2020-05-05;2,25;2,26;2,16;2,21;16.453.813
2020-05-06;2,19;2,22;2,14;2,14;12.566.493
2020-05-07;2,15;2,23;2,13;2,23;12.027.150
2020-05-08;2,25;2,27;2,16;2,20;11.947.862
2020-05-11;2,23;2,26;2,15;2,19;15.836.785
2020-05-12;2,24;2,36;2,13;2,25;25.881.282
2020-05-13;2,20;2,21;2,09;2,10;22.001.980
2020-05-14;2,07;2,09;1,95;2,08;25.081.841
2020-05-15;2,11;2,13;2,02;2,08;14.692.215
2020-05-18;2,12;2,25;2,12;2,25;17.985.019
2020-05-19;2,29;2,32;2,23;2,27;16.607.369
2020-05-20;2,25;2,29;2,19;2,28;11.877.249
2020-05-21;2,24;2,27;2,20;2,22;9.773.572
2020-05-22;2,16;2,29;2,15;2,23;14.957.468
2020-05-25;2,25;2,27;2,21;2,24;7.049.036
2020-05-26;2,27;2,43;2,27;2,42;17.272.625
2020-05-27;2,45;2,58;2,43;2,53;24.028.271
2020-05-28;2,56;2,60;2,47;2,52;19.972.451
2020-05-29;2,47;2,52;2,39;2,41;23.737.412
2020-06-01;2,45;2,55;2,43;2,54;14.630.019
2020-06-02;2,56;2,62;2,53;2,59;16.568.102
2020-06-03;2,64;2,87;2,60;2,85;28.112.331
2020-06-04;2,83;2,87;2,72;2,84;25.382.608
2020-06-05;2,90;3,06;2,88;3,04;32.055.231
2020-06-08;3,02;3,16;2,98;3,01;28.968.372
2020-06-09;3,05;3,10;2,86;2,93;23.176.883
2020-06-10;2,95;3,00;2,78;2,80;23.280.642
2020-06-11;2,65;2,69;2,54;2,54;25.263.696
2020-06-12;2,50;2,69;2,49;2,57;21.923.395
2020-06-15;2,48;2,59;2,45;2,59;21.731.428
2020-06-16;2,70;2,78;2,64;2,70;19.988.245
2020-06-17;2,69;2,76;2,62;2,66;20.906.918
2020-06-18;2,65;2,73;2,59;2,65;14.784.071
2020-06-19;2,69;2,69;2,55;2,55;31.702.210
2020-06-22;2,53;2,61;2,49;2,56;12.584.273
2020-06-23;2,60;2,84;2,59;2,77;26.393.504
2020-06-24;2,77;2,83;2,64;2,64;21.801.545
2020-06-25;2,64;2,73;2,60;2,70;15.290.964
2020-06-26;2,74;2,75;2,59;2,59;13.441.167
2020-06-29;2,59;2,70;2,57;2,67;13.871.992
2020-06-30;2,70;2,71;2,60;2,65;14.158.900
2020-07-01;2,67;2,71;2,58;2,64;17.126.413
2020-07-02;2,67;2,76;2,65;2,73;15.156.348
2020-07-03;2,75;2,76;2,66;2,71;8.365.405
2020-07-06;2,77;2,83;2,77;2,79;13.255.085
2020-07-07;2,85;2,89;2,79;2,81;15.343.968
2020-07-08;2,78;2,79;2,73;2,74;13.137.746
2020-07-09;2,78;2,79;2,68;2,70;10.243.061
2020-07-10;2,67;2,76;2,65;2,75;10.760.792
2020-07-13;2,80;2,82;2,74;2,79;9.989.728
2020-07-14;2,76;2,84;2,75;2,84;13.610.058
2020-07-15;2,85;2,87;2,78;2,85;10.727.636
2020-07-16;2,82;2,87;2,81;2,83;9.728.222
2020-07-17;2,83;2,83;2,75;2,77;11.577.352
2020-07-20;2,74;2,77;2,71;2,77;6.666.506
2020-07-21;2,80;2,86;2,76;2,78;13.179.870
2020-07-22;2,76;2,80;2,71;2,75;8.943.226
2020-07-23;2,76;2,77;2,68;2,71;8.330.824
2020-07-24;2,67;2,71;2,64;2,65;7.948.853
2020-07-27;2,63;2,66;2,61;2,63;6.207.187
2020-07-28;2,65;2,68;2,61;2,65;6.971.714
2020-07-29;2,64;2,66;2,61;2,62;5.227.365
2020-07-30;2,64;2,64;2,47;2,52;14.418.463
2020-07-31;2,52;2,59;2,51;2,51;12.085.463
2020-08-03;2,50;2,63;2,48;2,62;11.385.479
2020-08-04;2,65;2,70;2,63;2,64;10.300.916
2020-08-05;2,65;2,72;2,64;2,72;12.283.800
2020-08-06;2,70;2,75;2,68;2,71;14.142.382
2020-08-07;2,70;2,75;2,67;2,75;10.330.690
2020-08-10;2,79;2,86;2,78;2,86;14.404.852
2020-08-11;2,91;3,02;2,90;3,00;22.261.926
2020-08-12;2,99;3,04;2,98;3,02;20.933.698
2020-08-13;2,76;2,78;2,54;2,55;61.340.386
2020-08-14;2,54;2,54;2,43;2,49;26.342.943
2020-08-17;2,48;2,52;2,44;2,44;15.333.605
2020-08-18;2,43;2,44;2,38;2,39;14.950.585
2020-08-19;2,37;2,37;2,26;2,35;21.790.234
2020-08-20;2,30;2,34;2,28;2,31;12.111.879
2020-08-21;2,26;2,30;2,23;2,28;13.658.502
2020-08-24;2,30;2,37;2,30;2,35;12.281.794
2020-08-25;2,38;2,42;2,35;2,36;14.406.075
2020-08-26;2,35;2,44;2,34;2,41;12.100.014
2020-08-27;2,40;2,41;2,33;2,36;13.408.113
2020-08-28;2,38;2,41;2,37;2,39;12.243.943
2020-09-01;2,35;2,36;2,25;2,31;12.973.381
2020-09-02;2,31;2,32;2,27;2,30;11.175.902
2020-09-03;2,32;2,39;2,30;2,31;14.933.499
2020-09-04;2,31;2,36;2,30;2,33;9.944.460
2020-09-07;2,35;2,37;2,31;2,33;7.198.932
2020-09-08;2,33;2,36;2,28;2,29;9.362.806
2020-09-09;2,28;2,37;2,27;2,36;12.231.373
2020-09-10;2,36;2,37;2,31;2,33;10.438.455
2020-09-11;2,32;2,33;2,29;2,31;9.764.106
2020-09-14;2,33;2,34;2,30;2,32;6.579.200
2020-09-15;2,32;2,33;2,28;2,28;12.197.105
2020-09-16;2,28;2,28;2,23;2,27;10.867.300
2020-09-17;2,23;2,25;2,21;2,24;10.023.976
2020-09-18;2,23;2,23;2,16;2,16;17.334.129
2020-09-21;2,14;2,14;2,06;2,06;14.368.787
2020-09-22;2,07;2,09;2,04;2,04;12.541.083
2020-09-23;2,04;2,08;2,01;2,03;11.686.055
2020-09-24;2,00;2,06;1,99;2,05;15.638.663
2020-09-25;2,06;2,09;2,04;2,05;13.789.091
2020-09-28;2,10;2,22;2,09;2,22;15.374.139
2020-10-01;2,29;2,37;2,28;2,32;23.686.219
2020-10-02;2,29;2,36;2,26;2,36;18.339.693
2020-10-05;2,39;2,41;2,36;2,40;14.849.767
2020-10-06;2,40;2,55;2,40;2,55;29.819.473
2020-10-07;2,52;2,56;2,50;2,54;18.985.902
2020-10-08;2,56;2,63;2,54;2,61;19.788.214
2020-10-09;2,60;2,63;2,58;2,61;20.107.679
2020-10-12;2,61;2,68;2,60;2,65;21.985.356
2020-10-13;2,65;2,65;2,48;2,48;22.387.031
2020-10-14;2,46;2,51;2,42;2,44;22.990.603
2020-10-15;2,40;2,42;2,35;2,36;18.988.078
2020-10-16;2,38;2,43;2,36;2,43;16.405.464
2020-10-19;2,43;2,47;2,40;2,45;8.543.576
2020-10-20;2,42;2,48;2,39;2,45;12.944.279
2020-10-21;2,48;2,51;2,46;2,46;17.920.744
2020-10-22;2,45;2,46;2,42;2,45;14.356.269
2020-10-23;2,45;2,51;2,44;2,50;13.603.141
2020-11-02;2,33;2,39;2,29;2,39;12.191.256
2020-11-03;2,42;2,55;2,42;2,54;20.508.144
2020-11-04;2,44;2,46;2,38;2,43;28.906.944
2020-11-05;2,44;2,45;2,38;2,45;14.461.359
2020-11-06;2,44;2,50;2,44;2,46;12.770.070
2020-11-09;2,51;2,75;2,50;2,74;37.719.143
2020-11-10;2,74;2,91;2,74;2,91;34.472.909
2020-11-11;2,90;2,94;2,85;2,87;17.728.815
2020-11-12;2,82;2,91;2,77;2,86;17.029.639
2020-11-13;2,82;2,90;2,82;2,89;12.366.987
2020-11-16;2,92;3,03;2,90;2,98;20.409.033
2020-11-17;2,99;3,07;2,97;3,06;18.976.574
2020-11-18;3,05;3,07;3,02;3,05;12.139.918
2020-11-19;3,01;3,05;2,97;2,99;11.433.133
2020-11-20;2,99;3,03;2,98;2,99;7.544.515
2020-11-23;3,03;3,07;3,02;3,06;11.040.708
2020-11-24;3,08;3,24;3,08;3,23;21.504.082
2020-11-25;3,25;3,27;3,06;3,11;19.045.892
2020-11-26;3,12;3,12;3,07;3,11;11.159.051
2020-11-27;3,09;3,13;3,06;3,06;15.574.286
2020-11-30;3,12;3,19;3,10;3,14;26.915.668
2020-12-01;3,13;3,18;3,11;3,18;15.163.669
2020-12-02;3,16;3,17;3,08;3,16;12.864.611
2020-12-03;3,15;3,16;3,10;3,15;10.276.655
