2014-01-02;7,62;7,69;7,52;7,59;2.200.134
2014-01-03;7,59;7,69;7,49;7,67;2.022.922
2014-01-06;7,65;7,80;7,55;7,71;2.325.455
2014-01-07;7,71;8,15;7,69;8,14;5.934.251
2014-01-08;8,30;8,80;8,23;8,74;10.154.651
2014-01-09;8,71;9,00;8,56;8,69;8.155.770
2014-01-10;8,75;9,00;8,71;8,93;5.676.080
2014-01-13;8,90;9,19;8,90;9,15;6.203.033
2014-01-14;9,02;9,20;8,89;9,20;3.708.219
2014-01-15;9,25;9,44;9,22;9,32;4.887.488
2014-01-16;9,31;9,38;9,08;9,24;3.980.322
2014-01-17;9,21;9,40;9,15;9,30;3.853.612
2014-01-20;9,10;9,20;8,81;8,84;7.105.516
2014-01-21;8,86;9,03;8,82;8,90;3.678.267
2014-01-22;8,93;9,04;8,87;8,94;2.211.065
2014-01-23;8,90;9,11;8,87;8,89;4.147.245
2014-01-24;8,89;8,96;8,60;8,63;3.409.820
2014-01-27;8,59;8,77;8,36;8,57;4.053.584
2014-01-28;8,67;8,74;8,63;8,71;2.299.591
2014-01-29;8,74;8,80;8,35;8,48;4.529.764
2014-01-30;8,45;8,58;8,40;8,57;2.636.680
2014-01-31;8,57;8,57;8,36;8,53;2.391.465
2014-02-03;8,51;8,66;8,37;8,37;2.271.275
2014-02-04;8,31;8,38;8,19;8,31;2.832.083
2014-02-05;8,30;8,52;8,22;8,34;2.891.521
2014-02-06;8,43;8,69;8,37;8,69;3.255.519
2014-02-07;8,88;8,99;8,22;8,37;12.079.007
2014-02-10;8,40;8,57;8,30;8,57;2.984.286
2014-02-11;8,59;8,75;8,54;8,67;2.277.335
2014-02-12;8,69;8,75;8,59;8,71;1.728.353
2014-02-13;8,68;8,68;8,43;8,63;2.523.453
2014-02-14;8,66;8,91;8,65;8,81;3.197.758
2014-02-17;8,85;8,95;8,80;8,90;1.664.974
2014-02-18;8,92;9,00;8,88;8,99;1.887.471
2014-02-19;8,99;9,13;8,87;9,08;3.083.347
2014-02-20;9,09;9,20;8,75;9,10;4.518.465
2014-02-21;9,20;9,35;9,15;9,29;3.668.425
2014-02-24;9,40;9,66;9,29;9,55;4.990.580
2014-02-25;9,57;9,71;9,51;9,63;3.121.915
2014-02-26;9,72;10,00;9,66;9,99;5.429.352
2014-02-27;9,95;10,06;9,73;10,04;4.763.953
2014-02-28;10,04;10,10;9,94;10,01;3.499.920
2014-03-03;9,81;9,93;9,59;9,66;5.722.274
2014-03-04;9,65;9,89;9,52;9,89;5.138.764
2014-03-05;9,88;10,02;9,84;9,90;2.747.574
2014-03-06;9,93;10,02;9,87;9,96;3.158.536
2014-03-07;10,07;10,64;10,07;10,40;6.964.996
2014-03-10;10,36;10,65;10,25;10,46;3.051.615
2014-03-11;10,48;10,65;10,30;10,60;3.162.638
2014-03-12;10,54;10,59;10,31;10,36;2.988.387
2014-03-13;10,48;10,59;10,23;10,23;2.702.969
2014-03-14;10,08;10,15;9,87;9,96;4.132.619
2014-03-17;9,99;10,27;9,98;10,17;2.362.223
2014-03-18;10,20;10,37;10,15;10,25;1.863.694
2014-03-19;10,30;10,86;10,26;10,83;4.146.799
2014-03-20;10,73;10,90;10,58;10,90;3.797.606
2014-03-21;10,91;10,95;10,66;10,70;7.525.188
2014-03-24;10,71;10,77;10,50;10,60;3.362.968
2014-03-25;10,66;10,73;10,53;10,56;2.466.067
2014-03-26;10,60;10,80;10,53;10,68;3.068.744
2014-03-27;10,64;10,68;10,56;10,64;1.790.785
2014-03-28;10,67;10,85;10,64;10,74;1.624.358
2014-03-31;10,76;10,92;10,73;10,91;1.595.385
2014-04-01;10,95;11,48;10,92;11,48;5.150.717
2014-04-02;11,48;11,78;11,44;11,67;3.414.960
2014-04-03;11,64;11,75;11,47;11,66;2.442.583
2014-04-04;11,66;11,95;11,66;11,95;2.644.153
2014-04-07;11,76;11,85;11,61;11,72;1.873.680
2014-04-08;11,69;11,78;11,23;11,46;3.252.953
2014-04-09;11,59;11,79;11,31;11,55;2.450.194
2014-04-10;11,63;11,75;11,42;11,50;1.933.347
2014-04-11;11,38;11,39;10,98;11,20;3.493.152
2014-04-14;11,10;11,20;10,68;10,90;2.228.686
2014-04-15;10,90;11,02;10,62;10,65;2.163.486
2014-04-16;10,78;10,88;10,57;10,86;2.156.216
2014-04-17;10,85;11,03;10,79;11,00;1.780.722
2014-04-22;11,05;11,39;10,99;11,37;1.868.098
2014-04-23;11,38;11,41;11,19;11,26;1.223.777
2014-04-24;11,35;11,60;11,27;11,35;2.067.608
2014-04-25;11,27;11,39;10,76;10,93;2.618.922
2014-04-28;11,04;11,16;10,82;10,90;1.990.038
2014-04-29;11,30;11,35;10,97;11,15;2.681.269
2014-04-30;10,75;11,10;10,29;10,37;6.487.808
2014-05-02;10,69;10,92;10,50;10,69;3.804.932
2014-05-05;10,70;10,76;10,34;10,50;1.596.153
2014-05-06;10,52;10,74;10,38;10,73;3.264.802
2014-05-07;10,69;10,69;10,40;10,47;1.608.783
2014-05-08;10,50;10,66;10,44;10,59;1.293.977
2014-05-09;10,55;10,63;10,18;10,32;2.434.316
2014-05-12;10,37;10,75;10,33;10,73;2.012.920
2014-05-13;10,77;10,82;10,59;10,68;1.642.413
2014-05-14;10,69;10,75;10,59;10,71;1.495.875
2014-05-15;10,67;10,78;10,28;10,32;2.744.761
2014-05-16;10,39;10,45;9,99;10,05;2.960.140
2014-05-19;10,01;10,45;9,95;10,40;2.165.925
2014-05-20;10,37;10,61;10,37;10,45;1.766.297
2014-05-21;10,40;10,60;10,30;10,50;1.546.701
2014-05-22;10,55;10,55;10,35;10,52;939.287
2014-05-23;10,55;10,59;10,45;10,51;1.495.461
2014-05-26;10,57;10,85;10,54;10,81;1.355.993
2014-05-27;10,82;11,00;10,77;10,96;1.550.651
2014-05-28;10,96;11,06;10,92;11,02;1.264.432
2014-05-29;11,03;11,08;10,95;11,00;639.728
2014-05-30;10,94;11,24;10,92;11,19;1.688.775
2014-06-02;11,26;11,54;11,17;11,46;2.602.621
2014-06-03;11,49;11,49;11,25;11,26;1.145.511
2014-06-04;11,23;11,50;11,22;11,45;1.434.285
2014-06-05;11,49;11,80;11,40;11,70;3.059.571
2014-06-06;11,80;11,80;11,67;11,72;1.915.785
2014-06-09;11,72;11,75;11,57;11,69;1.146.626
2014-06-10;11,67;11,91;11,63;11,87;1.945.940
2014-06-11;11,87;11,92;10,99;11,05;8.443.005
2014-06-12;10,99;11,09;10,61;10,65;5.512.310
2014-06-13;10,60;10,66;10,20;10,36;6.229.338
2014-06-16;10,23;10,34;10,06;10,20;4.067.484
2014-06-17;10,28;10,57;10,18;10,29;4.589.019
2014-06-18;10,34;10,38;10,06;10,15;2.716.973
2014-06-19;10,06;10,17;9,78;9,80;5.556.635
2014-06-20;9,75;9,92;9,52;9,72;5.448.828
2014-06-23;9,71;9,78;9,42;9,49;4.770.808
2014-06-24;9,50;9,95;9,49;9,91;4.333.998
2014-06-25;9,86;10,00;9,57;9,70;3.387.720
2014-06-26;9,80;9,84;9,56;9,70;3.608.519
2014-06-27;9,74;9,85;9,56;9,56;2.378.599
2014-06-30;9,60;9,61;9,13;9,20;6.304.077
2014-07-01;9,22;9,49;9,20;9,36;3.024.667
2014-07-02;9,38;9,59;9,36;9,48;4.278.409
2014-07-03;9,46;10,04;9,44;9,89;5.084.751
2014-07-04;9,95;10,00;9,72;9,72;1.859.058
2014-07-07;9,69;9,79;9,31;9,40;4.043.856
2014-07-08;9,00;9,03;8,51;8,58;11.574.887
2014-07-09;8,74;8,76;8,61;8,75;3.847.250
2014-07-10;8,67;8,75;8,32;8,44;4.753.129
2014-07-11;8,62;8,70;8,44;8,48;2.876.831
2014-07-14;8,53;8,62;8,20;8,35;3.465.033
2014-07-15;8,35;8,48;8,23;8,37;2.652.345
2014-07-16;8,47;8,91;8,42;8,90;4.547.322
2014-07-17;8,90;8,90;8,71;8,77;2.377.257
2014-07-18;8,60;8,68;8,51;8,59;3.144.994
2014-07-21;8,57;8,57;8,21;8,27;3.692.777
2014-07-22;8,31;8,44;8,25;8,42;2.840.838
2014-07-23;8,46;8,85;8,33;8,61;3.015.351
2014-07-24;8,60;8,73;8,47;8,63;1.757.464
2014-07-25;9,17;9,28;8,85;8,85;4.011.345
2014-07-28;8,92;8,93;8,59;8,70;2.434.408
2014-07-29;8,71;8,75;8,52;8,54;1.486.990
2014-07-30;8,56;8,60;8,33;8,39;3.120.262
2014-07-31;8,41;8,42;8,06;8,08;3.644.326
2014-08-01;8,05;8,08;7,78;7,85;4.533.517
2014-08-04;7,87;8,00;7,79;7,81;2.434.820
2014-08-05;7,86;7,88;7,42;7,50;4.603.172
2014-08-06;7,42;7,50;7,11;7,33;5.894.677
2014-08-07;7,34;7,59;7,26;7,30;3.986.335
2014-08-08;7,20;7,20;6,89;7,09;5.923.094
2014-08-11;7,10;7,85;7,10;7,77;6.715.917
2014-08-12;7,83;8,02;7,69;7,74;3.939.879
2014-08-13;7,80;8,00;7,66;7,75;2.005.838
2014-08-14;7,73;7,73;7,45;7,51;3.509.039
2014-08-15;7,53;7,64;7,29;7,34;3.008.569
2014-08-18;7,42;7,67;7,42;7,56;2.400.031
2014-08-19;7,62;7,97;7,60;7,91;3.460.164
2014-08-20;7,92;7,95;7,78;7,87;1.795.197
2014-08-21;7,89;8,19;7,80;8,11;3.600.855
2014-08-22;8,13;8,17;7,88;7,88;3.481.355
2014-08-25;7,98;8,00;7,88;7,96;1.262.939
2014-08-26;7,96;8,19;7,90;8,17;2.196.078
2014-08-27;8,19;8,36;8,19;8,35;2.750.332
2014-08-28;8,34;8,34;8,07;8,11;2.911.849
2014-08-29;8,09;8,09;7,87;7,96;3.124.639
2014-09-01;7,97;8,07;7,97;8,05;1.414.493
2014-09-02;8,10;8,30;8,10;8,20;2.681.464
2014-09-03;8,26;8,45;8,20;8,28;3.020.502
2014-09-04;8,28;8,74;8,22;8,68;4.173.366
2014-09-05;8,68;8,79;8,56;8,63;2.736.538
2014-09-08;8,75;8,75;8,40;8,61;3.202.916
2014-09-09;8,52;8,74;8,52;8,60;1.737.096
2014-09-10;8,52;8,65;8,39;8,47;2.660.732
2014-09-11;8,62;8,79;8,52;8,63;3.610.056
2014-09-12;8,65;8,65;8,45;8,54;1.811.710
2014-09-15;8,32;8,37;8,19;8,27;3.390.344
2014-09-16;8,15;8,17;7,91;7,99;3.894.773
2014-09-17;8,05;8,33;8,00;8,28;3.755.646
2014-09-18;8,21;8,30;8,16;8,27;2.408.016
2014-09-19;8,32;8,39;8,01;8,06;4.172.870
2014-09-22;7,86;8,05;7,60;7,64;10.250.638
2014-09-23;7,55;7,68;7,51;7,52;4.385.419
2014-09-24;7,63;7,74;7,49;7,60;6.102.715
2014-09-25;7,77;7,85;7,61;7,62;5.279.791
2014-09-26;7,59;7,59;7,37;7,49;6.682.790
2014-09-29;7,65;7,74;7,38;7,43;4.935.413
2014-09-30;7,48;7,50;7,36;7,42;2.780.345
2014-10-01;7,35;7,37;7,03;7,10;6.376.599
2014-10-02;7,07;7,14;6,88;6,88;5.776.581
2014-10-03;6,99;7,22;6,94;7,13;4.550.995
2014-10-06;7,10;7,12;6,96;7,00;3.620.727
2014-10-07;7,18;7,20;6,67;6,68;7.795.559
2014-10-08;6,44;6,69;6,26;6,51;9.755.349
2014-10-09;6,67;6,67;6,16;6,22;6.648.169
2014-10-10;6,10;6,13;5,91;5,93;12.128.920
2014-10-13;5,88;6,22;5,80;6,02;6.339.884
2014-10-14;5,98;6,21;5,85;6,20;6.076.574
2014-10-17;6,45;6,57;6,33;6,51;5.936.682
2014-10-20;6,60;6,83;6,47;6,66;6.481.459
2014-10-21;6,67;7,00;6,60;6,94;6.291.017
2014-10-22;7,00;7,12;6,76;6,85;4.591.588
2014-10-23;6,80;6,99;6,71;6,96;3.331.378
2014-10-24;6,94;7,08;6,68;6,76;5.005.469
2014-10-27;6,73;6,74;6,38;6,56;7.025.494
2014-10-28;6,45;6,72;6,45;6,65;3.394.411
2014-10-29;6,48;6,85;6,40;6,59;4.525.627
2014-10-30;6,66;6,74;6,31;6,55;4.653.378
2014-10-31;6,65;6,81;6,53;6,74;3.837.933
2014-11-03;6,76;6,99;6,76;6,97;3.904.877
2014-11-04;6,97;7,20;6,88;6,96;5.235.016
2014-11-05;7,08;7,09;6,93;6,95;3.205.697
2014-11-06;6,95;7,19;6,86;7,12;4.564.015
2014-11-07;7,20;7,28;6,95;7,02;3.556.510
2014-11-10;7,04;7,08;6,91;7,02;1.897.836
2014-11-11;7,04;7,23;7,04;7,19;2.350.833
2014-11-12;7,25;7,25;6,90;6,95;4.179.269
2014-11-13;6,98;7,04;6,79;6,88;2.857.923
2014-11-14;6,93;7,20;6,86;7,17;3.184.780
2014-11-17;7,12;7,37;7,01;7,28;3.609.091
2014-11-18;7,36;7,36;7,24;7,31;2.070.516
2014-11-19;7,32;7,50;7,26;7,43;3.401.689
2014-11-20;7,45;7,49;7,38;7,40;2.859.903
2014-11-21;7,49;7,75;7,45;7,68;4.148.556
2014-11-24;7,75;7,80;7,61;7,64;2.040.925
2014-11-25;7,66;7,75;7,55;7,63;4.552.036
2014-11-26;7,66;7,70;7,57;7,63;1.265.980
2014-11-27;7,66;7,98;7,63;7,97;3.984.981
2014-11-28;8,05;8,73;8,04;8,48;11.613.390
2014-12-01;8,54;8,70;8,28;8,34;3.969.330
2014-12-02;8,36;8,40;8,18;8,31;2.642.821
2014-12-03;8,35;8,46;8,21;8,39;2.580.116
2014-12-04;8,47;8,58;8,32;8,52;3.172.124
2014-12-05;8,60;8,89;8,55;8,84;4.726.165
2014-12-08;8,73;8,74;8,54;8,67;3.513.551
2014-12-09;8,56;8,58;8,10;8,17;5.511.451
2014-12-10;8,15;8,29;8,00;8,23;4.087.938
2014-12-11;8,30;8,30;8,05;8,14;3.124.801
2014-12-12;8,10;8,34;8,02;8,12;2.806.043
2014-12-15;8,11;8,17;7,87;7,90;3.070.954
2014-12-16;7,93;8,16;7,83;8,16;4.337.641
2014-12-17;8,10;8,11;7,81;7,96;3.372.129
2014-12-18;8,12;8,31;8,02;8,30;3.889.614
2014-12-19;7,69;7,89;7,53;7,63;8.974.744
2014-12-22;7,69;7,70;7,32;7,42;3.621.355
2014-12-23;7,36;7,61;7,30;7,60;3.344.741
2014-12-24;7,65;7,73;7,58;7,62;1.373.092
2014-12-29;7,65;7,65;7,42;7,57;2.139.597
2014-12-30;7,52;7,84;7,47;7,78;2.564.957
2014-12-31;7,85;8,16;7,80;7,96;1.511.725
2015-01-02;8,06;8,15;7,97;8,08;2.197.327
2015-01-05;8,08;8,50;8,08;8,25;5.309.637
2015-01-06;8,29;8,35;7,96;7,96;3.605.129
2015-01-07;8,02;8,15;7,68;7,73;5.060.911
2015-01-08;7,84;7,93;7,46;7,48;5.380.906
2015-01-09;7,49;7,57;7,38;7,42;3.529.478
2015-01-12;7,47;7,69;7,40;7,62;3.620.475
2015-01-13;7,58;7,92;7,58;7,82;2.744.731
2015-01-14;7,71;7,77;7,43;7,48;3.967.245
2015-01-15;7,60;7,78;7,56;7,68;3.034.499
2015-01-16;7,56;7,75;7,31;7,44;4.476.368
2015-01-19;7,50;7,55;7,36;7,44;2.267.156
2015-01-20;7,49;7,89;7,44;7,80;4.598.083
2015-01-21;7,83;7,85;7,70;7,79;2.570.498
2015-01-22;7,79;7,98;7,54;7,87;5.436.480
2015-01-23;7,90;8,01;7,66;7,71;3.981.646
2015-01-26;7,67;8,14;7,56;8,14;4.435.578
2015-01-27;8,16;8,27;7,91;7,99;3.470.102
2015-01-28;8,00;8,09;7,80;7,85;2.324.689
2015-01-29;7,79;7,92;7,67;7,90;2.077.953
2015-01-30;7,98;8,03;7,81;7,85;2.297.664
2015-02-02;7,75;7,80;7,52;7,60;4.138.539
2015-02-03;7,64;7,66;7,52;7,55;3.277.821
2015-02-04;7,56;7,59;7,43;7,57;2.936.333
2015-02-05;7,55;7,66;7,50;7,56;2.051.208
2015-02-06;7,55;7,55;7,35;7,39;3.599.223
2015-02-09;7,35;7,35;7,16;7,23;3.605.565
2015-02-10;7,17;7,31;7,12;7,28;3.308.382
2015-02-11;7,45;7,48;7,27;7,32;2.868.133
2015-02-12;7,32;7,38;7,15;7,34;2.774.612
2015-02-13;7,39;7,42;7,15;7,17;3.889.804
2015-02-16;7,20;7,47;7,20;7,41;3.660.061
2015-02-17;7,39;7,60;7,33;7,58;3.817.469
2015-02-18;7,64;7,65;7,51;7,59;2.798.438
2015-02-19;7,18;7,30;6,99;7,21;12.711.275
2015-02-20;7,14;7,20;7,02;7,12;6.527.491
2015-02-23;7,18;7,21;7,06;7,19;3.119.113
2015-02-24;7,20;7,24;7,13;7,17;2.213.546
2015-02-25;7,17;7,18;7,02;7,07;2.851.411
2015-02-26;7,09;7,10;7,00;7,03;2.697.460
2015-02-27;7,06;7,09;7,00;7,09;2.343.484
2015-03-02;7,10;7,20;7,10;7,16;2.521.276
2015-03-03;7,17;7,35;7,12;7,20;3.795.069
2015-03-04;7,14;7,16;7,05;7,10;4.544.707
2015-03-05;7,11;7,11;6,95;7,02;4.256.129
2015-03-06;7,00;7,15;6,98;7,03;3.355.099
2015-03-09;7,02;7,22;6,98;7,17;4.017.693
2015-03-10;7,18;7,25;7,16;7,22;2.574.995
2015-03-11;7,24;7,25;7,17;7,20;2.005.063
2015-03-12;7,20;7,29;7,09;7,22;3.107.934
2015-03-13;7,24;7,26;7,14;7,19;1.563.387
2015-03-16;7,19;7,24;7,12;7,21;1.978.756
2015-03-17;7,25;7,25;7,06;7,25;2.251.259
2015-03-18;7,21;7,44;7,17;7,42;3.283.299
2015-03-19;7,40;7,63;7,40;7,54;4.116.497
2015-03-20;7,58;7,66;7,50;7,65;3.109.640
2015-03-23;7,66;7,67;7,55;7,64;1.496.079
2015-03-24;7,63;7,96;7,42;7,87;6.990.704
2015-03-25;7,84;7,95;7,70;7,72;2.706.229
2015-03-26;7,64;7,65;7,40;7,62;3.299.026
2015-03-27;7,65;7,78;7,60;7,72;2.548.427
2015-03-30;7,78;7,90;7,76;7,90;2.097.652
2015-03-31;7,90;8,26;7,89;8,18;5.830.632
2015-04-01;8,14;8,44;8,08;8,39;3.383.369
2015-04-02;8,37;8,45;8,20;8,41;2.644.453
2015-04-07;8,30;8,40;8,11;8,18;3.717.317
2015-04-08;8,12;8,26;8,02;8,09;3.100.917
2015-04-09;8,11;8,26;8,11;8,21;2.254.022
2015-04-10;8,25;8,44;8,20;8,44;2.585.999
2015-04-13;8,44;8,49;8,26;8,31;2.312.483
2015-04-14;8,30;8,39;8,07;8,16;2.702.749
2015-04-15;8,18;8,22;8,07;8,10;1.841.304
2015-04-16;8,08;8,08;7,81;7,95;3.778.811
2015-04-17;7,94;7,94;7,75;7,78;3.438.407
2015-04-20;7,79;7,92;7,73;7,88;1.541.228
2015-04-21;7,97;8,36;7,91;8,35;5.478.973
2015-04-22;8,35;8,44;8,20;8,31;2.598.141
2015-04-23;8,26;8,31;8,05;8,09;1.695.154
2015-04-24;8,09;8,28;8,08;8,24;1.807.275
2015-04-27;8,24;8,49;8,13;8,37;3.258.461
2015-04-28;8,37;8,39;8,14;8,26;2.226.798
2015-04-29;8,27;8,35;8,02;8,15;3.094.796
2015-04-30;8,03;8,06;7,65;7,71;6.688.302
2015-05-04;7,72;7,88;7,66;7,80;1.986.284
2015-05-05;7,76;7,87;7,55;7,55;2.923.492
2015-05-06;7,51;7,62;7,46;7,58;2.426.234
2015-05-07;7,54;7,81;7,48;7,80;2.796.788
2015-05-08;7,92;8,23;7,92;8,21;4.826.200
2015-05-11;8,20;8,41;8,12;8,32;4.991.842
2015-05-12;8,24;8,32;8,11;8,28;3.234.411
2015-05-13;8,29;8,37;8,15;8,18;2.923.855
2015-05-14;8,15;8,30;8,07;8,28;1.603.612
2015-05-15;8,29;8,31;8,12;8,17;1.800.752
2015-05-18;8,15;8,24;8,02;8,12;1.899.796
2015-05-19;8,14;8,22;7,91;8,02;2.736.157
2015-05-20;8,01;8,03;7,78;7,84;3.460.431
2015-05-21;7,80;7,88;7,75;7,88;2.171.288
2015-05-22;7,88;7,98;7,82;7,84;1.377.176
2015-05-25;7,84;7,89;7,75;7,77;559.741
2015-05-26;7,78;7,89;7,67;7,70;2.090.335
2015-05-27;7,70;7,76;7,63;7,66;2.427.698
2015-05-28;7,65;7,67;7,49;7,58;2.505.515
2015-05-29;7,63;7,70;7,49;7,54;2.866.688
2015-06-01;7,61;7,61;7,42;7,47;1.817.334
2015-06-02;7,49;7,58;7,42;7,49;1.784.201
2015-06-03;7,52;7,64;7,46;7,47;2.282.914
2015-06-04;7,46;7,48;7,34;7,39;1.702.291
2015-06-05;7,35;7,48;7,27;7,28;1.908.519
2015-06-08;7,20;7,29;7,11;7,22;3.443.205
2015-06-09;7,14;7,21;7,02;7,11;3.125.005
2015-06-10;7,09;7,09;6,97;7,04;3.308.049
2015-06-11;6,98;7,07;6,80;6,88;4.743.955
2015-06-12;6,88;6,88;6,63;6,73;4.927.627
2015-06-15;6,65;6,70;6,49;6,52;5.012.259
2015-06-16;6,45;6,48;6,19;6,30;5.865.635
2015-06-17;6,33;6,43;6,26;6,36;3.747.886
2015-06-18;6,37;6,38;6,18;6,29;3.647.999
2015-06-19;6,30;6,35;6,23;6,23;2.790.818
2015-06-22;6,42;6,48;6,28;6,31;3.422.331
2015-06-23;6,40;6,62;6,28;6,44;5.066.989
2015-06-24;6,49;6,49;6,36;6,44;2.083.212
2015-06-25;6,40;6,56;6,39;6,48;1.836.113
2015-06-26;6,46;6,54;6,42;6,48;845.725
2015-06-29;6,20;6,35;6,15;6,26;2.454.953
2015-06-30;6,24;6,37;6,24;6,30;2.497.202
2015-07-01;6,35;6,44;6,27;6,29;2.356.393
2015-07-02;6,25;6,30;6,18;6,21;1.850.973
2015-07-03;6,21;6,24;5,99;6,07;2.686.415
2015-07-06;5,98;6,04;5,78;6,00;3.490.808
2015-07-07;6,02;6,06;5,82;5,85;3.357.702
2015-07-08;5,95;6,03;5,85;5,97;3.249.231
2015-07-09;6,02;6,29;6,02;6,19;3.978.265
2015-07-10;6,31;6,38;6,22;6,36;3.167.458
2015-07-13;6,40;6,43;6,27;6,27;2.799.438
2015-07-14;6,28;6,34;6,25;6,31;1.406.068
2015-07-15;6,33;6,43;6,28;6,40;1.765.866
2015-07-16;6,44;6,62;6,43;6,52;2.580.047
2015-07-17;6,59;6,64;6,55;6,59;2.231.624
2015-07-20;6,64;6,68;6,61;6,65;1.421.368
2015-07-21;6,62;6,64;6,50;6,54;2.253.954
2015-07-22;6,50;6,62;6,50;6,56;1.560.300
2015-07-23;6,60;6,64;6,55;6,59;1.819.526
2015-07-24;6,77;6,94;6,63;6,63;5.294.369
2015-07-27;6,80;6,88;6,55;6,57;3.918.462
2015-07-28;6,60;6,64;6,56;6,63;2.232.782
2015-07-29;6,65;6,70;6,50;6,53;1.924.606
2015-07-30;6,55;6,59;6,39;6,49;1.947.362
2015-07-31;6,50;6,60;6,47;6,52;1.795.826
2015-08-03;6,51;6,55;6,42;6,45;1.254.455
2015-08-04;6,52;6,55;6,36;6,38;2.520.938
2015-08-05;6,38;6,46;6,33;6,42;1.690.718
2015-08-06;6,41;6,50;6,38;6,48;1.823.388
2015-08-07;6,49;6,52;6,42;6,45;1.143.732
2015-08-10;6,52;6,54;6,37;6,43;1.203.697
2015-08-11;6,41;6,46;6,33;6,42;1.978.940
2015-08-12;6,36;6,36;6,21;6,27;2.112.350
2015-08-13;6,32;6,35;6,26;6,29;1.725.929
2015-08-14;6,30;6,31;6,14;6,21;1.955.402
2015-08-17;6,24;6,26;6,17;6,20;1.199.494
2015-08-18;6,19;6,25;6,12;6,23;1.423.570
2015-08-19;6,20;6,21;6,11;6,15;1.159.835
2015-08-20;6,15;6,22;6,04;6,12;2.183.564
2015-08-21;6,00;6,04;5,92;5,97;3.091.585
2015-08-24;5,82;5,85;5,52;5,71;4.430.804
2015-08-25;5,79;6,15;5,71;6,01;4.242.236
2015-08-26;6,01;6,17;5,91;6,06;2.049.424
2015-08-27;6,18;6,30;6,13;6,21;2.521.202
2015-08-28;6,21;6,25;6,14;6,19;1.508.590
2015-08-31;6,15;6,18;6,08;6,18;1.073.577
2015-09-01;6,09;6,12;5,90;5,97;2.284.828
2015-09-02;6,00;6,12;5,95;6,00;1.774.252
2015-09-03;6,11;6,48;6,11;6,43;7.971.251
2015-09-04;6,38;6,64;6,35;6,46;4.026.806
2015-09-07;6,54;6,61;6,30;6,39;1.740.938
2015-09-08;6,42;6,51;6,39;6,45;1.212.875
2015-09-09;6,61;6,62;6,40;6,42;1.797.067
2015-09-10;6,36;6,44;6,27;6,41;1.892.244
2015-09-11;6,46;6,50;6,39;6,42;1.351.504
2015-09-14;6,42;6,58;6,42;6,49;2.173.363
2015-09-15;6,52;6,84;6,52;6,77;4.799.108
2015-09-16;6,82;6,95;6,69;6,78;2.797.523
2015-09-17;6,81;6,81;6,57;6,59;2.887.705
2015-09-18;6,54;6,70;6,46;6,69;4.128.568
2015-09-21;6,66;6,78;6,65;6,70;2.023.498
2015-09-22;6,69;6,70;6,28;6,33;2.721.483
2015-09-23;6,30;6,65;6,30;6,55;3.300.960
2015-09-24;6,55;6,65;6,35;6,37;2.081.202
2015-09-25;6,49;6,50;6,29;6,35;2.135.298
2015-09-28;6,35;6,42;6,06;6,14;2.735.107
2015-09-29;6,01;6,19;5,99;6,11;1.941.734
2015-09-30;6,23;6,26;6,18;6,23;1.568.358
2015-10-01;6,25;6,26;5,95;5,98;3.424.683
2015-10-02;6,00;6,15;5,99;6,07;2.564.850
2015-10-05;6,12;6,14;6,01;6,11;3.185.136
2015-10-06;6,11;6,14;6,02;6,12;2.214.181
2015-10-07;6,09;6,11;5,81;6,07;5.611.546
2015-10-08;6,15;6,28;6,00;6,28;3.268.349
2015-10-09;6,34;6,54;6,26;6,46;3.983.157
2015-10-12;6,51;6,64;6,47;6,55;2.319.331
2015-10-13;6,54;6,58;6,42;6,47;1.215.631
2015-10-14;6,42;6,49;6,31;6,34;1.732.164
2015-10-15;6,38;6,42;6,31;6,34;1.737.666
2015-10-16;6,37;6,53;6,35;6,38;2.578.220
2015-10-19;6,41;6,46;6,36;6,40;1.364.215
2015-10-20;6,40;6,43;6,27;6,29;1.926.745
2015-10-21;6,30;6,30;6,05;6,13;3.580.605
2015-10-22;6,14;6,24;6,00;6,17;3.585.672
2015-10-23;6,22;6,49;6,20;6,43;3.773.260
2015-10-26;6,44;6,63;6,42;6,57;2.657.744
2015-10-27;6,57;6,72;6,51;6,55;2.923.253
2015-10-28;6,53;6,75;6,51;6,74;2.790.238
2015-10-29;6,99;7,06;6,35;6,41;7.124.267
2015-10-30;6,51;6,69;6,40;6,67;3.339.578
2015-11-02;6,65;6,81;6,53;6,72;4.078.391
2015-11-03;6,75;6,92;6,74;6,87;2.814.114
2015-11-04;6,92;7,04;6,88;6,89;3.562.796
2015-11-05;6,92;7,00;6,80;6,85;2.995.602
2015-11-06;6,84;7,27;6,79;7,18;4.618.175
2015-11-09;7,18;7,25;7,07;7,09;2.472.356
2015-11-10;7,09;7,09;6,84;6,95;2.128.855
2015-11-11;6,99;7,14;6,92;7,00;1.838.118
2015-11-12;6,98;7,00;6,71;6,79;2.456.383
2015-11-13;6,79;6,88;6,72;6,79;1.656.802
2015-11-16;6,49;6,51;6,30;6,41;7.628.053
2015-11-17;6,45;6,53;6,40;6,50;2.183.957
2015-11-18;6,41;6,55;6,40;6,46;1.845.052
2015-11-19;6,59;6,74;6,48;6,65;3.300.839
2015-11-20;6,66;6,74;6,65;6,70;2.948.220
2015-11-23;6,70;6,71;6,52;6,54;2.128.450
2015-11-24;6,53;6,54;6,22;6,28;3.735.482
2015-11-25;6,33;6,34;6,05;6,10;4.696.029
2015-11-26;6,11;6,38;6,10;6,28;3.004.530
2015-11-27;6,26;6,37;6,23;6,24;1.635.081
2015-11-30;6,25;6,40;6,24;6,31;2.166.225
2015-12-01;6,40;6,40;6,22;6,27;1.784.633
2015-12-02;6,29;6,47;6,25;6,38;2.180.462
2015-12-03;6,39;6,46;6,20;6,20;3.019.877
2015-12-04;6,21;6,44;6,16;6,39;2.458.970
2015-12-07;6,45;6,46;6,36;6,42;1.778.032
2015-12-08;6,41;6,58;6,27;6,32;3.214.540
2015-12-09;6,50;6,56;6,33;6,50;3.777.286
2015-12-10;6,50;6,69;6,39;6,56;3.123.698
2015-12-11;6,55;6,62;6,38;6,46;2.196.790
2015-12-14;6,46;6,50;6,28;6,30;1.565.464
2015-12-15;6,37;6,54;6,34;6,48;3.497.784
2015-12-16;6,50;6,72;6,48;6,54;3.081.547
2015-12-17;6,70;6,74;6,60;6,61;2.224.645
2015-12-18;6,57;6,74;6,55;6,67;3.878.510
2015-12-21;6,65;6,87;6,65;6,77;2.629.621
2015-12-22;6,85;6,87;6,71;6,77;1.831.711
2015-12-23;6,80;6,92;6,79;6,87;1.929.047
2015-12-24;6,92;6,92;6,82;6,92;442.011
2015-12-28;6,90;6,96;6,86;6,92;1.363.638
2015-12-29;6,94;7,02;6,90;6,94;1.736.593
2015-12-30;6,93;7,05;6,90;6,99;1.477.291
2015-12-31;6,95;7,02;6,92;7,02;534.459
2016-01-04;7,10;7,29;7,02;7,25;4.938.858
2016-01-05;7,25;7,54;7,24;7,49;5.258.180
2016-01-06;7,50;7,59;7,36;7,55;3.873.421
2016-01-07;7,37;7,69;7,35;7,58;4.515.838
2016-01-08;7,44;7,88;7,39;7,68;5.663.561
2016-01-11;7,69;7,91;7,69;7,76;4.551.648
2016-01-12;7,85;7,93;7,62;7,70;4.991.952
2016-01-13;7,75;7,87;7,64;7,72;2.780.311
2016-01-14;7,66;7,70;7,37;7,55;3.412.134
2016-01-15;7,57;7,79;7,36;7,41;4.785.366
2016-01-18;7,40;7,48;7,18;7,36;3.831.803
2016-01-19;7,47;7,68;7,47;7,52;2.882.634
2016-01-20;7,40;7,45;7,28;7,33;2.898.324
2016-01-21;7,39;7,63;7,30;7,54;3.567.116
2016-01-22;7,68;7,87;7,58;7,79;3.367.672
2016-01-25;7,90;7,94;7,73;7,77;2.953.256
2016-01-26;7,75;8,03;7,62;7,88;5.457.643
2016-01-27;7,90;8,02;7,78;7,89;3.486.215
2016-01-28;7,89;7,92;7,30;7,38;6.112.995
2016-01-29;7,45;7,46;7,22;7,39;3.282.537
2016-02-01;7,42;7,69;7,40;7,63;3.919.071
2016-02-02;7,64;7,66;7,41;7,44;2.739.179
2016-02-03;7,45;7,45;7,08;7,29;4.470.269
2016-02-04;7,38;7,38;7,12;7,31;3.059.355
2016-02-05;7,34;7,61;7,26;7,29;3.239.703
2016-02-08;7,40;7,45;6,89;6,94;4.790.125
2016-02-09;6,89;6,99;6,68;6,96;3.929.248
2016-02-10;7,02;7,23;6,82;7,07;2.694.297
2016-02-11;7,02;7,02;6,80;6,88;2.715.017
2016-02-12;6,95;7,08;6,89;6,96;2.436.723
2016-02-15;7,10;7,13;6,97;6,98;2.695.319
2016-02-16;7,01;7,36;6,92;7,29;3.669.907
2016-02-17;7,34;7,64;7,32;7,45;4.364.702
2016-02-18;7,75;8,20;7,74;8,13;6.858.962
2016-02-19;8,21;8,51;8,21;8,51;6.163.791
2016-02-22;8,52;8,59;7,87;8,02;5.569.218
2016-02-23;8,00;8,35;7,98;8,20;3.716.238
2016-02-24;8,25;8,39;8,02;8,19;2.625.323
2016-02-25;8,30;8,58;8,25;8,45;4.087.403
2016-02-26;8,48;8,51;8,24;8,38;2.934.416
2016-02-29;8,25;8,46;8,18;8,39;3.558.973
2016-03-01;8,42;8,56;8,39;8,55;2.462.208
2016-03-02;8,56;8,84;8,52;8,54;3.364.943
2016-03-03;8,54;8,58;8,28;8,34;3.024.052
2016-03-04;8,40;8,66;8,32;8,60;2.957.257
2016-03-07;8,55;8,58;8,26;8,35;2.327.173
2016-03-08;8,36;8,40;8,04;8,20;2.085.350
2016-03-09;8,16;8,24;8,10;8,20;1.896.721
2016-03-10;8,20;8,42;8,11;8,11;2.003.495
2016-03-11;8,21;8,54;8,16;8,52;2.475.701
2016-03-14;8,55;8,65;8,33;8,41;2.084.935
2016-03-15;8,41;8,45;8,27;8,45;1.244.579
2016-03-16;8,47;8,75;8,40;8,62;3.080.327
2016-03-17;8,50;8,55;8,34;8,52;2.367.046
2016-03-18;8,54;8,76;8,43;8,62;2.884.750
2016-03-21;8,57;8,66;8,37;8,43;1.401.216
2016-03-22;8,17;8,22;7,92;8,09;5.719.900
2016-03-23;8,12;8,20;8,03;8,15;2.113.463
2016-03-24;8,15;8,15;7,89;8,11;2.038.717
2016-03-29;8,10;8,22;8,02;8,17;1.397.569
2016-03-30;8,18;8,31;8,15;8,30;2.101.419
2016-03-31;8,24;8,49;8,20;8,36;2.167.985
2016-04-01;8,28;8,33;8,05;8,13;3.033.416
2016-04-04;8,12;8,48;8,09;8,30;2.252.050
2016-04-05;8,23;8,29;8,15;8,17;2.482.302
2016-04-06;7,53;8,03;7,47;7,90;8.016.426
2016-04-07;7,96;8,13;7,87;7,91;3.108.034
2016-04-08;8,02;8,19;8,01;8,06;2.519.406
2016-04-11;8,10;8,19;8,00;8,10;1.663.644
2016-04-12;8,10;8,29;8,07;8,27;2.449.517
2016-04-13;8,28;8,35;8,19;8,23;2.945.245
2016-04-14;8,23;8,33;8,14;8,19;1.757.734
2016-04-15;8,21;8,28;8,14;8,20;1.651.047
2016-04-18;8,13;8,42;8,13;8,14;1.980.795
2016-04-19;8,16;8,33;8,13;8,32;1.729.419
2016-04-20;8,32;8,39;8,29;8,32;1.678.739
2016-04-21;8,32;8,33;7,97;7,97;2.739.075
2016-04-22;8,05;8,13;7,91;8,03;1.968.128
2016-04-25;8,03;8,10;7,93;7,95;967.452
2016-04-26;7,93;8,01;7,79;7,91;2.405.245
2016-04-27;7,94;8,01;7,87;7,95;2.203.573
2016-04-28;7,95;8,09;7,92;8,05;2.437.631
2016-04-29;8,00;8,04;7,74;7,83;3.303.335
2016-05-02;7,89;7,95;7,85;7,87;1.437.491
2016-05-03;7,77;7,77;7,52;7,70;3.516.871
2016-05-04;7,80;7,89;7,25;7,37;5.800.747
2016-05-05;7,31;7,35;7,08;7,18;3.728.590
2016-05-06;7,15;7,33;7,11;7,20;3.074.935
2016-05-09;7,34;7,35;7,19;7,30;2.515.679
2016-05-10;7,40;7,61;7,33;7,46;2.740.855
2016-05-11;7,49;7,52;7,42;7,46;1.816.196
2016-05-12;7,47;7,48;7,33;7,34;1.950.194
2016-05-13;7,31;7,35;7,21;7,24;2.136.207
2016-05-16;7,20;7,33;7,13;7,33;1.546.811
2016-05-17;7,32;7,35;7,21;7,30;1.785.618
2016-05-18;7,26;7,48;7,24;7,44;2.114.505
2016-05-19;7,39;7,50;7,35;7,37;3.442.396
2016-05-20;7,42;7,43;7,16;7,22;3.437.793
2016-05-23;7,21;7,41;7,21;7,35;1.809.019
2016-05-24;7,37;7,37;7,22;7,35;2.152.362
2016-05-25;7,41;7,57;7,38;7,46;2.074.747
2016-05-26;7,47;7,49;7,31;7,48;1.694.382
2016-05-27;7,48;7,50;7,30;7,41;1.932.911
2016-05-30;7,43;7,56;7,35;7,37;1.550.292
2016-05-31;7,39;7,39;7,19;7,24;2.993.664
2016-06-01;7,27;7,28;7,11;7,21;1.885.328
2016-06-02;7,25;7,33;7,18;7,26;1.776.714
2016-06-03;7,25;7,34;7,19;7,23;2.061.158
2016-06-06;7,23;7,23;6,77;6,84;5.539.475
2016-06-07;6,87;7,02;6,80;7,02;3.641.669
2016-06-08;6,95;6,99;6,82;6,85;3.414.021
2016-06-09;6,87;6,91;6,80;6,86;2.266.364
2016-06-10;6,82;6,84;6,55;6,55;3.764.345
2016-06-13;6,49;6,54;6,40;6,41;2.278.231
2016-06-14;6,39;6,42;6,25;6,26;2.633.190
2016-06-15;6,34;6,38;6,27;6,29;2.061.059
2016-06-16;6,26;6,32;6,11;6,13;3.048.367
2016-06-17;6,19;6,23;6,11;6,22;4.284.441
2016-06-20;6,33;6,43;6,31;6,40;3.460.676
2016-06-21;6,45;6,45;6,28;6,30;2.488.692
2016-06-22;6,38;6,46;6,36;6,37;2.933.260
2016-06-23;6,38;6,58;6,37;6,57;2.555.303
2016-06-24;5,93;6,01;5,66;5,92;14.013.795
2016-06-27;5,90;5,90;5,48;5,52;7.822.075
2016-06-28;5,70;5,73;5,57;5,64;5.222.108
2016-06-29;5,75;5,75;5,62;5,71;3.189.087
2016-06-30;5,72;5,74;5,58;5,72;3.768.821
2016-07-01;5,76;5,96;5,72;5,95;4.408.267
2016-07-04;5,99;5,99;5,80;5,81;3.400.285
2016-07-05;5,82;6,06;5,74;5,96;4.282.384
2016-07-06;5,93;5,98;5,58;5,67;4.548.055
2016-07-07;5,69;5,84;5,65;5,67;2.913.794
2016-07-08;5,66;5,74;5,43;5,72;3.999.179
2016-07-11;5,79;5,90;5,72;5,85;3.499.503
2016-07-12;5,87;6,05;5,85;5,98;3.015.735
2016-07-13;5,99;5,99;5,85;5,89;3.128.261
2016-07-14;5,94;6,03;5,86;6,01;3.263.163
2016-07-15;5,95;5,96;5,83;5,91;3.240.023
2016-07-18;5,92;6,00;5,87;5,89;1.899.463
2016-07-19;5,89;5,95;5,63;5,65;3.729.298
2016-07-20;5,55;5,57;5,44;5,57;4.572.533
2016-07-21;5,46;5,46;5,30;5,34;6.425.613
2016-07-22;5,34;5,42;5,25;5,39;3.155.600
2016-07-25;5,22;5,28;5,16;5,26;3.915.749
2016-07-26;5,20;5,31;5,18;5,22;4.086.607
2016-07-27;5,31;5,50;5,13;5,18;6.082.598
2016-07-28;5,17;5,24;5,04;5,10;5.283.499
2016-07-29;5,10;5,32;5,09;5,19;5.411.470
2016-08-01;5,25;5,30;5,14;5,22;3.533.122
2016-08-02;5,23;5,26;5,10;5,13;3.998.462
2016-08-03;4,95;5,05;4,92;5,03;1.068.198
2016-08-04;4,95;5,05;4,92;5,01;4.412.093
2016-08-05;5,05;5,08;5,00;5,08;3.399.677
2016-08-08;5,07;5,11;5,02;5,08;2.570.495
2016-08-09;5,08;5,17;5,08;5,16;2.833.733
2016-08-10;5,16;5,19;5,08;5,11;2.279.540
2016-08-11;5,14;5,14;5,05;5,11;1.746.961
2016-08-12;5,10;5,26;5,09;5,25;3.477.824
2016-08-15;5,25;5,27;5,10;5,13;2.607.679
2016-08-16;5,12;5,12;5,02;5,04;3.234.965
2016-08-17;5,06;5,07;4,95;4,97;2.617.032
2016-08-18;5,00;5,00;4,92;4,98;2.773.769
2016-08-19;4,99;5,02;4,91;4,94;2.390.859
2016-08-22;4,91;5,00;4,83;4,91;3.829.510
2016-08-23;4,94;4,98;4,89;4,95;2.494.165
2016-08-24;4,95;4,99;4,89;4,98;2.711.135
2016-08-25;4,97;4,97;4,89;4,91;2.562.573
2016-08-26;4,91;4,93;4,85;4,86;2.139.053
2016-08-29;4,85;4,85;4,80;4,83;2.191.605
2016-08-30;4,85;4,95;4,85;4,93;2.411.694
2016-08-31;4,93;5,09;4,90;4,92;3.948.131
2016-09-01;4,94;5,07;4,93;5,00;3.693.014
2016-09-02;5,04;5,08;4,88;5,04;4.126.697
2016-09-05;5,05;5,08;4,97;5,07;3.348.693
2016-09-06;5,08;5,13;5,04;5,08;3.392.111
2016-09-07;5,00;5,03;4,91;5,02;5.648.345
2016-09-08;5,00;5,12;4,96;5,08;5.353.559
2016-09-09;5,08;5,25;5,06;5,24;5.614.525
2016-09-12;5,16;5,19;4,98;5,06;4.668.045
2016-09-13;5,10;5,14;5,04;5,04;2.732.729
2016-09-14;5,05;5,07;4,82;4,84;5.647.886
2016-09-15;4,84;4,89;4,78;4,84;3.936.563
2016-09-16;4,85;4,85;4,76;4,77;3.619.901
2016-09-19;4,80;4,85;4,77;4,79;1.830.697
2016-09-20;4,79;4,80;4,61;4,65;5.267.262
2016-09-21;4,71;4,73;4,67;4,68;2.206.537
2016-09-22;4,71;4,80;4,71;4,77;2.548.494
2016-09-23;4,82;4,82;4,74;4,81;2.142.354
2016-09-26;4,81;4,81;4,70;4,72;2.453.996
2016-09-27;4,76;4,76;4,64;4,71;2.566.556
2016-09-28;4,75;4,86;4,74;4,82;3.648.385
2016-09-29;4,83;4,84;4,68;4,74;3.709.235
2016-09-30;4,68;4,79;4,62;4,78;3.086.908
2016-10-03;4,79;4,79;4,71;4,75;1.477.733
2016-10-04;4,76;4,79;4,69;4,75;3.055.350
2016-10-05;4,74;4,81;4,69;4,78;2.432.316
2016-10-06;4,77;4,77;4,66;4,70;3.398.889
2016-10-07;4,71;4,71;4,62;4,71;3.797.504
2016-10-10;4,72;4,81;4,61;4,79;3.818.520
2016-10-11;4,79;4,98;4,69;4,90;5.065.051
2016-10-12;4,93;5,01;4,92;4,94;4.998.940
2016-10-13;4,93;4,93;4,75;4,81;4.381.561
2016-10-14;4,81;4,92;4,81;4,90;3.855.735
2016-10-17;4,89;5,09;4,89;5,00;4.626.457
2016-10-18;4,99;5,09;4,90;5,08;3.687.737
2016-10-19;5,07;5,18;4,99;5,07;3.952.164
2016-10-20;5,24;5,38;5,24;5,34;8.109.022
2016-10-21;5,32;5,45;5,30;5,34;4.000.245
2016-10-24;5,36;5,47;5,35;5,46;3.142.102
2016-10-25;5,46;5,48;5,39;5,43;2.695.339
2016-10-26;5,43;5,58;5,42;5,55;3.629.323
2016-10-27;5,55;5,57;5,36;5,43;4.139.759
2016-10-28;5,42;5,57;5,32;5,55;3.417.262
2016-10-31;5,56;5,59;5,48;5,56;2.368.587
2016-11-01;5,58;5,62;5,50;5,55;3.332.959
2016-11-02;5,50;5,51;5,37;5,43;4.068.544
2016-11-03;5,20;5,79;5,14;5,76;9.266.506
2016-11-04;5,62;5,73;5,39;5,39;5.641.821
2016-11-07;5,42;5,52;5,37;5,48;3.426.965
2016-11-08;5,47;5,53;5,39;5,45;3.343.725
2016-11-09;5,17;5,44;5,12;5,43;4.796.913
2016-11-10;5,46;5,52;5,34;5,36;3.618.306
2016-11-11;5,39;5,42;5,26;5,35;3.367.103
2016-11-14;5,38;5,40;5,26;5,29;3.108.008
2016-11-15;5,34;5,48;5,30;5,47;3.269.079
2016-11-16;5,49;5,54;5,35;5,37;2.657.092
2016-11-17;5,40;5,40;5,28;5,37;1.697.090
2016-11-18;5,40;5,48;5,31;5,46;3.781.399
2016-11-21;5,46;5,46;5,33;5,37;2.560.011
2016-11-22;5,41;5,46;5,36;5,40;2.243.357
2016-11-23;5,40;5,42;5,25;5,32;2.558.330
2016-11-24;5,32;5,39;5,20;5,25;1.821.950
2016-11-25;5,24;5,27;5,16;5,22;1.621.743
2016-11-28;5,21;5,21;5,10;5,15;2.582.950
2016-11-29;5,16;5,27;5,10;5,22;3.016.690
2016-11-30;5,22;5,24;5,05;5,09;4.123.813
2016-12-01;5,12;5,21;5,04;5,06;4.869.322
2016-12-02;5,04;5,06;4,90;4,92;4.991.294
2016-12-05;4,92;5,02;4,90;4,98;3.648.656
2016-12-06;4,99;5,06;4,92;5,04;2.726.539
2016-12-07;5,08;5,12;5,03;5,04;2.995.646
2016-12-08;5,11;5,24;5,03;5,21;6.022.555
2016-12-09;5,23;5,25;5,11;5,16;3.547.278
2016-12-12;5,16;5,16;5,01;5,07;4.703.857
2016-12-13;5,03;5,15;5,03;5,13;3.501.159
2016-12-14;5,13;5,21;5,06;5,06;2.970.632
2016-12-15;5,09;5,21;5,07;5,18;4.645.069
2016-12-16;5,20;5,54;5,15;5,48;11.895.664
2016-12-19;5,48;5,53;5,43;5,49;3.144.703
2016-12-20;5,49;5,53;5,45;5,46;2.730.383
2016-12-21;5,45;5,48;5,35;5,36;3.205.737
2016-12-22;5,36;5,43;5,36;5,40;2.262.661
2016-12-23;5,42;5,45;5,38;5,41;1.393.862
2016-12-27;5,40;5,43;5,35;5,36;1.230.236
2016-12-28;5,36;5,36;5,24;5,28;2.191.420
2016-12-29;5,29;5,35;5,21;5,23;1.918.442
2016-12-30;5,21;5,21;5,13;5,17;2.236.645
2017-01-02;5,12;5,20;5,12;5,16;2.188.437
2017-01-03;5,19;5,25;5,16;5,17;2.415.177
2017-01-04;5,25;5,25;5,16;5,24;2.379.130
2017-01-05;5,25;5,33;5,24;5,31;2.825.297
2017-01-06;5,33;5,33;5,26;5,28;1.898.804
2017-01-09;5,35;5,37;5,16;5,19;3.099.368
2017-01-10;5,10;5,10;4,95;5,02;9.570.836
2017-01-11;5,03;5,08;4,94;5,05;4.216.423
2017-01-12;5,03;5,08;4,96;4,99;3.804.493
2017-01-13;5,02;5,04;4,98;4,99;2.894.160
2017-01-16;4,98;4,98;4,90;4,96;2.890.624
2017-01-17;4,95;5,07;4,93;4,99;4.503.666
2017-01-18;5,04;5,04;4,93;4,98;2.353.850
2017-01-19;4,99;4,99;4,94;4,98;1.923.836
2017-01-20;4,98;5,05;4,94;4,96;2.935.252
2017-01-23;4,95;5,08;4,94;5,06;3.001.109
2017-01-24;5,05;5,05;4,96;5,04;2.712.051
2017-01-25;5,08;5,17;5,03;5,12;4.098.535
2017-01-26;5,13;5,15;5,09;5,12;2.195.818
2017-01-27;5,02;5,19;5,02;5,15;2.681.245
2017-01-30;5,14;5,14;4,98;5,01;3.594.599
2017-01-31;4,98;4,99;4,87;4,90;4.794.075
2017-02-01;4,90;5,00;4,86;4,97;3.486.530
2017-02-02;4,99;4,99;4,91;4,95;2.134.192
2017-02-03;4,86;4,91;4,85;4,86;3.518.071
2017-02-06;4,85;4,87;4,81;4,83;2.320.325
2017-02-07;4,83;4,87;4,78;4,82;2.233.953
2017-02-08;4,93;5,08;4,92;5,05;6.474.853
2017-02-09;5,08;5,11;5,01;5,09;3.612.285
2017-02-10;5,08;5,10;5,01;5,07;2.463.452
2017-02-13;5,06;5,30;5,06;5,28;6.247.083
2017-02-14;5,30;5,43;5,28;5,42;5.341.706
2017-02-15;5,41;5,49;5,40;5,49;4.956.543
2017-02-16;5,80;6,20;5,80;6,18;18.451.967
2017-02-17;6,23;6,46;6,13;6,46;10.717.791
2017-02-20;6,49;6,66;6,43;6,48;6.355.978
2017-02-21;6,73;6,84;6,58;6,63;7.336.312
2017-02-22;6,76;6,76;6,51;6,65;4.629.008
2017-02-23;6,64;6,66;6,48;6,64;5.116.469
2017-02-24;6,56;6,69;6,44;6,58;5.341.304
2017-02-27;6,44;6,53;6,36;6,45;6.119.857
2017-02-28;6,45;6,66;6,45;6,65;3.793.850
2017-03-01;6,67;6,98;6,65;6,94;5.705.573
2017-03-02;6,94;7,00;6,84;6,90;3.669.353
2017-03-03;6,87;6,97;6,84;6,96;3.373.708
2017-03-06;6,88;7,12;6,86;7,01;5.013.951
2017-03-07;7,01;7,04;6,81;6,86;4.188.057
2017-03-08;7,00;7,28;6,92;7,18;8.941.294
2017-03-09;7,27;7,52;7,27;7,48;6.413.499
2017-03-10;7,48;7,52;7,25;7,34;4.154.337
2017-03-13;7,35;7,55;7,33;7,39;4.438.378
2017-03-14;7,40;7,43;7,26;7,29;3.241.703
2017-03-15;7,25;7,34;7,18;7,30;2.976.875
2017-03-16;7,45;7,59;7,33;7,45;5.488.302
2017-03-17;7,50;7,65;7,48;7,64;6.352.335
2017-03-20;7,63;7,72;7,51;7,56;2.809.030
2017-03-21;7,54;7,64;7,51;7,52;2.728.636
2017-03-22;7,50;7,51;7,31;7,43;3.011.402
2017-03-23;7,41;7,54;7,41;7,52;2.337.394
2017-03-24;7,54;7,60;7,46;7,51;2.378.369
2017-03-27;7,30;7,31;7,05;7,16;5.649.015
2017-03-28;7,18;7,29;7,13;7,20;2.476.387
2017-03-29;7,21;7,25;6,88;7,06;4.393.400
2017-03-30;7,08;7,13;6,94;7,07;3.016.870
2017-03-31;7,09;7,13;7,01;7,10;2.972.439
2017-04-03;7,14;7,20;7,06;7,11;2.384.435
2017-04-04;7,14;7,17;7,00;7,00;2.737.768
2017-04-05;7,00;7,23;6,99;7,12;2.737.136
2017-04-06;7,12;7,14;7,01;7,09;2.129.621
2017-04-07;7,04;7,12;6,92;6,95;3.007.584
2017-04-10;7,00;7,26;6,90;7,23;5.651.215
2017-04-11;7,18;7,57;7,16;7,42;6.078.307
2017-04-12;7,49;7,63;7,45;7,52;5.170.998
2017-04-13;7,35;7,38;7,06;7,28;9.199.935
2017-04-18;7,22;7,33;7,20;7,20;3.798.808
2017-04-19;7,21;7,55;7,21;7,50;4.866.161
2017-04-20;7,49;7,65;7,46;7,60;3.844.795
2017-04-21;7,52;7,64;7,52;7,56;2.984.687
2017-04-24;7,72;8,03;7,72;8,02;7.054.333
2017-04-25;8,00;8,20;7,90;7,95;5.205.290
2017-04-26;7,90;7,98;7,79;7,90;3.562.091
2017-04-27;7,90;8,03;7,66;7,70;3.689.750
2017-04-28;7,69;7,88;7,66;7,72;2.874.783
2017-05-02;7,71;7,81;7,63;7,79;3.610.554
2017-05-03;7,65;7,74;7,56;7,62;5.613.086
2017-05-04;7,62;8,07;7,57;8,03;8.261.927
2017-05-05;8,14;8,41;8,12;8,38;11.032.796
2017-05-08;8,40;8,50;8,31;8,47;5.495.886
2017-05-09;8,50;8,59;8,46;8,55;6.171.132
2017-05-10;8,67;8,96;8,67;8,96;10.167.756
2017-05-11;8,97;9,02;8,83;9,02;6.425.655
2017-05-12;9,20;9,44;9,20;9,21;7.709.056
2017-05-15;9,21;9,66;9,18;9,54;6.303.640
2017-05-16;9,57;9,69;9,29;9,37;4.912.476
2017-05-17;9,31;9,47;9,12;9,15;4.954.117
2017-05-18;9,11;9,12;8,95;9,05;5.033.956
2017-05-19;9,05;9,41;9,05;9,30;3.562.767
2017-05-22;9,38;9,38;9,26;9,32;2.711.194
2017-05-23;9,25;9,50;9,24;9,43;2.740.236
2017-05-24;9,45;9,59;9,43;9,59;2.638.743
2017-05-25;9,60;9,97;9,60;9,79;4.509.930
2017-05-26;9,83;9,93;9,65;9,90;2.904.517
2017-05-29;9,96;9,96;9,77;9,84;1.806.891
2017-05-30;9,75;9,96;9,65;9,88;3.459.950
2017-05-31;9,86;10,19;9,86;10,05;4.841.411
2017-06-01;10,05;10,35;10,05;10,25;3.324.714
2017-06-02;10,35;10,43;10,26;10,40;3.010.647
2017-06-05;10,36;10,42;10,22;10,32;2.390.767
2017-06-06;10,28;10,82;10,27;10,72;4.988.026
2017-06-07;10,70;10,87;10,59;10,81;3.485.973
2017-06-08;10,84;11,00;10,76;10,98;3.259.731
2017-06-09;10,98;11,40;10,96;11,15;4.588.695
2017-06-12;11,06;11,10;10,91;10,97;3.577.735
2017-06-13;11,01;11,25;10,93;11,06;3.198.665
2017-06-14;11,11;11,44;11,10;11,20;4.146.757
2017-06-15;11,21;11,40;10,82;10,97;5.668.714
2017-06-16;11,05;11,17;10,81;10,93;3.904.251
2017-06-19;11,00;11,19;10,92;11,09;2.385.832
2017-06-20;11,12;11,14;10,87;10,91;2.400.547
2017-06-21;10,87;11,04;10,74;11,02;2.654.896
2017-06-22;11,00;11,26;10,87;11,17;2.344.731
2017-06-23;11,15;11,23;11,03;11,12;1.941.336
2017-06-26;11,12;11,80;11,12;11,66;5.375.671
2017-06-27;11,66;12,25;11,66;12,21;6.660.658
2017-06-28;12,20;12,42;12,08;12,30;4.335.203
2017-06-29;12,32;12,45;12,09;12,16;3.503.008
2017-06-30;12,20;12,55;12,20;12,49;4.317.791
2017-07-03;12,56;12,88;12,56;12,87;4.495.048
2017-07-04;12,83;12,89;12,49;12,56;3.072.703
2017-07-05;12,53;12,78;12,02;12,15;6.370.566
2017-07-06;12,15;12,50;12,15;12,45;3.743.093
2017-07-07;12,50;12,88;12,50;12,72;3.879.422
2017-07-10;12,95;13,09;12,54;12,67;4.344.736
2017-07-11;12,71;12,88;12,60;12,72;2.623.806
2017-07-12;12,75;12,94;12,61;12,85;3.165.467
2017-07-13;12,87;13,24;12,75;13,12;3.451.230
2017-07-14;13,20;13,47;13,16;13,36;2.784.934
2017-07-17;13,39;13,72;13,27;13,61;3.905.462
2017-07-18;13,63;13,64;13,07;13,30;4.661.993
2017-07-19;13,32;13,61;13,29;13,49;2.692.107
2017-07-20;13,39;13,44;12,28;12,37;9.216.452
2017-07-21;12,27;12,66;11,45;11,61;9.071.093
2017-07-24;11,70;12,12;11,41;12,02;5.502.737
2017-07-25;12,13;12,26;11,77;11,99;3.213.307
2017-07-26;12,00;12,14;11,86;12,08;2.220.875
2017-07-27;12,12;12,39;12,07;12,10;3.601.321
2017-07-28;12,58;12,60;11,14;11,60;11.701.242
2017-07-31;11,61;11,72;11,31;11,44;3.516.745
2017-08-01;11,43;11,97;11,41;11,92;3.528.318
2017-08-02;12,02;12,25;11,64;11,86;4.171.079
2017-08-03;11,87;12,12;11,63;12,12;2.446.568
2017-08-04;12,09;12,34;11,93;12,29;2.292.451
2017-08-07;12,47;12,62;12,40;12,62;2.171.665
2017-08-08;12,66;12,80;12,58;12,69;2.701.447
2017-08-09;12,55;12,62;12,23;12,44;2.644.847
2017-08-10;12,44;12,59;12,29;12,40;2.236.324
2017-08-11;12,31;12,31;11,84;12,01;3.192.542
2017-08-14;12,07;12,39;12,04;12,36;1.989.478
2017-08-15;12,40;12,87;12,40;12,85;2.816.620
2017-08-16;12,86;13,11;12,74;12,90;2.741.494
2017-08-17;12,90;13,05;12,69;12,86;1.622.558
2017-08-18;12,55;12,75;12,22;12,65;2.887.010
2017-08-21;12,54;12,89;12,48;12,75;1.844.115
2017-08-22;12,82;12,94;12,64;12,78;1.487.475
2017-08-23;12,81;12,86;12,55;12,56;1.248.463
2017-08-24;12,59;12,71;12,46;12,57;1.896.028
2017-08-25;12,59;12,59;12,40;12,52;1.139.295
2017-08-28;12,47;12,51;12,25;12,35;1.453.429
2017-08-29;12,25;12,49;12,18;12,33;1.991.619
2017-08-30;12,47;12,53;12,37;12,52;1.690.040
2017-08-31;12,52;13,03;12,51;12,83;2.612.296
2017-09-01;12,96;13,19;12,96;13,13;2.487.592
2017-09-04;12,89;13,04;12,82;12,88;2.172.522
2017-09-05;12,94;13,13;12,72;12,75;1.886.861
2017-09-06;12,69;12,88;12,58;12,81;1.666.452
2017-09-07;12,86;13,06;12,86;12,98;1.809.163
2017-09-08;12,93;13,50;12,92;13,30;4.869.001
2017-09-11;13,38;13,68;13,31;13,56;4.590.435
2017-09-12;13,60;13,97;13,60;13,80;5.630.006
2017-09-13;13,70;13,89;13,64;13,64;2.488.677
2017-09-14;13,46;13,66;13,39;13,56;3.814.451
2017-09-15;13,38;13,76;13,37;13,51;4.868.547
2017-09-18;13,43;13,74;13,43;13,50;2.203.681
2017-09-19;13,42;13,56;13,39;13,44;2.481.704
2017-09-20;13,30;13,52;13,20;13,29;3.614.870
2017-09-21;13,10;13,36;13,07;13,20;3.981.980
2017-09-22;13,13;13,40;13,08;13,25;3.328.024
2017-09-25;13,30;13,40;12,92;13,05;3.655.361
2017-09-26;0,00;13,26;0,00;13,20;2.259.377
2017-09-27;13,20;13,41;13,17;13,32;2.529.119
2017-09-28;13,32;13,44;13,12;13,22;2.917.348
2017-09-29;13,25;13,35;13,15;13,34;2.134.519
2017-10-02;13,30;13,68;13,27;13,60;3.738.187
2017-10-03;13,56;13,64;13,47;13,59;1.995.977
2017-10-04;13,59;13,67;13,37;13,56;2.762.599
2017-10-05;13,45;13,62;13,45;13,56;2.071.110
2017-10-06;13,50;13,62;13,40;13,48;3.378.616
2017-10-09;13,46;13,55;13,28;13,32;3.551.912
2017-10-10;13,25;13,31;13,21;13,26;3.328.444
2017-10-11;13,24;13,42;13,18;13,31;6.580.031
2017-10-12;13,30;13,46;13,29;13,33;2.976.710
2017-10-13;13,32;13,33;12,81;13,18;7.118.308
2017-10-16;13,20;13,20;12,88;12,90;4.135.344
2017-10-17;0,00;13,40;0,00;13,28;4.966.338
2017-10-18;13,31;13,41;13,19;13,28;3.641.715
2017-10-19;13,20;13,26;12,70;12,88;4.858.860
2017-10-20;12,93;13,14;12,90;12,98;3.315.527
2017-10-23;13,02;13,25;13,02;13,21;3.253.870
2017-10-24;13,20;13,30;13,10;13,12;2.409.894
2017-10-25;13,16;13,69;13,08;13,65;5.262.369
2017-10-26;13,60;13,81;13,51;13,81;3.181.030
2017-10-27;13,80;13,83;13,28;13,32;3.733.287
2017-10-30;13,32;13,52;13,22;13,43;2.845.714
2017-10-31;13,44;13,52;13,35;13,45;1.996.218
2017-11-01;13,48;14,10;13,32;14,06;4.138.590
2017-11-02;14,03;14,13;13,76;13,93;3.250.218
2017-11-03;14,30;14,65;12,44;12,89;17.670.532
2017-11-06;12,87;12,92;12,38;12,55;5.541.108
2017-11-07;12,59;12,77;12,10;12,12;4.903.904
2017-11-08;12,15;12,21;11,36;11,69;9.457.383
2017-11-09;11,70;11,89;11,13;11,18;6.164.498
2017-11-10;11,14;11,56;11,12;11,23;4.465.587
2017-11-13;11,24;11,33;10,88;10,93;5.076.598
2017-11-14;10,98;11,10;10,83;10,93;4.084.432
2017-11-15;11,07;11,25;10,88;11,21;4.719.336
2017-11-16;11,34;11,48;11,24;11,44;4.437.421
2017-11-17;11,46;11,59;10,89;10,98;4.398.045
2017-11-20;11,16;11,46;11,10;11,43;4.261.895
2017-11-21;11,46;11,83;11,43;11,76;3.857.637
2017-11-22;11,78;11,94;11,39;11,39;4.064.368
2017-11-23;11,33;11,64;11,32;11,56;2.556.497
2017-11-24;11,57;11,77;11,47;11,47;2.368.431
2017-11-27;11,46;11,66;11,38;11,62;2.114.052
2017-11-28;11,66;11,76;11,42;11,49;2.645.567
2017-11-29;11,61;11,79;11,53;11,55;2.470.422
2017-11-30;11,54;12,00;11,43;11,95;4.018.395
2017-12-01;12,10;12,27;11,78;12,08;4.403.870
2017-12-04;12,21;12,25;11,96;12,07;2.386.005
2017-12-05;12,02;12,22;11,96;12,20;2.393.190
2017-12-06;12,12;12,30;11,98;12,25;1.758.023
2017-12-07;12,28;12,50;12,23;12,50;1.883.399
2017-12-08;12,61;12,73;12,54;12,56;2.363.057
2017-12-11;12,57;12,75;12,51;12,62;1.900.002
2017-12-12;12,68;12,79;12,52;12,64;2.125.376
2017-12-13;12,59;12,86;12,59;12,75;2.667.780
2017-12-14;12,72;13,07;12,72;12,96;3.106.047
2017-12-15;12,92;13,33;12,81;13,33;6.829.771
2017-12-18;13,35;13,53;13,15;13,20;3.794.262
2017-12-19;13,24;13,48;13,17;13,37;2.257.602
2017-12-20;13,43;13,53;13,32;13,50;2.474.461
2017-12-21;13,45;13,65;13,37;13,57;4.023.060
2017-12-22;13,58;13,66;13,48;13,60;1.597.043
2017-12-27;13,51;13,66;13,43;13,65;1.124.249
2017-12-28;13,63;13,74;13,52;13,56;1.444.320
2017-12-29;13,55;13,70;13,44;13,58;1.506.909
2018-01-02;13,69;14,10;13,49;14,07;3.225.689
2018-01-03;14,01;14,40;13,99;14,30;2.829.373
2018-01-04;14,32;14,38;13,99;14,03;2.787.842
2018-01-05;14,05;14,29;14,01;14,06;2.623.675
2018-01-08;14,12;14,35;14,04;14,30;2.319.262
2018-01-09;14,30;14,51;14,03;14,22;2.815.141
2018-01-10;14,20;14,20;13,37;13,70;6.294.188
2018-01-11;13,50;13,54;13,02;13,31;4.311.015
2018-01-12;13,36;13,54;13,25;13,33;2.757.740
2018-01-15;13,37;13,53;12,71;12,77;4.644.175
2018-01-16;12,80;13,01;12,65;12,99;3.795.840
2018-01-17;12,98;13,07;12,84;12,92;2.124.198
2018-01-18;12,95;13,08;12,90;13,07;1.819.606
2018-01-19;12,81;13,16;12,57;13,12;3.543.944
2018-01-22;12,90;12,91;12,63;12,75;3.633.708
2018-01-23;12,88;13,04;12,58;12,65;3.099.966
2018-01-24;12,62;12,63;12,31;12,31;2.866.460
2018-01-25;12,31;12,54;11,98;12,16;3.341.512
2018-01-26;12,14;12,28;12,03;12,25;2.185.193
2018-01-29;12,29;12,49;12,26;12,35;1.861.427
2018-01-30;12,30;12,40;12,17;12,24;1.522.680
2018-01-31;12,27;12,55;12,27;12,51;2.559.954
2018-02-01;12,61;12,84;12,29;12,42;2.749.666
2018-02-02;12,39;12,39;12,11;12,16;2.143.795
2018-02-05;12,03;12,03;11,74;11,96;3.306.008
2018-02-06;11,48;11,88;11,31;11,71;4.648.125
2018-02-07;11,85;11,87;11,55;11,55;3.139.433
2018-02-08;11,45;11,45;10,77;10,87;8.527.400
2018-02-09;10,71;10,83;10,44;10,57;6.483.292
2018-02-12;10,45;10,74;10,04;10,19;6.330.100
2018-02-13;10,25;10,35;10,13;10,26;3.612.274
2018-02-14;10,35;10,75;10,31;10,65;4.909.856
2018-02-15;10,85;10,99;10,61;10,70;4.085.786
2018-02-16;11,00;11,03;9,90;10,02;14.187.987
2018-02-19;10,30;10,30;9,94;10,01;4.179.809
2018-02-20;10,01;10,10;9,64;10,07;5.444.089
2018-02-21;10,04;10,15;9,91;10,09;2.786.511
2018-02-22;10,01;10,03;9,79;9,96;3.343.692
2018-02-23;9,97;10,05;9,85;9,90;2.844.689
2018-02-26;9,94;10,32;9,91;10,19;4.356.541
2018-02-27;10,28;10,40;10,00;10,01;4.120.380
2018-02-28;9,98;9,98;9,73;9,78;4.322.899
2018-03-01;9,75;9,97;9,71;9,91;3.640.188
2018-03-02;9,81;9,93;9,70;9,80;3.917.641
2018-03-05;9,80;9,87;9,53;9,82;3.421.719
2018-03-06;9,84;9,86;9,62;9,75;3.672.883
2018-03-07;9,76;10,30;9,70;10,21;5.319.640
2018-03-08;10,28;10,32;9,60;9,75;8.020.192
2018-03-09;9,75;9,81;9,31;9,35;6.334.025
2018-03-12;9,40;9,63;9,39;9,49;3.662.162
2018-03-13;9,49;9,62;9,41;9,61;4.076.006
2018-03-14;9,57;9,77;9,51;9,74;3.129.173
2018-03-15;9,78;9,87;9,43;9,45;3.685.298
2018-03-23;9,12;9,14;8,85;9,01;3.348.620
2018-03-26;9,00;9,08;8,84;8,91;2.416.765
2018-03-27;9,01;9,09;8,75;8,83;2.715.376
2018-03-28;8,77;8,83;8,65;8,76;2.879.330
2018-03-29;8,76;9,16;8,76;9,01;3.837.663
2018-04-03;8,91;8,94;8,51;8,62;4.745.643
2018-04-04;8,62;8,64;8,42;8,53;2.772.269
2018-04-05;8,55;8,84;8,54;8,69;3.765.130
2018-04-06;8,69;8,89;8,66;8,81;3.212.846
2018-04-09;8,82;9,07;8,82;8,95;3.004.407
2018-04-10;9,00;9,10;8,71;8,74;3.669.793
2018-04-11;8,87;9,09;8,62;8,74;5.961.610
2018-04-12;8,74;9,00;8,49;8,75;5.889.137
2018-04-13;8,76;8,96;8,56;8,60;3.716.685
2018-04-16;8,60;8,67;8,52;8,64;3.297.689
2018-04-17;8,66;8,80;8,64;8,66;3.363.018
2018-04-18;8,67;8,68;8,47;8,60;4.827.785
2018-04-19;8,56;8,67;8,41;8,45;4.465.911
2018-04-20;8,46;8,47;7,95;8,24;8.740.474
2018-04-23;8,12;8,20;8,01;8,08;4.393.624
2018-04-24;8,10;8,16;8,01;8,10;3.894.539
2018-04-25;8,10;8,20;7,98;8,15;4.438.675
2018-04-26;8,12;8,15;7,97;8,05;3.824.673
2018-04-27;8,04;8,11;8,00;8,05;2.220.434
2018-04-30;8,09;8,24;8,07;8,14;3.438.772
2018-05-02;8,21;8,72;8,20;8,66;9.624.575
2018-05-03;8,70;8,71;8,23;8,33;7.843.289
2018-05-04;7,99;8,32;7,63;8,10;17.752.809
2018-05-07;7,11;7,33;6,93;7,30;22.427.228
2018-05-08;7,30;7,58;7,20;7,25;10.016.151
2018-05-09;7,26;7,37;7,04;7,13;8.710.834
2018-05-10;7,15;7,24;7,04;7,06;5.480.586
2018-05-11;7,06;7,59;6,99;7,40;11.953.889
2018-05-14;7,47;7,55;7,38;7,47;5.383.973
2018-05-15;7,53;7,55;7,14;7,21;7.139.746
2018-05-16;7,21;7,29;7,07;7,15;3.966.060
2018-05-17;7,17;7,20;7,07;7,18;4.859.793
2018-05-18;7,20;7,24;6,99;7,06;5.986.386
2018-05-21;7,10;7,33;7,07;7,18;4.855.137
2018-05-22;7,20;7,39;7,15;7,33;4.186.373
2018-05-23;7,38;7,38;7,12;7,20;4.636.605
2018-05-24;7,21;7,22;7,03;7,08;4.027.082
2018-05-25;7,11;7,26;7,03;7,23;5.260.031
2018-05-28;7,25;7,36;7,23;7,31;3.213.461
2018-05-29;7,32;7,33;7,08;7,17;3.773.457
2018-05-30;7,13;7,16;6,97;7,04;4.367.518
2018-05-31;7,04;7,09;6,71;6,81;7.575.943
2018-06-01;6,94;7,05;6,85;6,98;6.552.071
2018-06-04;7,35;7,53;7,28;7,36;13.032.555
2018-06-05;7,40;7,41;6,95;7,00;8.694.935
2018-06-06;7,00;7,13;6,96;7,05;4.421.902
2018-06-07;7,11;7,16;6,97;6,98;4.683.678
2018-06-08;6,98;7,01;6,73;6,82;5.730.601
2018-06-11;6,83;6,85;6,65;6,78;5.029.605
2018-06-12;6,81;6,96;6,76;6,82;4.270.191
2018-06-13;6,85;7,19;6,82;7,11;7.691.415
2018-06-14;7,11;7,32;7,07;7,25;6.611.995
2018-06-15;7,20;7,20;6,91;7,01;10.013.899
2018-06-18;7,07;7,22;6,96;7,19;6.207.511
2018-06-19;7,29;7,59;7,20;7,58;10.584.946
2018-06-20;7,62;7,76;7,41;7,50;6.279.012
2018-06-21;7,52;7,59;7,31;7,53;4.635.613
2018-06-22;7,49;7,75;7,40;7,70;4.290.599
2018-06-25;7,70;7,70;7,41;7,44;3.435.182
2018-06-26;7,48;7,48;7,08;7,10;5.997.038
2018-06-27;7,24;7,26;6,99;7,03;7.482.094
2018-06-28;7,03;7,03;6,69;6,91;8.387.450
2018-06-29;6,97;7,04;6,88;6,98;5.832.106
2018-07-02;6,90;7,01;6,84;6,90;3.774.034
2018-07-03;6,92;7,19;6,90;7,02;6.431.269
2018-07-04;7,03;7,05;6,89;6,95;2.842.255
2018-07-05;6,95;7,10;6,91;6,91;4.091.220
2018-07-06;6,96;7,02;6,81;6,90;3.967.923
2018-07-09;7,02;7,49;7,02;7,34;13.836.267
2018-07-10;7,40;7,45;7,16;7,21;7.613.124
2018-07-11;7,18;7,22;7,06;7,13;4.619.208
2018-07-12;7,16;7,27;7,03;7,17;5.797.064
2018-07-13;7,22;7,28;7,08;7,22;3.926.175
2018-07-16;7,25;7,27;7,07;7,24;3.511.207
2018-07-17;7,26;7,47;7,25;7,30;5.741.551
2018-07-18;7,35;7,48;7,33;7,40;3.648.137
2018-07-19;7,40;7,47;7,30;7,37;2.881.212
2018-07-20;7,37;7,37;7,14;7,25;3.344.510
2018-07-23;7,14;7,22;7,08;7,15;3.162.467
2018-07-24;7,18;7,34;7,14;7,22;3.316.607
2018-07-25;7,23;7,37;7,22;7,27;3.994.977
2018-07-26;7,23;7,47;7,18;7,24;4.445.329
2018-07-27;7,29;7,47;7,27;7,46;3.560.820
2018-07-30;7,44;7,59;7,41;7,59;3.561.610
2018-07-31;7,60;7,90;7,58;7,81;7.543.453
2018-08-01;8,10;8,46;8,06;8,14;15.052.361
2018-08-02;8,14;8,40;8,07;8,34;8.529.456
2018-08-03;8,39;8,44;8,18;8,39;6.376.923
2018-08-06;8,42;8,68;8,40;8,59;6.295.303
2018-08-07;8,65;8,85;8,60;8,80;5.846.710
2018-08-08;8,80;9,00;8,57;9,00;6.722.268
2018-08-09;8,99;9,05;8,87;8,96;3.565.693
2018-08-10;8,93;9,13;8,83;8,95;4.838.229
2018-08-13;8,71;8,73;8,38;8,58;7.124.206
2018-08-14;8,57;8,82;8,54;8,78;3.864.390
2018-08-15;8,90;8,96;8,79;8,92;3.625.259
2018-08-16;8,92;9,05;8,76;9,05;4.178.834
2018-08-17;9,07;9,11;8,59;8,77;4.807.993
2018-08-20;8,75;9,00;8,69;8,95;3.357.735
2018-08-21;8,99;9,23;8,95;9,13;4.197.475
2018-08-22;9,14;9,33;9,14;9,30;3.442.144
2018-08-23;9,32;9,37;9,17;9,28;2.246.993
2018-08-24;9,27;9,29;9,18;9,27;1.839.239
2018-08-27;9,27;9,33;9,14;9,26;1.764.846
2018-08-28;9,30;9,33;9,15;9,21;2.376.771
2018-08-29;9,25;9,28;9,14;9,22;2.025.667
2018-08-30;9,22;9,23;8,43;8,57;9.231.264
2018-08-31;8,42;8,44;8,16;8,27;7.044.930
2018-09-03;8,25;8,48;8,18;8,38;3.506.553
2018-09-04;8,50;8,64;8,33;8,45;3.615.390
2018-09-05;8,44;8,56;8,35;8,36;3.382.526
2018-09-06;8,33;8,36;8,16;8,26;2.262.945
2018-09-07;8,23;8,40;8,04;8,31;3.554.490
2018-09-10;8,40;8,50;8,32;8,35;2.866.729
2018-09-11;8,38;8,45;8,25;8,34;2.074.770
2018-09-12;8,33;8,41;8,28;8,38;2.201.291
2018-09-13;8,34;8,42;8,29;8,34;1.756.495
2018-09-14;8,33;8,58;8,33;8,54;3.540.260
2018-09-17;8,56;8,73;8,53;8,72;2.677.948
2018-09-18;8,86;8,97;8,77;8,91;3.935.148
2018-09-19;8,97;9,04;8,72;9,02;4.438.492
2018-09-20;9,02;9,08;8,93;8,93;3.542.023
2018-09-21;8,96;9,08;8,96;8,96;5.174.878
2018-09-24;8,95;8,99;8,71;8,71;3.563.327
2018-09-25;8,69;8,77;8,36;8,40;5.761.182
2018-09-26;8,45;8,53;8,18;8,53;3.477.641
2018-09-27;8,54;8,73;8,53;8,69;3.920.597
2018-09-28;8,65;9,04;8,53;8,97;6.574.915
2018-10-01;8,81;8,89;8,56;8,61;7.295.858
2018-10-02;8,56;8,60;8,36;8,43;3.909.522
2018-10-03;8,51;8,63;8,44;8,58;2.907.367
2018-10-04;8,59;8,70;8,35;8,64;4.003.574
2018-10-05;8,61;8,64;8,44;8,44;2.783.837
2018-10-08;8,49;8,56;8,35;8,39;4.481.024
2018-10-09;8,49;8,90;8,36;8,83;8.129.904
2018-10-10;8,87;8,88;8,48;8,48;3.675.139
2018-10-11;8,36;8,37;7,82;7,99;10.359.368
2018-10-12;8,08;8,41;8,03;8,22;4.577.301
2018-10-15;8,25;8,33;7,77;7,96;5.433.665
2018-10-16;7,90;8,10;7,81;7,98;3.538.209
2018-10-17;8,03;8,21;7,99;8,09;3.633.915
2018-10-18;8,21;8,73;8,13;8,48;8.076.274
2018-10-19;8,47;8,54;7,88;8,22;11.950.597
2018-10-22;8,29;8,49;8,10;8,15;4.235.437
2018-10-23;0,00;8,09;7,75;8,02;5.008.842
2018-10-24;8,08;8,49;8,08;8,20;5.533.820
2018-10-25;8,11;8,42;8,06;8,37;3.199.381
2018-10-26;8,30;8,46;8,26;8,37;3.621.885
2018-10-29;8,36;8,58;8,36;8,40;2.770.412
2018-10-30;8,40;8,51;8,13;8,49;4.404.311
2018-10-31;8,80;8,98;8,52;8,56;7.466.698
2018-11-01;8,61;9,14;8,51;9,12;8.481.356
2018-11-02;9,20;9,48;9,20;9,29;6.438.612
2018-11-05;9,30;9,54;9,26;9,53;4.024.987
2018-11-06;9,57;9,69;9,33;9,48;5.407.488
2018-11-07;9,49;9,73;9,49;9,66;4.344.116
2018-11-08;9,68;9,87;9,49;9,63;5.123.920
2018-11-09;9,61;9,80;9,55;9,79;3.620.603
2018-11-12;9,82;9,84;9,41;9,57;3.592.983
2018-11-13;9,58;9,97;9,58;9,96;4.340.666
2018-11-14;10,00;10,40;9,80;9,86;6.032.626
2018-11-15;10,11;10,27;9,87;9,99;5.878.886
2018-11-16;10,00;10,10;9,61;9,65;5.168.427
2018-11-19;9,70;9,94;9,66;9,69;3.256.155
2018-11-20;9,70;9,71;9,26;9,56;3.735.892
2018-11-21;9,68;9,92;9,65;9,90;3.494.938
2018-11-22;9,89;10,05;9,81;9,98;2.987.668
2018-11-23;9,96;10,24;9,95;10,18;3.035.704
2018-11-26;10,20;10,37;10,09;10,20;3.373.129
2018-11-27;10,22;10,28;10,00;10,12;3.477.134
2018-11-28;10,10;10,10;9,78;9,83;3.903.405
2018-11-29;9,88;10,19;9,88;10,18;3.116.039
2018-11-30;10,20;10,26;10,13;10,18;1.943.722
2018-12-03;10,32;10,33;9,76;9,92;4.575.641
2018-12-04;9,80;9,87;9,30;9,33;4.977.726
2018-12-05;9,25;9,57;9,15;9,28;4.155.233
2018-12-06;9,18;9,28;9,07;9,17;3.465.602
2018-12-07;9,25;9,41;9,04;9,05;3.039.483
2018-12-10;9,05;9,24;8,92;8,95;2.238.247
2018-12-11;9,10;9,25;8,98;9,18;2.451.518
2018-12-12;9,26;9,67;9,12;9,56;3.229.583
2018-12-13;9,60;9,64;9,33;9,34;2.481.461
2018-12-14;9,30;9,36;8,90;9,30;2.708.070
2018-12-17;9,28;9,34;9,01;9,11;1.977.390
2018-12-18;9,05;9,33;8,98;9,27;2.384.247
2018-12-19;9,30;9,59;9,30;9,38;3.075.440
2018-12-20;9,23;9,35;9,07;9,24;3.528.477
2018-12-21;9,12;9,55;9,08;9,39;5.647.594
2018-12-24;9,31;9,42;9,01;9,13;1.484.141
2018-12-27;9,20;9,34;8,94;9,04;2.731.985
2018-12-28;9,01;9,39;9,01;9,36;2.654.662
2018-12-31;9,42;9,57;9,40;9,48;1.042.316
2019-01-02;9,40;9,46;9,20;9,28;2.479.675
2019-01-03;9,28;9,47;9,07;9,10;3.061.087
2019-01-04;9,25;9,33;9,01;9,27;2.822.536
2019-01-07;9,30;9,60;9,27;9,45;2.584.624
2019-01-08;9,46;9,78;9,38;9,65;2.746.436
2019-01-09;9,75;9,78;9,28;9,39;4.180.698
2019-01-10;9,32;9,49;9,00;9,04;4.475.484
2019-01-11;9,18;9,19;9,02;9,12;2.442.279
2019-01-14;9,14;9,36;9,13;9,25;2.572.543
2019-01-15;9,05;9,20;8,68;8,77;6.421.203
2019-01-16;8,83;9,29;8,77;9,19;4.407.932
2019-01-17;9,18;9,41;9,05;9,37;3.178.961
2019-01-18;9,30;9,77;9,23;9,70;4.673.636
2019-01-21;9,86;10,35;9,83;10,21;5.894.930
2019-01-22;10,34;10,72;10,33;10,69;5.387.520
2019-01-23;10,65;11,20;10,54;11,06;5.649.929
2019-01-24;11,00;11,23;10,83;11,01;3.493.391
2019-01-25;11,09;11,18;11,02;11,03;2.462.183
2019-01-28;11,00;11,23;10,97;11,16;2.881.897
2019-01-29;11,16;11,35;11,12;11,20;2.200.263
2019-01-30;11,20;11,29;11,10;11,26;1.665.379
2019-01-31;11,26;11,26;10,94;11,00;2.905.684
2019-02-01;10,99;11,10;10,96;11,02;1.691.264
2019-02-04;11,04;11,05;10,76;10,87;1.888.770
2019-02-05;10,90;11,06;10,82;10,98;1.759.137
2019-02-06;10,97;11,10;10,95;11,04;1.788.236
2019-02-07;10,97;11,01;10,71;10,71;1.733.041
2019-02-08;10,59;10,59;10,23;10,23;3.058.489
2019-02-11;10,23;10,38;10,23;10,29;1.857.786
2019-02-12;10,39;10,39;10,15;10,28;1.885.414
2019-02-13;10,33;10,41;10,26;10,39;2.041.342
2019-02-14;10,30;10,36;10,08;10,10;2.263.729
2019-02-15;10,19;10,25;10,10;10,18;1.851.256
2019-02-18;10,20;10,22;10,06;10,13;1.618.226
2019-02-19;10,27;10,45;10,20;10,38;2.673.352
2019-02-20;10,25;11,02;9,85;11,01;10.432.123
2019-02-21;11,00;11,52;10,97;11,51;16.915.373
2019-02-22;11,49;11,70;11,28;11,70;10.128.636
2019-02-25;11,70;12,08;11,61;12,08;9.066.250
2019-02-26;12,03;12,73;12,00;12,73;10.683.471
2019-02-27;11,90;11,90;10,84;11,24;25.210.092
2019-02-28;11,15;11,18;10,76;10,86;15.870.558
2019-03-01;11,00;11,55;10,95;11,45;6.325.512
2019-03-04;11,55;11,68;11,08;11,08;3.822.875
2019-03-05;11,01;11,17;10,93;10,97;2.442.308
2019-03-06;10,91;10,96;10,72;10,80;2.835.060
2019-03-07;10,86;10,86;10,58;10,60;2.568.547
2019-03-08;10,52;10,61;10,42;10,44;2.507.328
2019-03-11;10,48;10,69;10,45;10,69;2.817.135
2019-03-12;10,77;10,90;10,53;10,60;2.615.248
2019-03-13;10,59;10,63;10,47;10,62;1.608.024
2019-03-14;10,50;10,77;10,34;10,74;2.571.412
2019-03-15;10,78;10,83;10,71;10,76;3.010.326
2019-03-18;10,80;10,86;10,63;10,69;1.741.449
2019-03-19;10,70;10,86;10,61;10,73;1.218.696
2019-03-20;10,53;10,66;10,40;10,54;3.421.144
2019-03-21;10,46;10,54;10,25;10,34;2.447.190
2019-03-22;10,32;10,35;9,92;9,95;4.244.716
2019-03-25;9,85;9,91;9,59;9,89;3.109.605
2019-03-26;9,94;9,99;9,75;9,86;2.023.193
2019-03-27;9,81;10,22;9,80;10,10;3.042.536
2019-03-28;10,11;10,31;10,08;10,12;2.361.473
2019-03-29;10,13;10,21;9,96;10,03;1.954.386
2019-04-01;10,04;10,05;9,81;10,01;3.332.944
2019-04-02;10,03;10,11;9,90;10,10;2.124.234
2019-04-03;10,17;10,57;10,16;10,53;3.497.539
2019-04-04;10,54;10,78;10,54;10,71;2.124.330
2019-04-05;10,82;10,82;10,62;10,78;1.645.750
2019-04-08;10,77;10,77;10,62;10,66;1.343.825
2019-04-09;10,63;10,72;10,48;10,50;1.402.027
2019-04-10;10,51;10,66;10,37;10,62;1.384.677
2019-04-11;10,60;11,02;10,60;10,95;3.153.337
2019-04-12;10,89;11,04;10,59;10,94;2.731.314
2019-04-15;10,91;11,15;10,90;11,09;2.012.900
2019-04-16;10,86;11,25;10,55;11,20;2.952.829
2019-04-17;11,14;11,35;11,12;11,16;2.442.554
2019-04-18;11,13;11,21;10,95;11,12;2.140.711
2019-04-23;10,93;10,93;10,29;10,46;5.024.673
2019-04-24;10,44;10,55;10,39;10,43;1.643.275
2019-04-25;10,43;10,60;10,37;10,45;1.674.886
2019-04-26;10,45;10,51;10,34;10,45;1.247.397
2019-04-29;10,45;10,68;10,33;10,33;1.777.382
2019-04-30;10,35;10,39;10,22;10,30;1.698.648
2019-05-02;10,28;10,46;10,20;10,23;2.299.193
2019-05-03;10,00;10,03;9,60;9,67;7.668.287
2019-05-06;9,56;9,56;9,26;9,39;3.806.649
2019-05-07;9,46;9,48;9,16;9,23;4.224.334
2019-05-08;9,19;9,21;8,90;8,97;4.786.242
2019-05-09;8,99;9,00;8,65;8,69;3.993.836
2019-05-10;8,85;8,95;8,49;8,57;3.990.843
2019-05-13;8,35;8,46;8,15;8,23;5.212.344
2019-05-14;8,23;8,34;8,16;8,34;4.082.581
2019-05-15;8,42;8,44;8,11;8,29;2.911.612
2019-05-16;8,24;8,35;8,16;8,35;2.401.387
2019-05-17;8,33;8,42;8,25;8,36;1.709.488
2019-05-20;8,30;8,30;8,08;8,14;2.845.709
2019-05-21;8,15;8,27;7,97;8,00;3.938.091
2019-05-22;8,03;8,03;7,75;7,80;4.426.357
2019-05-23;7,74;8,00;7,61;7,97;4.536.601
2019-05-24;7,98;8,15;7,73;7,74;4.710.701
2019-05-27;7,85;7,89;7,72;7,83;1.731.106
2019-05-28;7,84;7,96;7,79;7,81;3.006.188
2019-05-29;7,80;7,81;7,69;7,75;2.570.498
2019-05-30;7,75;7,82;7,69;7,76;1.290.687
2019-05-31;7,68;7,76;7,52;7,74;2.275.000
2019-06-03;7,71;7,74;7,62;7,71;1.709.204
2019-06-04;7,68;8,03;7,66;7,99;3.331.998
2019-06-05;8,07;8,18;8,02;8,12;3.401.623
2019-06-06;8,16;8,29;8,07;8,15;2.572.842
2019-06-07;8,16;8,18;7,99;8,06;2.352.072
2019-06-10;8,10;8,23;8,06;8,09;1.716.814
2019-06-11;8,13;8,23;8,11;8,15;2.055.400
2019-06-12;8,11;8,26;8,08;8,22;2.306.367
2019-06-13;8,24;8,51;8,16;8,41;3.894.538
2019-06-14;8,39;8,43;8,18;8,24;2.606.311
2019-06-17;7,92;8,02;7,80;7,89;5.493.928
2019-06-18;7,92;8,21;7,84;8,19;3.583.266
2019-06-19;8,13;8,13;7,86;7,90;4.911.578
2019-06-20;7,89;7,98;7,55;7,55;5.000.572
2019-06-21;7,61;7,76;7,46;7,73;7.803.305
2019-06-24;7,69;7,71;7,57;7,68;2.545.349
2019-06-25;7,65;7,66;7,55;7,59;2.289.431
2019-06-26;7,60;7,99;7,59;7,94;4.360.946
2019-06-27;8,00;8,28;8,00;8,23;4.098.655
2019-06-28;8,21;8,47;8,17;8,45;3.957.971
2019-07-01;8,50;8,64;8,37;8,54;2.530.305
2019-07-02;8,54;8,59;8,34;8,52;2.113.707
2019-07-03;8,54;8,71;8,50;8,69;1.940.465
2019-07-04;8,67;8,87;8,66;8,85;2.020.787
2019-07-05;8,86;8,95;8,70;8,85;1.886.821
2019-07-08;8,80;8,99;8,78;8,89;2.005.713
2019-07-09;8,85;8,86;8,41;8,62;4.479.369
2019-07-10;8,57;8,73;8,51;8,64;2.337.081
2019-07-11;8,63;8,71;8,53;8,64;1.823.173
2019-07-12;8,59;8,79;8,56;8,74;1.816.122
2019-07-15;8,76;8,85;8,69;8,76;1.338.632
2019-07-16;8,73;9,10;8,73;9,02;3.211.497
2019-07-17;9,02;9,03;8,78;8,86;2.615.652
2019-07-18;8,79;8,85;8,71;8,76;1.494.825
2019-07-19;8,82;8,93;8,74;8,82;2.127.094
2019-07-22;8,82;9,09;8,78;9,04;3.190.676
2019-07-23;9,04;9,08;8,79;8,97;3.115.513
2019-07-24;8,96;9,14;8,83;9,12;2.702.650
2019-07-25;9,17;9,29;8,89;9,00;2.605.649
2019-07-26;8,99;9,02;8,81;8,89;1.690.569
2019-07-29;8,89;9,05;8,85;8,89;1.792.532
2019-07-30;8,87;8,90;8,52;8,69;3.362.881
2019-07-31;8,80;9,50;8,80;9,42;8.290.906
2019-08-01;9,52;9,80;9,51;9,77;4.860.779
2019-08-02;9,64;9,91;9,48;9,83;4.728.640
2019-08-05;9,76;9,94;9,67;9,88;3.205.319
2019-08-06;9,98;10,21;9,93;10,18;4.538.341
2019-08-07;10,23;10,47;10,17;10,44;3.813.026
2019-08-08;10,60;10,83;10,42;10,78;4.118.891
2019-08-09;10,68;10,79;10,48;10,61;3.375.680
2019-08-12;10,62;10,71;10,30;10,32;2.722.257
2019-08-13;10,29;10,55;10,12;10,52;3.498.662
2019-08-14;10,59;10,62;10,10;10,17;2.278.517
2019-08-15;10,15;10,24;9,86;9,92;3.397.387
2019-08-16;9,92;10,25;9,92;10,19;2.032.637
2019-08-19;10,37;10,58;10,35;10,47;2.226.851
2019-08-20;10,59;10,64;10,31;10,40;2.255.105
2019-08-21;10,40;10,52;10,37;10,44;1.443.860
2019-08-22;10,42;10,46;10,18;10,20;2.066.862
2019-08-23;10,25;10,51;10,22;10,27;2.233.520
2019-08-26;10,20;10,35;10,02;10,29;1.391.059
2019-08-27;10,28;10,47;10,16;10,33;1.269.083
2019-08-28;10,32;10,34;10,08;10,20;1.301.995
2019-08-29;10,20;10,42;10,18;10,36;1.440.148
2019-08-30;10,37;10,44;10,24;10,25;1.343.226
2019-09-02;10,24;10,43;10,22;10,24;1.089.404
2019-09-03;10,26;10,26;9,93;10,11;1.865.004
2019-09-04;10,17;10,24;10,08;10,08;1.298.944
2019-09-05;10,14;10,17;10,03;10,04;1.727.224
2019-09-06;10,04;10,13;9,81;9,89;2.601.661
2019-09-09;9,68;9,68;8,92;8,92;10.735.273
2019-09-10;8,90;9,02;8,61;9,01;6.124.535
2019-09-11;9,06;9,14;8,99;9,05;2.360.696
2019-09-12;9,12;9,24;8,92;9,17;3.444.880
2019-09-13;9,17;9,49;9,13;9,48;4.254.423
2019-09-16;9,16;9,25;8,96;9,17;4.513.405
2019-09-17;9,18;9,22;8,94;9,16;3.044.247
2019-09-18;9,17;9,23;9,06;9,11;1.852.033
2019-09-19;9,08;9,24;9,01;9,12;2.046.199
2019-09-20;9,13;9,26;9,07;9,07;2.875.351
2019-09-23;9,11;9,26;9,10;9,21;1.867.839
2019-09-24;9,25;9,38;9,22;9,23;1.796.005
2019-09-25;9,21;9,21;9,04;9,12;1.569.958
2019-09-26;9,10;9,32;9,03;9,25;2.127.895
2019-09-27;9,27;9,52;9,19;9,49;2.209.745
2019-09-30;9,51;9,68;9,49;9,60;1.958.027
2019-10-01;9,78;9,90;9,71;9,82;3.794.569
2019-10-02;9,78;9,78;9,47;9,47;2.057.458
2019-10-03;9,44;9,48;9,23;9,30;2.206.314
2019-10-04;9,40;9,66;9,28;9,58;2.786.731
2019-10-07;9,58;10,06;9,58;10,05;3.434.329
2019-10-08;10,16;10,28;9,72;9,92;3.039.712
2019-10-09;9,88;10,19;9,85;10,02;2.677.472
2019-10-10;10,00;10,08;9,80;9,97;2.616.584
2019-10-11;9,97;10,15;9,96;10,01;2.902.655
2019-10-14;9,96;10,15;9,76;10,14;2.685.508
2019-10-15;10,15;10,33;10,05;10,22;2.348.456
2019-10-16;10,22;10,33;10,04;10,27;2.434.545
2019-10-17;10,22;10,38;10,15;10,24;2.308.315
2019-10-18;10,19;10,28;10,11;10,21;1.441.618
2019-10-21;10,20;10,73;10,19;10,55;3.381.518
2019-10-22;10,55;10,67;10,26;10,34;1.910.762
2019-10-23;10,29;10,48;10,26;10,41;1.476.201
2019-10-24;10,40;10,61;10,38;10,55;1.734.017
2019-10-25;10,52;10,64;10,35;10,58;1.839.498
2019-10-28;10,56;10,79;10,51;10,76;2.342.367
2019-10-29;10,79;11,06;10,72;10,94;3.451.517
2019-10-30;10,93;11,12;10,67;10,79;2.811.934
2019-10-31;9,97;10,89;9,50;10,68;5.757.591
2019-11-01;10,68;10,84;10,31;10,55;2.347.572
2019-11-04;10,60;10,74;10,46;10,57;2.769.525
2019-11-05;10,30;10,49;9,77;9,97;7.750.333
2019-11-06;9,97;10,21;9,86;10,16;4.146.795
2019-11-07;10,22;10,38;10,10;10,30;3.437.951
2019-11-08;10,26;10,35;10,09;10,25;2.998.545
2019-11-11;10,24;10,35;10,15;10,29;1.703.812
2019-11-12;10,32;10,40;10,22;10,30;1.661.255
2019-11-13;10,24;10,28;10,00;10,19;2.436.644
2019-11-14;10,15;10,33;10,06;10,32;1.665.057
2019-11-15;10,34;10,59;10,32;10,57;2.511.542
2019-11-18;10,57;10,62;10,45;10,55;1.611.748
2019-11-19;10,56;10,72;10,55;10,59;1.931.624
2019-11-20;10,51;10,56;10,32;10,33;1.423.720
2019-11-21;10,31;10,34;10,18;10,22;1.563.430
2019-11-22;10,12;10,59;10,11;10,45;2.317.942
2019-11-25;10,48;10,64;10,48;10,58;1.662.919
2019-11-26;10,60;11,02;10,58;10,87;4.042.077
2019-11-27;10,89;11,03;10,82;10,91;1.896.206
2019-11-28;10,91;10,92;10,78;10,90;950.277
2019-11-29;10,70;10,81;10,52;10,68;2.037.177
2019-12-02;10,65;10,80;10,42;10,44;2.089.766
2019-12-03;10,49;10,53;10,12;10,22;2.139.397
2019-12-04;10,21;10,48;10,18;10,46;2.142.817
2019-12-05;10,50;10,66;10,32;10,38;1.473.381
2019-12-06;10,39;10,39;9,83;10,27;3.903.494
2019-12-09;10,27;10,44;10,16;10,21;1.900.622
2019-12-10;10,19;10,23;10,01;10,18;1.638.592
2019-12-11;10,16;10,40;10,14;10,35;1.977.688
2019-12-12;10,40;10,63;10,39;10,46;2.081.330
2019-12-13;10,64;10,92;10,55;10,58;3.310.437
2019-12-16;10,61;10,87;10,58;10,60;2.601.659
2019-12-17;10,60;10,62;10,29;10,36;3.120.272
2019-12-18;10,41;10,43;10,04;10,04;3.624.068
2019-12-19;10,04;10,14;9,87;9,96;2.985.599
2019-12-20;9,95;10,05;9,86;9,92;3.888.326
2019-12-23;9,92;10,03;9,85;9,99;1.597.449
2019-12-24;10,02;10,02;9,90;9,92;465.112
2019-12-27;9,95;10,04;9,94;9,99;1.117.599
2019-12-30;9,97;10,03;9,89;9,93;1.238.812
2019-12-31;9,93;9,98;9,88;9,92;446.515
2020-01-02;9,96;10,27;9,92;10,25;2.438.103
2020-01-03;10,13;10,13;9,44;9,44;8.540.130
2020-01-06;9,32;9,38;8,97;9,35;5.834.090
2020-01-07;9,51;9,58;9,39;9,39;3.306.383
2020-01-08;9,16;9,44;9,12;9,44;3.595.370
2020-01-09;9,84;10,00;9,75;9,82;4.363.139
2020-01-10;9,95;10,08;9,83;9,89;3.443.977
2020-01-13;9,88;10,01;9,79;9,91;1.634.284
2020-01-14;9,91;9,92;9,75;9,77;1.975.128
2020-01-15;9,73;9,73;9,53;9,64;2.250.095
2020-01-16;9,64;9,73;9,60;9,71;1.319.735
2020-01-17;9,66;9,93;9,66;9,90;1.916.450
2020-01-20;9,75;9,77;9,37;9,44;4.004.913
2020-01-21;9,38;9,40;9,10;9,19;4.385.493
2020-01-22;9,23;9,36;9,06;9,22;2.670.275
2020-01-23;9,14;9,18;8,95;8,99;3.420.438
2020-01-24;9,00;9,22;8,94;8,94;3.132.001
2020-01-27;8,71;8,71;8,28;8,44;8.257.351
2020-01-28;8,48;8,61;8,26;8,50;3.662.672
2020-01-29;8,55;8,71;8,49;8,49;4.156.945
2020-01-30;8,40;8,53;8,31;8,50;4.008.433
2020-01-31;8,54;8,65;8,35;8,39;3.105.207
2020-02-03;8,40;8,51;8,33;8,48;2.597.168
2020-02-04;8,59;8,82;8,51;8,79;2.807.117
2020-02-05;8,75;9,26;8,70;9,14;4.645.818
2020-02-06;9,26;9,32;9,15;9,16;2.170.041
2020-02-07;9,14;9,14;8,74;8,85;3.632.905
2020-02-10;8,95;9,00;8,73;8,80;2.462.219
2020-02-11;8,95;9,30;8,95;9,24;3.833.048
2020-02-12;9,30;9,57;9,28;9,54;4.022.962
2020-02-13;9,41;9,61;9,23;9,60;2.690.716
2020-02-14;9,52;9,70;9,45;9,56;3.307.929
2020-02-17;9,54;9,85;9,48;9,70;2.470.737
2020-02-18;9,61;9,85;9,58;9,81;2.034.136
2020-02-19;9,85;10,02;9,73;9,73;3.690.338
2020-02-20;9,50;9,60;8,81;9,39;9.947.997
2020-02-21;9,20;9,31;8,98;9,08;4.523.860
2020-02-24;8,50;8,50;8,10;8,29;10.104.646
2020-02-25;8,40;8,45;7,91;8,02;8.005.873
2020-02-26;7,85;8,23;7,71;7,95;7.794.820
2020-02-27;7,71;7,84;7,03;7,38;11.900.249
2020-02-28;7,00;7,18;6,80;6,91;11.626.486
2020-03-02;7,04;7,19;6,20;6,37;13.248.341
2020-03-03;6,61;6,91;6,38;6,49;11.829.385
2020-03-04;6,58;6,63;6,16;6,22;9.091.134
2020-03-05;6,35;6,38;5,50;5,52;20.058.559
2020-03-06;5,46;5,87;5,22;5,71;15.196.461
2020-03-09;5,19;5,57;5,08;5,18;15.753.710
2020-03-10;5,44;5,59;5,08;5,08;11.085.266
2020-03-11;5,24;5,31;4,82;4,88;10.744.570
2020-03-12;4,20;4,74;4,00;4,26;16.933.704
2020-03-13;4,50;5,45;4,17;4,81;18.335.958
2020-03-16;4,48;4,48;3,81;4,32;16.384.718
2020-03-17;4,70;4,75;4,01;4,37;10.854.709
2020-03-18;4,40;4,59;4,25;4,25;9.193.440
2020-03-19;4,59;4,95;4,26;4,55;7.502.551
2020-03-20;4,90;4,95;4,51;4,62;10.252.437
2020-03-23;4,55;4,58;4,35;4,43;6.206.877
2020-03-24;4,67;5,13;4,47;5,03;6.215.504
2020-03-25;5,39;5,49;5,04;5,25;6.619.108
2020-03-26;5,30;5,32;5,06;5,25;2.926.769
2020-03-27;5,28;5,28;4,93;4,93;2.769.773
2020-03-30;4,98;4,98;4,65;4,81;2.618.129
2020-03-31;4,96;5,29;4,96;5,10;4.022.831
2020-04-01;4,99;5,00;4,80;4,80;3.152.503
2020-04-02;4,92;5,05;4,82;4,91;2.689.944
2020-04-03;4,99;5,03;4,88;4,97;1.928.564
2020-04-06;5,22;5,26;5,00;5,12;2.071.829
2020-04-07;5,20;5,57;5,20;5,32;3.598.759
2020-04-08;5,28;5,39;5,21;5,29;1.685.993
2020-04-09;5,48;5,50;5,16;5,28;2.691.739
2020-04-14;5,31;5,35;4,91;5,03;4.101.897
2020-04-15;5,08;5,10;4,71;4,71;2.875.785
2020-04-16;4,70;4,82;4,54;4,65;2.259.140
2020-04-17;4,82;4,94;4,68;4,75;2.592.678
2020-04-20;4,82;4,84;4,70;4,76;1.592.081
2020-04-21;4,70;4,71;4,53;4,53;1.944.846
2020-04-22;4,60;4,69;4,50;4,50;1.922.311
2020-04-23;4,61;4,62;4,50;4,56;1.764.550
2020-04-24;4,50;4,57;4,42;4,46;2.038.705
2020-04-27;4,90;4,94;4,46;4,50;5.475.668
2020-04-28;4,50;4,53;4,30;4,44;4.909.893
2020-04-29;4,44;4,60;4,36;4,59;3.808.619
2020-04-30;4,65;4,73;4,42;4,65;3.908.871
2020-05-04;4,54;4,54;4,28;4,30;3.596.266
2020-05-05;4,42;4,45;4,32;4,38;2.173.941
2020-05-06;4,35;4,38;4,20;4,20;2.701.066
2020-05-07;4,20;4,22;4,00;4,10;4.138.979
2020-05-08;4,20;4,29;4,15;4,21;2.029.244
2020-05-11;4,27;4,29;4,06;4,07;2.542.251
2020-05-12;4,07;4,11;4,00;4,05;1.653.385
2020-05-13;4,00;4,02;3,94;3,95;2.118.873
2020-05-14;3,90;3,93;3,66;3,86;3.184.930
2020-05-15;3,90;4,03;3,82;3,92;1.735.769
2020-05-18;4,02;4,14;3,90;4,14;2.251.304
2020-05-19;4,15;4,15;3,74;3,77;10.203.036
2020-05-20;3,76;3,77;3,50;3,75;5.769.486
2020-05-21;3,75;3,79;3,63;3,70;2.990.409
2020-05-22;3,71;3,72;3,57;3,60;3.282.413
2020-05-25;3,70;3,77;3,56;3,77;3.413.299
2020-05-26;3,86;4,25;3,85;4,17;9.693.225
2020-05-27;4,26;4,44;4,20;4,29;8.365.917
2020-05-28;4,42;4,51;4,22;4,31;5.366.360
2020-05-29;4,24;4,29;4,05;4,06;5.408.982
2020-06-01;4,26;4,29;4,14;4,28;2.575.235
2020-06-02;4,31;4,52;4,31;4,42;5.180.628
2020-06-03;4,51;4,87;4,49;4,87;8.251.423
2020-06-04;4,88;4,95;4,67;4,95;7.427.622
2020-06-05;5,18;5,71;5,13;5,57;19.281.789
2020-06-08;5,70;6,33;5,59;6,04;18.777.682
2020-06-09;6,45;6,48;5,23;5,54;18.247.096
2020-06-10;5,45;5,69;5,02;5,12;12.016.876
2020-06-11;4,82;4,93;4,65;4,68;8.577.567
2020-06-12;4,60;5,06;4,52;4,83;10.420.761
2020-06-15;4,73;4,78;4,60;4,68;6.519.772
2020-06-16;5,10;5,10;4,81;4,86;9.319.383
2020-06-17;4,90;4,97;4,68;4,68;6.494.233
2020-06-18;4,66;4,79;4,50;4,58;5.577.666
2020-06-19;4,65;4,74;4,50;4,56;4.877.852
2020-06-22;4,55;4,56;4,30;4,36;5.411.323
2020-06-23;4,40;4,47;4,28;4,28;5.437.456
2020-06-24;4,28;4,30;4,06;4,11;6.992.906
2020-06-25;4,09;4,24;4,02;4,14;6.714.515
2020-06-26;4,52;4,55;4,00;4,00;9.064.638
2020-06-29;4,00;4,14;3,91;4,14;5.201.715
2020-06-30;4,18;4,19;4,00;4,03;5.004.146
2020-07-01;4,04;4,14;3,97;4,07;4.075.295
2020-07-02;4,14;4,26;4,10;4,17;4.676.921
2020-07-03;4,19;4,22;4,06;4,21;2.735.507
2020-07-06;4,27;4,29;4,14;4,21;3.683.005
2020-07-07;4,18;4,23;4,12;4,16;2.424.160
2020-07-08;4,15;4,15;4,04;4,07;2.626.244
2020-07-09;4,12;4,14;3,98;3,98;2.841.470
2020-07-10;3,94;4,05;3,91;4,03;2.676.165
2020-07-13;4,09;4,15;4,06;4,10;2.157.327
2020-07-14;4,05;4,09;4,02;4,09;1.787.946
2020-07-15;4,15;4,39;4,09;4,36;7.255.563
2020-07-16;4,37;4,49;4,18;4,27;4.626.255
2020-07-17;4,23;4,23;4,10;4,13;2.372.633
2020-07-20;4,11;4,20;4,04;4,13;2.433.776
2020-07-21;4,20;4,26;4,07;4,07;3.620.060
2020-07-22;4,10;4,16;4,05;4,08;1.800.223
2020-07-23;4,08;4,11;4,01;4,02;2.477.323
2020-07-24;4,00;4,07;3,92;3,98;3.271.665
2020-07-27;3,95;3,96;3,73;3,79;6.068.909
2020-07-28;3,80;3,82;3,67;3,76;3.566.174
2020-07-29;3,71;3,82;3,69;3,75;3.170.068
2020-07-30;3,74;3,76;3,56;3,57;5.736.455
2020-07-31;3,55;3,58;3,39;3,49;6.075.029
2020-08-03;3,52;3,54;3,26;3,37;6.716.666
2020-08-04;3,44;3,58;3,41;3,55;4.164.771
2020-08-05;3,60;3,83;3,58;3,79;5.993.661
2020-08-06;3,82;3,91;3,71;3,86;5.454.557
2020-08-07;3,81;3,85;3,71;3,85;3.363.541
2020-08-10;3,88;4,10;3,84;4,07;5.174.952
2020-08-11;4,11;4,21;4,04;4,16;5.134.101
2020-08-12;4,10;4,22;4,06;4,06;4.074.725
2020-08-13;4,09;4,25;4,05;4,05;5.954.609
2020-08-14;3,98;3,98;3,77;3,82;6.160.883
2020-08-17;3,78;3,81;3,64;3,68;3.686.284
2020-08-18;3,59;3,74;3,57;3,65;3.120.482
2020-08-19;3,66;3,75;3,60;3,75;2.449.953
2020-08-20;3,70;3,72;3,61;3,66;2.231.753
2020-08-21;3,70;3,75;3,62;3,73;3.141.365
2020-08-24;3,78;3,80;3,68;3,80;3.767.784
2020-08-25;3,85;3,98;3,83;3,85;5.904.439
2020-08-26;3,88;3,93;3,82;3,82;2.776.498
2020-08-27;3,81;3,93;3,76;3,92;3.594.646
2020-08-28;3,93;4,00;3,87;3,94;3.039.268
2020-08-31;3,96;3,98;3,78;3,78;3.591.899
2020-09-01;3,82;3,82;3,63;3,77;4.000.716
2020-09-02;3,82;3,83;3,66;3,69;2.640.319
2020-09-03;3,74;3,93;3,70;3,80;5.571.685
2020-09-04;3,79;3,93;3,75;3,80;3.706.210
2020-09-07;3,85;3,90;3,75;3,82;2.531.687
2020-09-08;3,86;3,88;3,69;3,73;3.768.365
2020-09-09;3,71;3,74;3,64;3,72;2.544.846
2020-09-10;3,70;3,79;3,66;3,72;2.541.790
2020-09-11;3,71;3,74;3,68;3,68;2.849.586
2020-09-14;3,70;3,74;3,64;3,67;3.142.025
2020-09-15;3,67;3,71;3,64;3,66;2.261.119
2020-09-16;3,64;3,66;3,55;3,63;4.444.817
2020-09-17;3,57;3,73;3,54;3,73;4.200.922
2020-09-18;3,73;3,73;3,58;3,66;5.406.963
2020-09-21;3,61;3,62;3,37;3,38;6.301.634
2020-09-22;3,38;3,39;3,21;3,23;5.734.887
2020-09-23;3,25;3,41;3,20;3,24;4.305.627
2020-09-24;3,18;3,18;3,00;3,02;7.557.974
2020-09-25;3,03;3,03;2,83;2,96;7.769.846
2020-09-28;3,04;3,06;2,93;2,98;4.816.542
2020-09-29;2,95;2,95;2,78;2,90;6.667.872
2020-09-30;2,82;3,03;2,80;2,96;5.319.256
2020-10-01;3,00;3,01;2,88;2,93;2.989.885
2020-10-02;2,94;2,95;2,84;2,87;3.541.773
2020-10-05;2,92;3,11;2,88;3,00;7.788.268
2020-10-06;3,00;3,15;2,99;3,13;5.161.523
2020-10-07;3,05;3,24;3,02;3,23;6.946.153
2020-10-08;3,25;3,39;3,24;3,29;5.825.811
2020-10-09;3,29;3,34;3,13;3,20;5.046.179
2020-10-12;3,20;3,23;3,07;3,11;4.366.012
2020-10-13;3,11;3,11;2,96;2,98;3.802.210
2020-10-14;2,97;3,02;2,89;3,00;3.020.716
2020-10-15;2,95;3,01;2,86;2,94;4.296.132
2020-10-16;2,94;3,03;2,88;3,00;3.200.635
2020-10-19;3,01;3,25;3,01;3,22;3.420.965
2020-10-20;3,20;3,37;3,12;3,27;6.327.814
2020-10-21;3,37;3,37;3,13;3,13;3.766.581
2020-10-22;3,10;3,24;2,99;3,23;4.989.418
2020-10-23;3,15;3,33;3,15;3,29;4.099.187
2020-10-26;3,16;3,34;3,16;3,16;5.355.078
2020-10-27;3,16;3,21;3,02;3,04;4.943.999
2020-10-28;2,95;2,95;2,80;2,87;7.501.965
2020-10-29;2,80;2,87;2,70;2,78;7.134.208
2020-10-30;2,72;2,81;2,61;2,81;9.496.302
2020-11-02;2,76;3,03;2,62;2,95;11.779.499
2020-11-03;3,11;3,20;3,00;3,13;8.485.335
2020-11-04;3,06;3,21;3,00;3,12;5.041.555
2020-11-05;3,15;3,20;3,05;3,14;4.483.599
2020-11-06;3,15;3,19;2,99;3,08;5.860.490
2020-11-09;3,14;4,15;3,10;3,92;29.115.271
2020-11-10;3,93;4,50;3,81;4,04;21.671.801
2020-11-11;4,02;4,20;3,88;3,96;8.255.548
2020-11-12;3,89;4,07;3,81;3,94;6.983.050
2020-11-13;3,90;4,04;3,85;3,90;5.021.572
2020-11-16;4,05;4,49;4,00;4,35;15.274.876
2020-11-17;4,47;4,56;4,27;4,35;10.631.662
2020-11-18;4,27;4,43;4,08;4,43;8.620.568
2020-11-19;4,42;4,42;4,23;4,23;5.976.355
2020-11-20;4,21;4,34;4,21;4,23;4.442.803
2020-11-23;4,31;4,47;4,29;4,45;7.992.447
2020-11-24;4,54;5,12;4,54;4,95;18.554.076
2020-11-25;5,13;5,35;4,91;5,05;11.616.129
2020-11-26;5,10;5,23;4,98;5,15;6.355.637
2020-11-27;5,19;5,54;5,16;5,40;10.933.104
2020-11-30;5,42;5,42;5,00;5,00;12.229.556
2020-12-01;4,99;5,20;4,94;5,17;6.145.348
2020-12-02;5,27;5,29;5,08;5,13;4.657.575
2020-12-03;5,14;5,29;5,07;5,28;4.330.243
2020-12-04;5,30;5,51;5,18;5,25;8.417.142
2020-12-07;5,30;5,45;5,26;5,33;5.734.619
2020-12-08;5,39;5,39;5,15;5,17;5.059.835
2020-12-09;5,21;5,30;5,18;5,20;3.121.375
2020-12-10;5,20;5,27;4,99;5,09;4.224.127
2020-12-11;5,12;5,12;4,84;4,94;10.618.696
2020-12-14;4,91;5,11;4,90;4,90;4.851.362
2020-12-15;4,86;4,95;4,72;4,94;5.187.085
2020-12-16;4,99;5,11;4,87;4,92;5.178.118
2020-12-17;5,00;5,02;4,77;4,81;4.350.169
2020-12-18;4,77;4,80;4,64;4,69;5.491.824
2020-12-21;4,43;4,59;4,15;4,50;8.630.495
2020-12-22;4,52;4,82;4,52;4,72;5.880.736
2020-12-23;4,84;4,97;4,74;4,93;5.237.293
2020-12-24;4,95;5,07;4,83;4,86;2.350.388
2020-12-28;4,99;5,06;4,93;5,02;3.623.990
2020-12-29;5,06;5,32;5,06;5,25;6.923.891
2020-12-30;5,28;5,35;5,12;5,16;3.285.612
2020-12-31;5,18;5,21;5,11;5,12;1.602.895
2021-01-04;5,25;5,29;4,86;4,87;6.801.305
2021-01-05;4,80;4,92;4,66;4,83;6.563.834
2021-01-06;4,89;4,99;4,82;4,99;4.846.944
2021-01-07;5,02;5,08;4,85;4,91;4.688.982
