2014-01-02;56,44;56,70;55,79;56,22;713.863
2014-01-03;56,24;56,73;55,46;56,51;383.583
2014-01-06;56,61;57,00;56,24;56,33;531.360
2014-01-07;56,50;56,50;55,90;55,91;452.982
2014-01-08;54,25;55,55;53,67;54,39;1.486.110
2014-01-09;54,00;54,30;53,72;53,95;965.342
2014-01-10;54,00;55,34;53,92;55,29;717.888
2014-01-13;55,35;56,03;55,03;56,03;723.464
2014-01-14;55,41;55,86;55,02;55,68;688.663
2014-01-15;56,05;56,79;55,90;56,39;502.852
2014-01-16;56,54;56,81;56,40;56,81;483.530
2014-01-17;56,66;58,38;56,60;57,95;946.938
2014-01-20;58,00;58,17;57,54;57,58;414.191
2014-01-21;57,61;57,71;56,57;56,85;507.722
2014-01-22;56,94;57,13;56,56;56,98;370.374
2014-01-23;55,49;56,44;55,49;55,97;522.410
2014-01-24;56,12;56,12;53,95;54,08;782.966
2014-01-27;54,06;54,49;53,65;53,74;550.694
2014-01-28;54,10;54,31;53,69;53,90;543.808
2014-01-29;54,52;54,85;52,72;54,04;1.001.521
2014-01-30;54,42;54,84;53,94;54,13;621.542
2014-01-31;53,73;53,76;52,30;53,41;975.795
2014-02-03;53,58;54,44;53,52;53,85;753.605
2014-02-04;53,59;53,71;52,83;53,18;708.544
2014-02-05;52,22;53,60;52,03;52,91;805.383
2014-02-06;54,13;57,29;54,09;56,35;2.750.715
2014-02-07;56,97;57,48;56,65;57,00;901.079
2014-02-10;57,50;58,49;57,27;57,52;892.328
2014-02-11;57,99;58,78;57,77;58,63;818.110
2014-02-12;58,72;59,64;58,63;59,19;1.266.583
2014-02-13;59,24;59,45;59,00;59,27;743.338
2014-02-14;59,57;60,59;59,50;60,40;1.046.264
2014-02-17;60,28;60,45;59,93;60,00;739.989
2014-02-18;60,13;60,13;59,44;59,87;541.919
2014-02-19;59,57;60,78;59,57;60,77;490.952
2014-02-20;59,99;60,30;58,52;59,49;989.776
2014-02-21;59,82;59,98;59,08;59,21;607.117
2014-02-24;58,96;59,49;58,82;59,07;630.796
2014-02-25;58,69;59,93;58,30;59,93;762.349
2014-02-26;59,88;59,95;59,42;59,64;582.033
2014-02-27;59,50;60,00;58,88;59,65;538.119
2014-02-28;59,85;60,09;59,65;60,01;737.852
2014-03-03;58,91;59,46;57,97;58,05;810.335
2014-03-04;58,39;60,03;58,18;59,49;834.374
2014-03-05;59,52;60,25;59,28;60,25;547.046
2014-03-06;60,30;61,09;60,30;60,54;662.822
2014-03-07;60,48;60,50;59,82;60,20;759.731
2014-03-10;59,95;60,31;58,83;59,05;773.320
2014-03-11;59,12;59,15;58,14;58,25;631.731
2014-03-12;57,89;58,14;56,93;57,53;819.553
2014-03-13;57,61;58,00;56,70;56,70;680.847
2014-03-14;56,15;57,45;55,43;57,31;1.169.246
2014-03-17;57,46;58,39;56,90;58,26;732.571
2014-03-18;58,11;59,00;57,64;58,62;743.653
2014-03-19;58,48;58,53;57,52;57,59;699.053
2014-03-20;57,05;57,37;56,80;57,30;598.878
2014-03-21;57,51;58,67;57,24;58,17;1.680.769
2014-03-24;58,59;58,59;56,59;56,92;687.130
2014-03-25;57,29;58,40;57,24;57,76;620.167
2014-03-26;56,82;58,06;56,27;57,96;947.309
2014-03-27;57,74;58,70;57,64;58,57;445.327
2014-03-28;59,00;59,68;59,00;59,11;493.217
2014-03-31;59,47;59,95;58,81;59,23;500.205
2014-04-01;59,52;59,67;58,52;59,21;418.283
2014-04-02;59,25;59,37;58,29;58,66;671.971
2014-04-03;58,61;58,66;57,23;57,26;1.248.389
2014-04-04;57,40;58,17;57,27;58,11;782.699
2014-04-07;57,62;58,03;57,36;57,88;475.790
2014-04-08;58,21;58,21;57,23;58,12;659.529
2014-04-09;58,25;58,51;57,91;58,44;547.058
2014-04-10;57,76;58,03;57,17;57,34;732.636
2014-04-11;56,66;56,67;55,68;56,15;753.809
2014-04-14;55,79;55,83;54,56;55,36;714.511
2014-04-15;55,28;55,71;54,72;54,84;579.153
2014-04-16;55,41;56,90;55,31;56,86;841.631
2014-04-17;54,50;55,17;52,80;53,55;2.647.526
2014-04-22;53,97;55,16;53,56;54,93;1.295.963
2014-04-23;55,08;55,14;54,22;54,37;552.953
2014-04-24;54,75;55,07;53,83;54,76;647.582
2014-04-25;54,35;54,64;54,03;54,19;450.954
2014-04-28;54,40;54,66;53,73;54,01;478.221
2014-04-29;54,30;54,50;53,52;54,46;650.108
2014-04-30;54,30;55,49;54,26;55,49;934.390
2014-05-02;55,00;55,01;53,51;53,71;994.369
2014-05-05;53,41;53,73;52,92;53,56;513.454
2014-05-06;53,88;54,38;53,12;53,76;621.261
2014-05-07;53,64;55,57;53,43;55,02;1.001.847
2014-05-08;55,16;55,62;54,52;55,21;578.336
2014-05-09;55,30;55,63;54,82;55,01;405.347
2014-05-12;55,56;55,77;55,32;55,56;427.330
2014-05-13;55,94;55,94;54,91;54,99;583.615
2014-05-14;55,12;55,31;54,90;55,04;313.761
2014-05-15;54,85;55,20;54,08;54,49;585.081
2014-05-16;54,49;54,49;53,18;54,23;906.023
2014-05-19;54,27;54,91;54,03;54,68;535.218
2014-05-20;54,76;54,97;54,42;54,53;404.091
2014-05-21;54,44;54,90;53,99;54,44;528.148
2014-05-22;54,65;54,90;54,13;54,25;453.462
2014-05-23;54,19;55,30;54,18;55,13;739.670
2014-05-26;55,32;56,02;55,16;55,66;221.042
2014-05-27;55,52;56,11;55,36;55,36;553.803
2014-05-28;55,38;55,97;55,01;55,16;537.485
2014-05-29;55,15;55,46;54,96;55,40;245.513
2014-05-30;55,20;55,32;54,79;54,98;487.201
2014-06-02;55,25;55,37;54,52;54,75;341.218
2014-06-03;54,85;54,99;54,22;54,69;427.199
2014-06-04;54,64;54,95;54,32;54,46;364.015
2014-06-05;54,42;56,00;54,25;55,81;839.008
2014-06-06;55,94;56,11;55,53;55,80;446.958
2014-06-09;56,01;56,03;55,48;55,66;364.100
2014-06-10;55,48;55,61;54,35;54,59;794.221
2014-06-11;54,48;54,93;54,02;54,26;563.189
2014-06-12;54,80;54,80;54,31;54,66;454.222
2014-06-13;54,68;54,69;53,42;53,97;637.171
2014-06-16;53,78;54,69;53,78;54,37;507.855
2014-06-17;55,14;55,37;54,69;54,95;672.384
2014-06-18;55,04;55,38;55,02;55,20;435.145
2014-06-19;55,50;55,59;54,96;55,11;485.343
2014-06-20;54,97;55,75;54,92;55,61;771.366
2014-06-23;55,69;55,96;54,56;54,56;617.862
2014-06-24;54,57;54,66;53,64;53,79;685.105
2014-06-25;53,51;53,64;52,95;53,25;717.318
2014-06-26;53,75;54,04;53,37;53,75;546.867
2014-06-27;53,80;54,27;53,65;54,07;454.013
2014-06-30;54,00;54,95;53,94;54,75;687.393
2014-07-01;54,00;54,12;53,08;53,89;885.902
2014-07-02;53,91;54,37;53,82;53,94;887.252
2014-07-03;54,11;55,45;53,96;55,26;748.487
2014-07-04;55,29;55,55;55,19;55,28;421.877
2014-07-07;55,06;55,15;54,65;54,71;645.863
2014-07-08;55,00;55,05;53,80;53,87;386.510
2014-07-09;54,00;54,30;53,59;53,83;509.804
2014-07-10;53,86;53,91;51,72;52,44;799.648
2014-07-11;52,44;52,83;52,13;52,17;567.336
2014-07-14;52,49;53,32;52,39;53,10;386.387
2014-07-15;52,75;53,21;52,37;52,37;410.221
2014-07-16;52,42;52,97;52,42;52,84;523.789
2014-07-17;52,73;53,02;51,72;51,78;597.843
2014-07-18;51,57;51,62;51,09;51,62;803.474
2014-07-21;51,67;51,86;51,24;51,49;505.106
2014-07-22;52,07;52,64;51,77;52,19;595.635
2014-07-23;54,00;55,00;53,72;54,23;1.385.134
2014-07-24;54,80;55,14;54,23;55,00;809.824
2014-07-25;55,05;55,58;54,33;54,48;614.638
2014-07-28;54,76;54,97;54,20;54,63;428.518
2014-07-29;54,71;55,07;54,29;54,64;489.719
2014-07-30;54,67;54,89;54,17;54,60;496.724
2014-07-31;54,51;54,51;53,50;53,89;675.728
2014-08-01;54,07;54,30;52,43;52,60;874.267
2014-08-04;52,90;53,15;51,45;51,75;722.825
2014-08-05;52,09;52,14;51,58;51,81;459.712
2014-08-06;51,58;51,90;51,06;51,67;777.487
2014-08-07;51,75;51,89;51,19;51,32;472.608
2014-08-08;50,75;50,94;50,07;50,54;657.355
2014-08-11;50,95;52,38;50,87;51,86;599.160
2014-08-12;51,89;52,04;51,13;51,57;374.255
2014-08-13;51,83;52,03;51,31;51,62;381.875
2014-08-14;51,49;51,96;51,25;51,81;318.101
2014-08-15;52,02;52,56;51,43;51,67;661.303
2014-08-18;52,27;52,65;52,16;52,46;441.879
2014-08-19;52,60;52,92;52,45;52,59;318.126
2014-08-20;52,48;52,76;52,28;52,61;361.678
2014-08-21;52,75;52,90;52,54;52,68;303.834
2014-08-22;52,79;53,21;52,69;52,93;416.171
2014-08-25;53,40;53,61;53,06;53,42;292.793
2014-08-26;53,33;53,95;53,09;53,65;352.361
2014-08-27;53,65;54,29;53,52;54,00;513.326
2014-08-28;53,79;53,90;53,00;53,45;538.094
2014-08-29;53,56;53,79;53,12;53,79;620.586
2014-09-01;53,68;53,96;53,35;53,59;501.906
2014-09-02;53,61;54,09;53,56;54,01;373.494
2014-09-03;54,15;54,62;54,01;54,31;546.191
2014-09-04;54,45;55,03;54,44;54,84;665.953
2014-09-05;54,59;54,72;54,01;54,09;513.295
2014-09-08;54,34;54,55;54,04;54,15;421.070
2014-09-09;54,11;54,19;53,56;53,64;446.298
2014-09-10;53,40;54,14;53,40;53,84;526.920
2014-09-11;54,08;54,28;53,43;53,65;278.667
2014-09-12;53,77;53,99;53,48;53,77;289.566
2014-09-15;53,43;54,13;53,23;54,10;371.457
2014-09-16;54,01;54,26;53,96;54,14;413.854
2014-09-17;54,35;54,97;54,31;54,47;430.150
2014-09-18;54,72;55,99;54,59;55,98;704.267
2014-09-19;56,24;56,62;55,83;55,83;822.343
2014-09-22;55,56;56,37;55,22;56,27;628.727
2014-09-23;56,07;56,41;55,66;56,01;794.122
2014-09-24;56,22;56,22;55,42;55,80;602.902
2014-09-25;56,00;56,59;55,00;55,11;703.732
2014-09-26;55,12;55,12;53,99;54,13;932.158
2014-09-29;54,13;54,24;53,55;53,75;661.922
2014-09-30;53,84;54,40;53,75;54,25;567.458
2014-10-01;54,03;54,22;52,42;52,53;1.049.986
2014-10-02;52,36;53,04;51,11;51,15;857.360
2014-10-03;51,80;51,80;51,13;51,27;636.268
2014-10-06;51,51;51,93;51,15;51,32;538.366
2014-10-07;51,34;51,59;50,54;50,62;656.077
2014-10-08;50,12;50,33;49,66;50,05;942.011
2014-10-09;50,75;51,27;49,57;49,78;834.699
2014-10-10;49,26;49,28;48,26;48,63;773.551
2014-10-13;48,10;49,20;47,90;48,63;678.451
2014-10-14;48,39;49,23;47,62;49,12;863.802
2014-10-17;49,90;50,52;48,87;50,21;1.947.268
2014-10-20;50,20;50,22;48,95;49,33;994.648
2014-10-21;49,94;52,29;49,37;51,75;1.388.191
2014-10-22;52,13;52,50;51,32;51,67;813.348
2014-10-23;51,10;51,63;50,32;51,61;920.066
2014-10-24;51,20;51,30;50,50;51,14;754.709
2014-10-27;51,65;51,69;50,41;50,94;703.617
2014-10-28;51,57;52,31;51,43;51,98;587.835
2014-10-29;52,11;52,28;51,64;51,74;428.337
2014-10-30;51,93;52,31;51,14;52,24;624.189
2014-10-31;53,09;53,18;52,61;53,01;694.077
2014-11-03;52,89;53,28;52,48;53,08;539.877
2014-11-04;53,07;53,50;52,80;52,93;898.219
2014-11-05;53,20;54,59;53,20;54,29;878.141
2014-11-06;54,16;54,78;53,95;54,37;807.887
2014-11-07;54,31;54,71;53,40;53,72;572.936
2014-11-10;53,83;54,20;53,56;53,97;523.793
2014-11-11;54,21;54,52;53,99;54,26;444.895
2014-11-12;54,03;54,42;53,47;53,64;533.602
2014-11-13;54,10;54,52;53,84;53,97;845.121
2014-11-14;54,02;54,05;53,18;53,53;602.416
2014-11-17;53,16;53,75;53,10;53,53;430.055
2014-11-18;53,68;54,62;53,57;54,36;509.057
2014-11-19;54,08;54,50;53,76;53,98;585.131
2014-11-20;53,84;54,10;53,19;53,45;655.486
2014-11-21;53,47;54,23;53,21;53,94;1.322.931
2014-11-24;54,08;54,50;53,97;54,19;529.289
2014-11-25;54,39;54,46;53,85;54,08;740.201
2014-11-26;54,43;54,48;54,06;54,25;368.612
2014-11-27;54,25;54,99;54,04;54,77;535.785
2014-11-28;54,70;55,60;54,56;55,56;846.831
2014-12-01;55,27;56,00;55,21;55,58;577.201
2014-12-02;55,77;57,18;55,74;56,73;928.844
2014-12-03;56,74;57,19;56,66;56,85;441.789
2014-12-04;57,10;57,40;56,26;56,45;634.084
2014-12-05;56,75;57,72;56,72;57,45;631.562
2014-12-08;57,42;57,79;56,98;57,14;412.428
2014-12-09;56,47;56,60;55,31;55,64;882.365
2014-12-10;55,75;56,01;55,44;55,54;717.103
2014-12-11;55,44;55,72;54,92;55,60;527.948
2014-12-12;55,16;55,60;54,45;55,00;737.796
2014-12-15;54,16;55,29;53,58;53,74;783.181
2014-12-16;53,69;54,22;52,63;54,15;955.905
2014-12-17;53,75;54,17;53,10;53,92;761.452
2014-12-18;54,75;55,75;54,64;55,49;778.990
2014-12-19;55,95;56,48;55,17;55,60;966.200
2014-12-22;55,62;56,65;55,62;56,41;511.893
2014-12-23;56,61;57,42;56,53;57,42;589.663
2014-12-24;57,26;57,82;56,84;57,07;114.247
2014-12-29;57,46;57,66;56,58;57,00;325.601
2014-12-30;57,00;57,19;56,68;57,15;358.845
2014-12-31;57,50;58,00;57,44;57,65;251.978
2015-01-02;57,50;57,85;57,17;57,28;530.956
2015-01-05;57,17;57,95;56,20;56,44;660.415
2015-01-06;56,51;57,27;56,02;56,58;587.206
2015-01-07;56,98;57,99;56,69;57,38;845.085
2015-01-08;58,50;59,47;58,30;59,30;1.050.523
2015-01-09;59,28;60,23;58,84;59,35;868.260
2015-01-12;59,63;60,32;59,00;59,48;514.603
2015-01-13;59,22;61,39;58,26;60,89;983.956
2015-01-14;60,19;60,67;59,49;59,60;930.526
2015-01-15;60,00;60,37;58,73;59,64;1.324.153
2015-01-16;59,38;60,47;59,08;60,38;1.172.708
2015-01-19;60,42;61,32;60,22;61,19;665.438
2015-01-20;61,62;62,47;61,16;61,50;774.263
2015-01-21;61,54;61,64;60,84;61,12;846.279
2015-01-22;61,18;62,41;60,60;62,16;861.430
2015-01-23;62,50;63,89;62,41;63,83;1.129.804
2015-01-26;63,08;64,51;62,99;64,48;892.866
2015-01-27;64,54;64,91;63,31;63,56;702.081
2015-01-28;63,99;64,16;63,27;63,86;824.465
2015-01-29;63,52;64,46;63,17;64,28;849.867
2015-01-30;64,48;64,93;63,75;64,12;747.770
2015-02-02;64,20;64,52;63,16;63,90;558.470
2015-02-03;63,98;64,27;61,96;62,04;1.350.929
2015-02-04;61,91;62,09;61,35;62,09;1.040.008
2015-02-05;61,67;62,66;61,64;62,48;716.720
2015-02-06;62,48;62,98;62,05;62,75;546.137
2015-02-09;62,28;62,40;61,58;62,02;716.571
2015-02-10;62,00;62,00;61,40;61,43;1.068.802
2015-02-11;60,75;62,62;60,60;62,35;1.042.465
2015-02-12;63,00;64,07;62,71;62,83;1.398.492
2015-02-13;63,86;66,20;63,44;65,99;1.450.862
2015-02-16;65,89;65,89;65,30;65,55;587.662
2015-02-17;65,20;66,07;65,04;65,40;750.276
2015-02-18;65,81;65,98;65,48;65,59;562.890
2015-02-19;65,69;65,78;65,32;65,59;627.208
2015-02-20;65,58;65,90;65,46;65,88;587.345
2015-02-23;66,50;66,51;65,88;66,08;538.613
2015-02-24;65,97;66,21;65,65;65,99;681.963
2015-02-25;65,93;66,37;65,76;66,12;561.282
2015-02-26;66,21;67,09;66,09;66,98;610.232
2015-02-27;66,97;67,08;66,18;66,40;621.974
2015-03-02;66,74;66,98;65,97;66,70;597.407
2015-03-03;66,70;67,27;66,07;66,21;550.379
2015-03-04;66,28;66,59;65,82;66,59;542.770
2015-03-05;66,62;68,61;66,59;68,53;840.960
2015-03-06;68,30;69,26;68,07;69,16;672.427
2015-03-09;69,06;69,22;68,67;68,96;1.077.280
2015-03-10;68,70;69,36;68,42;68,55;658.788
2015-03-11;68,63;68,87;68,36;68,67;925.605
2015-03-12;68,67;69,77;68,61;69,77;812.055
2015-03-13;70,00;70,00;68,91;69,57;605.964
2015-03-16;69,75;70,59;69,64;70,55;562.331
2015-03-17;70,56;70,79;69,45;69,52;555.945
2015-03-18;69,68;69,68;68,76;69,25;558.058
2015-03-19;69,36;69,87;68,77;68,98;570.178
2015-03-20;69,12;70,14;69,05;69,91;909.564
2015-03-23;70,59;70,59;68,70;68,93;602.933
2015-03-24;68,73;69,18;67,98;68,81;659.544
2015-03-25;68,80;69,30;68,27;68,55;426.917
2015-03-26;67,90;68,37;66,18;68,27;896.660
2015-03-27;68,41;68,77;67,82;68,60;454.247
2015-03-30;69,02;71,21;69,02;71,12;788.568
2015-03-31;71,06;71,82;69,98;70,42;589.412
2015-04-01;69,90;71,28;69,14;71,00;584.481
2015-04-02;71,00;71,35;70,55;71,20;443.063
2015-04-07;71,80;73,29;71,39;72,79;796.336
2015-04-08;72,77;73,35;72,29;72,77;652.692
2015-04-09;72,92;73,87;72,92;73,61;498.292
2015-04-10;74,00;74,88;73,58;74,73;516.219
2015-04-13;74,75;75,45;74,40;74,81;459.562
2015-04-14;74,78;75,21;74,09;74,31;620.786
2015-04-15;74,60;74,61;73,47;73,52;604.030
2015-04-16;73,35;73,78;71,77;71,88;875.871
2015-04-17;71,72;72,56;70,43;70,67;1.092.834
2015-04-20;71,37;72,48;70,79;72,15;945.211
2015-04-21;74,10;74,39;72,79;73,45;884.232
2015-04-22;73,82;73,95;72,73;72,95;650.713
2015-04-23;73,01;73,05;71,01;71,40;945.843
2015-04-24;71,39;71,60;69,90;70,67;749.681
2015-04-27;70,83;72,15;70,37;72,12;490.592
2015-04-28;72,10;72,10;69,98;70,23;735.262
2015-04-29;70,45;70,82;67,94;67,94;698.173
2015-04-30;67,90;68,70;66,93;68,42;682.073
2015-05-04;68,50;69,12;67,66;68,42;537.021
2015-05-05;68,10;69,15;67,00;67,04;661.804
2015-05-06;66,80;67,18;65,68;66,01;875.817
2015-05-07;65,75;66,77;64,63;66,56;852.598
2015-05-08;67,06;69,54;66,99;69,27;1.012.302
2015-05-11;69,36;69,36;68,23;68,57;553.777
2015-05-12;68,13;68,25;66,71;67,14;815.588
2015-05-13;67,32;67,87;66,72;66,99;753.098
2015-05-14;66,66;67,26;66,10;67,17;730.145
2015-05-15;67,64;68,10;66,87;67,02;632.643
2015-05-18;67,02;67,14;65,94;67,14;635.595
2015-05-19;67,50;68,85;67,50;68,64;678.685
2015-05-20;68,82;69,59;68,62;69,28;905.796
2015-05-21;69,05;69,17;68,71;69,03;406.293
2015-05-22;68,71;69,94;68,69;69,82;497.327
2015-05-25;70,00;70,20;69,34;69,81;155.325
2015-05-26;69,61;69,97;68,81;69,04;505.381
2015-05-27;69,01;71,08;69,01;70,72;758.023
2015-05-28;70,66;71,13;70,39;70,85;508.529
2015-05-29;70,75;71,01;69,35;69,35;926.400
2015-06-01;69,83;70,35;69,23;69,79;558.056
2015-06-02;70,09;70,20;68,24;68,58;647.099
2015-06-03;68,62;69,75;68,38;69,12;615.127
2015-06-04;68,60;69,28;67,62;68,50;572.263
2015-06-05;67,82;68,21;67,25;67,36;439.353
2015-06-08;67,15;67,26;66,29;66,91;553.339
2015-06-09;66,97;67,86;66,89;67,75;733.402
2015-06-10;67,50;69,03;67,39;68,79;519.454
2015-06-11;68,30;69,37;67,79;68,45;745.036
2015-06-12;68,04;68,16;67,00;67,65;645.854
2015-06-15;66,99;67,15;66,48;66,83;535.236
2015-06-16;66,25;67,62;65,90;67,40;482.515
2015-06-17;67,67;67,92;66,79;67,17;437.336
2015-06-18;66,80;67,47;66,06;67,47;616.941
2015-06-19;67,47;68,65;67,12;67,58;1.202.436
2015-06-22;69,29;69,32;68,34;69,03;854.910
2015-06-23;69,69;70,10;69,30;69,59;524.636
2015-06-24;69,51;69,76;68,33;68,40;805.428
2015-06-25;68,00;69,09;67,88;68,33;794.706
2015-06-26;68,19;69,62;68,06;69,36;653.942
2015-06-29;66,28;67,66;65,60;66,83;748.843
2015-06-30;66,53;66,65;65,27;65,27;1.289.703
2015-07-01;65,86;67,42;65,07;66,78;1.270.247
2015-07-02;66,72;66,86;65,36;65,49;714.530
2015-07-03;65,59;65,85;65,21;65,62;521.338
2015-07-06;64,31;65,00;64,16;64,43;741.632
2015-07-07;64,48;64,48;62,11;62,21;1.219.766
2015-07-08;62,19;63,22;61,58;62,78;950.780
2015-07-09;62,95;64,57;62,75;64,40;856.351
2015-07-10;65,77;66,98;65,55;66,73;981.970
2015-07-13;67,60;67,90;67,29;67,53;625.901
2015-07-14;67,60;67,84;67,17;67,72;631.561
2015-07-15;67,54;68,80;67,54;68,68;641.754
2015-07-16;69,14;70,47;68,88;69,46;1.123.616
2015-07-17;69,25;69,43;68,63;68,77;861.058
2015-07-20;69,68;69,68;68,94;69,42;599.050
2015-07-21;71,23;71,23;69,64;70,11;1.039.216
2015-07-22;69,88;69,88;68,36;68,66;811.305
2015-07-23;69,17;69,17;67,71;68,37;738.015
2015-07-24;68,00;68,52;66,86;67,07;766.429
2015-07-27;66,11;66,75;65,59;65,70;730.714
2015-07-28;66,14;66,43;65,25;65,72;829.397
2015-07-29;65,84;66,32;64,43;65,21;913.977
2015-07-30;65,45;65,74;64,88;65,51;581.598
2015-07-31;65,85;65,95;64,85;65,21;605.551
2015-08-03;65,25;66,12;65,22;65,93;486.894
2015-08-04;65,65;65,72;65,20;65,61;440.260
2015-08-05;66,02;67,12;65,84;66,71;532.831
2015-08-06;66,46;66,50;65,61;66,10;434.171
2015-08-07;65,90;66,10;65,48;65,65;489.958
2015-08-10;65,59;66,34;65,11;66,28;445.182
2015-08-11;66,21;66,28;65,00;65,07;484.018
2015-08-12;64,46;64,46;62,87;63,26;817.038
2015-08-13;64,34;64,56;63,62;63,84;735.854
2015-08-14;63,93;64,74;63,85;64,16;768.491
2015-08-17;64,46;65,22;64,07;64,88;862.560
2015-08-18;64,62;65,24;64,49;65,04;526.408
2015-08-19;64,55;64,61;62,88;63,02;707.129
2015-08-20;62,62;62,73;60,99;61,30;792.215
2015-08-21;60,29;61,55;59,79;59,79;868.453
2015-08-24;57,71;58,32;54,07;57,20;1.908.944
2015-08-25;58,17;59,88;58,01;59,30;1.241.362
2015-08-26;58,58;59,67;57,37;58,35;1.185.237
2015-08-27;59,70;60,52;59,49;60,06;670.690
2015-08-28;60,28;60,32;59,05;60,32;576.003
2015-08-31;59,68;60,46;59,51;60,34;429.442
2015-09-01;59,72;59,93;58,58;59,25;633.673
2015-09-02;59,39;59,91;58,68;58,95;588.549
2015-09-03;59,56;60,93;59,46;60,51;528.031
2015-09-04;59,91;59,91;58,43;59,03;599.122
2015-09-07;59,64;60,09;58,94;59,32;245.191
2015-09-08;59,57;60,41;59,36;59,65;327.484
2015-09-09;61,44;62,07;61,22;61,29;803.183
2015-09-10;60,79;61,19;59,82;60,18;533.812
2015-09-11;60,44;60,54;59,26;59,45;366.560
2015-09-14;59,50;60,12;58,90;59,51;453.327
2015-09-15;59,45;60,11;58,88;59,76;480.928
2015-09-16;60,27;60,69;59,59;59,76;497.195
2015-09-17;59,88;59,93;58,95;58,98;506.273
2015-09-18;58,67;58,80;56,44;57,81;1.073.333
2015-09-21;57,80;59,74;57,78;59,51;832.285
2015-09-22;59,43;59,47;57,34;57,39;644.225
2015-09-23;57,39;58,24;57,07;57,45;344.658
2015-09-24;57,11;57,37;55,19;55,65;666.715
2015-09-25;56,34;57,36;56,23;57,14;644.394
2015-09-28;56,92;56,98;55,72;56,10;697.936
2015-09-29;55,32;56,39;55,10;56,21;534.774
2015-09-30;57,29;58,17;57,05;57,99;775.049
2015-10-01;58,80;59,19;56,17;56,48;861.243
2015-10-02;57,06;57,71;56,09;57,30;537.484
2015-10-05;58,40;58,96;57,89;58,63;544.540
2015-10-06;58,60;59,41;58,33;58,78;587.236
2015-10-07;59,20;59,74;58,04;58,31;628.032
2015-10-08;58,44;60,45;58,27;60,44;794.889
2015-10-09;61,00;61,14;59,52;59,65;685.116
2015-10-12;59,90;60,22;59,55;59,99;384.090
2015-10-13;61,00;61,12;59,73;60,59;694.079
2015-10-14;59,85;59,88;58,35;58,64;638.670
2015-10-15;59,11;60,53;58,85;60,23;632.386
2015-10-16;60,60;60,60;59,86;60,12;418.039
2015-10-19;59,96;60,99;59,80;60,42;472.727
2015-10-20;60,27;60,88;59,61;60,03;508.212
2015-10-21;60,56;61,69;59,65;61,33;655.494
2015-10-22;63,25;64,79;61,89;64,57;893.272
2015-10-23;65,30;65,88;64,55;65,05;996.751
2015-10-26;64,63;65,05;64,11;64,67;606.146
2015-10-27;64,00;64,55;62,54;62,69;1.098.179
2015-10-28;62,55;64,08;62,33;63,82;823.412
2015-10-29;64,01;64,76;63,31;64,23;449.618
2015-10-30;64,50;64,70;63,59;64,45;597.921
2015-11-02;63,51;64,97;63,26;64,68;532.006
2015-11-03;64,66;64,96;64,42;64,81;422.399
2015-11-04;65,20;65,76;64,59;64,61;555.330
2015-11-05;64,64;65,29;64,13;64,66;472.420
2015-11-06;64,68;66,10;64,58;65,49;663.875
2015-11-09;65,72;65,96;64,76;64,90;398.461
2015-11-10;64,88;65,09;64,21;64,81;374.794
2015-11-11;65,06;66,37;64,85;65,47;417.435
2015-11-12;65,26;65,86;63,79;64,57;546.852
2015-11-13;64,22;64,60;63,57;64,02;369.948
2015-11-16;63,10;64,28;63,00;63,95;355.683
2015-11-17;64,58;65,74;64,30;65,40;504.344
2015-11-18;65,27;65,27;64,49;65,05;420.095
2015-11-19;65,67;66,11;65,17;65,43;404.556
2015-11-20;65,72;66,48;65,04;66,38;625.078
2015-11-23;66,48;66,48;65,43;65,83;455.340
2015-11-24;65,71;65,71;64,46;65,18;425.384
2015-11-25;65,42;66,74;65,16;66,53;520.064
2015-11-26;66,61;66,79;66,16;66,65;365.399
2015-11-27;66,47;66,90;66,01;66,29;254.168
2015-11-30;66,29;67,32;66,06;67,32;668.162
2015-12-01;67,60;67,79;65,93;66,19;565.247
2015-12-02;66,29;66,49;65,13;65,37;718.579
2015-12-03;65,30;66,00;63,09;63,39;973.686
2015-12-04;63,14;63,70;62,45;63,58;773.709
2015-12-07;64,13;64,93;63,92;64,26;537.772
2015-12-08;63,91;63,92;62,78;63,24;461.793
2015-12-09;63,89;63,91;62,66;62,80;385.739
2015-12-10;62,70;62,78;61,71;62,30;855.883
2015-12-11;62,40;62,61;60,83;61,28;697.883
2015-12-14;61,36;61,77;60,16;60,43;620.393
2015-12-15;60,79;62,09;60,70;61,78;611.585
2015-12-16;61,78;62,72;61,51;61,82;565.175
2015-12-17;62,90;63,59;62,69;62,83;560.665
2015-12-18;62,22;62,23;61,12;61,50;863.876
2015-12-21;61,29;62,31;60,70;60,70;476.114
2015-12-22;61,28;61,39;60,00;61,05;303.577
2015-12-23;61,87;62,66;61,82;62,35;517.570
2015-12-24;62,18;62,44;61,53;62,44;81.163
2015-12-28;62,50;62,60;61,43;61,54;285.327
2015-12-29;61,75;62,83;61,75;62,75;406.478
2015-12-30;62,50;62,81;61,96;62,31;377.909
2015-12-31;62,30;62,37;61,50;61,68;105.747
2016-01-04;60,96;60,96;59,57;60,04;866.256
2016-01-05;60,08;60,49;59,20;59,84;466.278
2016-01-06;59,64;59,67;58,28;58,98;475.445
2016-01-07;57,70;59,48;56,88;59,15;987.686
2016-01-08;59,12;59,49;57,86;57,88;627.986
2016-01-11;57,75;58,68;57,29;57,63;653.991
2016-01-12;57,48;59,39;57,25;59,20;752.659
2016-01-13;59,90;60,32;58,62;59,01;466.891
2016-01-14;58,41;58,44;56,72;58,01;712.019
2016-01-15;59,00;59,20;56,32;57,37;1.053.310
2016-01-18;57,08;58,05;56,43;57,00;557.435
2016-01-19;57,95;58,15;57,12;57,82;798.089
2016-01-20;56,59;56,76;55,45;56,02;813.779
2016-01-21;55,99;58,09;55,99;57,96;1.051.899
2016-01-22;59,28;59,77;58,42;58,55;920.440
2016-01-25;58,84;58,84;57,28;57,69;689.066
2016-01-26;56,61;58,65;56,39;58,52;813.887
2016-01-27;58,70;59,24;58,09;58,65;1.081.848
2016-01-28;58,60;58,98;57,36;57,70;1.089.160
2016-01-29;58,68;59,07;57,83;59,07;753.736
2016-02-01;59,63;59,63;57,29;58,01;755.992
2016-02-02;57,90;58,19;56,31;56,70;777.696
2016-02-03;56,65;57,32;55,78;56,56;888.650
2016-02-04;57,22;57,29;55,20;55,79;839.057
2016-02-05;56,01;56,72;55,05;55,78;972.462
2016-02-08;56,09;56,47;53,50;53,79;997.807
2016-02-09;54,00;54,26;52,18;53,39;1.052.466
2016-02-10;51,00;53,20;50,51;52,38;1.656.583
2016-02-11;52,43;52,45;50,05;50,21;1.570.028
2016-02-12;50,57;50,85;49,91;50,17;1.064.629
2016-02-15;51,48;52,50;50,74;52,31;1.095.313
2016-02-16;52,61;52,81;51,58;52,15;866.391
2016-02-17;52,52;54,03;52,37;53,90;975.450
2016-02-18;54,24;54,40;53,44;54,10;297.743
2016-02-19;54,03;54,13;52,89;53,20;779.318
2016-02-22;53,92;54,82;53,87;54,55;574.326
2016-02-23;54,06;54,40;53,57;53,74;453.427
2016-02-24;53,76;53,76;52,31;52,56;429.250
2016-02-25;53,25;53,78;52,91;53,03;520.758
2016-02-26;53,47;54,24;53,12;53,34;564.147
2016-02-29;53,24;54,31;52,73;54,24;790.250
2016-03-01;54,15;55,36;54,09;55,36;507.298
2016-03-02;55,89;56,04;54,70;55,07;556.390
2016-03-03;55,18;55,30;54,76;55,09;459.080
2016-03-04;55,34;56,13;55,00;55,57;946.922
2016-03-07;55,47;55,89;55,13;55,64;456.770
2016-03-08;55,46;55,93;54,98;55,42;496.975
2016-03-09;55,53;56,37;55,27;56,17;673.839
2016-03-10;56,28;57,41;54,85;54,89;925.581
2016-03-11;55,88;56,47;55,57;56,25;599.549
2016-03-14;56,66;57,13;56,52;57,00;470.533
2016-03-15;56,67;57,08;56,34;57,08;472.636
2016-03-16;57,40;57,72;57,04;57,50;442.476
2016-03-17;58,00;58,02;56,24;57,33;527.421
2016-03-18;57,76;57,82;57,07;57,60;768.389
2016-03-21;57,60;58,64;57,25;58,64;836.649
2016-03-22;58,78;59,07;58,01;58,88;704.412
2016-03-23;59,14;60,20;59,11;59,61;786.059
2016-03-24;59,36;59,40;58,52;58,91;579.930
2016-03-29;59,32;59,62;58,95;59,38;680.636
2016-03-30;59,81;60,61;59,74;60,37;605.444
2016-03-31;60,22;60,22;59,60;59,90;822.899
2016-04-01;59,26;59,26;57,93;58,90;868.424
2016-04-04;58,86;59,67;58,45;58,97;424.775
2016-04-05;57,95;57,95;57,27;57,54;551.426
2016-04-06;57,72;58,29;57,28;58,20;750.773
2016-04-07;58,24;58,28;57,16;57,29;469.032
2016-04-08;57,52;58,47;57,52;58,11;464.023
2016-04-11;58,07;58,89;57,85;58,16;803.230
2016-04-12;58,35;58,66;57,87;58,45;543.943
2016-04-13;59,09;59,82;59,09;59,81;688.201
2016-04-14;60,05;60,96;59,86;60,65;653.615
2016-04-15;60,46;60,89;60,32;60,83;890.565
2016-04-18;60,49;61,07;60,10;60,55;891.668
2016-04-19;61,50;63,90;61,31;63,75;1.550.997
2016-04-20;64,00;64,80;63,75;64,74;917.092
2016-04-21;65,00;65,06;64,20;64,61;588.408
2016-04-22;63,64;63,83;62,95;63,48;796.648
2016-04-25;63,57;63,71;63,10;63,30;588.539
2016-04-26;63,55;64,05;62,55;62,71;797.018
2016-04-27;62,61;63,28;62,33;63,10;524.981
2016-04-28;62,86;63,54;62,05;63,46;414.796
2016-04-29;62,85;62,89;61,70;61,89;955.168
2016-05-02;62,30;62,50;61,93;62,20;265.084
2016-05-03;62,65;62,65;61,32;61,72;750.385
2016-05-04;61,57;61,91;60,86;61,16;540.102
2016-05-05;61,39;61,88;61,09;61,47;384.460
2016-05-06;61,17;61,82;60,81;61,53;765.820
2016-05-09;62,01;62,19;61,31;61,51;387.591
2016-05-10;61,75;62,09;61,17;62,00;653.656
2016-05-11;62,06;62,07;60,90;61,31;619.082
2016-05-12;61,18;61,83;60,66;60,98;603.327
2016-05-13;60,55;61,66;60,06;61,37;626.945
2016-05-16;61,09;61,51;60,76;61,40;300.262
2016-05-17;61,96;62,28;61,17;61,29;542.395
2016-05-18;61,05;61,65;60,73;61,49;489.818
2016-05-19;61,12;61,22;60,30;60,87;535.886
2016-05-20;61,37;62,11;61,37;61,55;548.492
2016-05-23;61,47;61,94;60,81;61,67;537.668
2016-05-24;61,36;63,09;60,89;62,85;617.709
2016-05-25;63,46;63,56;63,02;63,04;538.757
2016-05-26;63,22;63,90;63,17;63,64;564.982
2016-05-27;62,40;62,93;61,92;62,17;1.128.557
2016-05-30;62,32;62,32;61,82;62,00;374.597
2016-05-31;62,03;62,16;60,99;61,00;1.040.308
2016-06-01;61,18;61,52;60,80;61,35;618.502
2016-06-02;61,62;62,25;61,40;62,03;633.583
2016-06-03;62,34;62,77;61,25;61,58;459.264
2016-06-06;61,69;61,91;61,39;61,50;326.670
2016-06-07;61,79;62,26;61,53;62,22;536.146
2016-06-08;62,00;62,01;61,41;61,63;354.798
2016-06-09;61,44;61,44;60,62;60,97;519.210
2016-06-10;60,81;60,81;58,78;59,27;677.675
2016-06-13;58,51;58,73;57,85;58,22;613.290
2016-06-14;57,47;57,89;56,93;56,93;915.503
2016-06-15;57,44;58,11;57,23;57,29;861.666
2016-06-16;56,75;57,24;56,38;56,89;641.143
2016-06-17;57,09;57,56;56,75;57,20;976.859
2016-06-20;58,69;59,95;58,39;59,45;942.302
2016-06-21;59,22;59,87;58,97;59,54;467.379
2016-06-22;59,77;60,25;59,53;59,67;424.876
2016-06-23;60,02;61,42;59,73;60,62;528.342
2016-06-24;54,60;56,93;53,00;56,01;2.196.166
2016-06-27;55,15;55,32;52,58;52,72;1.605.529
2016-06-28;53,87;54,77;53,48;54,16;940.750
2016-06-29;55,07;55,29;54,45;55,24;672.642
2016-06-30;54,97;56,37;54,96;56,37;900.510
2016-07-01;56,54;56,82;55,79;56,55;605.926
2016-07-04;57,00;57,00;55,54;55,71;344.362
2016-07-05;55,44;55,71;54,56;54,83;376.379
2016-07-06;54,63;54,66;53,30;53,99;661.103
2016-07-07;54,25;55,36;54,21;54,86;662.913
2016-07-08;54,82;55,80;54,71;55,45;469.603
2016-07-11;56,01;57,41;55,80;57,41;614.228
2016-07-12;57,62;58,07;57,30;57,63;484.368
2016-07-13;57,51;58,21;57,35;57,90;467.477
2016-07-14;58,19;58,83;58,19;58,67;589.670
2016-07-15;58,62;59,23;58,44;58,69;592.163
2016-07-18;58,51;59,73;58,51;59,53;755.355
2016-07-19;59,30;59,74;55,24;56,95;1.830.089
2016-07-20;56,63;58,09;56,36;58,09;1.160.487
2016-07-21;57,79;58,12;56,70;57,68;848.080
2016-07-22;57,57;57,73;57,14;57,56;495.209
2016-07-25;57,71;58,34;57,33;58,29;553.559
2016-07-26;58,25;58,43;58,01;58,02;543.353
2016-07-27;58,17;58,64;58,15;58,23;604.909
2016-07-28;58,52;59,03;57,86;57,86;593.165
2016-07-29;57,90;58,11;57,51;57,96;504.272
2016-08-01;58,47;58,84;57,57;57,86;452.058
2016-08-02;57,59;57,87;56,58;56,95;437.880
2016-08-03;57,21;57,49;57,10;57,45;70.835
2016-08-04;57,21;57,49;56,90;56,93;358.316
2016-08-05;57,08;58,19;57,05;58,09;428.453
2016-08-08;58,18;58,96;58,00;58,50;562.568
2016-08-09;58,50;59,42;58,46;59,31;471.090
2016-08-10;58,86;59,21;58,37;58,67;445.818
2016-08-11;58,88;59,37;58,58;59,37;477.465
2016-08-12;59,14;59,42;58,90;59,08;306.698
2016-08-15;59,01;59,66;59,01;59,49;406.176
2016-08-16;59,14;59,62;59,10;59,21;596.369
2016-08-17;59,38;59,62;58,91;59,44;568.513
2016-08-18;59,77;60,21;59,40;59,66;516.278
2016-08-19;59,60;59,66;59,25;59,33;465.278
2016-08-22;59,31;59,96;58,81;58,89;532.821
2016-08-23;59,30;59,96;59,28;59,62;488.067
2016-08-24;59,24;60,25;58,85;60,02;484.678
2016-08-25;59,85;59,97;59,44;59,75;449.986
2016-08-26;59,75;60,50;59,47;60,32;460.400
2016-08-29;60,13;60,39;59,43;60,24;253.174
2016-08-30;60,49;61,04;60,37;60,68;340.819
2016-08-31;60,60;61,00;60,19;60,58;518.824
2016-09-01;60,60;61,70;60,54;61,30;532.372
2016-09-02;61,59;62,03;61,00;61,96;411.235
2016-09-05;62,33;62,35;61,80;61,91;327.410
2016-09-06;62,10;62,69;61,91;62,46;606.120
2016-09-07;62,52;63,13;62,44;62,95;629.116
2016-09-08;62,83;62,95;61,39;61,80;651.652
2016-09-09;61,50;61,76;60,42;60,73;529.287
2016-09-12;59,91;59,94;59,39;59,91;495.593
2016-09-13;60,03;60,43;59,89;60,11;464.028
2016-09-14;60,13;60,22;59,86;59,99;565.293
2016-09-15;59,85;60,15;59,60;60,00;381.194
2016-09-16;59,50;59,99;59,40;59,50;1.207.300
2016-09-19;59,86;60,21;59,62;60,08;508.662
2016-09-20;60,19;60,77;59,97;60,19;570.703
2016-09-21;60,52;60,99;60,36;60,78;523.336
2016-09-22;61,18;62,12;61,05;61,59;478.252
2016-09-23;61,30;61,78;61,27;61,64;339.965
2016-09-26;61,22;61,22;60,54;60,72;566.157
2016-09-27;61,22;61,25;59,89;60,30;582.531
2016-09-28;60,37;61,44;60,37;61,24;469.744
2016-09-29;61,79;61,90;60,76;60,96;610.057
2016-09-30;60,31;60,46;59,47;60,29;744.965
2016-10-03;60,31;60,82;60,15;60,72;372.895
2016-10-04;60,68;61,69;60,63;61,53;723.008
2016-10-05;61,20;61,68;60,87;61,68;495.316
2016-10-06;61,86;62,42;61,75;62,27;592.355
2016-10-07;62,34;62,38;60,48;60,48;1.319.345
2016-10-10;60,56;61,07;60,22;60,99;433.722
2016-10-11;60,92;61,48;60,55;60,74;530.995
2016-10-12;60,82;61,03;60,40;60,82;577.837
2016-10-13;60,60;60,60;59,72;60,55;709.622
2016-10-14;60,74;61,80;60,74;61,52;544.881
2016-10-17;61,45;62,09;61,14;62,00;671.622
2016-10-18;62,41;62,87;61,57;62,07;903.681
2016-10-19;61,55;61,65;59,72;60,57;1.546.702
2016-10-20;60,50;60,61;59,45;59,76;985.557
2016-10-21;59,58;60,17;59,37;59,94;551.129
2016-10-24;60,10;61,07;60,06;60,22;653.365
2016-10-25;60,26;60,39;59,26;59,27;713.812
2016-10-26;59,15;59,40;58,26;58,89;605.437
2016-10-27;58,72;59,26;58,40;58,76;517.748
2016-10-28;58,78;59,33;58,19;59,19;783.821
2016-10-31;58,71;59,09;58,52;58,88;603.950
2016-11-01;59,03;59,29;57,99;58,16;629.364
2016-11-02;57,81;58,21;57,57;57,84;574.461
2016-11-03;57,82;57,97;57,27;57,28;665.475
2016-11-04;57,03;57,78;56,71;57,57;991.925
2016-11-07;58,17;58,47;57,61;57,80;563.888
2016-11-08;57,78;58,44;57,66;58,22;410.997
2016-11-09;56,65;59,06;56,36;59,06;769.802
2016-11-10;59,40;60,07;58,97;59,39;752.754
2016-11-11;59,59;59,59;58,47;58,79;483.653
2016-11-14;59,20;59,78;58,49;58,50;539.775
2016-11-15;58,68;59,10;58,00;58,45;497.157
2016-11-16;58,70;58,75;57,68;57,70;661.883
2016-11-17;57,77;57,98;57,38;57,86;801.803
2016-11-18;58,09;58,19;57,49;57,77;599.731
2016-11-21;58,05;58,14;57,29;57,62;438.151
2016-11-22;58,01;58,45;57,80;58,30;596.311
2016-11-23;58,35;58,86;58,26;58,28;632.622
2016-11-24;58,34;59,08;58,34;58,88;432.593
2016-11-25;59,00;59,10;58,60;59,04;334.495
2016-11-28;59,00;59,00;58,06;58,19;422.125
2016-11-29;58,29;58,64;58,01;58,51;328.188
2016-11-30;58,71;59,44;58,60;58,76;761.123
2016-12-01;58,64;58,64;58,14;58,30;619.201
2016-12-02;57,94;57,94;56,88;57,51;721.807
2016-12-05;56,91;58,19;56,80;57,42;914.055
2016-12-06;57,37;57,42;56,99;57,32;635.866
2016-12-07;57,81;59,21;57,71;58,94;860.262
2016-12-08;58,86;59,25;58,46;59,10;1.015.165
2016-12-09;59,10;60,02;59,05;60,01;866.069
2016-12-12;59,90;60,35;59,33;59,75;489.525
2016-12-13;59,70;60,52;59,70;59,85;578.264
2016-12-14;59,50;59,50;58,93;59,20;760.626
2016-12-15;59,43;59,55;59,05;59,33;1.040.242
2016-12-16;59,45;59,76;59,22;59,46;1.171.309
2016-12-19;59,24;59,73;59,11;59,73;394.935
2016-12-20;59,80;59,80;59,21;59,27;558.845
2016-12-21;59,22;59,22;58,15;58,99;770.604
2016-12-22;58,75;59,29;58,68;59,29;426.624
2016-12-23;59,25;59,43;58,91;59,37;351.761
2016-12-27;59,40;59,59;59,23;59,39;181.434
2016-12-28;59,40;59,57;59,35;59,40;341.279
2016-12-29;59,14;59,48;59,12;59,40;234.562
2016-12-30;59,37;59,54;59,01;59,39;306.225
2017-01-02;59,03;59,99;59,03;59,71;178.458
2017-01-03;59,91;59,98;59,33;59,98;619.487
2017-01-04;60,00;60,28;59,88;60,25;686.610
2017-01-05;60,30;60,34;59,81;60,00;598.972
2017-01-06;60,00;60,05;59,70;59,80;476.450
2017-01-09;59,83;59,99;59,32;59,77;410.823
2017-01-10;59,55;59,75;59,00;59,11;542.626
2017-01-11;59,12;59,33;58,94;59,31;598.847
2017-01-12;59,00;59,73;58,93;59,66;633.111
2017-01-13;59,90;60,78;59,73;60,37;955.524
2017-01-16;60,17;60,66;60,08;60,34;570.521
2017-01-17;60,26;60,75;59,81;60,38;694.468
2017-01-18;60,77;61,98;60,71;61,88;877.316
2017-01-19;61,90;62,49;61,51;61,99;1.012.189
2017-01-20;61,89;63,07;61,69;63,06;998.702
2017-01-23;62,91;63,02;62,46;62,65;744.035
2017-01-24;62,66;63,10;62,43;63,10;703.898
2017-01-25;63,60;64,55;63,60;64,41;821.810
2017-01-26;64,65;64,69;63,76;63,98;695.056
2017-01-27;63,94;64,29;63,67;63,89;544.674
2017-01-30;63,65;63,90;63,19;63,41;472.901
2017-01-31;63,41;64,04;62,79;62,79;839.122
2017-02-01;63,01;63,71;62,93;63,38;731.771
2017-02-02;63,11;63,89;62,99;63,61;584.529
2017-02-03;63,61;64,03;63,36;63,71;540.811
2017-02-06;63,70;64,27;63,02;63,02;646.417
2017-02-07;63,02;63,80;63,00;63,65;444.252
2017-02-08;63,78;64,14;63,44;63,81;596.151
2017-02-09;63,86;64,46;63,86;64,18;623.226
2017-02-10;64,41;64,69;64,15;64,52;566.678
2017-02-13;64,49;64,94;64,19;64,55;731.903
2017-02-14;64,76;64,76;63,93;64,42;735.490
2017-02-15;62,45;62,98;61,38;62,94;2.042.146
2017-02-16;62,00;62,85;62,00;62,80;876.387
2017-02-17;62,75;62,79;62,20;62,79;1.062.117
2017-02-20;63,10;63,20;62,67;63,03;528.556
2017-02-21;63,00;64,08;62,87;63,38;908.151
2017-02-22;63,53;63,67;62,68;63,20;741.293
2017-02-23;63,20;63,45;63,10;63,13;701.298
2017-02-24;63,00;63,00;62,05;62,75;894.719
2017-02-27;62,99;63,15;62,46;63,10;627.640
2017-02-28;63,25;63,53;62,56;63,31;873.917
2017-03-01;63,65;64,75;63,51;64,75;925.338
2017-03-02;64,84;65,11;64,50;64,81;525.782
2017-03-03;64,60;64,96;64,34;64,80;652.988
2017-03-06;64,73;64,83;64,35;64,62;510.821
2017-03-07;64,70;64,90;64,18;64,30;585.728
2017-03-08;64,29;64,65;64,04;64,42;483.251
2017-03-09;72,96;75,72;72,12;72,79;6.300.487
2017-03-10;75,15;76,91;74,58;76,20;3.713.812
2017-03-13;76,25;76,61;75,54;76,40;1.243.861
2017-03-14;76,00;76,49;75,35;75,50;891.109
2017-03-15;75,10;76,12;74,99;75,85;939.668
2017-03-16;76,00;76,14;74,21;75,09;1.468.110
2017-03-17;75,00;75,59;74,75;75,21;1.591.795
2017-03-20;74,80;75,43;74,71;75,10;920.480
2017-03-21;79,00;79,11;76,60;76,60;2.394.999
2017-03-22;75,95;77,21;73,69;75,78;4.210.993
2017-03-23;76,17;78,03;75,99;77,94;1.943.863
2017-03-24;78,35;79,29;77,54;77,70;1.428.632
2017-03-27;77,48;78,56;76,71;78,34;973.494
2017-03-28;78,19;79,73;77,26;77,60;1.302.331
2017-03-29;77,56;77,99;76,86;76,91;1.002.672
2017-03-30;76,86;77,47;76,75;77,33;567.714
2017-03-31;77,00;77,83;76,86;77,73;1.042.215
2017-04-03;78,00;78,55;77,01;77,69;1.069.273
2017-04-04;77,69;78,23;77,69;77,96;613.709
2017-04-05;77,51;79,41;77,51;79,10;1.624.670
2017-04-06;79,10;79,79;78,95;79,34;1.033.756
2017-04-07;79,34;79,87;79,02;79,77;812.148
2017-04-10;79,94;79,97;79,25;79,60;771.880
2017-04-11;79,31;79,80;78,94;79,10;1.038.790
2017-04-12;79,10;79,60;78,32;78,54;1.274.829
2017-04-13;78,61;79,50;78,35;79,32;738.926
2017-04-18;79,54;79,69;78,32;78,32;1.060.485
2017-04-19;78,70;79,37;77,88;78,53;1.660.586
2017-04-20;78,60;79,11;78,40;78,40;1.000.427
2017-04-21;78,69;78,69;77,95;78,20;1.348.478
2017-04-24;78,50;82,95;78,43;81,93;3.584.063
2017-04-25;83,00;83,09;81,86;82,64;2.148.549
2017-04-26;82,95;82,95;81,42;81,51;1.503.797
2017-04-27;80,23;80,39;79,08;79,20;1.684.796
2017-04-28;79,36;80,53;79,17;80,28;1.257.447
2017-05-02;80,65;80,89;78,80;79,27;1.558.716
2017-05-03;78,85;79,77;78,37;79,61;1.478.279
2017-05-04;79,83;80,11;78,86;79,77;1.026.205
2017-05-05;79,73;79,75;79,01;79,40;813.033
2017-05-08;77,00;77,87;76,67;76,85;2.429.105
2017-05-09;76,72;78,06;76,37;77,00;1.248.448
2017-05-10;76,65;77,08;75,64;75,77;2.153.624
2017-05-11;75,50;76,32;75,21;75,21;1.353.039
2017-05-12;75,00;76,02;74,66;75,79;1.126.841
2017-05-15;75,89;76,08;75,50;75,79;833.731
2017-05-16;75,63;76,00;75,25;75,65;799.271
2017-05-17;75,35;75,79;74,61;74,90;969.312
2017-05-18;75,03;76,16;74,19;75,65;1.769.532
2017-05-19;76,00;76,08;75,33;75,33;943.327
2017-05-22;75,40;76,00;75,35;75,70;821.859
2017-05-23;75,86;76,72;75,78;76,45;920.677
2017-05-24;76,30;76,85;75,87;76,46;878.415
2017-05-25;76,46;76,68;75,89;76,00;453.121
2017-05-26;75,82;76,31;75,52;76,21;544.334
2017-05-29;76,00;76,56;75,62;76,37;501.340
2017-05-30;75,00;75,37;74,50;74,97;1.451.031
2017-05-31;75,00;75,54;74,51;74,51;1.766.877
2017-06-01;74,32;75,09;71,81;75,02;3.413.862
2017-06-02;74,40;76,00;74,20;75,75;1.802.865
2017-06-05;75,55;75,79;75,48;75,70;708.209
2017-06-06;75,46;75,88;75,23;75,80;881.771
2017-06-07;75,50;76,00;75,39;75,68;934.917
2017-06-08;75,65;75,80;75,29;75,75;779.582
2017-06-09;75,79;76,77;75,58;76,75;941.668
2017-06-12;76,55;76,87;76,25;76,78;983.551
2017-06-13;76,97;77,18;76,94;77,10;832.190
2017-06-14;77,22;77,69;77,14;77,30;1.073.730
2017-06-15;77,38;77,74;77,10;77,34;937.958
2017-06-16;77,52;77,88;76,95;77,69;1.238.134
2017-06-19;77,81;78,24;77,78;77,95;728.749
2017-06-20;78,26;78,85;78,25;78,32;684.821
2017-06-21;79,15;79,15;77,89;78,44;639.443
2017-06-22;78,30;78,51;77,56;77,59;628.701
2017-06-23;77,57;78,08;77,46;78,00;549.330
2017-06-26;78,00;78,75;77,97;78,14;736.403
2017-06-27;78,01;78,37;77,34;77,74;792.421
2017-06-28;77,37;77,37;76,58;77,23;1.039.726
2017-06-29;77,62;77,64;76,31;76,54;716.586
2017-06-30;76,62;77,02;76,09;76,09;731.089
2017-07-03;76,36;77,62;76,36;77,46;725.775
2017-07-04;77,24;77,91;77,10;77,61;391.143
2017-07-05;77,65;78,34;77,26;78,07;543.882
2017-07-06;78,21;78,40;77,36;77,44;666.893
2017-07-07;77,28;77,70;77,16;77,49;515.536
2017-07-10;77,49;77,79;77,11;77,25;466.099
2017-07-11;77,33;77,47;77,12;77,20;439.349
2017-07-12;77,17;77,85;77,05;77,47;512.111
2017-07-13;77,86;78,02;77,17;77,40;503.216
2017-07-14;77,43;78,45;77,29;78,40;727.006
2017-07-17;78,55;78,92;78,39;78,55;525.775
2017-07-18;78,51;78,85;77,54;77,95;598.939
2017-07-19;78,42;78,90;77,84;78,15;859.386
2017-07-20;78,50;78,92;77,29;77,75;928.653
2017-07-21;76,97;76,97;75,59;76,01;1.599.772
2017-07-24;75,63;75,75;74,68;75,30;1.180.246
2017-07-25;73,50;75,92;73,50;75,64;1.473.074
2017-07-26;75,36;75,84;75,26;75,65;717.359
2017-07-27;75,30;77,45;75,10;76,41;1.036.836
2017-07-28;76,23;76,23;75,22;76,17;820.242
2017-07-31;76,08;76,64;76,00;76,42;824.799
2017-08-01;76,36;77,14;76,28;76,74;597.235
2017-08-02;76,87;77,35;76,87;77,22;629.382
2017-08-03;77,04;77,50;76,91;77,15;439.726
2017-08-04;77,31;77,39;76,91;77,03;585.623
2017-08-07;77,01;77,49;76,85;77,25;402.894
2017-08-08;77,35;77,37;76,97;77,26;371.669
2017-08-09;76,87;76,97;75,90;76,29;592.260
2017-08-10;76,36;76,36;75,22;75,54;503.759
2017-08-11;75,16;75,95;74,61;75,93;892.057
2017-08-14;76,15;76,47;75,97;76,34;464.421
2017-08-15;76,50;76,95;76,46;76,57;384.125
2017-08-16;77,00;77,90;76,92;77,22;738.409
2017-08-17;77,20;77,86;76,94;77,37;440.994
2017-08-18;77,03;77,44;76,64;77,26;504.132
2017-08-21;77,06;77,58;76,94;77,42;429.377
2017-08-22;77,64;77,96;77,32;77,70;447.031
2017-08-23;78,00;78,62;77,88;78,35;708.796
2017-08-24;78,46;78,58;77,80;78,28;380.013
2017-08-25;78,23;78,59;78,07;78,24;490.300
2017-08-28;78,07;78,08;77,28;77,70;281.772
2017-08-29;77,25;77,25;76,44;77,17;566.265
2017-08-30;77,44;77,56;76,81;76,98;456.623
2017-08-31;77,28;77,41;76,65;76,80;637.539
2017-09-01;76,97;77,84;76,78;77,38;573.689
2017-09-04;77,11;78,33;77,11;78,00;581.341
2017-09-05;78,00;78,60;77,94;78,29;538.507
2017-09-06;78,00;78,94;77,89;78,87;707.211
2017-09-07;79,00;79,03;78,12;78,60;712.797
2017-09-08;75,75;78,33;75,56;78,10;1.682.680
2017-09-11;78,20;78,42;77,81;78,10;781.217
2017-09-12;78,22;78,26;77,93;78,17;655.925
2017-09-13;78,00;78,50;77,91;78,44;524.396
2017-09-14;78,33;78,70;77,70;77,83;721.507
2017-09-15;77,80;78,48;77,47;77,99;1.166.799
2017-09-18;78,15;78,76;77,96;78,66;581.283
2017-09-19;78,70;78,86;78,05;78,58;493.854
2017-09-20;78,47;78,85;78,02;78,42;444.146
2017-09-21;78,48;78,62;77,89;78,40;580.822
2017-09-22;78,36;78,66;78,01;78,54;609.139
2017-09-25;78,54;78,57;77,95;78,13;557.048
2017-09-26;77,63;77,74;77,10;77,34;832.165
2017-09-27;77,30;78,23;77,26;77,71;521.325
2017-09-28;77,74;77,90;77,27;77,73;647.012
2017-09-29;77,86;78,12;77,66;78,12;689.032
2017-10-02;78,39;78,45;78,15;78,35;732.369
2017-10-03;78,38;78,74;78,30;78,30;539.993
2017-10-04;78,30;78,60;78,18;78,54;532.202
2017-10-05;78,32;79,45;78,27;78,59;779.589
2017-10-06;78,36;78,58;78,17;78,37;447.995
2017-10-09;78,34;78,93;78,28;78,42;385.626
2017-10-10;78,26;78,51;78,23;78,40;869.555
2017-10-11;78,25;78,80;78,17;78,66;511.273
2017-10-12;78,49;78,59;78,10;78,35;572.011
2017-10-13;78,27;79,06;78,14;78,89;645.224
2017-10-16;78,83;79,25;78,76;78,81;425.030
2017-10-17;78,69;78,74;78,12;78,35;772.650
2017-10-18;77,00;77,45;76,40;76,91;1.665.663
2017-10-19;77,02;78,14;76,55;78,14;1.280.272
2017-10-20;77,30;77,82;76,17;77,64;1.495.844
2017-10-23;77,59;77,66;77,08;77,55;657.814
2017-10-24;77,55;77,68;77,43;77,63;559.919
2017-10-25;77,60;77,96;77,55;77,88;536.121
2017-10-26;78,00;78,10;77,41;77,77;750.718
2017-10-27;77,54;78,19;77,46;77,48;662.361
2017-10-30;77,00;78,43;76,10;78,03;2.137.002
2017-10-31;77,96;78,69;77,74;77,74;1.343.885
2017-11-01;78,00;78,15;77,34;77,34;877.694
2017-11-02;77,11;77,79;77,02;77,10;921.144
2017-11-03;77,10;77,92;76,91;77,92;797.083
2017-11-06;77,65;78,12;77,59;78,00;508.027
2017-11-07;77,95;78,83;77,95;78,50;827.925
2017-11-08;78,45;79,40;78,42;79,31;700.677
2017-11-09;79,31;79,50;78,27;78,57;762.518
2017-11-10;78,48;78,74;77,84;78,19;643.353
2017-11-13;78,14;78,33;77,73;78,01;606.476
2017-11-14;78,05;78,58;77,67;77,81;659.122
2017-11-15;77,56;77,66;77,12;77,48;818.051
2017-11-16;77,64;77,90;77,25;77,69;443.699
2017-11-17;77,55;77,78;77,14;77,59;677.048
2017-11-20;77,26;77,90;77,03;77,70;714.383
2017-11-21;77,74;77,94;77,36;77,94;791.220
2017-11-22;78,25;79,91;77,80;78,93;1.581.140
2017-11-23;78,67;78,67;78,03;78,29;764.131
2017-11-24;78,16;78,19;77,75;77,90;545.934
2017-11-27;77,80;78,01;76,97;77,00;663.760
2017-11-28;77,04;77,26;75,14;75,49;1.470.824
2017-11-29;75,44;76,32;75,43;75,67;1.203.610
2017-11-30;75,94;76,20;75,57;75,70;1.064.112
2017-12-01;76,00;76,51;75,39;75,75;2.270.538
2017-12-04;73,00;73,00;71,64;72,67;2.287.607
2017-12-05;72,50;73,35;72,50;73,16;994.965
2017-12-06;73,02;73,25;72,55;73,03;1.337.107
2017-12-07;73,00;73,66;72,89;72,89;802.950
2017-12-08;73,35;74,36;73,10;74,24;743.252
2017-12-11;74,50;74,65;74,09;74,56;572.301
2017-12-12;74,75;74,99;74,42;74,99;530.515
2017-12-13;75,14;75,23;74,70;74,89;581.430
2017-12-14;74,95;74,96;74,37;74,38;848.449
2017-12-15;74,17;74,42;73,90;74,42;970.343
2017-12-18;74,29;74,86;74,20;74,46;507.683
2017-12-19;74,54;74,70;74,15;74,38;372.928
2017-12-20;74,36;74,45;72,81;73,11;574.227
2017-12-21;73,11;73,52;72,55;73,34;453.155
2017-12-22;73,28;73,61;72,84;73,29;469.827
2017-12-27;73,19;73,72;73,08;73,59;273.235
2017-12-28;73,38;73,74;73,32;73,65;218.181
2017-12-29;73,60;73,74;72,94;73,02;340.007
2018-01-02;72,76;72,90;71,64;72,54;472.980
2018-01-03;72,90;73,76;72,88;73,46;625.869
2018-01-04;73,58;74,38;73,50;73,76;940.565
2018-01-05;73,78;75,36;73,78;75,10;1.096.094
2018-01-08;75,28;75,58;73,80;74,20;887.424
2018-01-09;74,36;74,94;74,22;74,94;728.036
2018-01-10;75,00;75,08;73,80;74,32;492.276
2018-01-11;74,56;76,10;74,30;76,00;930.866
2018-01-12;76,00;76,28;75,78;75,98;455.849
2018-01-15;75,98;76,22;75,82;76,08;248.632
2018-01-16;76,00;76,04;75,20;75,42;517.301
2018-01-17;75,04;75,38;74,48;74,78;710.795
2018-01-18;74,88;75,06;74,32;75,00;677.397
2018-01-19;75,16;75,22;74,62;74,82;589.733
2018-01-22;74,96;75,18;74,54;74,86;325.480
2018-01-23;75,10;75,24;74,56;75,20;433.116
2018-01-24;75,38;75,74;74,90;74,90;558.356
2018-01-25;74,76;75,26;74,50;74,82;428.154
2018-01-26;75,02;75,34;74,70;75,12;275.449
2018-01-29;75,30;75,34;74,82;75,24;402.960
2018-01-30;75,14;75,82;74,94;75,24;564.236
2018-01-31;75,24;75,52;75,02;75,42;555.641
2018-02-01;75,80;76,32;75,58;75,98;623.054
2018-02-02;76,02;76,02;74,68;74,68;564.730
2018-02-05;74,14;74,74;73,80;74,40;591.266
2018-02-06;72,64;73,62;72,18;72,36;1.201.929
2018-02-07;73,60;74,98;73,02;74,46;1.119.282
2018-02-08;75,94;77,98;75,24;76,58;1.720.339
2018-02-09;76,42;76,98;74,86;75,86;1.242.080
2018-02-12;76,62;77,62;76,46;77,32;871.509
2018-02-13;77,34;77,88;76,90;77,00;664.040
2018-02-14;77,18;77,68;76,20;77,12;679.358
2018-02-15;77,04;78,24;77,04;78,24;702.754
2018-02-16;78,54;78,84;78,10;78,36;515.299
2018-02-19;79,00;79,10;78,30;78,90;376.284
2018-02-20;78,86;79,60;78,78;78,98;579.677
2018-02-21;78,94;79,84;78,42;79,62;403.421
2018-02-22;79,08;79,94;78,88;79,78;313.455
2018-02-23;79,84;79,86;79,10;79,28;443.305
2018-02-26;79,32;80,32;79,14;80,18;562.538
2018-02-27;0,00;0,00;0,00;79,96;0
2018-02-28;79,60;80,16;79,28;79,76;480.755
2018-03-01;79,44;79,60;77,68;77,76;788.578
2018-03-02;77,20;77,30;76,10;76,32;754.447
2018-03-05;75,98;78,28;75,76;78,28;850.013
2018-03-06;78,76;79,20;78,22;78,64;823.785
2018-03-07;78,22;78,76;77,94;78,76;621.285
2018-03-08;78,48;81,80;77,54;80,78;1.228.308
2018-03-09;80,82;80,86;79,82;80,56;633.091
2018-03-12;80,80;81,00;79,90;80,44;542.317
2018-03-13;80,50;80,72;79,76;80,02;663.720
2018-03-14;80,18;80,96;80,16;80,32;696.272
2018-03-15;80,54;80,94;80,20;80,64;622.194
2018-03-16;0,00;0,00;0,00;79,70;0
2018-03-19;0,00;0,00;0,00;79,30;0
2018-03-20;0,00;0,00;0,00;79,90;0
2018-03-21;0,00;0,00;0,00;79,68;0
2018-03-22;0,00;0,00;0,00;77,62;0
2018-03-23;77,08;77,28;75,92;76,04;837.211
2018-03-26;76,10;76,52;74,74;75,10;795.958
2018-03-27;78,08;79,34;76,90;77,70;1.747.948
2018-03-28;77,20;78,20;76,52;78,20;820.616
2018-03-29;78,26;78,38;76,74;76,74;1.044.188
2018-04-03;76,16;77,58;76,06;76,86;687.873
2018-04-04;76,98;76,98;75,38;76,10;743.666
2018-04-05;76,98;77,48;76,48;77,24;571.242
2018-04-06;76,88;79,14;76,74;77,78;961.854
2018-04-09;77,94;78,40;77,86;78,06;386.858
2018-04-10;78,68;79,08;78,22;79,06;601.938
2018-04-11;78,72;79,02;77,72;77,90;477.326
2018-04-12;78,00;78,38;77,70;77,88;601.765
2018-04-13;78,20;78,86;78,20;78,72;604.984
2018-04-16;78,72;79,22;78,56;78,62;362.474
2018-04-17;78,74;79,10;78,48;78,50;690.772
2018-04-18;78,76;79,16;78,58;78,86;561.576
2018-04-19;78,74;79,26;78,26;78,26;667.880
2018-04-20;78,40;78,98;78,14;78,54;850.736
2018-04-23;78,32;78,42;77,66;78,00;598.048
2018-04-24;75,00;78,56;74,30;76,20;1.850.304
2018-04-25;75,82;76,12;74,74;75,50;952.079
2018-04-26;75,78;76,32;75,12;76,24;825.989
2018-04-27;76,24;76,72;76,06;76,34;550.619
2018-04-30;76,24;76,72;76,06;74,90;626.401
2018-05-02;74,88;75,30;74,74;74,98;788.104
2018-05-03;74,94;75,66;74,88;75,44;616.442
2018-05-04;75,68;75,84;75,16;75,48;471.199
2018-05-07;75,30;76,04;75,30;75,80;241.843
2018-05-08;75,56;75,98;75,46;75,88;388.762
2018-05-09;75,74;75,98;75,30;75,80;670.041
2018-05-10;75,80;76,22;75,62;75,64;384.894
2018-05-11;75,54;75,78;75,08;75,08;750.516
2018-05-14;75,08;75,08;74,50;74,64;526.566
2018-05-15;74,68;75,40;74,48;75,30;717.843
2018-05-16;75,28;75,46;74,88;75,30;555.091
2018-05-17;75,26;76,24;75,18;76,24;722.266
2018-05-18;76,20;76,40;75,84;76,24;525.394
2018-05-21;76,46;76,80;76,34;76,70;221.671
2018-05-22;76,70;77,42;76,64;77,32;510.145
2018-05-23;77,16;77,40;76,68;76,74;658.802
2018-05-24;76,84;77,32;76,72;76,72;530.156
2018-05-25;77,10;77,56;76,96;77,34;653.101
2018-05-28;77,70;77,74;76,50;76,62;261.544
2018-05-29;76,40;76,54;75,58;76,04;525.803
2018-05-30;0,00;0,00;75,52;75,90;421.920
2018-05-31;75,92;76,46;75,10;75,10;1.004.728
2018-06-01;75,46;76,12;75,28;75,98;452.147
2018-06-04;76,32;76,40;75,62;75,80;322.785
2018-06-05;76,48;76,78;75,90;76,02;665.332
2018-06-06;76,26;76,32;75,34;76,24;526.170
2018-06-07;76,52;76,74;75,96;76,34;388.617
2018-06-08;75,92;76,20;75,40;75,98;401.392
2018-06-11;76,36;76,88;76,26;76,66;451.549
2018-06-12;77,10;77,20;76,64;76,98;337.146
2018-06-13;77,00;77,12;76,24;76,40;429.201
2018-06-14;76,00;76,70;75,60;76,36;645.427
2018-06-15;76,42;76,88;75,88;76,30;1.270.099
2018-06-18;76,08;76,26;75,08;75,46;441.588
2018-06-19;75,00;75,12;74,10;74,60;750.496
2018-06-20;75,00;75,14;74,62;74,68;515.044
2018-06-21;74,92;75,12;74,24;74,36;592.318
2018-06-22;74,58;74,94;74,54;74,78;425.764
2018-06-25;74,78;74,84;74,26;74,34;516.400
2018-06-26;74,66;74,66;74,02;74,02;506.785
2018-06-27;73,92;74,70;73,10;74,40;632.319
2018-06-28;74,28;74,68;73,02;73,48;578.195
2018-06-29;74,20;74,28;73,20;73,32;709.745
2018-07-02;72,74;73,78;72,60;73,22;636.036
2018-07-03;73,56;73,82;73,24;73,36;533.690
2018-07-04;73,22;73,62;73,12;73,62;412.263
2018-07-05;73,72;74,58;73,66;74,00;502.714
2018-07-06;74,12;74,42;73,84;74,40;479.625
2018-07-09;74,68;74,70;74,16;74,38;600.597
2018-07-10;74,40;74,84;74,22;74,50;451.611
2018-07-11;74,34;74,44;73,52;73,80;549.781
2018-07-12;73,98;73,98;73,20;73,34;528.751
2018-07-13;73,36;73,98;73,32;73,98;632.035
2018-07-16;74,06;74,54;74,06;74,32;529.102
2018-07-17;74,52;75,00;74,06;74,80;814.908
2018-07-18;75,38;78,56;75,04;78,10;2.078.612
2018-07-19;78,04;78,08;76,48;77,38;1.221.264
2018-07-20;77,08;78,18;76,62;78,16;1.164.822
2018-07-23;77,98;78,58;77,50;78,22;622.138
2018-07-24;78,54;78,78;78,14;78,32;541.145
2018-07-25;78,10;78,58;77,94;78,36;355.573
2018-07-26;78,54;79,24;78,14;78,98;616.273
2018-07-27;78,88;79,32;78,84;79,20;509.974
2018-07-30;79,14;79,38;78,96;79,16;436.418
2018-07-31;79,16;79,26;78,74;79,10;707.563
2018-08-01;78,96;79,90;78,96;79,90;633.055
2018-08-02;79,66;80,30;79,52;80,16;631.624
2018-08-03;80,10;80,70;79,86;80,32;522.340
2018-08-06;80,18;80,54;79,96;80,44;310.684
2018-08-07;80,52;80,60;80,12;80,42;269.762
2018-08-08;80,42;80,74;80,32;80,72;304.981
2018-08-09;80,72;81,82;80,68;81,76;531.419
2018-08-10;81,36;81,46;80,94;81,14;532.736
2018-08-13;81,00;81,16;80,78;80,86;355.631
2018-08-14;80,98;81,46;80,94;81,02;299.445
2018-08-15;81,32;81,44;79,50;79,50;619.747
2018-08-16;79,90;79,90;79,08;79,44;534.505
2018-08-17;79,44;79,48;78,88;79,46;324.409
2018-08-20;79,70;79,90;79,50;79,58;359.828
2018-08-21;79,64;79,90;79,32;79,32;338.017
2018-08-22;79,18;80,20;79,18;79,82;466.901
2018-08-23;79,74;80,30;79,56;79,58;325.317
2018-08-24;79,76;79,86;79,38;79,60;254.581
2018-08-27;79,70;80,26;79,70;80,14;322.876
2018-08-28;80,30;81,32;80,08;80,92;503.466
2018-08-29;81,06;81,84;80,94;81,84;545.570
2018-08-30;81,60;81,80;81,26;81,48;354.351
2018-08-31;81,34;81,38;80,48;80,52;599.157
2018-09-03;80,38;80,74;80,28;80,74;354.388
2018-09-04;80,82;80,90;79,88;80,00;534.381
2018-09-05;80,30;80,90;80,10;80,58;854.644
2018-09-06;80,44;81,64;80,12;81,52;771.838
2018-09-07;81,74;82,20;81,44;82,20;734.512
2018-09-10;82,20;82,24;80,62;80,68;546.927
2018-09-11;81,06;81,06;80,36;80,68;553.149
2018-09-12;80,72;81,10;79,48;79,52;692.122
2018-09-13;79,52;80,28;79,22;80,28;593.133
2018-09-14;80,24;80,80;80,16;80,48;519.590
2018-09-17;80,20;80,78;80,06;80,64;501.901
2018-09-18;80,76;80,98;80,30;80,46;751.231
2018-09-19;80,40;81,90;80,38;81,82;727.232
2018-09-20;81,64;83,52;81,62;82,70;798.626
2018-09-21;82,96;83,16;82,28;82,40;1.321.944
2018-09-24;82,40;82,46;81,28;81,30;464.713
2018-09-25;81,56;81,80;80,76;80,76;622.384
2018-09-26;80,76;81,02;80,30;80,62;633.500
2018-09-27;80,56;80,72;79,92;80,68;561.697
2018-09-28;80,38;80,88;80,12;80,54;824.680
2018-10-01;80,44;80,60;79,52;79,52;713.185
2018-10-02;80,20;80,32;78,82;79,90;1.221.294
2018-10-03;79,98;81,10;79,78;80,78;755.237
2018-10-04;80,50;80,84;78,96;79,46;879.660
2018-10-05;79,22;80,50;79,08;79,98;942.462
2018-10-08;79,98;79,98;78,24;78,48;1.109.874
2018-10-09;76,50;77,78;75,80;76,78;1.338.704
2018-10-10;76,62;76,72;74,68;75,10;1.125.518
2018-10-11;74,48;74,70;73,60;73,72;1.127.253
2018-10-12;74,46;74,62;73,44;73,50;1.014.110
2018-10-15;73,68;73,68;72,84;73,16;719.227
2018-10-16;73,52;74,70;73,36;74,08;871.755
2018-10-17;75,60;77,36;74,92;76,00;1.459.244
2018-10-18;76,06;76,16;74,08;74,20;1.055.245
2018-10-19;74,00;74,64;73,08;74,22;1.232.729
2018-10-22;74,92;74,92;73,24;73,38;585.052
2018-10-23;72,84;72,96;71,24;71,68;714.683
2018-10-24;72,08;73,04;71,68;71,72;755.423
2018-10-25;71,22;73,44;71,20;73,44;1.060.063
2018-10-26;73,26;73,94;72,60;73,42;1.136.297
2018-10-29;73,24;73,88;72,72;72,78;661.643
2018-10-30;73,06;73,16;71,96;73,10;615.469
2018-10-31;73,66;74,80;73,44;74,28;1.010.398
2018-11-01;74,10;75,34;73,68;75,32;858.279
2018-11-02;76,00;76,10;75,22;75,28;518.987
2018-11-05;75,42;75,42;74,46;74,60;488.298
2018-11-06;75,00;75,02;73,68;73,68;576.519
2018-11-07;74,02;74,94;73,88;74,42;566.688
2018-11-08;74,74;75,02;74,42;74,82;563.736
2018-11-09;74,84;75,12;74,26;74,46;336.355
2018-11-12;74,88;75,18;73,66;73,78;483.084
2018-11-13;74,26;74,56;73,54;73,98;389.380
2018-11-14;74,00;75,84;73,52;75,16;971.141
2018-11-15;75,36;75,36;74,02;74,38;605.903
2018-11-16;74,50;74,98;73,84;74,14;772.885
2018-11-19;74,30;74,72;73,14;73,34;537.375
2018-11-20;72,72;73,32;71,10;71,56;761.403
2018-11-21;71,92;72,22;71,50;72,14;481.240
2018-11-22;71,82;71,98;71,62;71,82;284.798
2018-11-23;71,92;72,34;71,40;72,34;339.915
2018-11-26;72,78;73,16;72,54;72,66;655.066
2018-11-27;72,48;72,62;71,88;72,18;496.328
2018-11-28;72,64;73,50;71,72;73,04;789.565
2018-11-29;73,66;74,14;73,36;73,82;596.297
2018-11-30;74,10;74,34;73,72;74,10;861.982
2018-12-03;75,10;75,24;74,20;74,60;498.957
2018-12-04;74,46;74,80;73,74;73,96;517.589
2018-12-05;73,54;73,66;72,98;72,98;469.528
2018-12-06;72,26;72,44;70,74;71,06;849.034
2018-12-07;72,50;73,12;71,88;71,88;756.046
2018-12-10;70,60;71,54;70,34;70,40;632.403
2018-12-11;70,78;71,56;70,48;70,66;499.277
2018-12-12;70,94;71,74;70,58;71,38;506.973
2018-12-13;71,32;71,50;70,36;70,50;673.991
2018-12-14;70,20;70,50;68,58;70,38;689.825
2018-12-17;70,68;70,68;68,08;68,82;701.113
2018-12-18;68,34;68,96;68,16;68,84;690.098
2018-12-19;68,98;70,00;68,36;69,96;860.757
2018-12-20;69,02;69,84;68,68;69,58;662.409
2018-12-21;69,62;69,62;68,06;68,86;1.472.468
2018-12-24;68,20;69,58;68,00;69,00;145.358
2018-12-27;69,58;69,64;68,40;68,84;664.668
2018-12-28;69,14;70,12;68,82;69,72;425.763
2018-12-31;69,34;70,40;69,34;70,40;156.512
2019-01-02;69,60;70,84;69,04;70,58;474.684
2019-01-03;69,82;70,10;69,12;69,12;567.933
2019-01-04;69,86;70,74;69,18;70,54;512.431
2019-01-07;70,94;70,94;69,18;69,72;497.657
2019-01-08;69,52;70,52;69,46;69,46;631.403
2019-01-09;69,70;70,22;69,42;69,72;779.973
2019-01-10;69,46;70,24;68,82;69,86;559.507
2019-01-11;71,22;71,24;69,96;70,68;554.046
2019-01-14;70,46;71,20;70,22;70,32;400.958
2019-01-15;70,86;71,24;69,40;70,56;786.310
2019-01-16;70,54;70,84;69,88;70,54;423.374
2019-01-17;70,44;71,92;69,90;71,84;1.018.299
2019-01-18;72,06;74,14;71,96;73,68;981.513
2019-01-21;73,56;74,58;73,36;74,58;760.706
2019-01-22;73,66;75,92;73,66;75,56;627.538
2019-01-23;75,80;76,20;75,24;75,52;513.903
2019-01-24;75,52;75,70;74,74;74,98;450.889
2019-01-25;75,36;75,42;74,84;74,90;620.010
2019-01-28;74,90;74,90;74,00;74,00;544.346
2019-01-29;74,24;75,07;73,79;74,86;641.457
2019-01-30;75,00;76,09;74,93;76,00;563.741
2019-01-31;76,08;76,35;74,64;75,36;836.630
2019-02-01;75,31;75,54;74,06;75,25;747.247
2019-02-04;75,18;76,09;75,01;76,09;788.734
2019-02-05;76,47;76,88;76,15;76,80;806.426
2019-02-06;76,85;76,95;76,35;76,69;648.667
2019-02-07;76,50;76,96;75,44;75,44;632.499
2019-02-08;75,62;75,80;74,36;74,50;878.690
2019-02-11;74,96;75,33;74,77;75,00;495.264
2019-02-12;75,41;75,77;74,69;74,69;762.038
2019-02-13;76,00;78,49;76,00;77,13;1.953.134
2019-02-14;77,46;79,42;77,46;78,45;1.727.026
2019-02-15;78,50;82,15;78,43;81,08;2.246.685
2019-02-18;81,48;84,07;81,19;83,50;1.565.266
2019-02-19;83,00;83,25;81,84;82,24;1.606.696
2019-02-20;78,80;79,76;78,05;79,76;1.502.815
2019-02-21;79,50;79,60;78,60;79,05;967.865
2019-02-22;79,35;80,24;79,16;80,16;770.933
2019-02-25;80,55;80,60;78,96;79,50;857.405
2019-02-26;79,49;80,09;79,23;79,67;1.185.396
2019-02-27;79,50;79,78;78,70;79,68;916.799
2019-02-28;79,35;80,08;79,34;79,73;910.712
2019-03-01;79,95;80,50;79,44;79,66;821.759
2019-03-04;79,92;80,19;79,48;79,48;1.028.554
2019-03-05;79,60;79,83;78,89;79,28;955.042
2019-03-06;79,38;79,92;79,01;79,77;849.139
2019-03-07;79,33;79,71;78,71;78,72;1.077.013
2019-03-08;78,16;78,81;77,46;77,93;1.120.014
2019-03-11;78,50;79,33;78,01;79,16;849.526
2019-03-12;79,65;79,68;78,84;79,23;545.757
2019-03-13;79,00;80,45;79,00;80,36;940.383
2019-03-14;80,35;81,64;80,24;81,62;803.828
2019-03-15;82,18;82,44;81,67;81,75;2.175.067
2019-03-18;82,15;82,24;81,37;81,50;619.530
2019-03-19;80,50;81,91;80,44;81,30;964.520
2019-03-20;81,01;81,58;80,65;81,10;719.340
2019-03-21;81,02;81,49;80,40;81,31;698.706
2019-03-22;81,85;81,85;79,34;79,53;788.190
2019-03-25;79,00;79,80;78,49;79,35;873.159
2019-03-26;80,00;80,00;79,16;79,16;569.439
2019-03-27;79,59;79,69;78,81;78,91;845.484
2019-03-28;79,20;79,72;79,10;79,46;764.123
2019-03-29;80,13;80,22;78,84;78,99;1.225.050
2019-04-01;79,88;80,17;79,36;79,87;1.036.642
2019-04-02;79,87;80,65;79,76;80,18;881.189
2019-04-03;80,64;80,92;80,34;80,80;856.760
2019-04-04;80,66;80,88;79,84;79,92;1.064.018
2019-04-05;80,08;80,39;79,70;79,70;1.411.897
2019-04-08;79,28;79,44;78,66;78,97;1.327.972
2019-04-09;79,02;79,50;78,64;79,02;1.566.696
2019-04-10;79,47;80,00;79,11;79,48;1.247.548
2019-04-11;79,90;80,16;79,36;79,76;876.949
2019-04-12;80,01;80,25;79,54;80,13;801.657
2019-04-15;80,34;80,44;79,44;79,87;993.343
2019-04-16;80,10;80,29;79,47;79,56;1.116.061
2019-04-17;79,40;80,05;78,86;80,05;1.315.013
2019-04-18;79,60;80,43;79,39;80,25;1.250.842
2019-04-23;79,88;80,11;78,94;79,67;1.352.250
2019-04-24;77,90;78,07;76,07;76,73;2.677.475
2019-04-25;76,40;77,23;76,07;77,00;1.656.632
2019-04-26;77,35;77,88;76,74;76,93;1.878.793
2019-04-29;75,71;76,10;75,32;75,58;1.274.809
2019-04-30;75,45;75,72;75,17;75,70;1.302.464
2019-05-02;75,05;75,61;74,73;74,73;1.290.421
2019-05-03;74,60;75,50;74,60;75,20;1.174.825
2019-05-06;74,56;75,43;74,11;75,24;971.086
2019-05-07;75,03;75,70;74,66;74,68;1.561.405
2019-05-08;74,77;75,12;73,45;73,80;1.779.941
2019-05-09;73,44;73,83;73,14;73,68;1.303.433
2019-05-10;74,04;75,25;73,98;74,82;1.482.689
2019-05-13;75,01;75,04;73,82;74,00;1.360.847
2019-05-14;74,14;75,41;74,14;75,39;1.267.912
2019-05-15;75,52;75,95;74,89;75,73;1.219.815
2019-05-16;75,52;77,10;75,45;77,10;1.302.978
2019-05-17;76,54;76,88;76,31;76,53;1.409.345
2019-05-20;76,42;77,04;76,17;76,47;988.917
2019-05-21;76,50;77,21;76,28;77,09;1.117.796
2019-05-22;76,86;77,93;76,79;77,66;1.141.074
2019-05-23;77,03;77,27;76,09;76,30;1.088.748
2019-05-24;76,36;76,75;75,96;76,08;562.460
2019-05-27;76,25;78,02;76,25;78,01;678.834
2019-05-28;77,85;78,56;77,48;78,52;1.579.756
2019-05-29;77,69;77,94;75,41;75,61;1.354.197
2019-05-30;75,70;76,05;75,43;75,60;747.134
2019-05-31;75,17;75,87;75,00;75,52;802.979
2019-06-03;75,11;76,79;75,09;76,59;792.549
2019-06-04;76,51;77,41;75,96;77,00;1.094.065
2019-06-05;77,22;78,72;77,04;78,15;1.211.777
2019-06-06;78,00;79,12;78,00;78,62;996.148
2019-06-07;78,75;79,87;78,68;79,14;1.160.218
2019-06-10;79,32;80,00;79,32;79,75;508.138
2019-06-11;79,85;80,70;79,53;80,59;1.005.067
2019-06-12;80,40;82,18;80,39;81,83;1.144.400
2019-06-13;81,68;82,34;81,36;81,66;910.676
2019-06-14;81,57;82,84;81,53;82,09;1.006.859
2019-06-17;82,18;82,26;80,82;80,93;977.981
2019-06-18;80,90;82,62;80,57;82,07;1.076.208
2019-06-19;82,00;82,43;81,26;81,44;1.049.897
2019-06-20;81,61;82,99;81,55;82,08;933.770
2019-06-21;82,04;82,41;81,73;81,78;1.469.494
2019-06-24;81,65;82,46;81,65;82,10;602.125
2019-06-25;81,75;82,60;81,75;82,30;462.842
2019-06-26;82,08;82,61;81,61;81,70;698.762
2019-06-27;81,84;82,19;81,51;81,84;571.814
2019-06-28;81,59;82,96;81,56;82,64;886.695
2019-07-01;83,16;83,85;83,10;83,14;584.540
2019-07-02;83,30;83,43;82,91;83,11;665.653
2019-07-03;83,50;84,37;83,33;84,37;714.042
2019-07-04;84,28;84,83;84,28;84,83;641.238
2019-07-05;84,55;84,75;83,30;83,62;669.621
2019-07-08;81,50;82,83;81,02;82,79;821.688
2019-07-09;81,56;82,26;81,42;82,00;983.004
2019-07-10;81,96;82,53;81,77;82,46;718.567
2019-07-11;82,46;83,06;82,03;82,45;626.423
2019-07-12;82,53;84,20;82,53;82,91;947.025
2019-07-15;83,16;84,00;82,25;83,31;778.487
2019-07-16;83,55;84,18;83,44;83,66;671.787
2019-07-17;83,56;84,11;83,06;83,31;621.048
2019-07-18;82,79;83,03;82,36;82,50;822.331
2019-07-19;82,87;83,42;82,28;82,50;755.714
2019-07-22;82,29;82,90;82,01;82,02;803.812
2019-07-23;81,75;83,04;81,72;82,50;1.077.036
2019-07-24;84,00;86,38;83,95;85,71;1.363.166
2019-07-25;86,33;86,97;85,44;86,55;1.394.422
2019-07-26;86,54;86,95;86,32;86,50;851.935
2019-07-29;86,67;87,24;86,45;87,18;608.207
2019-07-30;87,39;87,40;85,44;85,85;831.268
2019-07-31;85,85;86,33;85,40;85,45;935.075
2019-08-01;85,11;85,44;84,83;85,00;973.242
2019-08-02;83,90;84,14;83,09;83,44;1.171.431
2019-08-05;83,00;83,01;81,67;81,99;1.064.119
2019-08-06;81,83;82,04;81,28;81,28;876.724
2019-08-07;81,88;82,03;80,61;81,15;891.473
2019-08-08;81,76;82,39;81,52;82,27;737.100
2019-08-09;82,06;82,64;81,88;82,16;643.860
2019-08-12;82,57;83,10;82,02;82,22;473.118
2019-08-13;82,10;82,70;81,21;82,23;732.302
2019-08-14;82,16;82,56;80,73;81,37;936.976
2019-08-15;81,70;81,89;79,92;80,11;1.103.781
2019-08-16;80,38;80,98;80,12;80,78;783.433
2019-08-19;81,18;81,99;81,12;81,22;771.558
2019-08-20;81,52;81,93;80,72;80,98;726.262
2019-08-21;80,93;81,87;80,93;81,57;671.163
2019-08-22;81,41;82,03;81,31;81,48;536.523
2019-08-23;81,74;82,26;80,87;81,05;608.697
2019-08-26;81,06;81,94;80,87;81,06;453.740
2019-08-27;80,91;81,27;80,14;81,05;569.179
2019-08-28;80,79;81,02;79,96;80,43;674.153
2019-08-29;80,20;81,30;80,20;80,65;635.032
2019-08-30;80,56;81,47;80,56;81,47;838.226
2019-09-02;81,50;82,36;81,46;81,83;360.129
2019-09-03;81,75;81,98;81,45;81,54;510.800
2019-09-04;81,81;81,88;80,99;81,14;749.771
2019-09-05;81,48;82,11;81,47;81,62;666.313
2019-09-06;81,62;82,06;81,37;81,85;639.959
2019-09-09;81,85;82,11;81,08;81,30;712.817
2019-09-10;81,26;81,41;80,43;80,86;884.272
2019-09-11;81,02;81,80;80,91;81,48;620.685
2019-09-12;81,75;82,18;81,42;81,89;641.941
2019-09-13;81,91;82,77;81,84;82,58;846.169
2019-09-16;82,00;82,23;79,92;80,78;1.172.573
2019-09-17;81,08;81,14;79,77;80,67;1.007.418
2019-09-18;80,75;81,17;80,45;81,14;621.633
2019-09-19;80,89;81,33;80,64;81,11;558.781
2019-09-20;81,22;81,22;80,49;80,62;1.374.020
2019-09-23;80,15;80,73;79,90;80,19;567.357
2019-09-24;80,30;80,65;80,23;80,52;407.657
2019-09-25;80,36;80,61;79,66;80,56;548.781
2019-09-26;80,37;81,19;80,36;80,83;444.362
2019-09-27;81,17;81,70;80,81;81,56;589.213
2019-09-30;81,54;82,25;81,54;81,79;620.743
2019-10-01;82,00;82,52;81,23;81,50;788.717
2019-10-02;81,14;81,32;80,28;80,37;867.542
2019-10-03;80,34;80,66;79,70;80,19;531.400
2019-10-04;80,68;81,05;80,24;80,66;572.109
2019-10-07;80,71;81,40;80,53;81,21;573.533
2019-10-08;81,40;81,51;80,76;80,76;731.609
2019-10-09;80,69;81,60;80,60;81,46;691.432
2019-10-10;82,00;82,25;81,44;81,90;645.682
2019-10-11;81,98;82,97;81,77;82,85;840.031
2019-10-14;82,51;83,11;82,26;82,84;401.363
2019-10-15;82,88;84,55;82,84;84,08;809.268
2019-10-16;84,12;84,27;83,23;84,03;616.604
2019-10-17;83,74;84,48;83,62;84,07;770.659
2019-10-18;84,24;84,49;83,66;84,00;622.763
2019-10-21;84,25;84,48;82,62;82,71;926.306
2019-10-22;82,51;82,74;81,25;81,61;1.342.292
2019-10-23;81,21;83,91;81,13;83,23;1.355.528
2019-10-24;83,12;83,68;83,11;83,48;753.911
2019-10-25;83,17;83,42;82,67;82,92;577.534
2019-10-28;82,64;82,91;82,18;82,61;822.382
2019-10-29;82,76;82,84;82,34;82,82;572.323
2019-10-30;82,70;83,34;82,65;82,90;568.459
2019-10-31;83,15;83,55;82,13;82,55;733.386
2019-11-01;82,95;83,53;82,80;83,53;569.209
2019-11-04;83,78;84,06;82,85;83,08;826.171
2019-11-05;83,21;84,55;83,14;84,55;766.117
2019-11-06;84,57;86,10;84,38;86,10;708.007
2019-11-07;86,10;86,68;85,42;86,45;604.651
2019-11-08;86,67;87,33;86,41;87,10;656.940
2019-11-11;86,85;87,25;86,05;86,17;920.245
2019-11-12;86,56;87,73;86,13;87,53;658.755
2019-11-13;87,14;87,88;87,11;87,64;501.864
2019-11-14;87,32;88,18;87,14;87,60;582.142
2019-11-15;88,06;88,49;87,62;88,30;555.281
2019-11-18;88,29;88,63;88,04;88,21;482.498
2019-11-19;88,40;89,32;87,87;87,98;576.260
2019-11-20;87,90;88,10;87,18;88,09;676.049
2019-11-21;87,62;87,65;86,22;86,47;856.832
2019-11-22;86,53;87,21;86,27;87,01;601.973
2019-11-25;87,00;87,83;86,90;87,64;451.466
2019-11-26;87,51;87,67;86,80;87,39;1.181.867
2019-11-27;87,70;87,95;87,36;87,59;500.660
2019-11-28;87,24;87,69;87,23;87,46;262.428
2019-11-29;87,12;87,53;86,79;86,92;473.359
2019-12-02;86,91;87,93;85,62;86,04;806.439
2019-12-03;86,27;86,74;85,36;85,55;598.822
2019-12-04;86,00;87,51;85,50;87,51;794.440
2019-12-05;87,32;88,48;87,24;88,18;617.358
2019-12-06;88,48;89,30;88,20;89,22;654.446
2019-12-09;89,22;89,93;89,15;89,69;521.295
2019-12-10;89,46;89,63;87,87;88,45;580.596
2019-12-11;88,23;88,65;87,77;88,36;695.146
2019-12-12;88,78;89,84;88,58;89,48;721.440
2019-12-13;90,35;90,84;89,89;90,45;669.098
2019-12-16;90,78;92,06;90,54;90,89;631.664
2019-12-17;91,36;91,38;89,85;89,85;809.456
2019-12-18;90,00;90,26;88,62;88,62;1.035.257
2019-12-19;88,57;89,73;88,57;89,73;955.938
2019-12-20;89,73;90,80;89,55;90,80;1.753.189
2019-12-23;90,82;91,08;90,40;91,06;379.935
2019-12-24;91,20;92,12;90,81;91,86;166.768
2019-12-27;91,87;92,01;91,08;91,30;376.723
2019-12-30;91,25;91,25;90,63;90,69;279.369
2019-12-31;90,46;91,28;90,00;90,64;226.481
2020-01-02;90,79;91,68;90,45;91,24;420.967
2020-01-03;90,65;91,04;90,12;90,31;638.248
2020-01-06;89,53;90,27;89,07;90,20;453.901
2020-01-07;90,16;90,55;89,69;90,10;662.474
2020-01-08;89,20;90,58;88,88;89,85;621.532
2020-01-09;90,35;90,46;89,75;89,75;631.681
2020-01-10;89,78;90,14;89,43;89,58;508.233
2020-01-13;89,57;89,71;88,41;88,49;686.581
2020-01-14;88,45;89,53;87,83;89,47;785.121
2020-01-15;89,56;89,69;88,50;89,04;734.010
2020-01-16;88,79;89,49;87,37;87,97;916.609
2020-01-17;88,29;88,40;87,67;87,98;747.894
2020-01-20;88,00;88,23;87,89;88,04;545.594
2020-01-21;87,53;88,03;86,97;87,77;541.800
2020-01-22;88,00;88,20;87,45;87,92;664.008
2020-01-23;87,59;87,90;86,76;86,76;867.435
2020-01-24;87,21;88,45;87,21;88,04;688.092
2020-01-27;86,96;87,18;85,19;85,68;774.405
2020-01-28;85,68;86,75;85,33;86,45;820.049
2020-01-29;86,50;87,39;86,31;87,27;891.832
2020-01-30;86,52;87,35;85,91;85,91;782.086
2020-01-31;85,84;86,37;84,86;85,30;955.201
2020-02-03;85,36;85,99;85,18;85,76;471.462
2020-02-04;86,50;87,08;86,13;86,37;799.847
2020-02-05;86,32;88,12;86,13;87,79;752.321
2020-02-06;88,32;88,87;88,16;88,45;619.452
2020-02-07;88,14;88,77;88,00;88,16;538.981
2020-02-10;87,73;88,43;87,67;88,11;613.307
2020-02-11;88,30;89,05;87,57;87,57;846.580
2020-02-12;86,90;91,22;86,90;90,14;1.286.812
2020-02-13;90,20;90,68;88,42;88,53;1.130.838
2020-02-14;88,40;88,56;86,77;87,16;1.046.909
2020-02-17;86,72;87,33;85,91;86,22;761.586
2020-02-18;85,93;87,24;85,58;86,90;1.251.530
2020-02-19;87,14;88,28;86,82;86,93;1.074.921
2020-02-20;86,61;86,84;85,50;85,50;842.483
2020-02-21;85,22;85,57;83,94;84,32;1.349.018
2020-02-24;82,26;82,75;80,56;81,00;1.292.481
2020-02-25;81,39;81,61;78,55;78,91;1.658.484
2020-02-26;78,19;79,33;76,74;79,12;1.503.802
2020-02-27;78,00;78,14;75,09;75,49;1.700.369
2020-02-28;73,36;73,67;71,85;72,15;4.329.787
2020-03-02;73,26;74,08;70,96;72,73;1.688.197
2020-03-03;73,50;75,00;72,50;72,50;1.780.220
2020-03-04;72,64;73,18;72,20;73,00;1.370.957
2020-03-05;73,62;73,73;71,93;72,09;1.250.764
2020-03-06;70,43;72,04;69,81;71,77;1.537.932
2020-03-09;67,77;71,34;67,40;69,33;2.786.373
2020-03-10;70,00;72,06;68,36;68,95;2.312.506
2020-03-11;69,73;70,82;68,36;68,82;1.947.149
2020-03-12;66,00;66,73;61,58;62,71;2.936.183
2020-03-13;64,16;66,63;61,66;62,10;2.672.692
2020-03-16;58,85;59,19;51,57;55,05;2.097.446
2020-03-17;57,24;57,95;52,84;53,88;2.172.976
2020-03-18;52,00;53,60;50,50;51,94;1.924.945
2020-03-19;51,74;52,45;45,73;48,74;2.105.275
2020-03-20;50,71;52,17;49,15;49,15;3.533.981
2020-03-23;47,76;52,21;46,77;51,48;1.813.575
2020-03-24;53,25;55,89;52,17;54,90;1.247.766
2020-03-25;56,41;57,68;54,04;56,17;1.346.607
2020-03-26;54,96;60,09;54,20;60,09;1.350.559
2020-03-27;58,84;59,51;56,39;57,89;1.537.105
2020-03-30;57,80;61,80;57,10;61,80;1.778.673
2020-03-31;62,10;62,60;59,81;60,01;1.723.972
2020-04-01;58,08;58,90;56,68;57,44;1.324.319
2020-04-02;57,52;58,82;56,30;57,80;1.346.312
2020-04-03;58,18;58,80;57,38;58,48;1.590.146
2020-04-06;60,98;62,18;59,78;60,32;1.716.241
2020-04-07;61,50;64,00;61,00;63,16;1.221.914
2020-04-08;63,00;64,78;62,52;64,22;915.205
2020-04-09;65,00;65,60;63,60;65,12;1.293.218
2020-04-14;65,98;66,40;64,12;64,12;846.159
2020-04-15;63,92;63,94;61,18;62,44;1.218.712
2020-04-16;62,50;63,18;60,86;61,94;1.257.868
2020-04-17;64,02;64,40;62,86;63,94;1.454.035
2020-04-20;64,50;65,54;63,68;65,42;705.146
2020-04-21;63,88;64,98;62,16;62,16;1.047.739
2020-04-22;64,02;67,80;63,96;67,04;1.362.943
2020-04-23;67,74;69,46;66,90;68,70;905.893
2020-04-24;67,56;69,64;67,02;68,24;978.525
2020-04-27;68,28;69,16;67,60;68,24;737.110
2020-04-28;68,30;69,20;67,38;69,08;749.069
2020-04-29;69,18;69,94;68,40;69,94;716.416
2020-04-30;70,10;70,76;68,72;69,20;840.694
2020-05-04;67,12;68,22;66,52;67,76;1.328.893
2020-05-05;69,00;69,04;67,64;68,78;585.947
2020-05-06;68,50;69,32;68,30;69,00;857.282
2020-05-07;69,08;69,98;68,60;69,98;677.413
2020-05-08;70,38;70,72;69,88;70,72;394.713
2020-05-11;70,98;71,16;68,96;69,78;484.678
2020-05-12;69,38;70,26;68,96;69,22;752.001
2020-05-13;68,28;69,26;67,84;68,16;577.236
2020-05-14;67,18;67,86;65,70;67,20;612.348
2020-05-15;67,60;68,30;67,32;68,18;732.764
2020-05-18;69,58;70,72;68,64;70,22;626.525
2020-05-19;71,00;71,46;69,76;71,34;689.499
2020-05-20;70,80;72,36;69,98;71,88;633.861
2020-05-21;71,32;72,60;70,86;71,78;350.949
2020-05-22;71,28;72,88;70,72;72,66;486.430
2020-05-25;73,30;73,38;72,50;73,38;255.219
2020-05-26;73,70;74,30;73,36;74,10;610.748
2020-05-27;74,48;74,80;73,18;73,32;723.950
2020-05-28;73,56;75,76;73,32;75,64;633.059
2020-05-29;75,10;75,10;73,58;73,60;1.192.170
2020-06-01;74,74;75,20;73,88;75,00;324.835
2020-06-02;75,16;76,24;74,86;75,62;494.874
2020-06-03;76,50;77,80;75,30;77,70;660.238
2020-06-04;77,08;78,48;76,68;77,62;822.586
2020-06-05;78,20;78,64;76,64;78,56;887.464
2020-06-08;77,74;79,06;77,56;79,00;600.229
2020-06-09;78,80;79,20;77,04;78,28;673.035
2020-06-10;78,50;78,70;77,16;77,42;665.690
2020-06-11;76,12;76,46;73,22;73,22;823.322
2020-06-12;72,52;75,30;72,00;74,24;671.425
2020-06-15;72,66;74,68;72,34;74,48;578.718
2020-06-16;76,16;78,56;76,00;77,30;681.380
2020-06-17;77,24;77,78;76,86;77,62;524.749
2020-06-18;77,46;79,44;77,22;79,20;679.161
2020-06-19;79,54;80,38;78,82;80,34;1.896.336
2020-06-22;79,10;80,16;78,16;79,52;680.872
2020-06-23;79,52;80,34;79,00;79,56;512.743
2020-06-24;79,44;79,78;78,36;78,50;583.358
2020-06-25;78,10;78,96;76,96;78,44;435.910
2020-06-26;79,30;81,44;79,10;79,56;522.775
2020-06-29;79,56;81,04;79,06;80,48;518.705
2020-06-30;80,72;81,34;79,50;79,74;630.751
2020-07-01;79,22;80,90;78,82;80,54;524.483
2020-07-02;81,14;82,12;80,34;81,84;523.619
2020-07-03;81,88;82,32;80,86;80,96;270.082
2020-07-06;82,44;83,68;82,24;83,40;514.962
2020-07-07;82,92;83,58;82,54;83,06;401.850
2020-07-08;82,56;82,94;82,04;82,18;341.797
2020-07-09;82,08;83,24;81,94;81,94;545.666
2020-07-10;81,48;81,86;80,68;80,82;647.004
2020-07-13;84,86;85,08;83,30;84,48;904.752
2020-07-14;83,56;83,70;81,78;83,24;753.244
2020-07-15;83,24;85,22;83,24;84,00;581.078
2020-07-16;83,18;83,70;82,56;83,40;514.172
2020-07-17;83,10;84,54;82,90;84,40;474.152
2020-07-20;84,34;85,54;83,48;85,06;427.891
2020-07-21;85,50;86,08;84,24;84,42;587.277
2020-07-22;81,48;84,90;80,50;83,56;628.704
2020-07-23;84,46;85,16;82,22;83,10;518.951
2020-07-24;82,12;82,98;81,04;82,02;383.203
2020-07-27;82,00;83,12;81,78;82,90;357.299
2020-07-28;83,54;83,58;82,22;82,56;522.056
2020-07-29;82,20;82,50;82,00;82,42;297.416
2020-07-30;82,56;82,56;79,78;80,60;539.656
2020-07-31;80,58;81,10;79,68;79,74;695.295
2020-08-03;80,00;81,42;79,22;80,84;470.576
2020-08-04;81,20;81,54;79,80;80,50;334.492
2020-08-05;80,62;81,90;80,62;81,38;324.596
2020-08-06;80,94;81,84;80,36;80,78;235.935
2020-08-07;80,80;81,78;80,26;81,32;265.421
2020-08-10;81,60;82,38;81,10;82,20;293.187
2020-08-11;82,50;84,04;82,10;83,90;659.072
2020-08-12;83,60;85,10;83,30;85,00;410.587
2020-08-13;84,58;84,90;84,12;84,38;349.974
2020-08-14;84,52;84,60;82,40;83,42;384.357
2020-08-17;83,58;85,04;83,20;84,96;514.924
2020-08-18;84,52;84,70;83,58;83,82;362.006
2020-08-19;83,44;84,10;83,02;84,00;383.777
2020-08-20;82,94;83,20;81,90;81,90;326.357
2020-08-21;82,04;82,94;80,02;81,58;815.193
2020-08-24;82,52;84,54;82,48;83,90;394.446
2020-08-25;84,20;84,64;82,88;82,88;258.180
2020-08-26;82,68;84,90;82,06;84,66;459.068
2020-08-27;84,84;85,38;84,16;84,18;446.386
2020-08-28;84,12;84,76;83,50;83,50;327.686
2020-09-01;83,22;84,60;82,32;83,08;315.726
2020-09-02;83,50;84,92;83,42;84,12;393.419
2020-09-03;84,58;84,98;81,88;82,06;436.792
2020-09-04;81,50;83,28;80,74;81,66;493.146
2020-09-07;81,84;83,26;81,74;83,16;390.435
2020-09-08;83,02;83,36;80,86;82,60;378.975
2020-09-09;82,50;84,14;82,18;84,14;413.810
2020-09-10;86,20;88,02;86,10;86,54;744.527
2020-09-11;86,84;87,44;85,80;86,56;382.313
2020-09-14;87,00;87,20;85,98;86,32;321.059
2020-09-15;86,46;86,46;84,78;84,78;449.855
2020-09-16;84,96;86,62;84,68;86,00;550.019
2020-09-17;84,84;86,06;84,50;85,72;503.626
2020-09-18;86,60;87,64;85,86;85,86;1.055.305
2020-09-21;85,16;85,76;81,72;82,38;788.102
2020-09-22;83,00;84,86;83,00;84,06;486.850
2020-09-23;85,36;86,98;85,26;85,46;500.750
2020-09-24;84,52;85,84;84,12;84,80;435.232
2020-09-25;84,86;84,94;83,10;83,78;320.160
2020-09-28;84,78;85,40;84,26;85,40;451.108
2020-10-01;87,20;88,68;86,96;88,30;600.437
2020-10-02;87,62;89,00;87,02;89,00;514.399
2020-10-05;89,80;90,20;88,92;88,92;404.004
2020-10-06;89,00;89,40;88,16;88,32;368.905
2020-10-07;87,90;89,80;87,50;89,44;374.106
2020-10-08;90,20;91,10;88,90;90,54;556.816
2020-10-09;90,72;91,44;90,30;90,58;372.195
2020-10-12;90,70;91,66;90,48;90,70;410.235
2020-10-13;90,06;91,18;89,64;90,74;465.062
2020-10-14;90,88;91,22;90,14;90,62;329.550
2020-10-15;89,92;90,64;89,18;90,08;649.644
2020-10-16;90,38;92,30;90,32;91,60;528.117
2020-10-19;91,70;93,10;85,50;89,88;192.210
2020-10-20;89,84;90,30;88,62;89,34;565.182
2020-10-21;89,34;89,36;87,70;88,60;781.795
2020-10-22;88,92;89,00;85,60;86,68;958.056
2020-10-23;86,40;87,02;85,18;85,86;524.695
2020-11-02;83,20;84,48;82,34;84,10;542.254
2020-11-03;84,78;86,82;84,28;86,28;622.053
2020-11-04;85,26;87,66;84,46;87,40;468.815
2020-11-05;88,00;88,66;87,50;87,50;753.353
2020-11-06;86,96;88,66;86,52;88,14;384.060
2020-11-09;89,20;91,46;86,52;86,64;881.565
2020-11-10;86,54;86,98;83,90;85,36;1.091.872
2020-11-11;85,28;88,10;85,06;88,00;598.641
2020-11-12;86,68;89,78;86,68;87,96;673.549
2020-11-13;87,36;88,32;87,16;87,32;371.854
2020-11-16;88,00;88,00;86,34;87,38;483.553
2020-11-17;87,16;87,68;86,14;86,36;473.287
2020-11-18;86,34;87,70;86,24;87,10;470.403
2020-11-19;86,40;87,42;86,14;87,00;364.615
2020-11-20;86,68;88,28;86,68;88,00;521.295
2020-11-23;88,62;88,96;87,84;87,84;378.300
2020-11-24;88,30;88,54;87,08;87,44;674.129
2020-11-25;87,40;87,78;85,70;86,32;499.815
2020-11-26;86,36;87,10;86,18;86,30;277.638
2020-11-27;86,52;89,64;86,14;89,64;690.191
2020-11-30;89,14;89,50;88,28;89,06;977.032
2020-12-01;89,50;89,54;88,14;88,94;442.568
2020-12-02;88,86;90,10;88,70;90,00;910.397
2020-12-03;89,74;89,96;88,98;89,76;599.208
2020-12-04;89,70;90,16;89,18;90,00;678.971
2020-12-07;89,80;90,42;89,30;89,78;467.891
2020-12-08;88,80;89,10;88,02;88,36;597.611
2020-12-09;88,80;90,22;88,66;89,36;545.334
2020-12-10;89,30;89,36;86,82;87,06;707.781
2020-12-11;86,72;87,36;85,46;85,82;653.139
2020-12-14;86,00;87,10;86,00;86,44;354.392
2020-12-15;86,18;87,30;86,02;86,66;407.466
2020-12-16;86,70;86,70;85,44;86,04;625.423
2020-12-17;86,26;87,30;86,02;86,84;590.463
2020-12-18;86,60;87,92;86,56;87,28;613.176
2020-12-21;86,72;86,72;84,30;85,16;454.613
2020-12-22;85,50;87,18;85,46;86,76;363.992
2020-12-23;86,84;88,04;86,82;87,60;278.180
2020-12-24;88,14;89,48;87,70;89,00;153.708
2020-12-28;89,26;90,10;88,56;88,94;261.004
2020-12-29;88,90;89,64;88,74;89,22;255.757
2020-12-30;89,44;89,44;88,36;88,36;251.251
2020-12-31;88,02;88,80;87,86;87,86;183.178
2021-01-04;88,84;90,48;88,82;90,16;673.755
2021-01-05;89,82;89,82;88,80;89,16;475.288
2021-01-06;89,66;89,70;88,38;89,08;422.737
2021-01-07;89,10;90,48;88,88;90,32;461.334
2021-01-08;90,54;90,60;89,40;89,72;459.646
2021-01-11;89,70;91,68;89,70;91,68;584.657
2021-01-12;91,92;92,00;89,76;89,76;586.129
2021-01-13;89,58;90,02;89,02;89,06;418.554
2021-01-14;89,44;90,02;89,16;89,80;535.049
2021-01-15;89,82;90,04;89,24;89,76;683.750
2021-01-18;89,28;89,28;86,80;87,50;644.305
2021-01-19;87,72;88,28;86,86;87,34;600.845
2021-01-20;87,82;88,28;87,34;87,72;550.549
2021-01-21;87,94;88,18;87,16;87,34;592.823
2021-01-22;86,00;86,06;84,82;86,06;675.219
2021-01-25;86,54;86,76;84,62;84,62;505.198
2021-01-26;84,82;86,10;84,74;85,04;430.873
2021-01-27;85,02;85,10;83,04;83,86;661.721
2021-01-28;83,40;84,62;82,42;84,12;510.538
2021-01-29;83,24;85,34;82,72;84,42;510.538
