2014-01-02;13,05;13,13;12,80;12,81;7.722.262
2014-01-03;12,85;12,95;12,77;12,90;5.946.968
2014-01-06;12,90;12,94;12,65;12,68;7.154.798
2014-01-07;12,74;12,81;12,56;12,74;6.947.117
2014-01-08;12,72;12,80;12,66;12,79;5.828.280
2014-01-09;12,78;12,79;12,41;12,43;11.321.022
2014-01-10;12,44;12,57;12,28;12,29;10.000.175
2014-01-13;12,37;12,73;12,34;12,70;8.995.131
2014-01-14;12,44;12,64;12,41;12,55;7.867.703
2014-01-15;12,64;12,77;12,57;12,77;6.120.145
2014-01-16;12,78;13,05;12,77;12,99;12.076.979
2014-01-17;12,96;13,40;12,96;13,02;13.601.736
2014-01-20;12,91;13,00;12,82;12,85;6.692.262
2014-01-21;12,92;12,96;12,61;12,66;7.466.824
2014-01-22;12,62;12,86;12,52;12,71;9.844.837
2014-01-23;12,66;12,77;12,52;12,57;8.904.651
2014-01-24;12,50;12,60;12,01;12,06;15.361.670
2014-01-27;11,99;12,15;11,77;11,88;12.663.379
2014-01-28;12,01;12,38;12,00;12,30;13.325.192
2014-01-29;12,45;12,62;11,99;12,37;11.731.734
2014-01-30;12,27;12,35;12,13;12,26;6.874.362
2014-01-31;12,31;12,32;12,08;12,32;8.366.796
2014-02-03;12,24;12,39;12,05;12,09;8.261.030
2014-02-04;11,92;12,09;11,90;12,05;9.642.728
2014-02-05;12,20;12,38;12,12;12,25;13.073.039
2014-02-06;12,30;12,41;12,16;12,40;10.084.675
2014-02-07;12,90;12,98;12,33;12,50;26.721.940
2014-02-10;12,51;12,57;12,04;12,10;15.833.304
2014-02-11;12,11;12,18;11,98;12,15;13.092.589
2014-02-12;12,26;12,35;12,18;12,25;8.723.381
2014-02-13;12,25;12,28;12,05;12,19;8.652.318
2014-02-14;12,27;12,35;12,20;12,25;6.487.456
2014-02-17;12,30;12,31;12,16;12,26;4.679.335
2014-02-18;12,30;12,30;12,01;12,07;9.299.646
2014-02-19;12,06;12,15;11,96;12,15;6.870.572
2014-02-20;11,95;12,02;11,90;12,02;8.636.387
2014-02-21;12,09;12,10;11,96;12,02;7.530.594
2014-02-24;12,03;12,04;11,85;11,90;8.536.227
2014-02-25;11,84;11,89;11,56;11,65;12.559.225
2014-02-26;11,56;11,62;11,36;11,45;11.595.240
2014-02-27;11,50;11,57;11,35;11,54;9.992.337
2014-02-28;11,52;11,57;11,37;11,47;6.527.377
2014-03-03;11,20;11,22;10,91;11,00;15.881.200
2014-03-04;11,13;11,35;11,08;11,24;11.288.278
2014-03-05;11,22;11,43;11,21;11,27;7.081.111
2014-03-06;11,29;11,37;11,26;11,32;7.004.332
2014-03-07;11,30;11,34;11,02;11,11;10.451.030
2014-03-10;11,00;11,24;10,76;10,90;15.060.886
2014-03-11;10,93;11,18;10,93;11,06;9.136.622
2014-03-12;11,00;11,09;10,84;11,03;10.176.362
2014-03-13;11,06;11,12;10,72;10,72;10.407.619
2014-03-14;10,69;10,94;10,53;10,72;13.815.927
2014-03-17;10,77;10,97;10,73;10,84;6.389.365
2014-03-18;10,83;10,98;10,68;10,91;9.592.856
2014-03-19;10,99;11,18;10,91;11,02;8.644.353
2014-03-20;11,02;11,25;10,98;11,22;10.787.715
2014-03-21;11,27;11,43;11,24;11,38;13.334.448
2014-03-24;11,46;11,57;11,17;11,21;9.040.318
2014-03-25;11,25;11,38;11,16;11,31;9.502.314
2014-03-26;11,41;11,56;11,40;11,44;8.230.777
2014-03-27;11,36;11,45;11,27;11,44;5.952.627
2014-03-28;11,49;11,63;11,47;11,57;6.234.720
2014-03-31;11,63;11,81;11,60;11,70;7.184.471
2014-04-01;11,80;11,87;11,73;11,76;6.640.864
2014-04-02;11,63;11,65;11,49;11,59;9.670.319
2014-04-03;11,65;11,74;11,54;11,68;6.836.647
2014-04-04;11,68;11,97;11,68;11,91;9.334.968
2014-04-07;11,80;11,96;11,77;11,81;7.985.535
2014-04-08;11,86;12,05;11,79;11,99;11.814.724
2014-04-09;12,02;12,10;11,96;11,98;6.779.130
2014-04-10;12,04;12,07;11,87;11,98;5.806.277
2014-04-11;11,85;12,00;11,78;11,84;9.118.274
2014-04-14;11,85;12,00;11,72;11,99;8.328.605
2014-04-15;11,94;11,95;11,56;11,57;10.204.239
2014-04-16;11,69;11,75;11,57;11,68;6.083.526
2014-04-17;11,70;11,75;11,60;11,71;4.891.789
2014-04-22;11,77;11,89;11,66;11,85;6.334.355
2014-04-23;11,85;11,88;11,77;11,88;4.856.273
2014-04-24;11,94;12,03;11,79;11,89;6.734.113
2014-04-25;11,81;11,87;11,68;11,74;5.748.971
2014-04-28;11,72;11,73;11,52;11,60;7.877.684
2014-04-29;11,59;11,72;11,51;11,68;6.857.407
2014-04-30;11,63;11,74;11,59;11,71;6.567.193
2014-05-02;11,68;11,79;11,65;11,76;6.878.026
2014-05-05;11,70;11,73;11,52;11,64;5.893.063
2014-05-06;11,61;11,66;11,54;11,65;5.048.134
2014-05-07;11,59;11,67;11,52;11,67;5.716.414
2014-05-08;11,67;11,95;11,66;11,91;12.584.116
2014-05-09;11,78;11,87;11,41;11,50;16.710.142
2014-05-12;11,50;11,59;11,37;11,53;8.990.339
2014-05-13;11,59;11,82;11,57;11,74;10.244.740
2014-05-14;11,75;12,03;11,74;11,96;8.743.404
2014-05-15;11,93;12,00;11,70;11,73;7.874.248
2014-05-16;11,69;11,71;11,52;11,68;9.288.109
2014-05-19;11,65;11,67;11,54;11,58;8.431.827
2014-05-20;11,55;11,62;11,44;11,45;6.374.803
2014-05-21;11,35;11,37;11,23;11,32;10.077.383
2014-05-22;11,29;11,41;11,21;11,24;8.162.102
2014-05-23;11,20;11,36;11,18;11,31;5.345.592
2014-05-26;11,35;11,45;11,33;11,41;3.260.399
2014-05-27;11,44;11,52;11,40;11,43;4.546.592
2014-05-28;11,40;11,51;11,30;11,36;5.849.535
2014-05-29;11,34;11,48;11,27;11,38;4.054.218
2014-05-30;11,39;11,39;11,16;11,20;9.062.428
2014-06-02;11,16;11,24;11,12;11,20;6.511.736
2014-06-03;11,19;11,20;11,05;11,10;6.761.387
2014-06-04;11,06;11,16;10,98;11,05;10.394.884
2014-06-05;11,04;11,22;10,97;11,09;11.773.910
2014-06-06;11,16;11,33;11,13;11,25;8.451.139
2014-06-09;11,33;11,46;11,30;11,41;5.605.207
2014-06-10;11,37;11,43;11,28;11,33;7.262.198
2014-06-11;11,30;11,36;11,22;11,29;7.143.790
2014-06-12;11,32;11,33;11,17;11,20;6.455.573
2014-06-13;11,16;11,24;11,00;11,05;8.797.964
2014-06-16;11,06;11,22;10,91;10,92;10.063.505
2014-06-17;11,03;11,06;10,82;11,05;10.657.443
2014-06-18;11,12;11,14;11,03;11,12;5.964.841
2014-06-19;11,20;11,24;11,09;11,12;6.331.940
2014-06-20;11,14;11,21;11,02;11,08;11.382.347
2014-06-23;11,13;11,21;11,07;11,15;6.002.182
2014-06-24;11,17;11,21;11,08;11,17;5.122.401
2014-06-25;11,12;11,14;10,82;10,91;10.613.186
2014-06-26;10,96;11,00;10,86;10,89;7.178.803
2014-06-27;10,89;10,91;10,79;10,85;7.071.294
2014-06-30;10,85;10,91;10,79;10,83;6.278.684
2014-07-01;10,87;10,96;10,85;10,93;6.417.416
2014-07-02;10,91;11,13;10,87;11,11;9.727.851
2014-07-03;11,17;11,33;11,15;11,29;11.201.754
2014-07-04;11,30;11,34;11,23;11,28;4.619.192
2014-07-07;11,23;11,23;10,93;11,02;10.811.345
2014-07-08;11,08;11,13;10,91;10,91;7.432.652
2014-07-09;10,96;10,98;10,74;10,87;10.304.432
2014-07-10;10,87;10,87;10,56;10,69;12.276.342
2014-07-11;10,75;10,75;10,56;10,65;6.313.580
2014-07-14;10,67;10,94;10,62;10,92;8.964.251
2014-07-15;10,90;11,02;10,89;10,93;7.559.609
2014-07-16;10,96;11,21;10,95;11,19;8.814.569
2014-07-17;11,19;11,21;11,04;11,10;6.507.843
2014-07-18;11,01;11,07;10,88;11,07;6.880.547
2014-07-21;11,10;11,10;10,92;11,06;5.660.957
2014-07-22;11,16;11,30;11,14;11,19;7.418.934
2014-07-23;11,18;11,27;11,07;11,11;5.834.615
2014-07-24;11,11;11,27;11,03;11,22;7.194.477
2014-07-25;11,22;11,32;11,17;11,22;5.529.661
2014-07-28;11,27;11,37;11,12;11,27;7.584.186
2014-07-29;11,30;11,40;11,19;11,35;6.774.559
2014-07-30;11,39;11,60;11,33;11,57;11.313.493
2014-07-31;11,61;11,63;11,33;11,37;11.958.126
2014-08-01;10,90;11,02;10,52;10,68;26.091.733
2014-08-04;10,82;10,85;10,63;10,76;10.321.847
2014-08-05;10,77;10,80;10,54;10,62;8.025.934
2014-08-06;10,51;10,61;10,37;10,56;10.719.143
2014-08-07;10,54;10,61;10,34;10,37;9.177.109
2014-08-08;10,29;10,38;10,19;10,31;10.581.420
2014-08-11;10,39;10,46;10,35;10,40;6.843.114
2014-08-12;10,35;10,43;10,24;10,30;6.726.663
2014-08-13;10,35;10,39;10,26;10,36;6.720.841
2014-08-14;10,30;10,38;10,26;10,34;6.128.875
2014-08-15;10,37;10,45;10,17;10,19;8.285.177
2014-08-18;10,35;10,50;10,35;10,48;6.498.731
2014-08-19;10,58;10,72;10,54;10,65;8.405.233
2014-08-20;10,65;10,69;10,52;10,61;5.792.107
2014-08-21;10,61;10,69;10,54;10,64;4.756.151
2014-08-22;10,61;10,64;10,47;10,56;5.592.013
2014-08-25;10,61;10,66;10,57;10,65;3.613.903
2014-08-26;10,89;11,17;10,85;11,12;17.579.504
2014-08-27;11,16;11,28;11,10;11,19;9.248.178
2014-08-28;11,10;11,14;10,86;10,93;10.540.029
2014-08-29;10,90;11,08;10,90;11,08;8.453.114
2014-09-01;11,08;11,15;11,01;11,03;4.715.111
2014-09-02;11,07;11,12;10,93;10,94;7.258.881
2014-09-03;10,94;11,24;10,85;11,17;13.295.684
2014-09-04;11,16;11,30;11,07;11,26;10.638.956
2014-09-05;11,17;11,26;11,13;11,19;8.488.560
2014-09-08;11,30;11,47;11,25;11,39;12.023.023
2014-09-09;11,51;11,62;11,37;11,39;12.831.530
2014-09-10;11,45;11,46;11,21;11,26;12.904.542
2014-09-11;11,25;11,27;11,10;11,20;7.705.178
2014-09-12;11,21;11,25;11,02;11,06;8.037.634
2014-09-15;11,00;11,05;10,93;11,04;6.836.980
2014-09-16;11,04;11,10;10,94;11,09;6.062.293
2014-09-17;11,23;11,50;11,20;11,43;15.855.146
2014-09-18;11,65;11,73;11,56;11,64;15.756.628
2014-09-19;11,75;11,75;11,51;11,60;11.922.240
2014-09-22;11,43;11,46;11,27;11,31;11.696.575
2014-09-23;11,30;11,36;11,22;11,25;8.734.719
2014-09-24;11,23;11,27;11,09;11,19;8.367.313
2014-09-25;11,15;11,24;10,96;11,00;11.902.370
2014-09-26;10,99;11,09;10,91;11,00;7.041.442
2014-09-29;11,00;11,02;10,84;10,90;7.906.423
2014-09-30;10,94;10,97;10,80;10,90;8.996.935
2014-10-01;10,83;10,90;10,64;10,64;10.709.404
2014-10-02;10,47;10,64;10,19;10,19;19.198.663
2014-10-03;10,34;10,37;10,18;10,21;11.714.495
2014-10-06;10,20;10,42;10,11;10,27;12.410.112
2014-10-07;10,34;10,40;10,19;10,26;11.434.424
2014-10-08;10,18;10,23;9,85;9,90;16.286.102
2014-10-09;10,05;10,19;9,83;9,90;14.499.119
2014-10-10;9,76;9,80;9,44;9,65;23.158.969
2014-10-13;9,52;10,02;9,48;9,86;21.916.406
2014-10-14;9,79;10,05;9,74;10,03;17.095.661
2014-10-17;9,67;9,87;9,54;9,77;18.788.975
2014-10-20;9,76;9,77;9,54;9,60;12.545.022
2014-10-21;9,63;10,13;9,55;10,10;16.733.626
2014-10-22;10,15;10,18;9,94;10,05;11.175.875
2014-10-23;9,99;10,13;9,79;10,10;9.094.765
2014-10-24;10,06;10,22;10,01;10,16;6.921.564
2014-10-27;10,25;10,27;9,74;9,83;12.794.002
2014-10-28;9,97;10,25;9,88;10,24;9.604.303
2014-10-29;10,34;10,43;10,26;10,26;7.358.392
2014-10-30;10,34;10,36;9,88;10,17;12.427.871
2014-10-31;10,32;10,47;10,21;10,44;9.809.087
2014-11-03;10,43;10,50;10,34;10,37;7.287.388
2014-11-04;10,27;10,29;9,73;9,77;19.937.345
2014-11-05;9,85;9,90;9,70;9,84;11.789.160
2014-11-06;9,89;10,07;9,82;9,88;11.113.272
2014-11-07;10,29;10,30;9,93;10,11;12.977.222
2014-11-10;9,95;10,10;9,73;9,85;13.795.325
2014-11-11;9,83;9,83;9,61;9,74;11.318.241
2014-11-12;9,69;9,72;9,54;9,61;9.059.697
2014-11-13;9,69;9,75;9,59;9,67;7.378.350
2014-11-14;9,66;9,77;9,54;9,67;7.067.766
2014-11-17;9,62;9,90;9,62;9,81;7.790.387
2014-11-18;9,84;10,01;9,75;9,98;7.506.624
2014-11-19;9,91;9,94;9,76;9,80;9.260.394
2014-11-20;9,80;9,80;9,44;9,50;16.471.208
2014-11-21;9,61;10,11;9,46;10,10;25.778.452
2014-11-24;10,10;10,21;10,01;10,11;9.180.822
2014-11-25;10,08;10,16;9,94;9,97;8.733.021
2014-11-26;10,02;10,10;9,99;10,06;6.517.226
2014-11-27;9,94;10,02;9,85;9,94;10.466.828
2014-11-28;9,96;10,01;9,81;9,87;9.355.374
2014-12-01;9,76;9,79;9,54;9,71;11.886.176
2014-12-02;9,78;9,96;9,76;9,85;9.799.510
2014-12-03;9,82;10,01;9,77;9,95;7.504.464
2014-12-04;9,96;10,00;9,70;9,76;12.210.456
2014-12-05;9,88;9,94;9,77;9,90;7.572.915
2014-12-08;9,85;9,92;9,72;9,73;6.722.477
2014-12-09;9,61;9,64;9,43;9,50;11.364.758
2014-12-10;9,54;9,57;9,23;9,26;8.744.150
2014-12-11;9,23;9,34;9,02;9,13;10.102.765
2014-12-12;9,03;9,06;8,86;8,87;12.738.672
2014-12-15;8,78;9,00;8,55;8,56;12.534.458
2014-12-16;8,56;8,79;8,36;8,78;20.931.478
2014-12-17;8,60;8,85;8,55;8,79;11.528.159
2014-12-18;8,99;9,14;8,87;9,12;14.152.317
2014-12-19;9,20;9,26;9,05;9,23;13.730.049
2014-12-22;9,29;9,44;8,99;9,03;8.675.024
2014-12-23;9,03;9,22;8,87;9,20;7.429.698
2014-12-24;9,19;9,24;9,15;9,18;985.068
2014-12-29;9,26;9,28;9,05;9,21;6.156.129
2014-12-30;9,15;9,20;9,07;9,10;5.451.342
2014-12-31;9,10;9,20;9,06;9,09;2.070.219
2015-01-02;9,16;9,28;9,00;9,02;8.831.531
2015-01-05;8,99;9,07;8,66;8,67;11.937.988
2015-01-06;8,70;8,87;8,63;8,67;9.734.334
2015-01-07;8,73;8,86;8,62;8,66;7.885.993
2015-01-08;8,73;9,01;8,70;8,98;12.152.475
2015-01-09;8,93;8,95;8,66;8,75;11.451.420
2015-01-12;8,75;8,77;8,42;8,53;10.491.198
2015-01-13;8,48;8,56;8,39;8,50;10.849.911
2015-01-14;8,33;8,33;7,93;8,00;24.216.924
2015-01-15;8,10;8,22;7,75;8,12;14.923.428
2015-01-16;8,11;8,41;8,08;8,38;13.840.572
2015-01-19;8,39;8,41;8,17;8,31;7.364.576
2015-01-20;8,38;8,60;8,30;8,59;13.165.556
2015-01-21;8,66;8,70;8,46;8,70;13.345.593
2015-01-22;8,71;8,96;8,68;8,75;14.332.230
2015-01-23;8,84;8,84;8,25;8,30;18.708.138
2015-01-26;8,25;8,48;8,12;8,48;11.415.696
2015-01-27;8,54;8,58;8,25;8,40;10.008.204
2015-01-28;8,53;8,60;8,37;8,46;10.490.432
2015-01-29;8,39;8,46;8,28;8,33;7.562.345
2015-01-30;8,33;8,50;8,27;8,46;10.117.496
2015-02-02;8,49;8,60;8,39;8,54;10.384.974
2015-02-03;8,55;8,92;8,55;8,90;15.145.348
2015-02-04;8,94;9,00;8,60;8,71;13.212.618
2015-02-05;8,63;8,85;8,53;8,85;9.134.151
2015-02-06;8,84;8,95;8,74;8,74;9.238.358
2015-02-09;8,71;9,05;8,68;9,02;12.385.801
2015-02-10;9,02;9,07;8,81;8,89;11.152.072
2015-02-11;8,88;8,95;8,70;8,74;12.734.357
2015-02-12;8,77;9,20;8,74;9,12;16.874.838
2015-02-13;8,74;9,60;8,68;9,57;25.802.214
2015-02-16;9,79;9,87;9,62;9,84;16.864.550
2015-02-17;9,74;9,91;9,54;9,69;13.736.635
2015-02-18;9,71;9,95;9,70;9,88;11.398.292
2015-02-19;9,85;9,86;9,48;9,68;13.426.846
2015-02-20;9,70;9,78;9,62;9,64;12.240.777
2015-02-23;9,75;9,78;9,50;9,56;10.001.669
2015-02-24;9,59;9,73;9,51;9,69;10.410.840
2015-02-25;9,72;9,76;9,57;9,62;8.245.678
2015-02-26;9,63;9,85;9,63;9,77;8.195.158
2015-02-27;9,74;9,83;9,69;9,77;7.545.128
2015-03-02;9,82;9,87;9,51;9,62;9.291.908
2015-03-03;9,67;9,78;9,60;9,63;9.137.534
2015-03-04;9,63;9,68;9,47;9,54;10.809.388
2015-03-05;9,56;9,71;9,25;9,69;10.944.072
2015-03-06;9,70;10,03;9,65;9,86;17.335.188
2015-03-09;9,83;10,04;9,80;10,03;10.788.250
2015-03-10;10,00;10,02;9,70;9,77;12.473.358
2015-03-11;9,77;9,86;9,69;9,82;10.730.537
2015-03-12;9,88;9,90;9,75;9,77;10.277.136
2015-03-13;9,79;9,80;9,53;9,56;9.504.788
2015-03-16;9,66;9,77;9,60;9,61;9.255.724
2015-03-17;9,62;9,70;9,45;9,50;11.651.393
2015-03-18;9,50;9,52;9,27;9,41;13.782.916
2015-03-19;9,62;9,64;9,26;9,28;12.348.230
2015-03-20;9,25;9,42;9,11;9,35;16.821.331
2015-03-23;9,31;9,34;9,13;9,27;12.684.793
2015-03-24;9,25;9,38;9,20;9,29;9.061.328
2015-03-25;9,29;9,50;9,27;9,45;11.291.481
2015-03-26;9,28;9,50;9,13;9,20;12.399.407
2015-03-27;9,01;9,13;8,79;8,81;22.331.101
2015-03-30;8,91;8,94;8,76;8,86;11.161.251
2015-03-31;8,90;8,95;8,77;8,78;11.505.125
2015-04-01;8,75;8,84;8,59;8,66;14.719.949
2015-04-02;8,65;8,69;8,57;8,67;8.242.309
2015-04-07;8,81;9,03;8,80;9,01;13.574.299
2015-04-08;8,99;9,13;8,92;8,93;11.522.652
2015-04-09;8,99;9,01;8,75;8,90;9.075.553
2015-04-10;8,97;9,07;8,90;9,03;8.966.858
2015-04-13;9,03;9,03;8,88;8,88;8.441.228
2015-04-14;8,89;9,18;8,86;9,18;13.231.142
2015-04-15;9,30;9,47;9,22;9,44;15.516.091
2015-04-16;9,47;9,52;9,19;9,20;10.716.236
2015-04-17;9,10;9,17;8,80;8,91;19.438.006
2015-04-20;8,92;9,03;8,85;8,97;8.415.512
2015-04-21;9,04;9,05;8,76;8,84;9.823.743
2015-04-22;8,84;8,97;8,75;8,97;9.399.375
2015-04-23;8,96;9,10;8,79;9,09;10.273.255
2015-04-24;9,25;9,65;9,24;9,56;20.589.326
2015-04-27;9,62;9,91;9,60;9,88;19.125.516
2015-04-28;9,84;10,05;9,75;10,01;15.708.671
2015-04-29;9,83;9,84;9,51;9,57;16.330.338
2015-04-30;9,54;9,62;9,47;9,52;12.915.827
2015-05-04;9,61;9,75;9,54;9,66;7.472.542
2015-05-05;9,64;9,82;9,61;9,68;10.080.635
2015-05-06;9,65;9,73;9,48;9,57;10.870.928
2015-05-07;9,30;9,41;9,11;9,33;15.383.261
2015-05-08;9,34;9,42;9,22;9,40;11.997.635
2015-05-11;9,41;9,54;9,41;9,50;6.912.886
2015-05-12;9,42;9,86;9,32;9,84;17.053.255
2015-05-13;9,86;9,94;9,67;9,72;9.370.063
2015-05-14;9,62;10,42;9,55;10,28;23.170.391
2015-05-15;10,43;10,63;10,35;10,38;17.307.618
2015-05-18;10,38;10,46;10,06;10,13;9.708.733
2015-05-19;10,18;10,25;10,05;10,08;8.350.185
2015-05-20;10,07;10,19;9,95;10,14;5.705.787
2015-05-21;10,14;10,28;10,07;10,11;6.623.698
2015-05-22;10,10;10,17;9,99;10,02;5.430.855
2015-05-25;10,12;10,17;10,03;10,08;1.846.221
2015-05-26;10,16;10,29;10,06;10,11;9.699.818
2015-05-27;10,15;10,25;10,04;10,22;6.433.782
2015-05-28;10,17;10,17;9,90;10,01;7.963.966
2015-05-29;10,02;10,05;9,70;9,70;11.493.205
2015-06-01;9,82;9,89;9,60;9,63;9.333.465
2015-06-02;9,68;10,10;9,67;10,00;16.585.145
2015-06-03;10,05;10,36;9,94;10,31;12.294.686
2015-06-04;10,17;10,21;10,00;10,00;9.184.218
2015-06-05;9,90;10,02;9,74;9,89;13.037.619
2015-06-08;9,87;9,89;9,68;9,71;8.935.101
2015-06-09;9,68;9,99;9,58;9,91;11.991.046
2015-06-10;9,80;10,08;9,80;10,01;12.128.727
2015-06-11;9,95;10,05;9,68;9,73;12.639.629
2015-06-12;9,70;9,79;9,54;9,62;9.117.636
2015-06-15;9,51;9,64;9,38;9,54;8.229.156
2015-06-16;9,42;9,50;9,22;9,46;11.531.623
2015-06-17;9,51;9,52;9,31;9,33;9.067.896
2015-06-18;9,32;9,47;9,12;9,15;17.351.913
2015-06-19;9,20;9,34;9,15;9,20;15.153.499
2015-06-22;9,39;9,39;9,24;9,35;10.732.305
2015-06-23;9,42;9,47;9,33;9,42;9.681.400
2015-06-24;9,60;9,60;9,46;9,48;10.279.543
2015-06-25;9,41;9,54;9,30;9,33;7.985.674
2015-06-26;9,30;9,44;9,22;9,29;7.167.812
2015-06-29;9,00;9,15;8,88;9,02;11.264.376
2015-06-30;8,99;9,03;8,73;8,73;15.455.956
2015-07-01;8,81;8,95;8,74;8,80;11.258.936
2015-07-02;8,80;8,84;8,66;8,68;9.679.227
2015-07-03;8,68;8,74;8,57;8,71;7.802.777
2015-07-06;8,55;8,56;8,35;8,43;14.833.518
2015-07-07;8,38;8,39;7,88;7,89;22.639.181
2015-07-08;7,99;8,26;7,93;8,13;18.473.425
2015-07-09;8,23;8,34;8,13;8,17;13.112.986
2015-07-10;8,36;8,46;8,29;8,30;13.061.281
2015-07-13;8,30;8,43;8,25;8,43;12.530.087
2015-07-14;8,49;8,56;8,38;8,40;9.318.680
2015-07-15;8,38;8,45;8,26;8,32;10.014.947
2015-07-16;8,24;8,37;8,22;8,31;11.620.629
2015-07-17;8,27;8,35;8,21;8,24;9.857.119
2015-07-20;8,23;8,41;8,17;8,23;9.677.980
2015-07-21;8,26;8,43;8,20;8,38;11.045.666
2015-07-22;8,26;8,27;8,03;8,10;15.105.373
2015-07-23;8,16;8,19;8,04;8,07;10.671.033
2015-07-24;8,04;8,15;7,81;7,86;12.348.209
2015-07-27;7,87;7,98;7,68;7,81;13.238.179
2015-07-28;7,86;8,05;7,83;8,04;15.259.708
2015-07-29;8,14;8,20;7,89;8,19;15.901.486
2015-07-30;8,27;8,28;8,08;8,14;11.198.526
2015-07-31;8,45;8,45;8,14;8,26;14.015.873
2015-08-03;8,23;8,25;8,01;8,14;10.928.007
2015-08-04;8,12;8,39;8,10;8,30;12.051.210
2015-08-05;8,34;8,75;8,32;8,69;17.324.787
2015-08-06;8,63;8,73;8,51;8,65;9.996.327
2015-08-07;8,70;8,83;8,57;8,69;12.604.411
2015-08-10;8,69;8,74;8,41;8,71;10.767.046
2015-08-11;8,68;8,69;8,30;8,32;17.901.732
2015-08-12;8,17;8,18;8,01;8,12;16.788.074
2015-08-13;8,26;8,35;7,95;7,97;12.137.678
2015-08-14;7,96;8,09;7,89;7,95;10.577.439
2015-08-17;8,00;8,05;7,88;7,97;7.712.300
2015-08-18;7,94;7,95;7,81;7,90;9.265.343
2015-08-19;7,85;7,90;7,64;7,68;10.660.648
2015-08-20;7,65;7,80;7,61;7,68;10.656.003
2015-08-21;7,54;7,66;7,36;7,37;15.950.750
2015-08-24;7,09;7,13;6,47;6,67;30.967.378
2015-08-25;6,77;7,18;6,74;6,91;23.177.093
2015-08-26;6,84;6,96;6,65;6,68;16.028.963
2015-08-27;6,90;7,18;6,78;7,08;20.451.422
2015-08-28;7,14;7,38;7,04;7,25;15.362.420
2015-08-31;7,16;7,16;6,80;6,94;19.058.786
2015-09-01;6,91;6,92;6,63;6,74;15.893.875
2015-09-02;6,75;6,88;6,63;6,67;12.649.369
2015-09-03;6,76;7,01;6,71;6,90;14.747.372
2015-09-04;6,81;6,85;6,50;6,50;17.303.327
2015-09-07;6,59;6,67;6,50;6,52;8.103.226
2015-09-08;6,59;6,65;6,54;6,59;10.196.535
2015-09-09;6,78;6,80;6,64;6,64;13.484.030
2015-09-10;6,54;6,61;6,34;6,37;16.330.756
2015-09-11;6,41;6,49;6,29;6,30;11.412.763
2015-09-14;6,30;6,39;6,05;6,11;15.675.725
2015-09-15;6,11;6,27;5,98;6,24;11.773.113
2015-09-16;6,30;6,32;6,13;6,31;11.004.186
2015-09-17;6,33;6,36;6,16;6,22;9.346.453
2015-09-18;6,18;6,19;5,85;5,93;22.130.648
2015-09-21;5,91;6,01;5,81;5,81;10.855.026
2015-09-22;5,76;5,76;5,41;5,46;23.137.138
2015-09-23;5,45;5,56;5,27;5,27;16.049.529
2015-09-24;5,27;5,40;5,09;5,12;20.818.427
2015-09-25;5,23;5,36;5,04;5,04;18.832.958
2015-09-28;5,04;5,05;4,62;4,62;23.646.296
2015-09-29;4,56;4,83;4,52;4,70;24.116.363
2015-09-30;4,80;4,85;4,62;4,66;21.566.881
2015-10-01;4,66;4,82;4,43;4,48;28.659.676
2015-10-02;4,51;4,79;4,46;4,78;26.229.168
2015-10-05;5,19;5,20;5,03;5,19;29.445.679
2015-10-06;5,20;5,23;4,99;5,18;21.810.408
2015-10-07;5,24;5,88;5,24;5,55;37.551.738
2015-10-08;5,50;5,73;5,43;5,62;19.920.048
2015-10-09;5,95;6,19;5,89;5,96;26.738.861
2015-10-12;6,00;6,15;5,74;5,76;20.320.649
2015-10-13;5,70;5,72;5,41;5,67;20.127.635
2015-10-14;5,59;5,79;5,46;5,70;18.820.516
2015-10-15;5,76;5,85;5,64;5,70;17.038.645
2015-10-16;5,77;5,77;5,60;5,64;15.078.466
2015-10-19;5,63;5,67;5,47;5,47;14.261.515
2015-10-20;5,44;5,44;5,22;5,31;18.399.064
2015-10-21;5,30;5,40;5,10;5,27;18.324.257
2015-10-22;5,25;5,43;5,18;5,39;20.053.748
2015-10-23;5,39;5,61;5,28;5,46;26.444.608
2015-10-26;5,47;5,58;5,30;5,34;15.412.816
2015-10-27;5,31;5,33;5,06;5,06;19.166.071
2015-10-28;5,07;5,27;4,95;5,25;20.785.295
2015-10-29;5,23;5,24;4,95;5,02;23.251.295
2015-10-30;5,04;5,10;4,96;5,07;17.257.292
2015-11-02;5,03;5,28;5,01;5,28;17.053.523
2015-11-03;5,30;5,49;5,23;5,49;17.489.721
2015-11-04;5,40;5,54;5,20;5,22;27.719.804
2015-11-05;5,21;5,22;4,95;4,98;25.274.571
2015-11-06;4,80;5,17;4,73;5,00;33.278.668
2015-11-09;5,05;5,31;5,02;5,04;24.553.925
2015-11-10;5,10;5,17;4,84;4,87;29.763.176
2015-11-11;4,89;5,10;4,88;4,92;26.659.467
2015-11-12;4,94;4,96;4,61;4,61;28.379.787
2015-11-13;4,56;4,70;4,48;4,53;22.983.210
2015-11-16;4,48;4,70;4,47;4,50;23.706.543
2015-11-17;4,56;4,69;4,55;4,60;22.252.262
2015-11-18;4,59;4,88;4,54;4,82;23.685.492
2015-11-19;4,89;5,03;4,84;4,94;23.333.417
2015-11-20;4,93;5,03;4,82;4,83;17.931.881
2015-11-23;4,65;4,75;4,56;4,60;26.640.809
2015-11-24;4,57;4,66;4,52;4,60;19.550.267
2015-11-25;4,60;4,62;4,39;4,46;24.305.206
2015-11-26;4,54;4,74;4,50;4,73;19.068.380
2015-11-27;4,69;4,73;4,55;4,58;13.487.362
2015-11-30;4,57;4,66;4,51;4,64;15.202.522
2015-12-01;4,68;4,69;4,56;4,61;16.163.756
2015-12-02;4,58;4,59;4,13;4,21;48.558.207
2015-12-03;4,20;4,28;4,07;4,07;26.883.742
2015-12-04;4,10;4,16;3,94;3,97;25.942.568
2015-12-07;4,00;4,01;3,82;3,83;19.268.154
2015-12-08;3,82;3,82;3,52;3,62;34.088.082
2015-12-09;3,61;3,82;3,35;3,75;40.101.473
2015-12-10;3,69;3,90;3,66;3,84;27.535.527
2015-12-11;3,86;3,91;3,58;3,60;25.670.302
2015-12-14;3,63;3,68;3,37;3,37;20.779.218
2015-12-15;3,45;3,61;3,43;3,56;22.044.021
2015-12-16;3,60;3,61;3,40;3,51;20.810.056
2015-12-17;3,60;3,66;3,44;3,45;20.470.767
2015-12-18;3,41;3,59;3,40;3,59;28.048.909
2015-12-21;3,58;3,71;3,54;3,54;13.359.297
2015-12-22;3,62;3,75;3,59;3,75;16.068.911
2015-12-23;3,88;4,29;3,85;4,17;31.677.282
2015-12-24;4,20;4,28;4,08;4,20;5.438.822
2015-12-28;4,21;4,21;3,98;3,98;9.604.207
2015-12-29;3,98;4,03;3,83;3,88;16.170.386
2015-12-30;3,90;4,02;3,83;3,97;11.681.775
2015-12-31;4,01;4,01;3,90;3,90;3.804.604
2016-01-04;3,82;3,83;3,63;3,72;17.952.520
2016-01-05;3,78;3,96;3,71;3,95;15.712.012
2016-01-06;3,93;3,95;3,63;3,70;23.073.397
2016-01-07;3,52;3,54;3,39;3,49;23.800.288
2016-01-08;3,53;3,65;3,38;3,38;22.497.601
2016-01-11;3,27;3,50;3,26;3,34;23.510.833
2016-01-12;3,31;3,45;3,20;3,21;28.759.401
2016-01-13;3,25;3,34;3,08;3,11;27.838.630
2016-01-14;3,08;3,33;3,00;3,28;25.701.088
2016-01-15;3,25;3,29;3,03;3,05;23.778.022
2016-01-18;3,07;3,23;3,04;3,15;26.025.021
2016-01-19;3,26;3,50;3,25;3,33;31.437.855
2016-01-20;3,20;3,21;3,01;3,04;29.027.508
2016-01-21;3,08;3,38;3,02;3,35;32.741.547
2016-01-22;3,49;3,55;3,26;3,30;31.272.271
2016-01-25;3,38;3,48;3,24;3,35;26.484.881
2016-01-26;3,25;3,60;3,19;3,59;31.810.769
2016-01-27;3,57;3,67;3,46;3,60;25.707.075
2016-01-28;3,54;3,87;3,53;3,70;39.892.542
2016-01-29;3,80;3,81;3,43;3,48;38.446.172
2016-02-01;3,53;3,56;3,33;3,44;23.053.008
2016-02-02;3,42;3,43;3,19;3,25;21.362.066
2016-02-03;3,24;3,36;3,17;3,33;26.205.644
2016-02-04;3,44;3,75;3,40;3,69;37.355.048
2016-02-05;3,35;3,56;3,30;3,48;55.949.306
2016-02-08;3,45;3,48;3,18;3,23;31.194.221
2016-02-09;3,16;3,18;2,81;2,88;41.064.997
2016-02-10;2,94;2,96;2,73;2,82;30.997.424
2016-02-11;2,78;2,78;2,59;2,62;27.609.145
2016-02-12;2,75;2,85;2,70;2,85;27.893.688
2016-02-15;2,93;3,04;2,91;3,02;22.548.411
2016-02-16;3,10;3,16;2,89;2,97;22.444.122
2016-02-17;3,00;3,25;2,97;3,25;19.455.849
2016-02-18;3,34;3,37;3,13;3,31;15.654.604
2016-02-19;3,21;3,33;3,17;3,22;16.529.479
2016-02-22;3,27;3,48;3,25;3,45;25.295.365
2016-02-23;3,41;3,48;3,26;3,30;17.850.633
2016-02-24;3,28;3,30;3,07;3,14;18.714.902
2016-02-25;3,21;3,26;3,09;3,12;17.291.650
2016-02-26;3,18;3,32;3,18;3,29;20.331.835
2016-02-29;3,24;3,58;3,21;3,58;29.198.325
2016-03-01;3,56;3,95;3,56;3,88;36.672.534
2016-03-02;4,00;4,17;3,94;4,17;33.426.041
2016-03-03;4,31;4,46;4,18;4,30;43.307.246
2016-03-04;4,33;4,66;4,33;4,60;48.542.530
2016-03-07;4,61;4,84;4,36;4,66;47.184.564
2016-03-08;4,58;4,59;4,24;4,29;23.511.230
2016-03-09;4,27;4,34;4,05;4,22;32.674.169
2016-03-10;4,24;4,42;4,18;4,24;28.510.745
2016-03-11;4,49;4,72;4,36;4,72;38.429.243
2016-03-14;3,70;3,83;3,62;3,75;63.011.020
2016-03-15;3,70;3,82;3,60;3,64;36.429.674
2016-03-16;3,63;3,68;3,59;3,66;27.515.400
2016-03-17;3,73;4,04;3,69;4,03;44.153.915
2016-03-18;3,96;4,11;3,81;4,06;46.748.895
2016-03-21;3,85;4,00;3,82;3,90;27.465.490
2016-03-22;3,80;3,85;3,75;3,80;37.038.449
2016-03-23;3,80;3,86;3,70;3,77;28.997.752
2016-03-24;3,64;3,68;3,46;3,66;42.157.870
2016-03-29;3,79;3,85;3,70;3,72;17.872.547
2016-03-30;3,79;3,88;3,79;3,85;20.069.986
2016-03-31;3,90;4,00;3,82;3,98;24.423.917
2016-04-01;4,00;4,29;3,95;4,15;39.159.849
2016-04-04;4,15;4,28;4,11;4,23;20.976.943
2016-04-05;3,93;4,05;3,82;3,98;31.519.359
2016-04-06;4,03;4,07;3,84;4,01;24.338.859
2016-04-07;4,03;4,07;3,93;3,99;18.388.819
2016-04-08;3,99;4,06;3,90;4,05;21.844.461
2016-04-11;4,07;4,38;4,00;4,36;36.496.038
2016-04-12;4,48;4,64;4,37;4,49;37.349.002
2016-04-13;4,66;5,02;4,57;4,92;53.542.418
2016-04-14;4,90;5,04;4,77;4,91;42.138.143
2016-04-15;5,00;5,01;4,83;4,87;29.229.969
2016-04-18;4,69;4,98;4,59;4,96;29.313.725
2016-04-19;5,07;5,23;5,01;5,19;36.690.371
2016-04-20;5,16;5,40;5,10;5,33;40.723.918
2016-04-21;5,38;5,44;5,01;5,06;40.511.871
2016-04-22;5,01;5,11;4,71;5,09;32.251.561
2016-04-25;5,10;5,12;4,79;4,85;22.353.936
2016-04-26;4,78;4,92;4,64;4,82;24.909.026
2016-04-27;4,73;4,81;4,64;4,78;32.124.639
2016-04-28;4,76;5,11;4,73;5,11;26.711.456
2016-04-29;4,98;5,16;4,93;4,93;32.031.441
2016-05-02;4,95;4,97;4,72;4,86;15.696.244
2016-05-03;4,89;4,89;4,53;4,64;25.072.126
2016-05-04;4,57;4,85;4,55;4,70;32.365.373
2016-05-05;4,75;4,79;4,61;4,69;16.141.276
2016-05-06;4,60;4,74;4,45;4,64;36.099.793
2016-05-09;4,56;4,58;4,03;4,08;48.630.782
2016-05-10;4,08;4,26;4,06;4,19;36.552.502
2016-05-11;4,25;4,37;4,22;4,35;30.229.977
2016-05-12;4,32;4,38;4,11;4,14;22.928.931
2016-05-13;4,11;4,18;4,03;4,11;29.940.782
2016-05-16;4,08;4,28;4,07;4,19;15.178.917
2016-05-17;4,22;4,31;4,05;4,23;27.383.086
2016-05-18;4,20;4,24;4,11;4,17;22.368.764
2016-05-19;4,05;4,10;3,87;3,93;30.088.409
2016-05-20;4,05;4,08;3,94;3,96;21.392.401
2016-05-23;3,92;3,93;3,79;3,84;21.593.834
2016-05-24;3,84;3,98;3,82;3,96;20.852.677
2016-05-25;3,98;4,05;3,92;4,05;21.787.744
2016-05-26;4,13;4,47;4,13;4,33;31.366.763
2016-05-27;4,40;4,47;4,22;4,28;22.450.709
2016-05-30;4,28;4,29;4,21;4,26;7.713.230
2016-05-31;4,38;4,46;4,32;4,42;32.170.502
2016-06-01;4,45;4,46;4,22;4,30;20.650.816
2016-06-02;4,30;4,55;4,30;4,51;29.654.603
2016-06-03;4,57;4,70;4,54;4,59;29.100.635
2016-06-06;4,66;4,77;4,61;4,72;19.932.623
2016-06-07;4,76;4,81;4,65;4,75;25.796.276
2016-06-08;4,73;4,94;4,69;4,88;25.308.862
2016-06-09;5,00;5,07;4,71;4,77;24.703.002
2016-06-10;4,75;4,87;4,68;4,73;23.731.312
2016-06-13;4,65;4,65;4,33;4,56;28.696.016
2016-06-14;4,45;4,56;4,33;4,33;22.858.980
2016-06-15;4,45;4,57;4,32;4,52;23.873.454
2016-06-16;4,46;4,59;4,35;4,45;21.112.932
2016-06-17;4,48;4,68;4,48;4,57;49.379.112
2016-06-20;4,72;4,78;4,63;4,76;22.007.139
2016-06-21;4,71;4,78;4,50;4,56;22.876.164
2016-06-22;4,62;4,68;4,48;4,54;21.202.418
2016-06-23;4,56;4,82;4,55;4,81;27.864.258
2016-06-24;4,01;4,40;3,90;4,19;59.261.036
2016-06-27;4,22;4,30;3,83;4,01;36.059.419
2016-06-28;4,07;4,14;3,94;3,97;34.753.635
2016-06-29;4,08;4,16;4,03;4,15;24.316.536
2016-06-30;4,12;4,14;3,98;4,09;24.643.577
2016-07-01;4,15;4,45;4,11;4,40;25.476.006
2016-07-04;4,46;4,54;4,41;4,50;16.381.439
2016-07-05;4,46;4,47;4,26;4,28;19.667.556
2016-07-06;4,25;4,35;4,03;4,19;20.855.202
2016-07-07;4,25;4,36;4,21;4,24;14.290.280
2016-07-08;4,25;4,47;4,23;4,47;20.705.653
2016-07-11;4,55;4,76;4,53;4,72;24.328.858
2016-07-12;4,79;5,13;4,79;5,12;41.734.949
2016-07-13;5,12;5,35;5,02;5,03;40.220.715
2016-07-14;5,10;5,26;5,10;5,16;19.132.890
2016-07-15;5,16;5,20;5,05;5,12;15.797.725
2016-07-18;5,12;5,24;5,09;5,22;16.640.099
2016-07-19;5,18;5,26;4,97;5,02;23.429.379
2016-07-20;5,00;5,10;4,82;5,02;23.429.635
2016-07-21;5,03;5,17;5,03;5,11;19.261.517
2016-07-22;5,08;5,22;5,05;5,19;16.966.187
2016-07-25;5,22;5,35;5,19;5,26;20.845.856
2016-07-26;5,24;5,42;5,15;5,41;19.709.892
2016-07-27;5,50;5,63;5,47;5,47;25.706.501
2016-07-28;5,43;5,63;5,38;5,44;17.981.330
2016-07-29;5,70;5,89;5,60;5,75;37.708.717
2016-08-01;5,90;5,95;5,72;5,76;18.300.849
2016-08-02;5,73;5,73;5,40;5,45;25.939.536
2016-08-03;5,53;5,68;5,53;5,64;6.294.468
2016-08-04;5,53;5,69;5,53;5,62;20.885.450
2016-08-05;5,70;5,81;5,65;5,77;21.508.422
2016-08-08;5,83;5,93;5,82;5,87;15.179.078
2016-08-09;5,85;5,92;5,81;5,90;17.454.925
2016-08-10;5,81;5,88;5,67;5,70;17.742.493
2016-08-11;5,62;5,74;5,50;5,68;17.859.146
2016-08-12;5,70;5,78;5,56;5,58;15.460.087
2016-08-15;5,52;5,63;5,47;5,62;11.801.574
2016-08-16;5,62;5,88;5,61;5,80;20.451.885
2016-08-17;5,72;5,82;5,59;5,61;16.157.536
2016-08-18;5,69;5,84;5,64;5,79;18.769.882
2016-08-19;5,86;5,86;5,66;5,72;15.816.261
2016-08-22;5,65;5,69;5,55;5,60;15.391.166
2016-08-23;5,64;5,75;5,64;5,72;11.563.521
2016-08-24;5,64;5,71;5,59;5,60;13.692.589
2016-08-25;5,54;5,58;5,42;5,57;16.629.817
2016-08-26;5,55;5,74;5,52;5,72;16.119.711
2016-08-29;5,54;5,61;5,52;5,55;15.014.628
2016-08-30;5,57;5,62;5,48;5,50;14.821.066
2016-08-31;5,43;5,46;5,23;5,29;25.232.994
2016-09-01;5,30;5,44;5,24;5,30;20.751.563
2016-09-02;5,37;5,52;5,25;5,44;24.884.543
2016-09-05;5,51;5,66;5,48;5,59;18.601.267
2016-09-06;5,64;5,66;5,50;5,51;16.697.458
2016-09-07;5,59;5,68;5,53;5,67;16.767.941
2016-09-08;5,64;5,67;5,49;5,57;18.345.064
2016-09-09;5,50;5,55;5,35;5,40;23.079.075
2016-09-12;5,20;5,29;5,10;5,25;21.775.665
2016-09-13;5,35;5,36;5,05;5,05;19.712.821
2016-09-14;5,02;5,18;4,92;4,98;23.347.349
2016-09-15;4,95;5,03;4,89;5,02;18.224.365
2016-09-16;5,01;5,05;4,87;4,92;21.047.391
2016-09-19;4,98;5,11;4,95;5,09;15.629.915
2016-09-20;5,06;5,07;4,90;4,95;14.188.895
2016-09-21;5,01;5,09;4,98;5,09;14.975.114
2016-09-22;5,26;5,41;5,20;5,36;26.967.210
2016-09-23;5,34;5,50;5,26;5,50;22.348.759
2016-09-26;5,41;5,45;5,34;5,42;13.495.017
2016-09-27;5,48;5,49;5,26;5,32;15.494.930
2016-09-28;5,36;5,50;5,36;5,43;16.750.983
2016-09-29;5,59;5,61;5,49;5,55;19.839.908
2016-09-30;5,40;5,47;5,31;5,45;22.643.165
2016-10-03;5,47;5,54;5,38;5,48;10.757.640
2016-10-04;5,47;5,59;5,45;5,49;17.389.426
2016-10-05;5,41;5,53;5,40;5,53;15.893.679
2016-10-06;5,59;5,61;5,50;5,54;15.873.715
2016-10-07;5,59;5,79;5,57;5,65;30.312.754
2016-10-10;5,70;5,85;5,69;5,82;20.017.536
2016-10-11;5,82;5,90;5,70;5,71;21.553.746
2016-10-12;5,70;5,76;5,62;5,76;16.912.138
2016-10-13;5,65;5,71;5,54;5,59;20.965.013
2016-10-14;5,67;5,79;5,66;5,68;17.290.154
2016-10-17;5,68;5,77;5,64;5,72;9.891.992
2016-10-18;5,79;5,85;5,74;5,78;15.544.790
2016-10-19;5,80;5,92;5,78;5,89;18.948.668
2016-10-20;5,92;5,96;5,77;5,90;23.757.942
2016-10-21;5,98;6,22;5,94;6,17;36.053.079
2016-10-24;6,23;6,36;6,15;6,21;18.196.134
2016-10-25;6,30;6,36;6,23;6,29;19.802.050
2016-10-26;6,19;6,23;6,08;6,19;17.365.958
2016-10-27;6,15;6,22;6,09;6,13;19.809.583
2016-10-28;6,11;6,16;6,03;6,11;15.500.734
2016-10-31;6,05;6,15;6,01;6,14;17.777.715
2016-11-01;6,22;6,28;6,01;6,03;15.847.696
2016-11-02;5,95;6,01;5,80;5,99;21.486.650
2016-11-03;5,94;6,12;5,90;6,05;15.876.368
2016-11-04;6,01;6,04;5,87;5,93;16.559.400
2016-11-07;6,03;6,17;6,03;6,13;17.000.990
2016-11-08;5,85;5,95;5,70;5,87;41.935.539
2016-11-09;5,55;6,48;5,49;6,48;57.320.147
2016-11-10;6,46;6,75;6,46;6,53;33.630.869
2016-11-11;6,59;6,66;6,25;6,37;24.718.130
2016-11-14;6,58;6,75;6,51;6,69;31.118.426
2016-11-15;6,61;6,74;6,55;6,65;23.485.700
2016-11-16;6,74;6,75;6,63;6,68;17.863.144
2016-11-17;6,68;6,73;6,62;6,70;16.096.026
2016-11-18;6,71;6,72;6,54;6,57;18.000.071
2016-11-21;6,62;6,68;6,51;6,63;17.212.985
2016-11-22;6,77;7,08;6,76;7,01;32.308.730
2016-11-23;7,20;7,24;6,99;7,08;22.030.568
2016-11-24;7,13;7,18;7,07;7,18;10.312.337
2016-11-25;7,24;7,30;7,13;7,18;14.948.633
2016-11-28;7,19;7,20;7,00;7,09;15.888.932
2016-11-29;7,02;7,11;6,95;7,05;16.841.682
2016-11-30;6,97;7,22;6,91;7,13;31.255.317
2016-12-01;7,23;7,31;7,15;7,26;21.688.369
2016-12-02;7,18;7,26;7,09;7,17;17.895.293
2016-12-05;7,27;7,55;7,25;7,52;23.256.126
2016-12-06;7,59;7,61;7,42;7,51;19.588.182
2016-12-07;7,69;7,91;7,65;7,88;28.256.454
2016-12-08;8,00;8,26;7,96;8,14;34.838.399
2016-12-09;8,08;8,10;7,68;7,68;25.380.504
2016-12-12;7,72;7,92;7,70;7,71;20.183.030
2016-12-13;7,70;7,70;7,40;7,45;21.908.332
2016-12-14;7,50;7,62;7,36;7,58;18.263.395
2016-12-15;7,59;7,63;7,31;7,46;26.423.835
2016-12-16;7,56;7,58;7,40;7,46;25.748.222
2016-12-19;7,27;7,30;7,07;7,11;27.005.995
2016-12-20;7,04;7,28;6,96;7,26;18.105.945
2016-12-21;7,32;7,39;7,21;7,31;13.228.281
2016-12-22;7,27;7,27;7,10;7,13;11.400.620
2016-12-23;7,13;7,13;7,02;7,09;9.815.702
2016-12-27;7,02;7,07;6,96;7,07;8.718.988
2016-12-28;7,08;7,27;7,06;7,20;14.203.799
2016-12-29;7,15;7,16;6,99;7,05;13.227.982
2016-12-30;7,04;7,12;6,99;7,02;8.401.426
2017-01-02;6,96;7,14;6,95;7,03;7.924.869
2017-01-03;7,07;7,21;7,06;7,12;16.534.767
2017-01-04;7,25;7,25;7,04;7,10;14.417.889
2017-01-05;7,29;7,44;7,16;7,35;23.400.772
2017-01-06;7,32;7,36;7,24;7,27;13.290.349
2017-01-09;7,33;7,39;7,12;7,22;14.995.487
2017-01-10;7,30;7,56;7,18;7,55;25.045.990
2017-01-11;7,62;7,79;7,61;7,72;18.015.291
2017-01-12;7,72;7,77;7,45;7,45;21.135.618
2017-01-13;7,45;7,62;7,44;7,62;14.472.804
2017-01-16;7,57;7,70;7,55;7,68;10.012.641
2017-01-17;7,60;7,61;7,48;7,52;14.999.134
2017-01-18;7,60;7,76;7,55;7,75;16.716.583
2017-01-19;7,76;7,90;7,60;7,61;16.662.293
2017-01-20;7,54;7,75;7,52;7,66;15.384.501
2017-01-23;7,62;7,71;7,54;7,62;11.148.824
2017-01-24;7,70;7,77;7,65;7,70;20.792.318
2017-01-25;7,80;7,84;7,53;7,53;25.069.962
2017-01-26;7,62;7,70;7,44;7,58;20.109.426
2017-01-27;7,56;7,68;7,51;7,60;16.260.362
2017-01-30;7,60;7,62;7,34;7,36;15.847.989
2017-01-31;7,40;7,43;7,18;7,19;18.390.865
2017-02-01;7,23;7,58;7,23;7,34;21.151.126
2017-02-02;7,53;7,65;7,45;7,54;26.429.475
2017-02-03;7,37;7,49;7,34;7,37;21.811.344
2017-02-06;7,41;7,47;7,31;7,34;14.318.562
2017-02-07;7,34;7,44;7,33;7,36;11.977.428
2017-02-08;7,43;7,47;7,18;7,35;16.923.416
2017-02-09;7,39;7,55;7,20;7,52;24.390.875
2017-02-10;7,78;8,25;7,76;8,22;55.067.938
2017-02-13;8,69;8,71;8,28;8,62;38.573.841
2017-02-14;8,70;8,70;8,47;8,59;21.907.584
2017-02-15;8,64;8,77;8,53;8,75;20.274.129
2017-02-16;8,70;8,70;8,59;8,63;19.949.736
2017-02-17;8,58;8,59;8,48;8,55;15.956.273
2017-02-20;8,65;8,74;8,61;8,68;10.930.374
2017-02-21;8,75;8,84;8,72;8,77;14.145.186
2017-02-22;8,81;8,83;8,59;8,61;16.524.981
2017-02-23;8,67;8,84;8,38;8,42;23.902.342
2017-02-24;8,33;8,43;8,04;8,30;28.551.632
2017-02-27;8,33;8,44;8,16;8,41;18.072.161
2017-02-28;8,36;8,40;8,25;8,31;15.305.127
2017-03-01;8,39;8,75;8,39;8,74;25.299.864
2017-03-02;8,76;8,84;8,51;8,56;19.632.628
2017-03-03;8,44;8,54;8,38;8,41;18.370.508
2017-03-06;8,37;8,40;8,18;8,26;18.934.826
2017-03-07;8,29;8,31;8,14;8,16;14.256.184
2017-03-08;8,14;8,30;8,09;8,14;14.439.093
2017-03-09;8,08;8,18;7,86;8,04;24.939.482
2017-03-10;8,02;8,15;7,85;7,89;18.879.329
2017-03-13;7,95;8,27;7,93;8,26;21.726.259
2017-03-14;8,32;8,38;8,06;8,23;22.884.606
2017-03-15;8,35;8,42;8,25;8,33;20.177.262
2017-03-16;8,60;8,64;8,48;8,54;29.569.234
2017-03-17;8,46;8,58;8,40;8,52;22.826.193
2017-03-20;8,42;8,51;8,39;8,46;12.058.370
2017-03-21;8,49;8,51;8,14;8,19;22.428.981
2017-03-22;8,02;8,21;7,91;8,14;26.179.242
2017-03-23;8,17;8,29;8,01;8,04;20.901.416
2017-03-24;8,08;8,15;7,94;7,99;13.815.615
2017-03-27;7,67;7,80;7,46;7,60;32.846.494
2017-03-28;7,68;7,75;7,52;7,75;17.580.644
2017-03-29;7,79;7,95;7,72;7,80;17.337.077
2017-03-30;7,78;7,99;7,71;7,98;16.415.402
2017-03-31;8,00;8,04;7,84;7,89;20.415.664
2017-04-03;7,93;7,97;7,75;7,77;16.366.692
2017-04-04;7,76;7,86;7,65;7,86;17.836.329
2017-04-05;7,93;8,03;7,85;7,85;19.042.151
2017-04-06;7,73;7,90;7,69;7,79;19.040.643
2017-04-07;7,70;7,73;7,61;7,73;17.188.848
2017-04-10;7,79;7,81;7,65;7,65;12.642.015
2017-04-11;7,62;7,68;7,38;7,50;21.395.911
2017-04-12;7,48;7,50;7,12;7,14;32.853.551
2017-04-13;7,07;7,20;7,05;7,13;15.758.773
2017-04-18;6,96;7,03;6,63;6,69;40.552.518
2017-04-19;6,73;6,97;6,72;6,94;29.224.559
2017-04-20;6,86;7,11;6,85;7,08;25.959.248
2017-04-21;7,25;7,31;7,11;7,14;29.908.634
2017-04-24;7,49;7,49;7,31;7,36;24.076.453
2017-04-25;7,40;7,52;7,28;7,39;22.093.757
2017-04-26;7,25;7,39;7,13;7,37;29.013.967
2017-04-27;7,30;7,31;7,05;7,10;21.437.169
2017-04-28;7,13;7,34;7,13;7,24;22.496.554
2017-05-02;7,25;7,34;7,11;7,22;20.910.894
2017-05-03;7,20;7,20;6,99;7,00;23.409.288
2017-05-04;6,96;7,04;6,82;6,92;28.528.462
2017-05-05;6,90;7,21;6,82;7,21;27.370.970
2017-05-08;7,26;7,26;7,01;7,12;21.227.314
2017-05-09;7,15;7,25;7,12;7,19;24.964.105
2017-05-10;7,19;7,24;7,08;7,20;20.960.820
2017-05-11;7,25;7,41;7,13;7,23;33.962.122
2017-05-12;7,22;7,25;6,63;6,65;75.679.644
2017-05-15;6,67;6,87;6,57;6,86;31.688.405
2017-05-16;6,85;6,95;6,77;6,86;20.904.692
2017-05-17;6,93;6,99;6,66;6,66;27.728.418
2017-05-18;19,81;19,85;19,25;19,73;11.000.024
2017-05-19;19,85;20,19;19,67;20,11;9.027.802
2017-05-22;20,26;20,47;20,12;20,17;7.821.108
2017-05-23;20,17;20,29;19,79;20,10;7.617.454
2017-05-24;20,25;20,40;19,98;20,01;11.573.670
2017-05-25;19,95;20,05;19,40;19,62;10.158.547
2017-05-26;19,65;19,98;19,52;19,95;8.454.699
2017-05-29;19,92;20,01;19,81;19,87;2.302.197
2017-05-30;19,80;20,01;19,66;19,96;6.741.224
2017-05-31;19,80;19,83;19,22;19,31;15.725.233
2017-06-01;19,27;19,58;19,14;19,50;9.675.159
2017-06-02;19,60;19,67;18,61;18,83;14.027.861
2017-06-05;18,71;18,94;18,36;18,79;7.324.667
2017-06-06;18,64;18,65;18,15;18,34;10.614.335
2017-06-07;18,43;18,78;18,21;18,45;8.465.089
2017-06-08;18,45;18,90;18,33;18,80;8.903.032
2017-06-09;19,10;19,20;18,84;19,00;10.140.866
2017-06-12;19,04;19,13;18,68;18,88;6.314.488
2017-06-13;18,84;19,02;18,76;18,94;7.043.680
2017-06-14;19,06;19,28;18,57;18,58;13.291.469
2017-06-15;18,61;18,67;17,82;18,05;12.127.280
2017-06-16;18,03;18,23;17,73;17,87;10.903.156
2017-06-19;18,15;18,60;18,08;18,40;10.021.855
2017-06-20;18,34;18,54;17,72;17,84;9.426.919
2017-06-21;17,85;18,38;17,72;18,21;8.695.837
2017-06-22;18,06;18,80;17,89;18,77;11.147.915
2017-06-23;18,74;18,99;18,60;18,86;8.302.531
2017-06-26;19,00;19,16;18,81;18,95;6.190.558
2017-06-27;19,20;19,69;19,20;19,56;12.406.680
2017-06-28;19,44;19,95;19,24;19,87;9.959.926
2017-06-29;20,38;20,49;19,66;19,66;12.793.572
2017-06-30;19,63;20,10;19,34;19,86;9.490.176
2017-07-03;20,10;20,65;20,06;20,61;8.909.056
2017-07-04;20,34;20,80;20,23;20,73;6.114.716
2017-07-05;20,83;21,01;20,28;20,49;9.937.773
2017-07-06;20,39;20,61;20,21;20,38;8.584.479
2017-07-07;20,21;20,48;19,86;20,08;8.044.042
2017-07-10;20,36;20,60;19,99;20,55;7.087.123
2017-07-11;20,74;21,08;20,71;20,90;9.157.073
2017-07-12;21,10;21,45;20,96;21,23;9.110.281
2017-07-13;21,70;21,93;21,36;21,72;11.981.477
2017-07-14;22,05;22,15;21,88;21,95;8.354.240
2017-07-17;22,00;22,24;21,99;22,23;7.429.265
2017-07-18;22,27;22,31;21,78;21,98;7.460.871
2017-07-19;22,21;22,65;22,14;22,54;9.513.703
2017-07-20;22,70;22,78;21,97;22,09;10.556.188
2017-07-21;22,00;22,32;21,56;21,59;8.109.457
2017-07-24;21,60;21,86;21,42;21,78;5.784.909
2017-07-25;21,95;22,49;21,95;22,49;8.973.580
2017-07-26;22,50;22,61;22,00;22,05;9.746.100
2017-07-27;21,90;22,47;21,53;22,37;10.567.863
2017-07-28;22,07;22,15;21,85;22,03;8.368.860
2017-07-31;22,15;22,48;22,10;22,20;8.775.474
2017-08-01;22,34;22,38;22,00;22,00;6.235.011
2017-08-02;21,97;22,00;21,19;21,32;10.488.220
2017-08-03;21,31;21,71;21,00;21,65;8.164.939
2017-08-04;21,53;22,19;21,50;22,17;8.302.705
2017-08-07;22,52;23,23;22,41;23,20;14.644.426
2017-08-08;23,00;23,32;22,81;23,29;7.218.977
2017-08-09;23,04;23,41;22,89;22,96;7.215.523
2017-08-10;22,90;23,01;22,67;22,93;7.523.553
2017-08-11;22,25;22,30;21,76;21,89;13.256.364
2017-08-14;22,06;22,25;21,94;21,97;5.466.877
2017-08-15;21,81;22,06;21,67;21,90;4.730.951
2017-08-16;21,93;22,54;21,93;22,50;6.570.545
2017-08-17;22,40;22,68;22,03;22,08;5.835.832
2017-08-18;21,80;22,20;21,76;22,20;7.621.146
2017-08-21;22,26;22,52;22,11;22,18;5.503.738
2017-08-22;22,26;22,36;22,01;22,24;5.818.164
2017-08-23;22,16;22,28;21,90;22,18;5.240.504
2017-08-24;22,25;22,30;22,06;22,20;3.974.313
2017-08-25;22,26;22,70;22,25;22,31;6.029.462
2017-08-28;22,29;22,30;22,09;22,20;3.645.962
2017-08-29;22,02;22,02;21,47;21,68;7.082.139
2017-08-30;22,02;22,29;21,95;22,29;5.034.596
2017-08-31;22,45;22,93;22,39;22,44;6.907.289
2017-09-01;22,71;23,06;22,67;23,00;6.745.269
2017-09-04;22,76;22,98;22,69;22,80;3.359.386
2017-09-05;22,85;22,98;22,48;22,51;5.043.638
2017-09-06;22,35;22,67;22,28;22,46;4.275.901
2017-09-07;22,57;22,59;22,33;22,46;5.693.099
2017-09-08;22,32;22,76;22,18;22,28;6.981.912
2017-09-11;22,57;22,81;22,48;22,81;5.872.121
2017-09-12;22,88;23,08;22,77;22,96;6.532.357
2017-09-13;22,84;23,05;22,82;22,92;5.079.475
2017-09-14;22,75;22,80;22,50;22,63;6.227.136
2017-09-15;22,54;22,65;22,34;22,45;8.108.324
2017-09-18;22,61;22,76;22,47;22,72;4.755.021
2017-09-19;22,60;22,64;22,25;22,35;6.018.583
2017-09-20;22,50;22,72;22,47;22,70;5.288.791
2017-09-21;22,43;22,51;21,90;21,99;9.022.763
2017-09-22;21,55;21,73;21,13;21,66;9.317.671
2017-09-25;21,42;21,54;21,00;21,06;6.757.577
2017-09-26;21,00;21,46;20,98;21,26;5.638.616
2017-09-27;21,37;21,45;21,26;21,30;4.954.100
2017-09-28;21,35;21,62;21,24;21,51;6.163.875
2017-09-29;21,68;21,83;21,58;21,83;4.949.445
2017-10-02;21,90;22,40;21,87;22,40;7.113.126
2017-10-03;22,42;22,73;22,39;22,63;5.176.566
2017-10-04;22,71;22,76;22,41;22,70;5.481.378
2017-10-05;22,55;23,02;22,55;22,99;5.802.497
2017-10-06;22,95;23,11;22,71;22,77;5.400.376
2017-10-09;22,74;22,77;22,48;22,52;4.649.594
2017-10-10;22,36;22,40;22,12;22,27;4.692.746
2017-10-11;22,32;22,38;22,16;22,35;3.549.399
2017-10-12;22,37;22,94;22,35;22,94;5.744.478
2017-10-13;23,08;24,73;23,01;24,63;18.945.443
2017-10-16;24,83;25,28;24,53;24,63;9.040.479
2017-10-17;24,55;24,63;24,31;24,49;5.100.550
2017-10-18;24,49;24,97;24,40;24,44;5.171.197
2017-10-19;24,49;24,70;24,05;24,67;7.419.929
2017-10-20;25,14;25,45;24,94;25,18;10.262.557
2017-10-23;25,33;25,81;25,23;25,68;7.444.802
2017-10-24;25,66;25,90;25,37;25,82;5.762.216
2017-10-25;25,86;25,91;25,39;25,44;5.920.464
2017-10-26;25,35;25,75;25,18;25,45;6.112.398
2017-10-27;25,11;25,17;24,51;25,01;6.884.684
2017-10-30;25,08;25,27;24,90;25,13;3.651.993
2017-10-31;24,88;25,09;24,23;24,62;6.269.332
2017-11-01;25,10;25,64;25,07;25,31;7.452.320
2017-11-02;25,40;25,55;25,23;25,45;3.977.550
2017-11-03;25,51;25,61;25,06;25,50;4.811.320
2017-11-06;25,54;25,81;25,39;25,39;3.917.285
2017-11-07;25,58;25,68;25,21;25,36;3.858.676
2017-11-08;25,34;25,48;25,04;25,18;5.565.456
2017-11-09;24,93;24,93;24,16;24,32;8.723.479
2017-11-10;24,93;25,68;24,66;25,14;10.232.802
2017-11-13;25,08;25,13;24,53;24,85;6.922.051
2017-11-14;24,90;24,96;23,53;23,60;8.721.430
2017-11-15;23,43;23,75;22,66;23,57;7.790.118
2017-11-16;23,90;24,04;23,52;23,75;4.974.273
2017-11-17;23,90;23,98;23,42;23,66;5.493.473
2017-11-20;23,61;24,19;23,28;23,96;5.258.005
2017-11-21;24,27;24,62;24,13;24,54;6.515.363
2017-11-22;24,60;24,98;24,35;24,75;6.163.811
2017-11-23;24,65;25,00;24,44;24,82;3.394.448
2017-11-24;24,88;25,02;24,74;24,76;3.272.925
2017-11-27;24,60;24,99;24,52;24,78;3.510.831
2017-11-28;24,88;25,09;24,82;25,06;4.650.133
2017-11-29;25,50;25,95;25,29;25,71;7.447.542
2017-11-30;25,65;26,03;25,33;25,37;7.315.870
2017-12-01;25,43;26,00;25,19;25,51;7.507.914
2017-12-04;26,00;26,27;25,86;26,20;6.508.118
2017-12-05;26,05;26,12;25,55;25,72;6.500.907
2017-12-06;25,24;26,24;24,79;26,18;6.885.548
2017-12-07;25,97;26,27;25,81;26,20;5.150.149
2017-12-08;26,35;26,59;26,34;26,46;5.740.217
2017-12-11;26,50;27,02;26,49;26,79;5.624.263
2017-12-12;26,96;27,01;26,56;26,97;5.228.947
2017-12-13;26,88;27,09;26,83;26,86;4.577.978
2017-12-14;26,95;26,99;26,61;26,64;4.399.826
2017-12-15;26,47;26,51;25,95;26,13;8.172.762
2017-12-18;26,22;26,72;26,20;26,69;4.353.853
2017-12-19;26,75;27,05;26,63;26,85;5.132.213
2017-12-20;26,89;27,04;26,62;26,98;4.677.568
2017-12-21;26,94;27,59;26,90;27,52;5.649.160
2017-12-22;27,60;27,60;27,36;27,47;3.100.585
2017-12-27;27,59;27,73;27,43;27,57;2.685.020
2017-12-28;27,70;27,70;27,22;27,25;2.771.394
2017-12-29;27,23;27,43;26,98;27,12;2.745.275
2018-01-02;27,13;28,03;26,85;28,03;5.718.503
2018-01-03;28,16;28,82;28,04;28,76;7.591.219
2018-01-04;29,00;29,06;28,56;28,68;6.095.301
2018-01-05;28,57;28,66;28,33;28,42;5.593.861
2018-01-08;28,75;29,23;28,71;29,20;5.353.569
2018-01-09;29,42;29,77;29,38;29,75;6.849.081
2018-01-10;29,75;30,03;29,42;29,83;6.364.753
2018-01-11;29,82;30,37;29,82;30,16;5.623.330
2018-01-12;30,60;30,76;30,44;30,63;6.850.586
2018-01-15;30,60;30,62;30,30;30,52;3.403.267
2018-01-16;30,28;30,32;29,80;30,16;5.178.020
2018-01-17;29,87;30,39;29,70;29,78;4.880.591
2018-01-18;30,10;30,20;29,58;29,86;4.195.117
2018-01-19;29,90;30,25;29,83;30,10;4.525.557
2018-01-22;30,25;30,46;29,89;29,96;3.620.444
2018-01-23;30,05;30,12;28,96;29,28;7.493.246
2018-01-24;29,14;29,56;29,10;29,21;5.146.749
2018-01-25;29,11;29,83;29,07;29,70;5.931.896
2018-01-26;29,71;29,98;29,54;29,98;3.791.399
2018-01-29;29,99;30,37;29,91;30,17;3.596.381
2018-01-30;29,95;30,08;29,27;29,57;4.976.757
2018-01-31;29,55;29,95;28,53;29,23;11.245.493
2018-02-01;29,90;30,17;28,81;28,93;8.931.077
2018-02-02;29,00;29,08;27,68;27,80;8.272.114
2018-02-05;27,39;28,20;27,24;28,11;6.287.482
2018-02-06;26,85;27,96;26,60;27,09;11.859.181
2018-02-07;27,81;27,88;27,09;27,71;8.121.996
2018-02-08;27,50;27,52;26,45;26,61;7.036.780
2018-02-09;26,38;26,84;26,01;26,29;9.567.322
2018-02-12;27,05;27,28;26,76;26,79;6.588.547
2018-02-13;26,96;27,48;26,83;27,37;4.948.408
2018-02-14;27,59;28,13;26,97;27,86;7.488.300
2018-02-15;28,50;28,72;27,80;28,22;7.152.645
2018-02-16;28,40;28,50;27,99;28,44;5.047.950
2018-02-19;29,08;29,24;28,52;28,80;5.080.140
2018-02-20;29,02;29,17;28,65;28,84;5.374.120
2018-02-21;28,49;28,76;28,30;28,60;4.088.148
2018-02-22;28,21;28,65;28,00;28,54;4.531.594
2018-02-23;28,61;28,75;28,13;28,19;2.968.893
2018-02-26;28,63;28,73;28,42;28,55;3.958.536
2018-02-27;0,00;0,00;0,00;28,72;0
2018-02-28;28,40;28,59;28,21;28,25;3.987.727
2018-03-01;28,11;28,33;27,63;27,72;6.589.998
2018-03-02;27,20;27,39;26,26;26,69;10.361.033
2018-03-05;26,50;26,95;26,15;26,48;5.669.131
2018-03-06;26,78;26,95;26,53;26,64;5.003.432
2018-03-07;26,40;27,01;26,01;26,93;7.367.136
2018-03-08;27,05;27,15;26,29;26,56;6.318.844
2018-03-09;26,10;26,68;26,03;26,39;6.175.824
2018-03-12;26,23;26,44;26,09;26,21;4.557.760
2018-03-13;26,19;26,85;26,19;26,47;4.969.310
2018-03-14;26,42;26,74;26,25;26,48;5.015.851
2018-03-15;26,35;26,62;26,23;26,45;4.404.267
2018-03-16;0,00;0,00;0,00;26,65;0
2018-03-19;0,00;0,00;0,00;25,77;0
2018-03-20;0,00;0,00;0,00;26,15;0
2018-03-21;0,00;0,00;0,00;27,22;0
2018-03-22;0,00;0,00;0,00;26,18;0
2018-03-23;25,60;25,81;25,11;25,29;6.625.140
2018-03-26;25,26;25,50;24,73;24,91;5.898.001
2018-03-27;25,50;25,73;25,11;25,17;5.272.331
2018-03-28;24,80;24,90;24,34;24,68;6.485.603
2018-03-29;24,93;25,86;24,82;25,70;6.314.818
2018-04-03;25,50;25,90;25,13;25,67;4.870.862
2018-04-04;25,60;25,68;24,59;24,72;7.109.312
2018-04-05;25,25;26,24;25,25;26,10;6.357.034
2018-04-06;26,00;26,05;25,37;25,54;4.366.571
2018-04-09;25,74;25,95;25,06;25,52;3.500.401
2018-04-10;26,06;26,49;25,94;26,28;5.557.485
2018-04-11;26,28;26,53;25,88;25,95;5.018.597
2018-04-12;25,80;26,33;25,72;26,24;3.134.208
2018-04-13;26,60;26,89;26,38;26,53;4.450.615
2018-04-16;26,59;26,74;26,39;26,46;2.909.112
2018-04-17;26,70;27,06;26,60;27,00;3.635.682
2018-04-18;27,20;28,28;27,20;28,20;6.323.142
2018-04-19;28,30;28,62;27,81;28,21;5.502.049
2018-04-20;28,24;28,78;28,08;28,44;5.391.369
2018-04-23;28,77;28,80;28,10;28,47;4.640.273
2018-04-24;28,35;28,89;28,24;28,72;3.949.785
2018-04-25;28,28;28,38;27,57;27,82;5.436.911
2018-04-26;27,77;28,05;27,42;27,82;4.191.305
2018-04-27;28,01;28,11;27,54;27,81;3.321.342
2018-04-30;28,01;28,11;27,54;28,10;3.859.421
2018-05-02;28,05;28,78;28,04;28,57;5.259.927
2018-05-03;28,31;28,53;28,11;28,23;3.865.313
2018-05-04;28,38;29,02;28,21;29,02;4.559.098
2018-05-07;29,14;29,35;29,08;29,35;2.535.403
2018-05-08;29,30;29,50;29,03;29,12;3.380.973
2018-05-09;29,10;29,45;29,03;29,41;5.014.123
2018-05-10;29,45;29,83;29,29;29,56;3.804.699
2018-05-11;30,30;30,76;29,90;30,23;8.804.235
2018-05-14;30,15;30,49;29,88;30,48;3.611.946
2018-05-15;30,50;30,55;30,01;30,18;4.631.820
2018-05-16;30,27;30,67;30,25;30,49;4.639.508
2018-05-17;30,65;30,77;30,29;30,62;4.240.378
2018-05-18;30,50;30,67;30,08;30,23;4.120.716
2018-05-21;30,10;30,21;29,20;29,52;4.679.511
2018-05-22;29,45;30,19;29,02;30,12;5.416.675
2018-05-23;29,64;29,71;28,61;28,70;8.146.021
2018-05-24;28,70;29,03;28,29;28,56;5.037.862
2018-05-25;28,71;28,73;28,15;28,49;4.138.585
2018-05-28;28,53;28,65;28,12;28,17;2.103.153
2018-05-29;28,01;28,14;27,39;27,72;6.425.741
2018-05-30;0,00;27,76;27,32;27,61;5.835.433
2018-05-31;27,55;28,10;27,47;27,70;8.342.326
2018-06-01;27,69;28,49;27,68;27,98;5.234.544
2018-06-04;28,37;28,48;28,02;28,30;3.854.167
2018-06-05;28,16;28,79;28,06;28,68;4.307.734
2018-06-06;28,71;29,49;28,70;29,49;5.195.408
2018-06-07;29,64;29,69;28,62;28,75;7.318.876
2018-06-08;28,15;28,28;27,80;28,05;6.681.050
2018-06-11;28,05;28,78;27,95;28,60;4.499.267
2018-06-12;28,77;28,86;28,27;28,34;3.619.289
2018-06-13;28,30;28,95;28,30;28,81;5.472.325
2018-06-14;28,56;29,14;28,22;29,05;5.962.375
2018-06-15;29,00;29,20;27,91;28,01;8.240.467
2018-06-18;27,87;28,23;27,56;28,14;4.099.776
2018-06-19;27,44;27,49;26,86;27,06;6.196.190
2018-06-20;27,41;27,76;27,17;27,17;4.703.097
2018-06-21;27,39;27,56;26,89;27,00;4.189.475
2018-06-22;27,00;27,50;26,96;27,36;3.987.692
2018-06-25;27,18;27,36;25,98;25,98;3.223.720
2018-06-26;26,10;26,35;25,59;25,70;4.480.859
2018-06-27;25,69;26,05;25,02;25,70;6.801.811
2018-06-28;25,60;25,66;24,81;25,28;5.280.757
2018-06-29;25,78;26,24;25,02;25,11;5.639.341
2018-07-02;24,37;24,85;24,05;24,64;6.334.376
2018-07-03;24,56;24,93;24,32;24,49;5.983.152
2018-07-04;24,45;24,84;24,13;24,27;3.979.030
2018-07-05;24,27;25,31;24,25;25,23;7.180.418
2018-07-06;25,79;26,05;24,95;25,46;6.281.353
2018-07-09;26,00;26,11;25,26;25,77;4.601.948
2018-07-10;25,82;25,93;25,46;25,67;4.082.837
2018-07-11;25,12;25,23;24,66;24,73;5.496.880
2018-07-12;25,45;25,47;24,91;25,43;5.527.079
2018-07-13;25,64;25,76;25,30;25,46;4.195.834
2018-07-16;25,33;25,36;25,05;25,12;2.845.131
2018-07-17;25,33;25,78;25,03;25,73;3.934.449
2018-07-18;26,00;26,56;25,90;26,49;5.103.107
2018-07-19;26,69;26,81;25,65;25,69;5.055.027
2018-07-20;25,76;25,83;24,66;25,16;6.529.356
2018-07-23;25,06;25,44;24,99;25,30;3.134.877
2018-07-24;25,60;26,90;25,55;26,66;7.620.037
2018-07-25;26,56;26,56;26,12;26,20;4.327.217
2018-07-26;26,88;26,90;26,29;26,50;4.516.246
2018-07-27;26,87;27,36;26,80;26,99;5.383.694
2018-07-30;26,80;27,23;26,58;27,11;3.066.784
2018-07-31;27,10;27,70;26,77;27,52;6.088.794
2018-08-01;28,21;28,30;27,75;28,14;8.572.813
2018-08-02;27,92;27,92;26,90;27,26;7.235.736
2018-08-03;27,39;27,87;27,23;27,74;4.264.227
2018-08-06;27,74;27,84;27,00;27,23;4.101.611
2018-08-07;27,43;28,17;27,43;28,02;5.168.760
2018-08-08;27,83;27,97;27,49;27,59;2.982.460
2018-08-09;27,59;27,70;27,31;27,47;2.927.316
2018-08-10;27,08;27,12;26,21;26,68;5.927.591
2018-08-13;26,40;26,56;26,15;26,29;3.960.692
2018-08-14;26,45;26,62;25,81;26,15;3.782.272
2018-08-15;26,00;26,02;24,63;24,91;7.141.718
2018-08-16;25,44;25,46;25,03;25,19;4.269.794
2018-08-17;25,20;25,27;24,52;25,01;4.451.970
2018-08-20;25,50;25,87;25,48;25,64;4.382.932
2018-08-21;25,73;26,06;25,54;25,94;3.530.746
2018-08-22;25,74;26,08;25,68;25,96;4.161.620
2018-08-23;25,87;25,96;25,58;25,58;3.439.649
2018-08-24;25,55;26,26;25,51;26,19;4.430.224
2018-08-27;26,35;26,42;25,97;26,30;3.402.393
2018-08-28;26,46;26,77;26,44;26,53;3.977.998
2018-08-29;26,50;26,65;26,30;26,56;2.506.312
2018-08-30;26,42;26,63;26,10;26,21;3.515.680
2018-08-31;26,03;26,16;25,64;25,94;3.336.681
2018-09-03;25,80;26,06;25,80;25,93;1.842.184
2018-09-04;25,97;26,15;25,20;25,35;3.607.101
2018-09-05;25,15;25,18;24,63;24,84;6.754.327
2018-09-06;24,80;25,33;24,66;24,72;4.225.605
2018-09-07;24,96;25,10;24,69;24,86;4.352.418
2018-09-10;24,90;25,12;24,51;25,02;3.928.322
2018-09-11;24,26;24,57;24,10;24,53;7.769.033
2018-09-12;24,63;25,22;24,59;25,17;5.220.027
2018-09-13;25,30;25,42;24,56;24,74;4.888.982
2018-09-14;25,00;25,15;24,87;25,12;3.405.204
2018-09-17;24,90;25,82;24,90;25,63;5.001.860
2018-09-18;25,71;26,03;25,63;25,93;6.052.503
2018-09-19;26,41;27,14;26,21;26,95;6.544.507
2018-09-20;26,80;27,66;26,80;27,37;8.877.892
2018-09-21;27,76;27,96;27,36;27,52;7.585.288
2018-09-24;27,21;27,49;26,95;27,28;4.323.965
2018-09-25;27,11;27,82;27,05;27,72;4.472.304
2018-09-26;27,79;27,80;27,31;27,32;3.947.714
2018-09-27;27,14;27,47;26,90;27,04;4.561.418
2018-09-28;27,04;27,23;26,56;26,80;4.704.818
2018-10-01;26,72;26,98;26,50;26,61;4.637.986
2018-10-02;26,63;26,87;26,29;26,66;5.188.432
2018-10-03;26,78;27,15;26,64;27,05;2.968.184
2018-10-04;26,85;27,33;26,77;26,85;4.526.843
2018-10-05;26,51;26,52;25,65;25,82;6.634.078
2018-10-08;25,72;25,82;25,40;25,56;3.856.814
2018-10-09;25,79;26,17;25,60;26,00;4.318.689
2018-10-10;26,06;26,10;24,76;24,76;6.646.427
2018-10-11;24,25;24,76;24,00;24,20;7.209.123
2018-10-12;24,90;24,90;24,26;24,61;6.524.919
2018-10-15;24,67;24,67;24,22;24,54;3.966.644
2018-10-16;24,50;24,81;24,24;24,80;4.718.387
2018-10-17;24,95;25,27;24,53;24,81;5.289.082
2018-10-18;24,75;25,22;24,55;24,73;5.208.084
2018-10-19;24,60;24,84;23,71;23,76;6.625.779
2018-10-22;23,85;24,23;23,51;23,57;3.959.270
2018-10-23;23,20;23,34;22,64;22,98;7.211.854
2018-10-24;23,03;23,19;21,60;21,64;9.895.747
2018-10-25;21,23;22,35;20,82;22,06;8.932.284
2018-10-26;21,65;21,81;20,91;21,29;7.395.723
2018-10-29;21,42;22,47;21,32;22,12;5.188.071
2018-10-30;21,96;22,17;21,34;21,55;5.756.819
2018-10-31;21,85;22,23;21,73;22,04;6.196.682
2018-11-01;21,92;22,63;21,53;22,23;6.623.990
2018-11-02;23,12;23,50;22,29;22,29;8.220.268
2018-11-05;22,37;22,74;22,06;22,46;4.420.615
2018-11-06;22,46;22,70;22,38;22,46;4.321.233
2018-11-07;22,68;23,20;22,53;22,66;4.088.040
2018-11-08;22,68;22,94;22,63;22,80;5.130.728
2018-11-09;22,30;22,50;22,03;22,26;6.309.255
2018-11-12;22,59;22,83;21,71;21,75;4.907.980
2018-11-13;21,96;22,13;21,18;21,64;5.405.849
2018-11-14;21,45;21,82;20,93;21,53;5.043.715
2018-11-15;21,75;22,09;21,39;21,77;4.477.746
2018-11-16;21,86;22,00;21,50;21,77;5.974.017
2018-11-19;21,93;22,22;21,60;21,68;3.828.518
2018-11-20;21,41;21,48;20,41;20,68;6.115.264
2018-11-21;20,85;21,19;20,71;21,08;4.571.983
2018-11-22;21,03;21,12;20,46;20,58;3.614.205
2018-11-23;20,50;20,75;19,76;19,94;5.461.227
2018-11-26;20,07;20,31;19,78;20,31;5.246.337
2018-11-27;20,11;20,13;19,37;19,58;6.533.578
2018-11-28;19,74;19,87;19,50;19,67;5.513.302
2018-11-29;20,45;20,50;19,80;20,06;6.811.162
2018-11-30;20,14;20,17;19,59;20,02;6.418.025
2018-12-03;21,60;21,73;20,82;20,82;8.145.603
2018-12-04;20,75;20,82;20,22;20,44;4.674.718
2018-12-05;20,15;20,24;19,82;20,14;4.110.949
2018-12-06;19,78;19,81;18,90;18,96;8.056.242
2018-12-07;19,19;19,80;18,99;19,30;6.444.253
2018-12-10;18,90;19,10;18,51;18,57;6.035.109
2018-12-11;19,06;19,45;18,84;19,20;5.746.426
2018-12-12;19,28;19,82;19,17;19,72;5.327.685
2018-12-13;19,75;19,98;19,50;19,54;4.219.975
2018-12-14;19,31;19,49;18,86;19,42;4.707.769
2018-12-17;19,30;19,65;19,07;19,42;3.872.786
2018-12-18;19,00;19,56;18,96;19,08;5.027.519
2018-12-19;19,20;19,56;19,17;19,44;5.564.742
2018-12-20;18,68;18,96;18,59;18,61;7.060.766
2018-12-21;18,54;18,63;18,28;18,46;8.474.109
2018-12-24;18,18;18,40;17,97;17,97;1.504.178
2018-12-27;18,50;18,56;17,62;17,80;4.819.328
2018-12-28;18,01;18,25;17,89;17,99;3.097.606
2018-12-31;18,18;18,37;18,00;18,14;1.442.201
2019-01-02;17,90;17,90;17,06;17,70;7.293.409
2019-01-03;17,48;17,64;17,23;17,32;4.655.589
2019-01-04;17,64;18,57;17,52;18,46;6.781.200
2019-01-07;18,90;19,09;18,56;18,76;3.921.184
2019-01-08;18,83;19,49;18,82;19,19;5.695.850
2019-01-09;19,50;20,15;19,41;19,63;6.897.930
2019-01-10;19,33;19,44;19,03;19,41;3.666.519
2019-01-11;19,50;19,53;19,03;19,17;3.621.429
2019-01-14;18,94;19,46;18,75;19,31;3.835.172
2019-01-15;19,55;19,88;19,03;19,21;4.659.887
2019-01-16;19,20;19,35;19,01;19,28;3.337.746
2019-01-17;19,10;19,38;18,91;19,34;3.917.833
2019-01-18;19,60;20,10;19,60;20,01;6.070.264
2019-01-21;20,21;20,25;19,82;19,85;2.758.424
2019-01-22;19,58;19,67;18,87;18,94;5.260.203
2019-01-23;18,88;19,08;18,58;18,67;4.783.357
2019-01-24;18,65;19,03;18,61;18,99;3.417.344
2019-01-25;19,18;20,10;19,15;20,04;6.536.596
2019-01-28;20,00;20,47;19,91;20,15;5.523.743
2019-01-29;20,10;20,34;19,90;19,97;3.955.467
2019-01-30;20,24;20,50;20,13;20,29;4.434.498
2019-01-31;20,10;20,58;19,92;20,20;5.392.240
2019-02-01;20,45;20,94;20,26;20,90;6.050.940
2019-02-04;20,75;20,76;20,33;20,66;5.208.847
2019-02-05;20,85;20,94;20,42;20,62;5.503.389
2019-02-06;20,60;21,29;20,45;21,27;5.934.960
2019-02-07;21,25;21,78;20,25;20,25;8.272.120
2019-02-08;20,10;20,18;19,00;19,25;12.160.449
2019-02-11;19,50;19,72;18,91;19,03;6.558.850
2019-02-12;19,40;19,41;19,11;19,22;4.620.071
2019-02-13;19,39;20,06;19,32;19,93;5.268.217
2019-02-14;20,10;20,18;19,45;19,49;5.855.884
2019-02-15;19,34;20,48;19,24;20,15;8.082.873
2019-02-18;20,36;20,42;19,91;20,04;3.530.541
2019-02-19;20,03;20,10;19,74;19,83;4.434.247
2019-02-20;19,94;20,39;19,59;20,30;6.872.259
2019-02-21;20,40;20,56;20,15;20,28;4.086.925
2019-02-22;20,37;21,05;20,35;20,51;5.761.590
2019-02-25;20,89;21,13;20,73;20,85;5.709.225
2019-02-26;20,80;20,80;20,48;20,61;4.006.203
2019-02-27;20,44;20,62;20,29;20,46;4.626.152
2019-02-28;20,30;20,42;20,06;20,21;4.084.298
2019-03-01;20,30;20,66;20,30;20,32;3.528.050
2019-03-04;20,60;20,66;20,35;20,35;3.128.043
2019-03-05;20,20;20,30;19,93;20,06;3.697.497
2019-03-06;19,92;20,05;19,80;19,96;3.754.847
2019-03-07;19,75;19,75;19,10;19,38;5.949.913
2019-03-08;19,09;19,09;18,61;18,71;7.080.277
2019-03-11;18,79;18,99;18,50;18,97;3.883.444
2019-03-12;19,28;19,40;18,96;19,25;6.474.436
2019-03-13;19,15;19,36;19,10;19,32;3.881.401
2019-03-14;19,22;19,53;18,85;18,85;5.529.912
2019-03-15;18,95;19,13;18,84;19,13;7.427.565
2019-03-18;19,26;19,72;19,20;19,55;6.179.889
2019-03-19;19,67;20,09;19,45;19,91;5.116.158
2019-03-20;19,65;19,77;19,35;19,35;5.025.707
2019-03-21;19,58;19,75;19,33;19,42;5.114.762
2019-03-22;19,40;19,50;18,30;18,37;8.322.915
2019-03-25;18,20;18,33;17,82;18,22;5.311.073
2019-03-26;18,01;18,24;17,84;17,94;4.875.972
2019-03-27;18,04;18,17;17,80;17,95;4.668.934
2019-03-28;18,00;18,08;17,73;17,73;4.283.543
2019-03-29;18,08;18,31;17,97;18,06;5.082.673
2019-04-01;18,50;19,17;18,45;19,10;6.459.963
2019-04-02;19,21;19,51;19,16;19,32;5.122.634
2019-04-03;19,64;20,31;19,61;19,83;7.366.697
2019-04-04;19,75;19,88;19,44;19,77;3.831.343
2019-04-05;19,87;20,21;19,84;20,00;4.237.195
2019-04-08;20,00;20,20;19,76;19,84;3.206.041
2019-04-09;19,88;20,07;19,62;19,66;4.459.683
2019-04-10;19,52;19,89;19,50;19,70;4.590.546
2019-04-11;19,75;19,84;19,52;19,60;3.544.808
2019-04-12;19,51;20,30;19,24;20,06;6.072.321
2019-04-15;20,14;20,32;19,96;20,14;3.771.895
2019-04-16;20,23;20,47;20,20;20,44;3.535.216
2019-04-17;20,48;21,44;20,44;21,29;7.801.345
2019-04-18;21,05;21,43;20,56;21,04;8.073.873
2019-04-23;20,83;20,95;20,41;20,45;5.121.647
2019-04-24;20,41;20,49;20,01;20,16;3.937.295
2019-04-25;19,96;20,10;19,57;19,80;5.971.776
2019-04-26;19,64;19,64;19,35;19,40;4.920.594
2019-04-29;19,42;19,65;19,35;19,58;3.726.726
2019-04-30;19,53;19,55;19,17;19,33;5.048.632
2019-05-02;19,15;19,17;18,62;18,62;6.292.206
2019-05-03;18,58;18,95;18,52;18,82;4.448.595
2019-05-06;18,18;18,40;17,74;18,37;6.842.597
2019-05-07;18,32;18,33;17,65;17,81;5.924.276
2019-05-08;17,80;18,01;17,44;17,77;5.662.096
2019-05-09;17,10;17,25;16,57;16,69;8.708.271
2019-05-10;16,99;17,03;16,19;16,24;8.663.175
2019-05-13;16,24;16,26;15,35;15,40;8.698.796
2019-05-14;15,40;15,53;15,19;15,38;6.831.954
2019-05-15;15,49;15,60;14,74;15,30;10.481.076
2019-05-16;15,21;15,31;14,84;15,21;6.811.306
2019-05-17;15,00;15,14;14,50;14,62;8.657.046
2019-05-20;14,75;14,77;14,22;14,43;5.429.228
2019-05-21;14,55;14,95;14,50;14,95;6.548.872
2019-05-22;14,97;15,00;14,63;14,66;4.260.786
2019-05-23;14,40;14,46;13,95;14,01;7.223.874
2019-05-24;14,23;14,33;14,06;14,14;5.395.599
2019-05-27;14,30;14,48;14,15;14,24;2.371.905
2019-05-28;14,22;14,45;14,01;14,12;6.168.779
2019-05-29;13,16;13,67;13,10;13,54;9.754.372
2019-05-30;13,76;13,87;13,51;13,52;4.934.299
2019-05-31;13,25;13,34;13,13;13,26;5.884.577
2019-06-03;13,10;13,40;12,90;13,32;6.868.385
2019-06-04;13,32;13,94;13,23;13,86;8.779.673
2019-06-05;14,06;14,10;13,38;13,51;7.224.356
2019-06-06;13,46;13,65;13,15;13,27;5.966.377
2019-06-07;13,35;13,59;13,31;13,48;4.982.021
2019-06-10;13,74;14,20;13,70;14,09;4.631.268
2019-06-11;14,31;15,18;14,23;15,01;10.913.431
2019-06-12;15,06;15,18;14,49;14,59;8.613.937
2019-06-13;14,47;14,97;14,23;14,93;6.075.713
2019-06-14;14,92;14,96;14,45;14,57;4.869.748
2019-06-17;14,53;14,58;14,17;14,37;4.345.299
2019-06-18;14,30;15,39;14,16;15,28;8.690.192
2019-06-19;15,34;15,75;15,20;15,31;8.146.290
2019-06-20;15,62;15,73;15,26;15,30;6.445.677
2019-06-21;15,29;15,45;15,10;15,25;7.522.187
2019-06-24;15,25;15,44;14,94;14,95;4.048.807
2019-06-25;14,72;15,21;14,57;14,99;4.714.182
2019-06-26;15,18;15,98;15,09;15,71;8.597.635
2019-06-27;16,00;16,24;15,75;15,76;6.138.635
2019-06-28;15,79;15,82;15,59;15,74;5.482.603
2019-07-01;16,32;16,48;15,94;15,94;5.585.019
2019-07-02;15,94;16,05;15,34;15,60;4.923.109
2019-07-03;15,50;15,62;15,35;15,46;3.698.136
2019-07-04;15,47;15,86;15,41;15,61;2.973.334
2019-07-05;15,59;15,59;15,06;15,21;5.860.064
2019-07-08;15,25;15,74;15,18;15,41;5.247.457
2019-07-09;15,03;15,09;14,46;14,56;6.970.991
2019-07-10;14,65;14,94;14,63;14,65;5.766.064
2019-07-11;14,74;14,82;14,37;14,42;4.401.244
2019-07-12;14,50;14,94;14,43;14,78;5.680.130
2019-07-15;14,96;15,21;14,91;15,01;4.582.103
2019-07-16;15,05;15,61;15,03;15,61;6.051.753
2019-07-17;15,37;15,51;14,95;15,09;6.511.766
2019-07-18;14,94;14,98;14,70;14,70;5.028.973
2019-07-19;14,86;14,96;14,53;14,84;6.275.244
2019-07-22;14,90;15,48;14,88;15,21;6.223.360
2019-07-23;15,47;16,12;15,47;15,89;9.485.336
2019-07-24;15,91;16,00;15,57;15,68;5.012.767
2019-07-25;15,88;16,04;15,25;15,41;6.385.844
2019-07-26;15,45;15,45;15,06;15,18;4.196.969
2019-07-29;15,15;15,20;14,97;15,07;3.602.868
2019-07-30;15,08;15,20;14,47;14,63;4.832.799
2019-07-31;14,76;14,95;14,52;14,52;6.063.034
2019-08-01;14,36;14,94;13,90;14,30;7.990.672
2019-08-02;13,55;13,68;13,16;13,35;12.447.024
2019-08-05;12,99;13,00;12,59;12,76;9.340.812
2019-08-06;12,82;12,93;12,50;12,50;6.511.563
2019-08-07;12,60;12,73;12,23;12,40;6.297.468
2019-08-08;12,69;12,98;12,55;12,98;6.993.639
2019-08-09;12,92;12,98;12,04;12,04;8.833.652
2019-08-12;12,23;12,35;11,80;11,83;6.665.771
2019-08-13;11,80;12,69;11,65;12,48;9.484.802
2019-08-14;12,42;12,43;11,43;11,50;10.938.971
2019-08-15;11,55;11,67;11,20;11,44;8.118.546
2019-08-16;11,61;11,78;11,48;11,78;5.947.151
2019-08-19;11,99;12,34;11,94;12,20;7.078.607
2019-08-20;12,08;12,17;11,87;11,94;5.687.255
2019-08-21;12,05;12,32;12,04;12,14;4.921.708
2019-08-22;12,12;12,69;11,89;12,49;7.025.937
2019-08-23;12,61;12,74;12,12;12,21;7.303.879
2019-08-26;12,03;12,57;12,02;12,40;5.712.404
2019-08-27;12,40;12,59;12,27;12,41;6.089.580
2019-08-28;12,40;12,44;12,08;12,39;4.794.589
2019-08-29;12,30;12,96;12,21;12,87;8.595.222
2019-08-30;12,88;13,21;12,84;13,09;7.561.215
2019-09-02;13,15;13,30;12,77;12,88;4.806.826
2019-09-03;12,89;12,97;12,62;12,70;6.131.006
2019-09-04;13,00;13,44;12,91;13,44;7.302.272
2019-09-05;13,64;14,06;13,62;13,86;8.770.129
2019-09-06;13,91;14,03;13,65;13,88;6.550.589
2019-09-09;13,90;14,30;13,77;14,27;6.303.198
2019-09-10;14,35;14,79;14,24;14,76;8.584.201
2019-09-11;15,10;15,25;14,88;15,12;9.682.885
2019-09-12;15,25;15,42;14,77;15,04;11.633.676
2019-09-13;15,00;15,65;15,00;15,61;8.128.483
2019-09-16;15,37;15,49;15,10;15,24;6.727.662
2019-09-17;15,15;15,18;14,52;14,71;9.231.256
2019-09-18;14,79;15,02;14,56;14,77;5.262.245
2019-09-19;14,39;14,49;14,04;14,07;10.381.726
2019-09-20;14,02;14,04;13,68;13,83;10.884.925
2019-09-23;13,60;13,61;12,90;13,01;11.592.429
2019-09-24;13,08;13,17;12,76;12,78;8.161.260
2019-09-25;12,75;13,12;12,43;13,12;9.570.702
2019-09-26;13,15;13,28;12,65;12,67;8.773.486
2019-09-27;12,79;13,06;12,75;13,01;6.286.822
2019-09-30;13,06;13,12;12,79;12,91;4.589.709
2019-10-01;13,10;13,23;12,67;12,74;7.319.381
2019-10-02;12,60;12,66;11,95;11,95;10.971.638
2019-10-03;12,05;12,08;11,56;11,79;8.921.604
2019-10-04;11,70;11,86;11,52;11,84;7.608.080
2019-10-07;11,81;12,21;11,57;12,18;6.203.693
2019-10-08;12,24;12,34;11,69;11,80;7.047.854
2019-10-09;11,80;12,16;11,74;11,96;7.213.176
2019-10-10;12,02;12,71;12,01;12,71;10.621.501
2019-10-11;12,85;13,50;12,76;13,45;11.992.367
2019-10-14;13,44;13,44;12,62;13,11;10.323.059
2019-10-15;13,15;13,32;12,98;13,19;6.868.623
2019-10-16;13,07;13,26;12,81;13,08;8.081.331
2019-10-17;12,87;13,48;12,83;13,06;8.858.880
2019-10-18;12,92;13,35;12,79;13,19;8.155.386
2019-10-21;13,12;13,81;13,10;13,54;8.928.506
2019-10-22;13,61;13,83;13,22;13,39;6.775.625
2019-10-23;13,24;13,86;13,12;13,63;8.741.580
2019-10-24;13,70;13,92;13,43;13,56;6.255.417
2019-10-25;13,65;14,08;13,60;14,05;7.793.596
2019-10-28;14,13;14,38;14,11;14,28;6.715.765
2019-10-29;14,31;14,34;14,06;14,20;5.445.146
2019-10-30;14,17;14,24;13,56;13,70;6.681.993
2019-10-31;13,68;13,69;12,89;13,23;10.433.815
2019-11-01;13,37;14,11;13,35;14,03;8.827.207
2019-11-04;14,13;14,67;14,13;14,58;11.098.437
2019-11-05;14,57;15,00;14,50;14,90;11.189.237
2019-11-06;14,90;15,05;14,43;14,52;8.179.084
2019-11-07;15,50;15,78;15,19;15,50;14.188.175
2019-11-08;15,50;15,77;15,22;15,48;9.801.603
2019-11-11;15,30;15,61;15,08;15,51;6.766.249
2019-11-12;15,67;15,83;15,50;15,58;6.644.393
2019-11-13;15,41;15,45;14,97;15,21;6.983.087
2019-11-14;15,03;15,11;14,77;14,78;7.912.834
2019-11-15;15,04;15,24;14,92;15,16;6.448.080
2019-11-18;15,20;15,28;14,56;14,66;7.668.978
2019-11-19;14,75;15,04;14,71;14,77;7.004.123
2019-11-20;14,66;14,87;14,32;14,84;6.644.745
2019-11-21;14,54;14,63;14,31;14,44;6.758.795
2019-11-22;14,50;15,42;14,48;15,40;13.087.081
2019-11-25;15,63;15,88;15,63;15,84;7.317.484
2019-11-26;15,85;15,95;15,62;15,91;7.043.418
2019-11-27;15,98;16,03;15,66;15,67;4.973.509
2019-11-28;15,65;15,65;15,41;15,60;2.952.008
2019-11-29;15,46;15,74;15,35;15,53;2.942.224
2019-12-02;15,70;15,93;15,27;15,28;6.480.854
2019-12-03;15,28;15,37;14,61;14,77;7.331.095
2019-12-04;14,77;15,35;14,77;15,33;6.101.866
2019-12-05;15,40;15,86;15,37;15,55;7.907.444
2019-12-06;15,74;16,10;15,56;16,10;8.080.148
2019-12-09;16,12;16,28;16,09;16,12;4.838.990
2019-12-10;16,03;16,03;15,57;15,83;5.698.465
2019-12-11;15,85;15,92;15,59;15,78;4.767.317
2019-12-12;15,91;16,38;15,59;16,33;8.979.729
2019-12-13;16,99;17,24;16,28;16,28;12.970.146
2019-12-16;16,51;16,92;16,38;16,66;8.123.023
2019-12-17;16,50;16,60;16,22;16,36;5.608.407
2019-12-18;16,35;16,46;16,18;16,45;4.760.974
2019-12-19;16,50;16,52;16,25;16,52;4.798.764
2019-12-20;16,42;16,54;16,16;16,17;8.267.099
2019-12-23;16,06;16,25;15,84;15,95;3.640.799
2019-12-24;16,01;16,06;15,89;15,91;1.016.383
2019-12-27;16,10;16,21;15,65;15,70;4.832.550
2019-12-30;15,57;15,86;15,54;15,68;3.331.350
2019-12-31;15,60;15,65;15,50;15,64;1.911.345
2020-01-02;15,81;16,12;15,80;15,83;5.265.834
2020-01-03;15,58;15,59;15,24;15,26;6.648.516
2020-01-06;14,99;15,06;14,71;15,01;6.322.732
2020-01-07;15,06;15,23;14,94;15,06;5.224.756
2020-01-08;14,94;15,30;14,86;15,24;6.134.375
2020-01-09;15,50;15,57;15,18;15,20;5.573.048
2020-01-10;15,20;15,22;14,88;14,92;5.186.859
2020-01-13;14,88;15,26;14,80;15,22;5.896.250
2020-01-14;15,30;15,41;15,11;15,13;5.785.173
2020-01-15;15,12;15,28;14,61;14,68;5.847.149
2020-01-16;14,74;14,88;14,58;14,65;4.665.893
2020-01-17;14,80;15,01;14,64;14,64;4.827.758
2020-01-20;14,65;14,79;14,54;14,60;2.207.366
2020-01-21;14,45;14,46;14,16;14,22;5.083.474
2020-01-22;14,30;14,36;14,08;14,25;4.186.288
2020-01-23;14,15;14,47;13,86;13,98;7.187.009
2020-01-24;14,24;14,38;14,06;14,10;5.093.833
2020-01-27;13,55;13,77;13,40;13,58;7.927.060
2020-01-28;13,70;14,05;13,39;13,95;6.842.015
2020-01-29;14,19;14,20;13,96;14,02;5.224.055
2020-01-30;13,39;13,87;13,38;13,60;5.622.187
2020-01-31;13,83;13,86;13,28;13,36;6.310.630
2020-02-03;13,36;13,52;13,22;13,39;5.136.797
2020-02-04;13,59;14,21;13,58;14,11;7.124.651
2020-02-05;14,09;14,62;14,04;14,33;8.970.328
2020-02-06;15,64;16,21;15,51;15,91;17.728.468
2020-02-07;15,93;16,35;15,71;16,35;9.024.699
2020-02-10;16,30;16,78;16,17;16,38;8.313.607
2020-02-11;16,68;16,85;16,45;16,59;7.545.828
2020-02-12;16,60;16,78;16,30;16,45;5.667.821
2020-02-13;16,18;16,36;15,93;16,30;4.585.391
2020-02-14;16,21;16,30;15,99;16,02;3.684.473
2020-02-17;16,07;16,21;15,92;15,97;2.521.496
2020-02-18;15,70;15,81;15,50;15,52;4.967.131
2020-02-19;15,65;15,79;15,23;15,48;4.657.686
2020-02-20;15,50;15,64;15,33;15,33;3.874.702
2020-02-21;15,25;15,34;14,86;15,00;6.313.274
2020-02-24;14,35;14,44;13,43;13,99;12.122.691
2020-02-25;14,14;14,15;13,69;13,81;7.941.870
2020-02-26;13,57;14,04;13,52;13,91;7.693.259
2020-02-27;13,45;13,57;12,87;13,22;11.678.719
2020-02-28;12,61;12,95;12,41;12,84;12.673.858
2020-03-02;13,50;13,69;12,42;12,82;9.582.768
2020-03-03;13,14;13,43;12,87;12,90;10.421.490
2020-03-04;13,07;13,42;12,90;13,06;7.493.884
2020-03-05;13,23;13,25;12,16;12,21;8.810.695
2020-03-06;11,92;12,08;11,45;11,56;10.257.485
2020-03-09;10,10;10,38;9,41;9,54;16.333.504
2020-03-10;9,72;10,26;9,27;9,29;14.117.183
2020-03-11;9,51;9,93;9,08;9,25;11.130.481
2020-03-12;8,56;8,74;7,54;7,54;14.201.327
2020-03-13;8,05;8,63;7,33;8,03;14.885.242
2020-03-16;7,53;7,54;6,76;7,19;12.641.300
2020-03-17;7,72;7,75;6,69;7,17;12.434.800
2020-03-18;6,86;6,98;6,31;6,46;10.953.269
2020-03-19;6,58;6,73;5,98;6,53;13.041.679
2020-03-20;6,92;7,54;6,68;7,53;15.937.946
2020-03-23;7,10;7,60;6,93;7,22;15.640.973
2020-03-24;7,60;8,54;7,50;8,54;14.074.204
2020-03-25;9,00;9,30;8,21;8,79;12.797.554
2020-03-26;8,50;8,84;8,39;8,70;9.243.879
2020-03-27;8,45;8,70;8,18;8,34;7.348.888
2020-03-30;8,18;8,31;7,74;7,98;7.422.066
2020-03-31;8,18;8,66;8,03;8,66;9.071.106
2020-04-01;8,23;8,40;7,99;8,04;7.265.836
2020-04-02;8,07;8,29;7,64;8,07;8.166.890
2020-04-03;7,98;8,03;7,81;7,85;4.883.820
2020-04-06;8,30;8,74;8,26;8,64;8.441.756
2020-04-07;9,20;9,71;9,08;9,54;10.104.255
2020-04-08;9,36;9,49;9,16;9,42;7.703.407
2020-04-09;9,70;9,85;9,19;9,58;8.247.839
2020-04-14;9,66;9,74;9,27;9,31;5.463.523
2020-04-15;9,23;9,27;8,50;8,51;8.711.750
2020-04-16;8,56;8,74;8,35;8,44;5.964.267
2020-04-17;8,88;8,94;8,64;8,88;6.106.007
2020-04-20;8,95;9,11;8,53;8,84;5.408.365
2020-04-21;8,58;8,62;8,31;8,33;4.623.620
2020-04-22;8,42;8,82;8,21;8,80;3.937.398
2020-04-23;8,88;9,39;8,85;9,32;5.652.614
2020-04-24;9,06;9,31;8,89;8,95;5.357.273
2020-04-27;9,28;9,32;8,91;9,24;4.419.828
2020-04-28;9,30;9,75;9,21;9,54;6.662.243
2020-04-29;9,64;10,75;9,55;10,75;8.310.916
2020-04-30;10,75;10,80;9,92;10,00;10.053.837
2020-05-04;9,41;9,67;9,19;9,50;7.665.163
2020-05-05;9,90;10,11;9,72;9,97;5.627.502
2020-05-06;9,81;10,00;9,55;9,56;4.700.405
2020-05-07;10,00;10,37;9,72;10,21;7.469.058
2020-05-08;10,40;10,55;10,16;10,29;2.924.871
2020-05-11;10,33;10,49;8,63;8,63;21.895.189
2020-05-12;8,55;8,57;7,96;8,15;27.298.191
2020-05-13;7,90;7,90;7,48;7,50;19.822.891
2020-05-14;7,25;7,69;6,98;7,60;18.454.185
2020-05-15;7,84;8,02;7,64;7,91;15.057.025
2020-05-18;8,08;8,62;8,07;8,48;21.213.395
2020-05-19;8,63;8,72;8,28;8,59;13.690.209
2020-05-20;8,44;8,65;8,18;8,62;9.214.713
2020-05-21;8,45;8,64;8,28;8,35;7.296.756
2020-05-22;8,10;8,44;8,00;8,22;8.538.385
2020-05-25;8,35;8,40;8,15;8,30;5.465.476
2020-05-26;8,45;8,76;8,41;8,73;8.906.127
2020-05-27;8,75;9,13;8,65;8,82;12.101.348
2020-05-28;9,14;9,26;8,80;8,95;9.365.922
2020-05-29;8,80;9,04;8,52;8,61;11.884.249
2020-06-01;8,90;9,12;8,78;9,02;7.883.660
2020-06-02;9,11;9,46;9,05;9,41;9.525.797
2020-06-03;9,65;10,04;9,55;9,90;12.880.390
2020-06-04;9,74;10,22;9,55;10,04;11.649.727
2020-06-05;10,25;10,51;10,16;10,45;15.453.455
2020-06-08;10,32;11,09;10,25;10,30;13.524.545
2020-06-09;10,47;10,66;9,57;10,04;13.621.612
2020-06-10;10,14;10,39;9,57;9,67;10.335.658
2020-06-11;9,45;9,54;9,11;9,12;11.562.925
2020-06-12;8,90;9,76;8,82;9,53;10.923.058
2020-06-15;9,20;9,44;8,95;9,35;7.741.408
2020-06-16;9,87;10,17;9,70;10,00;14.233.171
2020-06-17;9,99;10,26;9,85;9,96;8.938.105
2020-06-18;9,79;9,88;9,32;9,39;10.588.944
2020-06-19;9,51;9,66;9,32;9,32;10.994.166
2020-06-22;9,32;9,59;9,10;9,31;6.989.339
2020-06-23;9,54;9,87;9,44;9,77;7.746.164
2020-06-24;9,65;9,80;9,02;9,02;9.011.846
2020-06-25;9,00;9,30;8,87;9,20;8.410.599
2020-06-26;9,41;9,44;8,99;8,99;6.856.375
2020-06-29;8,98;9,41;8,91;9,33;6.048.028
2020-06-30;9,41;9,51;9,09;9,37;8.326.863
2020-07-01;9,45;9,78;9,31;9,32;7.859.266
2020-07-02;9,45;10,00;9,40;9,83;10.761.540
2020-07-03;9,85;9,97;9,58;9,71;3.907.377
2020-07-06;10,00;10,28;9,90;10,09;7.073.303
2020-07-07;10,09;10,22;9,93;10,15;5.319.950
2020-07-08;10,02;10,14;9,85;9,91;5.362.610
2020-07-09;10,05;10,10;9,57;9,59;5.542.723
2020-07-10;9,45;9,90;9,38;9,90;5.735.777
2020-07-13;10,13;10,50;10,12;10,38;7.102.247
2020-07-14;10,14;10,29;9,96;10,20;7.033.654
2020-07-15;10,45;10,63;10,33;10,40;7.084.632
2020-07-16;10,32;10,44;10,25;10,36;4.073.697
2020-07-17;10,28;10,35;10,03;10,18;5.410.219
2020-07-20;10,10;10,20;9,96;10,18;3.902.313
2020-07-21;10,37;10,54;10,06;10,10;5.795.379
2020-07-22;10,16;10,21;9,77;9,85;6.587.187
2020-07-23;9,90;10,14;9,90;10,10;4.827.854
2020-07-24;9,81;9,96;9,70;9,88;5.665.433
2020-07-27;9,86;9,94;9,71;9,80;5.874.502
2020-07-28;9,82;9,96;9,70;9,70;5.128.739
2020-07-29;9,55;9,68;9,50;9,63;5.278.062
2020-07-30;10,01;10,05;9,08;9,16;8.068.730
2020-07-31;9,31;9,60;9,30;9,34;7.437.126
2020-08-03;9,35;9,66;9,27;9,60;6.812.655
2020-08-04;9,68;9,89;9,54;9,68;5.465.388
2020-08-05;9,77;10,24;9,76;10,22;6.936.756
2020-08-06;10,11;10,31;10,03;10,09;4.503.329
2020-08-07;10,01;10,02;9,70;9,82;6.483.251
2020-08-10;10,00;10,34;9,91;10,29;6.581.291
2020-08-11;10,42;10,76;10,41;10,72;6.892.545
2020-08-12;10,53;10,76;10,50;10,63;5.487.776
2020-08-13;10,60;10,60;10,24;10,24;5.030.573
2020-08-14;10,22;10,22;9,87;10,06;5.600.709
2020-08-17;10,06;10,24;10,05;10,13;3.332.493
2020-08-18;10,06;10,34;9,95;10,08;3.720.735
2020-08-19;10,05;10,18;9,97;10,15;3.328.697
2020-08-20;9,87;9,90;9,73;9,74;6.714.637
2020-08-21;9,82;9,90;9,63;9,71;5.180.545
2020-08-24;9,78;10,06;9,77;10,06;5.429.987
2020-08-25;10,17;10,43;9,89;9,89;4.963.891
2020-08-26;9,91;10,32;9,88;10,32;5.121.469
2020-08-27;10,29;10,46;10,18;10,18;4.765.688
2020-08-28;10,31;10,54;10,16;10,48;5.909.660
2020-09-01;10,77;10,81;10,23;10,49;5.774.699
2020-09-02;10,65;10,94;10,61;10,84;5.891.406
2020-09-03;10,95;11,17;10,42;10,51;6.223.113
2020-09-04;10,50;10,91;10,42;10,75;6.372.406
2020-09-07;10,90;10,98;10,68;10,69;3.814.734
2020-09-08;10,71;10,81;10,33;10,55;4.918.522
2020-09-09;10,52;10,94;10,42;10,92;4.808.764
2020-09-10;10,95;10,99;10,68;10,81;4.102.908
2020-09-11;10,74;10,85;10,56;10,76;4.185.502
2020-09-14;10,89;10,90;10,66;10,79;2.999.041
2020-09-15;10,84;10,89;10,67;10,88;4.956.959
2020-09-16;10,85;11,10;10,75;11,10;4.896.946
2020-09-17;11,00;11,52;10,92;11,46;8.608.793
2020-09-18;11,60;11,70;11,31;11,53;11.891.893
2020-09-21;11,42;11,45;10,55;10,57;8.456.482
2020-09-22;10,69;10,94;10,50;10,53;6.262.832
2020-09-23;10,67;10,94;10,52;10,52;5.674.464
2020-09-24;10,27;10,60;10,15;10,38;5.407.141
2020-09-25;10,44;10,46;10,17;10,31;4.496.266
2020-09-28;11,03;11,48;10,86;11,44;12.560.499
2020-10-01;11,50;11,73;11,36;11,61;6.786.613
2020-10-02;11,44;11,67;11,33;11,56;6.763.207
2020-10-05;11,75;11,89;11,65;11,87;5.422.863
2020-10-06;11,90;12,00;11,78;11,94;5.248.096
2020-10-07;11,80;12,34;11,77;12,29;7.205.964
2020-10-08;12,39;12,45;12,06;12,31;7.027.406
2020-10-09;12,37;12,51;12,07;12,13;6.856.157
2020-10-12;12,11;12,20;11,96;12,02;5.349.856
2020-10-13;12,01;12,06;11,72;11,77;7.409.377
2020-10-14;11,76;12,16;11,69;12,07;7.124.994
2020-10-15;11,83;11,85;11,61;11,80;8.176.045
2020-10-16;12,04;12,31;11,94;12,22;8.028.189
2020-10-19;12,34;12,41;12,00;12,33;3.273.045
2020-10-20;12,14;12,46;11,96;12,31;8.277.841
2020-10-21;12,39;12,55;12,18;12,33;6.604.038
2020-10-22;12,27;12,49;12,18;12,45;8.289.552
2020-10-23;12,42;12,60;12,26;12,45;7.509.871
2020-11-02;11,68;12,05;11,55;11,98;5.604.003
2020-11-03;12,22;12,54;12,15;12,25;5.701.460
2020-11-04;12,10;12,56;11,86;12,56;9.385.558
2020-11-05;12,40;12,78;12,09;12,31;8.979.750
2020-11-06;12,31;12,81;12,28;12,61;7.662.812
2020-11-09;12,95;13,97;12,86;13,58;13.243.061
2020-11-10;13,56;13,84;13,32;13,44;9.585.583
2020-11-11;13,38;13,59;13,16;13,31;4.783.114
2020-11-12;13,11;13,46;13,00;13,37;5.675.213
2020-11-13;13,21;13,67;13,20;13,50;5.066.510
2020-11-16;13,82;14,32;13,68;14,16;9.625.828
2020-11-17;14,11;14,28;13,78;13,88;5.967.267
2020-11-18;13,91;14,11;13,74;14,07;5.631.718
2020-11-19;13,80;13,94;13,64;13,75;4.841.375
2020-11-20;13,80;14,12;13,77;13,88;5.974.576
2020-11-23;14,12;14,54;14,10;14,36;7.800.309
2020-11-24;14,68;15,36;14,63;15,36;11.125.368
2020-11-25;15,49;15,64;15,24;15,49;8.373.355
2020-11-26;15,50;15,58;15,25;15,29;3.594.735
2020-11-27;15,36;15,59;15,23;15,29;4.391.620
2020-11-30;15,29;15,48;15,13;15,35;9.931.387
2020-12-01;15,48;16,27;15,37;16,27;9.655.008
2020-12-02;16,08;16,44;15,93;16,36;8.126.844
2020-12-03;16,46;16,96;16,27;16,96;8.114.353
2020-12-04;16,95;17,47;16,92;17,47;8.224.115
2020-12-07;17,49;17,85;17,34;17,45;7.071.259
2020-12-08;17,30;17,34;16,77;17,22;6.727.705
2020-12-09;17,42;17,61;17,19;17,36;6.464.028
2020-12-10;17,50;17,66;17,24;17,45;6.289.451
2020-12-11;17,61;17,63;17,13;17,20;6.609.001
2020-12-14;17,40;17,70;17,29;17,39;5.943.982
2020-12-15;17,61;18,69;17,50;18,65;8.824.966
2020-12-16;19,02;19,37;18,83;18,89;9.981.527
2020-12-17;19,20;19,60;19,08;19,25;7.248.906
2020-12-18;19,06;19,40;18,78;18,78;10.190.214
2020-12-21;18,24;18,65;17,69;18,65;9.308.125
2020-12-22;18,68;19,23;18,65;18,98;5.217.780
2020-12-23;19,02;19,28;19,00;19,19;3.807.844
2020-12-24;19,27;19,30;19,01;19,01;995.761
2020-12-28;19,20;19,45;19,03;19,07;2.979.082
2020-12-29;19,13;19,25;18,70;18,97;4.091.207
2020-12-30;18,87;19,29;18,83;19,16;3.663.830
2020-12-31;19,02;19,08;18,81;18,88;1.479.485
2021-01-04;19,18;20,20;19,18;19,71;8.243.391
2021-01-05;19,53;19,76;19,33;19,75;6.228.963
2021-01-06;20,16;20,34;19,76;20,26;7.872.182
2021-01-07;20,34;20,99;20,16;20,79;7.008.743
