2014-01-02;68,59;68,97;67,47;67,76;1.206.949
2014-01-03;67,70;68,17;67,25;67,75;627.750
2014-01-06;67,40;67,54;65,99;66,05;1.064.561
2014-01-07;65,80;65,90;65,17;65,52;1.520.073
2014-01-08;65,75;65,85;65,52;65,70;1.425.300
2014-01-09;67,13;67,74;66,08;66,38;2.105.556
2014-01-10;66,52;66,84;66,02;66,26;969.058
2014-01-13;66,59;66,64;65,88;66,44;631.326
2014-01-14;65,00;66,65;64,45;66,56;1.629.948
2014-01-15;66,87;66,87;65,64;65,76;1.788.486
2014-01-16;65,41;65,49;62,17;62,78;3.965.783
2014-01-17;62,40;62,69;61,37;62,05;2.982.199
2014-01-20;62,20;64,28;62,10;64,25;1.781.196
2014-01-21;64,00;64,02;62,58;63,10;2.167.100
2014-01-22;64,90;68,53;64,85;67,51;5.895.336
2014-01-23;66,50;67,04;64,31;64,49;3.766.240
2014-01-24;64,84;66,25;64,12;64,39;3.182.817
2014-01-27;64,55;64,98;64,07;64,52;1.738.248
2014-01-28;64,52;64,56;63,60;63,61;1.587.601
2014-01-29;63,94;64,71;62,20;63,29;2.056.165
2014-01-30;63,23;64,45;63,11;63,40;1.475.436
2014-01-31;62,88;62,98;61,65;62,98;1.881.631
2014-02-03;62,81;63,71;62,78;62,86;1.644.360
2014-02-04;62,62;62,82;62,05;62,53;1.483.924
2014-02-05;62,22;63,13;62,15;62,47;1.311.035
2014-02-06;63,04;64,00;62,73;63,74;1.422.877
2014-02-07;63,88;64,22;63,32;63,86;1.146.534
2014-02-10;64,00;64,46;63,75;64,01;998.079
2014-02-11;64,15;65,38;64,15;65,29;1.082.188
2014-02-12;65,37;65,55;64,76;64,94;1.316.203
2014-02-13;64,95;65,12;64,02;64,44;1.151.513
2014-02-14;64,57;65,44;64,50;64,85;1.333.800
2014-02-17;65,13;65,97;65,03;65,74;711.137
2014-02-18;65,96;65,96;64,75;65,09;1.316.331
2014-02-19;65,06;65,62;64,73;64,87;1.207.422
2014-02-20;64,56;64,98;64,23;64,66;1.206.816
2014-02-21;65,26;65,46;64,82;64,93;1.018.395
2014-02-24;64,96;65,52;64,84;65,52;867.023
2014-02-25;65,06;65,22;63,03;63,28;2.284.722
2014-02-26;63,28;64,10;63,11;63,31;1.595.391
2014-02-27;63,13;63,49;62,18;62,81;1.564.749
2014-02-28;63,07;63,49;62,76;63,05;1.279.623
2014-03-03;61,99;62,70;61,09;62,30;1.901.243
2014-03-04;63,15;64,87;63,07;64,78;2.256.125
2014-03-05;64,72;65,63;64,65;65,24;1.150.649
2014-03-06;65,30;66,15;64,81;65,97;1.152.972
2014-03-07;66,24;66,40;65,41;65,61;1.323.819
2014-03-10;65,66;65,99;64,88;65,42;1.110.812
2014-03-11;65,52;65,73;64,59;65,07;953.848
2014-03-12;64,64;65,91;64,17;65,33;1.522.017
2014-03-13;65,59;65,70;64,85;64,95;1.288.377
2014-03-14;64,35;64,81;63,86;64,61;1.602.710
2014-03-17;64,78;65,28;64,61;65,16;1.005.022
2014-03-18;65,04;65,65;64,64;65,60;1.069.190
2014-03-19;65,84;66,33;65,55;65,80;1.425.626
2014-03-20;65,68;66,95;65,27;66,95;1.780.084
2014-03-21;67,24;68,05;67,07;67,18;2.691.048
2014-03-24;67,56;67,56;65,79;65,87;1.557.775
2014-03-25;65,89;66,61;65,80;66,27;1.387.434
2014-03-26;66,70;67,71;66,37;67,54;1.539.486
2014-03-27;67,25;67,50;66,82;67,11;1.003.630
2014-03-28;67,45;67,63;66,71;67,15;916.310
2014-03-31;67,50;67,64;67,08;67,23;901.086
2014-04-01;67,82;67,90;67,42;67,70;1.090.727
2014-04-02;67,68;68,13;67,22;67,52;1.005.144
2014-04-03;67,73;67,88;67,15;67,55;1.006.492
2014-04-04;67,46;67,71;67,13;67,34;960.125
2014-04-07;66,40;66,50;65,86;66,13;1.170.859
2014-04-08;65,70;65,82;64,77;65,53;1.460.127
2014-04-09;65,10;66,22;65,10;65,94;1.217.499
2014-04-10;66,58;67,17;65,71;65,80;1.322.960
2014-04-11;64,77;64,79;63,08;63,53;2.183.935
2014-04-14;62,93;63,07;62,06;62,77;1.666.459
2014-04-15;62,76;63,19;61,69;61,75;1.633.010
2014-04-16;59,92;60,69;57,71;58,50;6.224.330
2014-04-17;59,27;59,50;58,59;59,08;3.053.937
2014-04-22;59,42;59,58;59,13;59,52;1.892.575
2014-04-23;58,99;59,91;58,68;59,46;2.044.190
2014-04-24;60,18;61,05;59,70;60,85;2.366.842
2014-04-25;60,19;60,55;59,37;59,51;1.486.387
2014-04-28;59,40;59,92;59,10;59,24;1.131.283
2014-04-29;59,65;60,02;59,48;59,69;1.269.677
2014-04-30;59,75;59,91;59,12;59,43;1.164.948
2014-05-02;59,00;59,18;58,43;58,54;1.691.714
2014-05-05;58,50;58,50;57,53;58,06;1.278.388
2014-05-06;57,94;58,33;57,51;57,57;1.378.952
2014-05-07;57,65;58,38;57,51;58,00;1.667.954
2014-05-08;58,05;58,93;57,78;58,89;1.361.531
2014-05-09;58,60;58,89;58,37;58,57;1.149.098
2014-05-12;58,70;59,68;58,50;59,43;1.059.272
2014-05-13;59,83;59,88;59,36;59,62;1.167.858
2014-05-14;59,49;59,51;59,19;59,35;1.260.388
2014-05-15;59,04;59,25;58,59;58,80;1.331.675
2014-05-16;58,87;59,10;58,66;59,03;1.249.169
2014-05-19;59,20;59,51;58,70;59,41;891.408
2014-05-20;59,27;59,62;59,27;59,42;768.241
2014-05-21;59,20;60,20;59,20;60,10;993.656
2014-05-22;60,62;60,99;60,41;60,88;1.179.701
2014-05-23;61,12;61,39;60,76;61,06;1.075.592
2014-05-26;61,22;61,54;61,18;61,43;583.994
2014-05-27;61,30;62,82;61,19;62,72;1.412.647
2014-05-28;62,60;62,67;62,12;62,61;1.136.289
2014-05-29;62,45;62,88;62,12;62,61;604.539
2014-05-30;62,51;63,35;62,51;62,96;1.250.766
2014-06-02;63,60;63,73;63,22;63,33;906.683
2014-06-03;63,60;63,73;62,93;63,52;1.009.663
2014-06-04;63,18;63,81;63,16;63,64;973.698
2014-06-05;63,70;65,31;63,61;64,16;2.359.519
2014-06-06;64,30;65,54;64,30;65,19;1.554.700
2014-06-09;65,34;65,65;64,96;65,65;663.160
2014-06-10;65,63;66,13;65,33;65,86;836.229
2014-06-11;65,96;66,66;65,57;66,48;1.252.556
2014-06-12;66,42;66,73;66,17;66,30;1.046.044
2014-06-13;66,62;66,88;65,92;66,02;1.089.009
2014-06-16;66,12;66,96;66,00;66,85;1.136.528
2014-06-17;67,02;67,67;66,96;67,34;1.053.116
2014-06-18;67,67;68,77;67,51;68,35;1.454.219
2014-06-19;69,09;69,23;68,42;68,44;1.589.764
2014-06-20;68,38;69,88;67,92;69,61;2.104.914
2014-06-23;69,92;69,92;67,89;67,92;1.892.146
2014-06-24;68,50;68,76;68,00;68,57;1.044.305
2014-06-25;68,01;68,75;67,70;67,90;1.138.072
2014-06-26;68,00;68,51;67,11;67,35;1.185.757
2014-06-27;67,56;67,76;66,79;67,62;944.019
2014-06-30;67,63;68,33;67,41;68,01;831.323
2014-07-01;68,41;69,23;68,23;69,08;848.787
2014-07-02;69,24;69,50;68,40;68,60;859.400
2014-07-03;68,78;70,35;68,55;70,25;1.327.050
2014-07-04;70,53;71,09;70,01;70,68;876.580
2014-07-07;70,60;71,19;70,41;70,42;988.590
2014-07-08;70,50;70,71;69,22;69,24;1.010.956
2014-07-09;69,12;69,67;68,57;68,70;1.380.191
2014-07-10;68,75;69,03;67,82;68,14;1.722.441
2014-07-11;68,26;68,29;67,02;67,42;1.276.266
2014-07-14;67,26;67,65;66,76;67,04;1.277.221
2014-07-15;66,50;67,15;66,30;66,96;1.096.615
2014-07-16;65,40;67,46;64,31;64,87;3.159.348
2014-07-17;65,22;65,23;63,90;64,00;1.381.168
2014-07-18;64,00;64,00;62,70;63,67;1.697.890
2014-07-21;63,60;64,90;63,50;64,81;1.592.437
2014-07-22;65,10;65,41;64,53;65,01;1.237.983
2014-07-23;64,80;65,75;64,56;64,75;1.052.224
2014-07-24;64,87;64,89;63,81;64,44;1.001.506
2014-07-25;64,10;64,30;62,96;63,14;1.046.746
2014-07-28;63,41;63,48;62,15;62,73;1.001.697
2014-07-29;62,61;62,71;61,76;62,20;1.652.913
2014-07-30;62,12;71,15;61,58;70,88;6.497.116
2014-07-31;71,10;72,25;70,36;70,76;3.216.986
2014-08-01;70,75;70,85;68,65;69,20;2.078.823
2014-08-04;69,15;69,15;67,67;67,87;1.584.267
2014-08-05;67,81;68,89;67,06;68,33;1.355.684
2014-08-06;68,06;69,11;67,82;68,79;1.347.343
2014-08-07;68,78;69,89;68,57;68,75;1.147.360
2014-08-08;68,19;68,35;67,00;67,65;2.876.811
2014-08-11;68,34;69,32;68,19;69,00;923.569
2014-08-12;69,10;69,64;68,21;68,31;1.001.081
2014-08-13;68,37;68,53;67,50;68,20;989.032
2014-08-14;68,26;68,30;67,57;68,04;976.384
2014-08-15;68,42;69,01;67,72;67,85;1.264.398
2014-08-18;68,40;69,32;68,40;69,22;1.052.324
2014-08-19;69,35;70,22;69,10;70,01;727.848
2014-08-20;69,84;70,24;69,39;69,74;645.744
2014-08-21;69,67;70,65;69,53;70,51;900.517
2014-08-22;70,86;71,00;69,78;70,73;987.133
2014-08-25;71,53;72,14;71,15;72,14;938.468
2014-08-26;71,95;72,54;71,30;72,52;862.876
2014-08-27;72,38;72,51;72,04;72,34;601.724
2014-08-28;72,44;72,82;72,12;72,55;873.882
2014-08-29;72,83;72,95;71,99;72,81;895.927
2014-09-01;73,00;73,75;72,76;73,57;753.489
2014-09-02;73,75;77,13;72,74;75,81;2.022.135
2014-09-03;76,30;77,11;74,63;74,95;1.760.640
2014-09-04;74,56;76,67;74,41;76,25;1.920.349
2014-09-05;75,89;75,89;75,10;75,48;1.090.055
2014-09-08;75,48;75,77;75,03;75,59;596.580
2014-09-09;75,64;76,20;75,43;75,48;766.356
2014-09-10;75,17;75,54;74,54;75,30;502.013
2014-09-11;75,51;75,84;75,20;75,83;723.176
2014-09-12;76,20;77,08;76,12;76,95;742.022
2014-09-15;76,37;77,57;75,86;77,25;986.696
2014-09-16;77,12;77,50;76,57;77,29;861.692
2014-09-17;78,00;78,78;77,49;77,49;1.107.250
2014-09-18;77,68;79,04;77,40;78,89;1.058.523
2014-09-19;79,43;79,43;78,12;78,70;2.040.882
2014-09-22;78,61;78,90;77,82;78,02;813.408
2014-09-23;77,50;77,73;76,52;76,80;1.469.287
2014-09-24;76,99;78,23;76,54;78,17;1.205.814
2014-09-25;78,04;78,43;77,45;77,77;984.911
2014-09-26;78,00;78,75;77,11;78,56;783.713
2014-09-29;78,57;78,97;77,64;78,56;921.176
2014-09-30;78,66;79,34;78,12;78,82;1.307.807
2014-10-01;78,20;79,19;77,37;77,50;1.092.874
2014-10-02;77,00;78,30;75,56;75,80;1.821.555
2014-10-03;76,56;78,42;76,50;78,10;1.124.521
2014-10-06;78,44;78,70;77,80;77,83;1.014.893
2014-10-07;77,39;77,45;75,90;75,90;1.340.367
2014-10-08;75,49;75,89;74,24;74,59;1.628.063
2014-10-09;75,34;75,73;74,14;74,84;1.368.063
2014-10-10;74,12;74,44;71,84;71,84;2.355.788
2014-10-13;71,17;72,19;70,54;71,93;2.176.738
2014-10-14;71,65;74,02;71,06;73,90;2.299.474
2014-10-17;71,35;73,68;71,09;72,78;3.228.764
2014-10-20;72,45;73,04;71,07;71,92;1.390.545
2014-10-21;71,74;72,96;71,32;72,77;1.387.875
2014-10-22;73,07;74,10;72,41;73,86;1.838.538
2014-10-23;73,55;74,56;72,75;74,30;1.453.150
2014-10-24;74,16;74,85;73,76;74,68;1.213.364
2014-10-27;75,08;75,48;74,22;74,98;1.124.934
2014-10-28;75,47;76,74;75,10;76,28;1.339.238
2014-10-29;76,61;76,97;76,04;76,15;925.131
2014-10-30;76,70;77,40;75,85;77,02;1.573.400
2014-10-31;77,76;79,94;77,37;79,45;2.427.970
2014-11-03;79,50;79,94;78,86;79,61;1.117.764
2014-11-04;79,42;79,90;78,27;78,40;1.293.358
2014-11-05;79,00;80,19;78,93;79,79;1.158.167
2014-11-06;79,25;82,06;79,06;82,00;2.247.551
2014-11-07;82,00;82,00;79,68;79,79;1.421.990
2014-11-10;79,48;81,34;79,13;81,30;1.041.631
2014-11-11;82,05;82,47;81,51;81,76;854.305
2014-11-12;81,50;82,72;81,41;81,65;1.226.037
2014-11-13;82,12;82,52;81,36;81,92;1.030.774
2014-11-14;81,84;82,35;81,19;81,59;849.628
2014-11-17;80,87;82,39;80,75;82,15;943.807
2014-11-18;82,05;82,74;82,00;82,74;867.925
2014-11-19;83,00;85,24;82,74;84,08;1.976.543
2014-11-20;83,98;84,32;83,03;84,06;1.350.140
2014-11-21;84,25;85,48;83,76;85,21;2.574.751
2014-11-24;83,20;84,40;81,73;83,11;2.941.273
2014-11-25;82,47;83,55;81,71;83,00;1.895.636
2014-11-26;82,96;83,38;82,34;82,51;1.273.141
2014-11-27;82,62;84,55;82,59;84,55;1.032.004
2014-11-28;84,91;85,39;84,45;84,93;951.139
2014-12-01;84,33;85,36;84,11;84,79;785.775
2014-12-02;85,13;85,94;84,75;85,01;1.054.616
2014-12-03;85,30;86,98;85,24;86,22;1.035.377
2014-12-04;87,55;88,33;86,30;86,45;1.551.980
2014-12-05;87,37;88,96;87,14;88,90;1.102.699
2014-12-08;88,57;89,15;88,44;88,75;877.679
2014-12-09;87,50;88,16;85,83;86,50;1.594.122
2014-12-10;87,11;87,88;86,73;87,22;1.186.647
2014-12-11;86,60;87,40;85,83;86,99;1.255.516
2014-12-12;86,34;86,86;85,37;85,53;1.199.070
2014-12-15;85,33;85,85;83,15;83,15;1.560.051
2014-12-16;83,27;85,18;82,28;85,03;2.276.092
2014-12-17;84,11;84,40;83,17;84,08;1.356.346
2014-12-18;85,76;87,30;85,24;87,27;1.748.451
2014-12-19;88,20;88,68;86,18;86,70;2.740.119
2014-12-22;86,73;88,81;86,71;88,61;899.040
2014-12-23;89,00;89,90;88,78;89,88;890.830
2014-12-24;89,85;89,85;89,11;89,27;158.995
2014-12-29;89,76;89,95;88,80;89,88;708.130
2014-12-30;89,56;89,80;88,82;88,82;712.430
2014-12-31;89,42;89,83;89,05;89,50;154.682
2015-01-02;89,80;90,36;88,75;89,13;856.700
2015-01-05;88,71;89,75;87,26;87,49;1.503.799
2015-01-06;87,33;87,50;84,67;84,67;1.601.221
2015-01-07;85,15;85,61;84,78;84,95;1.406.733
2015-01-08;86,05;88,39;85,33;88,19;1.504.006
2015-01-09;87,98;88,42;85,21;85,84;1.322.276
2015-01-12;86,47;89,52;86,47;87,89;1.883.581
2015-01-13;87,68;89,38;87,35;89,03;1.301.680
2015-01-14;87,91;88,94;86,73;87,40;1.313.449
2015-01-15;88,12;88,79;85,31;87,93;2.623.012
2015-01-16;87,49;88,92;86,75;88,71;1.508.100
2015-01-19;88,60;89,90;88,60;89,38;782.739
2015-01-20;90,00;90,27;88,75;89,51;1.390.696
2015-01-21;93,14;94,00;89,53;91,79;2.972.122
2015-01-22;92,11;94,09;91,37;93,96;2.026.840
2015-01-23;94,28;95,81;94,17;94,43;2.131.393
2015-01-26;94,20;95,72;94,20;94,78;1.235.788
2015-01-27;94,98;95,49;93,42;93,84;1.239.500
2015-01-28;94,10;94,89;93,32;93,73;1.203.565
2015-01-29;93,19;94,13;92,62;93,33;1.154.418
2015-01-30;93,99;94,34;92,79;93,28;1.549.777
2015-02-02;92,40;92,45;89,94;90,85;1.552.446
2015-02-03;91,19;91,40;90,03;90,22;1.377.902
2015-02-04;90,22;90,53;88,95;89,99;1.565.516
2015-02-05;88,35;90,59;88,23;89,21;1.260.245
2015-02-06;89,44;90,17;88,80;90,07;1.275.291
2015-02-09;88,99;89,17;86,99;87,26;1.356.777
2015-02-10;87,72;90,23;87,72;89,55;1.372.881
2015-02-11;89,73;91,73;89,62;91,12;1.135.650
2015-02-12;91,14;92,07;90,42;90,65;1.145.172
2015-02-13;91,51;92,10;91,09;91,34;1.222.111
2015-02-16;91,36;91,47;90,65;91,02;573.173
2015-02-17;90,01;90,33;88,85;89,96;1.163.886
2015-02-18;90,20;91,64;90,20;91,21;884.155
2015-02-19;91,20;92,39;90,64;92,23;966.923
2015-02-20;92,27;92,27;90,82;91,58;1.628.899
2015-02-23;92,52;93,36;92,23;93,06;969.561
2015-02-24;94,50;97,71;94,41;96,44;2.143.627
2015-02-25;97,00;97,68;96,37;96,47;1.366.734
2015-02-26;96,30;96,94;95,29;96,72;1.127.345
2015-02-27;96,41;96,85;95,40;96,61;1.563.235
2015-03-02;96,18;98,34;95,97;98,34;1.233.707
2015-03-03;98,00;98,95;97,29;97,29;1.019.148
2015-03-04;97,22;98,21;96,26;98,21;895.742
2015-03-05;98,39;99,48;97,84;99,45;947.344
2015-03-06;99,00;99,68;98,85;99,21;883.750
2015-03-09;98,44;99,24;97,80;99,19;915.926
2015-03-10;99,17;99,89;98,77;99,23;1.175.609
2015-03-11;99,80;102,05;99,59;101,75;1.004.975
2015-03-12;101,70;102,05;98,61;98,75;1.441.447
2015-03-13;99,30;100,55;99,10;100,55;1.015.629
2015-03-16;100,95;102,00;100,70;101,55;782.549
2015-03-17;101,90;102,20;100,10;101,00;884.482
2015-03-18;100,50;100,85;98,93;99,53;1.145.838
2015-03-19;98,90;100,70;98,90;100,55;1.188.934
2015-03-20;100,90;102,15;100,65;101,85;1.737.357
2015-03-23;102,30;102,40;100,70;101,70;723.538
2015-03-24;101,40;102,30;100,75;101,70;849.471
2015-03-25;101,00;101,35;96,00;96,09;2.341.490
2015-03-26;93,00;93,13;89,97;91,43;4.046.235
2015-03-27;92,23;93,33;91,15;92,37;2.235.889
2015-03-30;94,03;95,46;93,62;95,09;1.964.629
2015-03-31;95,06;95,85;94,40;94,79;1.502.383
2015-04-01;93,70;94,82;92,69;92,78;1.823.737
2015-04-02;93,00;93,87;92,74;93,04;1.017.672
2015-04-07;92,01;93,80;91,65;93,32;1.502.934
2015-04-08;92,52;93,08;91,72;92,01;1.625.501
2015-04-09;92,89;93,89;92,67;93,59;1.482.712
2015-04-10;94,67;94,86;93,54;94,70;1.336.978
2015-04-13;94,50;95,58;93,58;95,16;1.170.634
2015-04-14;94,83;95,70;93,14;94,05;1.746.645
2015-04-15;91,68;96,09;90,75;91,40;3.428.798
2015-04-16;89,75;90,50;87,65;88,50;3.877.400
2015-04-17;88,45;88,63;86,94;88,22;2.837.962
2015-04-20;88,22;89,37;87,82;89,22;2.075.707
2015-04-21;90,35;92,21;90,08;91,62;3.054.371
2015-04-22;98,00;103,45;97,11;101,50;5.177.303
2015-04-23;100,90;101,90;99,72;100,00;2.297.609
2015-04-24;99,78;100,30;98,90;99,11;2.186.987
2015-04-27;99,05;102,05;97,91;101,30;2.047.617
2015-04-28;100,90;101,35;99,27;99,95;1.472.243
2015-04-29;100,00;100,55;96,98;96,98;1.912.896
2015-04-30;96,60;97,83;95,30;96,71;2.189.675
2015-05-04;96,27;98,77;95,63;96,78;1.204.990
2015-05-05;96,78;98,20;94,59;94,75;1.710.422
2015-05-06;94,47;95,42;93,33;93,67;1.560.218
2015-05-07;93,22;94,53;92,14;93,86;1.541.305
2015-05-08;94,70;96,67;94,21;96,35;1.331.899
2015-05-11;96,23;97,71;95,82;97,52;1.150.595
2015-05-12;96,56;96,98;95,27;96,55;1.600.244
2015-05-13;96,84;97,14;95,07;95,58;1.369.941
2015-05-14;95,25;97,21;94,95;97,06;830.835
2015-05-15;97,26;98,17;96,79;97,28;1.320.484
2015-05-18;97,12;97,80;95,97;97,63;795.267
2015-05-19;98,34;100,45;98,20;99,90;1.009.198
2015-05-20;99,99;101,10;99,80;100,75;621.678
2015-05-21;100,25;100,65;99,91;100,50;456.863
2015-05-22;100,30;100,95;99,68;100,50;513.759
2015-05-25;100,85;100,85;99,70;100,10;129.441
2015-05-26;99,64;101,35;99,53;99,94;764.492
2015-05-27;100,85;102,60;99,90;102,40;948.499
2015-05-28;102,80;104,85;102,80;103,80;1.140.203
2015-05-29;103,80;104,10;101,75;101,75;1.274.779
2015-06-01;102,45;103,20;101,25;101,85;734.532
2015-06-02;102,10;102,30;99,07;99,28;1.140.005
2015-06-03;99,01;101,20;99,00;99,65;986.202
2015-06-04;99,32;100,80;98,24;99,24;1.376.031
2015-06-05;98,50;99,30;97,67;98,14;1.164.698
2015-06-08;97,79;98,06;96,49;96,49;1.001.504
2015-06-09;95,50;97,12;95,09;96,38;1.266.232
2015-06-10;95,92;97,25;95,32;96,80;1.208.446
2015-06-11;96,54;99,66;96,50;97,87;1.432.360
2015-06-12;97,58;97,97;95,20;96,10;1.198.797
2015-06-15;95,25;96,02;94,52;95,20;1.214.683
2015-06-16;95,40;97,21;94,52;96,72;1.223.972
2015-06-17;97,15;97,40;95,38;95,61;1.085.061
2015-06-18;95,28;95,56;93,10;95,28;1.120.260
2015-06-19;95,22;97,14;95,22;96,10;2.037.850
2015-06-22;98,82;99,54;97,65;99,06;1.465.166
2015-06-23;100,20;100,60;99,57;99,72;979.262
2015-06-24;99,60;100,00;98,09;98,92;1.078.680
2015-06-25;98,00;100,10;97,83;99,13;1.068.624
2015-06-26;98,31;99,46;97,11;98,74;1.117.043
2015-06-29;94,30;96,14;93,40;94,17;2.240.275
2015-06-30;93,77;95,00;92,70;92,70;2.045.878
2015-07-01;94,00;97,54;93,69;96,58;2.243.506
2015-07-02;94,90;95,65;94,01;94,10;1.461.378
2015-07-03;94,06;95,02;93,38;93,61;948.751
2015-07-06;91,51;93,20;91,03;92,44;1.566.562
2015-07-07;92,72;92,93;88,97;89,03;1.979.691
2015-07-08;88,89;89,71;88,23;88,41;2.274.113
2015-07-09;88,99;92,44;88,77;91,54;2.038.382
2015-07-10;93,34;93,67;92,33;92,47;1.989.188
2015-07-13;93,45;94,34;92,87;93,84;1.506.534
2015-07-14;94,43;94,44;93,17;94,20;1.259.752
2015-07-15;97,48;98,71;94,63;98,26;2.809.054
2015-07-16;97,70;98,92;93,16;93,32;3.655.530
2015-07-17;92,49;93,60;91,73;92,22;2.719.815
2015-07-20;94,20;94,49;92,70;93,62;1.397.795
2015-07-21;93,65;93,94;92,28;93,20;1.320.254
2015-07-22;91,76;92,78;91,36;91,94;1.841.864
2015-07-23;92,76;93,26;91,91;92,99;1.208.620
2015-07-24;92,87;93,50;89,45;90,04;2.078.515
2015-07-27;89,92;90,32;88,51;89,36;1.407.761
2015-07-28;89,23;89,90;88,02;88,81;1.340.250
2015-07-29;89,53;90,26;88,91;89,58;1.234.587
2015-07-30;90,25;90,70;89,47;90,70;1.121.063
2015-07-31;90,85;90,85;89,57;90,64;1.105.139
2015-08-03;90,44;91,00;89,76;89,94;1.100.852
2015-08-04;89,55;89,92;88,40;88,41;860.604
2015-08-05;89,27;91,17;89,00;91,12;1.327.191
2015-08-06;90,82;91,02;89,04;89,16;1.050.035
2015-08-07;88,30;88,67;87,41;87,67;982.459
2015-08-10;88,51;90,06;87,82;90,06;1.275.815
2015-08-11;90,50;91,00;89,87;90,20;1.435.215
2015-08-12;89,32;89,38;84,94;85,37;2.227.942
2015-08-13;87,92;88,07;85,26;85,55;1.350.575
2015-08-14;85,17;86,27;81,73;82,62;2.433.890
2015-08-17;83,55;84,53;82,02;83,79;1.628.984
2015-08-18;84,20;85,44;83,81;84,96;1.424.356
2015-08-19;84,00;84,20;81,51;81,51;1.590.455
2015-08-20;81,15;81,68;78,87;79,04;1.964.859
2015-08-21;77,01;79,42;76,73;76,99;2.579.445
2015-08-24;73,58;76,27;70,25;74,79;3.808.061
2015-08-25;75,02;80,24;74,97;78,90;3.292.417
2015-08-26;76,84;79,54;76,07;76,85;2.354.575
2015-08-27;79,00;81,66;78,75;81,00;2.354.360
2015-08-28;81,74;82,97;81,25;82,61;1.839.876
2015-08-31;81,65;82,29;80,86;81,68;1.489.872
2015-09-01;79,85;80,60;77,71;80,32;1.779.548
2015-09-02;79,90;81,66;79,80;80,01;1.304.797
2015-09-03;81,37;84,62;80,79;84,05;2.148.529
2015-09-04;83,09;83,17;80,94;82,15;1.652.752
2015-09-07;82,93;83,50;81,82;82,88;702.040
2015-09-08;83,45;84,62;83,12;83,37;1.478.146
2015-09-09;85,54;85,88;82,36;82,65;1.841.044
2015-09-10;81,53;82,92;80,93;81,59;1.908.092
2015-09-11;82,16;82,24;80,36;80,39;1.347.082
2015-09-14;80,68;82,00;80,29;80,29;1.160.469
2015-09-15;80,50;82,95;80,20;82,36;1.262.020
2015-09-16;83,32;84,07;82,29;82,95;999.895
2015-09-17;83,45;83,45;81,26;81,66;984.845
2015-09-18;81,20;81,20;78,40;79,47;2.909.048
2015-09-21;79,38;81,12;79,15;80,60;1.019.418
2015-09-22;80,35;80,65;77,48;77,60;2.408.167
2015-09-23;77,35;78,50;75,40;75,40;2.657.374
2015-09-24;75,27;75,59;72,79;73,64;2.677.156
2015-09-25;75,66;78,15;75,45;77,15;1.964.793
2015-09-28;76,23;76,23;73,70;74,12;1.945.330
2015-09-29;73,57;76,06;72,25;75,44;1.759.852
2015-09-30;76,90;78,60;76,09;78,16;1.767.861
2015-10-01;79,27;79,40;75,32;76,18;1.647.678
2015-10-02;77,48;78,80;75,63;77,20;1.312.571
2015-10-05;79,00;79,94;78,37;79,34;1.332.703
2015-10-06;79,64;80,93;79,00;79,77;1.172.825
2015-10-07;80,48;81,49;79,03;79,30;1.463.323
2015-10-08;79,55;81,38;79,50;80,45;1.673.581
2015-10-09;81,26;81,40;79,52;79,95;1.269.063
2015-10-12;80,14;80,20;78,80;79,29;985.595
2015-10-13;78,99;79,09;77,51;77,89;1.680.190
2015-10-14;72,86;75,81;72,16;74,47;3.432.353
2015-10-15;75,85;78,84;75,39;77,75;2.786.491
2015-10-16;78,08;78,08;76,95;77,55;1.523.848
2015-10-19;77,64;78,56;77,61;78,34;1.486.397
2015-10-20;78,15;78,21;76,94;77,64;1.094.999
2015-10-21;78,27;80,37;78,09;80,25;2.254.743
2015-10-22;79,71;83,19;79,71;82,49;1.881.654
2015-10-23;83,09;86,25;83,00;85,14;1.854.440
2015-10-26;84,69;85,00;83,38;83,88;1.190.203
2015-10-27;84,07;84,27;83,03;83,03;1.080.869
2015-10-28;83,20;85,09;82,70;84,60;1.128.246
2015-10-29;85,11;86,31;83,65;84,25;1.097.741
2015-10-30;84,59;84,91;83,50;84,61;813.666
2015-11-02;83,69;85,74;83,64;85,42;821.155
2015-11-03;85,55;86,22;85,19;86,22;958.487
2015-11-04;87,00;88,07;86,83;87,63;1.377.125
2015-11-05;87,91;89,24;87,10;87,44;1.529.967
2015-11-06;87,51;89,50;87,31;88,96;1.199.208
2015-11-09;89,50;90,24;88,45;88,70;1.197.409
2015-11-10;89,32;89,32;87,11;87,48;1.143.690
2015-11-11;87,64;88,83;87,12;87,70;1.024.344
2015-11-12;87,25;88,26;86,55;86,73;1.253.510
2015-11-13;86,15;86,25;84,35;85,21;1.320.831
2015-11-16;84,35;85,19;83,83;84,97;1.069.773
2015-11-17;86,00;87,00;85,81;86,68;1.180.555
2015-11-18;86,50;87,15;86,28;86,75;1.131.140
2015-11-19;87,50;87,50;86,33;86,69;1.030.199
2015-11-20;87,08;87,40;86,23;86,64;1.675.064
2015-11-23;86,02;86,03;83,98;85,37;1.181.267
2015-11-24;84,80;84,87;82,73;84,11;1.215.983
2015-11-25;84,75;86,23;84,73;85,91;1.061.365
2015-11-26;86,09;87,86;85,75;87,28;898.667
2015-11-27;86,81;87,59;86,43;87,34;606.024
2015-11-30;87,24;88,57;87,07;87,47;1.209.550
2015-12-01;87,91;88,20;87,07;87,66;974.516
2015-12-02;88,00;88,76;87,59;87,77;737.160
2015-12-03;87,88;88,85;84,16;84,17;1.825.002
2015-12-04;83,89;84,54;82,85;83,94;1.286.689
2015-12-07;84,60;86,03;84,30;84,58;1.119.524
2015-12-08;84,25;84,34;82,28;82,67;1.131.483
2015-12-09;83,08;83,72;81,69;82,40;988.470
2015-12-10;81,98;82,61;80,94;81,39;1.020.710
2015-12-11;81,30;81,70;79,27;79,90;1.509.063
2015-12-14;80,42;80,64;77,52;77,71;1.373.739
2015-12-15;78,41;81,75;78,26;81,69;1.499.550
2015-12-16;81,65;81,83;80,14;80,50;1.065.478
2015-12-17;82,39;83,52;81,52;81,74;1.141.332
2015-12-18;80,77;81,38;79,56;80,77;1.820.192
2015-12-21;80,74;82,49;80,59;81,40;1.358.850
2015-12-22;82,18;82,43;80,52;81,57;947.199
2015-12-23;82,62;84,20;82,49;83,72;943.384
2015-12-24;84,22;84,22;83,00;83,07;131.389
2015-12-28;83,78;83,97;82,74;82,83;431.651
2015-12-29;83,53;84,16;83,25;84,09;814.323
2015-12-30;83,82;84,86;83,76;84,09;561.102
2015-12-31;84,17;84,17;82,25;82,55;267.101
2016-01-04;80,88;81,02;79,44;80,08;1.149.622
2016-01-05;80,96;80,99;79,06;80,71;833.616
2016-01-06;79,93;80,07;77,71;78,83;1.259.148
2016-01-07;76,31;77,61;74,59;76,99;1.706.347
2016-01-08;76,79;76,94;73,74;73,74;1.610.894
2016-01-11;73,65;76,55;73,59;75,69;1.713.480
2016-01-12;75,89;78,07;75,39;75,99;1.391.827
2016-01-13;76,85;77,40;75,15;75,35;1.005.113
2016-01-14;74,61;76,07;73,62;75,17;1.922.329
2016-01-15;74,76;75,42;71,33;71,75;2.554.059
2016-01-18;71,48;72,77;70,91;72,47;1.223.377
2016-01-19;73,98;74,35;73,07;73,80;1.172.369
2016-01-20;73,80;77,23;72,65;77,23;3.236.412
2016-01-21;80,00;81,86;79,00;80,59;2.769.707
2016-01-22;82,25;84,88;82,09;83,60;2.521.307
2016-01-25;84,36;84,40;82,80;83,36;1.330.987
2016-01-26;81,60;83,54;80,78;83,00;1.211.796
2016-01-27;82,76;83,50;82,13;83,13;1.172.349
2016-01-28;83,13;84,11;81,20;81,50;1.607.711
2016-01-29;83,02;84,22;81,40;84,22;1.696.329
2016-02-01;84,41;84,50;83,12;84,50;1.229.814
2016-02-02;84,22;84,22;81,67;82,25;1.502.320
2016-02-03;81,90;82,58;80,28;81,41;1.568.951
2016-02-04;82,70;82,84;80,20;81,75;1.567.142
2016-02-05;81,60;81,85;79,26;79,56;1.470.247
2016-02-08;79,56;79,96;76,07;76,48;1.783.782
2016-02-09;76,74;77,84;74,46;75,96;1.767.531
2016-02-10;75,96;76,22;73,75;73,75;2.362.002
2016-02-11;72,59;72,96;70,54;72,06;1.771.941
2016-02-12;72,46;72,96;71,35;72,17;1.537.142
2016-02-15;74,58;75,73;74,05;74,96;1.184.155
2016-02-16;75,43;75,45;74,15;74,44;996.677
2016-02-17;75,18;76,93;74,96;76,83;660.712
2016-02-18;77,70;78,36;77,28;77,77;439.888
2016-02-19;78,01;79,45;77,96;78,99;2.185.671
2016-02-22;80,00;80,47;79,54;79,80;1.133.247
2016-02-23;79,30;79,87;78,67;79,75;1.424.327
2016-02-24;80,36;80,98;79,23;79,57;2.004.039
2016-02-25;80,54;81,43;79,80;80,85;1.358.570
2016-02-26;81,78;83,40;81,59;83,08;1.508.689
2016-02-29;82,66;84,70;82,30;84,62;1.464.804
2016-03-01;84,75;86,16;84,18;86,01;1.412.112
2016-03-02;86,64;86,85;84,97;85,72;1.305.693
2016-03-03;86,12;86,26;84,83;85,73;907.134
2016-03-04;86,17;86,85;85,73;86,57;1.093.871
2016-03-07;86,35;86,73;85,70;86,68;753.572
2016-03-08;86,20;86,53;85,04;85,68;1.141.739
2016-03-09;85,89;86,47;85,25;85,56;778.132
2016-03-10;85,73;89,24;85,40;85,62;1.854.007
2016-03-11;87,20;87,83;86,46;86,95;977.661
2016-03-14;87,71;88,42;87,01;87,46;780.328
2016-03-15;86,91;87,26;86,53;86,93;625.795
2016-03-16;86,99;87,09;86,45;86,85;806.113
2016-03-17;87,19;87,19;84,58;86,28;977.969
2016-03-18;86,59;87,45;86,09;86,99;1.976.638
2016-03-21;86,60;87,92;86,32;86,63;855.794
2016-03-22;86,13;87,62;85,47;87,60;986.327
2016-03-23;87,64;88,78;87,58;88,11;744.357
2016-03-24;87,37;87,60;85,99;86,49;830.110
2016-03-29;87,13;88,19;86,99;88,16;878.677
2016-03-30;88,04;89,90;87,81;89,29;1.133.710
2016-03-31;88,51;89,40;88,04;89,28;1.230.428
2016-04-01;87,40;88,15;87,10;87,91;1.713.859
2016-04-04;87,82;90,08;87,70;89,49;1.102.155
2016-04-05;88,24;88,73;87,08;87,62;1.307.239
2016-04-06;87,76;88,04;86,81;87,80;1.154.290
2016-04-07;88,20;89,15;88,01;88,24;1.116.307
2016-04-08;88,55;89,05;88,31;88,65;858.325
2016-04-11;88,63;89,39;87,97;88,30;1.049.027
2016-04-12;88,63;88,67;87,06;88,40;1.057.443
2016-04-13;89,09;90,28;89,08;90,28;1.141.538
2016-04-14;89,75;90,28;88,60;88,80;1.539.776
2016-04-15;88,80;89,09;88,04;88,75;1.135.100
2016-04-18;87,82;88,37;87,45;87,68;1.196.940
2016-04-19;87,82;89,02;87,82;88,25;1.151.591
2016-04-20;87,50;90,25;84,51;84,66;2.984.601
2016-04-21;86,12;87,24;85,00;85,08;1.669.129
2016-04-22;85,02;85,76;84,80;85,37;815.064
2016-04-25;85,47;86,24;85,07;85,41;848.760
2016-04-26;85,77;86,07;84,78;85,59;1.066.156
2016-04-27;85,23;86,89;85,23;86,89;1.245.956
2016-04-28;86,53;87,98;85,71;87,70;1.601.973
2016-04-29;87,00;87,00;84,23;84,40;1.885.427
2016-05-02;85,23;85,28;83,91;84,83;920.555
2016-05-03;83,75;83,76;81,50;81,96;1.422.642
2016-05-04;81,66;82,02;80,93;81,59;1.071.518
2016-05-05;81,69;81,94;80,87;81,93;828.241
2016-05-06;81,41;81,41;80,36;80,46;1.182.039
2016-05-09;81,00;82,26;80,85;81,25;909.025
2016-05-10;81,75;82,90;81,19;81,81;870.023
2016-05-11;81,60;81,63;80,32;81,12;955.428
2016-05-12;81,11;81,86;79,63;79,91;1.126.364
2016-05-13;79,67;81,51;79,50;81,30;1.298.721
2016-05-16;81,19;84,39;80,95;84,18;1.460.802
2016-05-17;84,95;85,24;83,45;83,68;1.543.423
2016-05-18;82,94;84,55;82,56;84,41;987.582
2016-05-19;84,01;84,08;82,92;83,17;883.494
2016-05-20;84,50;85,26;83,92;85,18;1.419.359
2016-05-23;85,42;86,13;84,88;85,34;1.014.739
2016-05-24;85,00;87,11;84,51;86,76;1.189.665
2016-05-25;88,07;88,68;87,44;88,33;1.252.839
2016-05-26;87,84;88,67;87,84;88,27;1.015.971
2016-05-27;88,63;89,78;88,54;89,78;1.102.096
2016-05-30;89,95;90,00;88,68;89,48;505.468
2016-05-31;89,65;89,92;88,98;89,40;2.236.109
2016-06-01;89,30;89,64;88,30;88,95;1.014.661
2016-06-02;88,77;89,46;88,62;89,15;749.184
2016-06-03;89,50;90,67;88,26;88,75;1.102.457
2016-06-06;88,53;89,19;88,30;88,30;674.746
2016-06-07;88,92;89,42;88,67;88,89;830.273
2016-06-08;88,78;89,05;87,96;88,30;680.776
2016-06-09;88,70;88,87;87,30;88,26;695.829
2016-06-10;88,10;88,10;86,15;86,40;1.151.827
2016-06-13;85,50;86,00;84,68;85,49;951.908
2016-06-14;84,50;84,74;83,10;83,35;1.383.981
2016-06-15;84,72;84,99;83,91;83,91;1.163.523
2016-06-16;83,00;84,38;82,92;84,26;1.199.694
2016-06-17;84,86;84,86;82,60;83,38;1.815.349
2016-06-20;85,24;86,18;83,40;85,89;1.298.602
2016-06-21;86,10;87,45;85,92;87,25;1.152.781
2016-06-22;87,87;88,20;87,00;87,54;945.684
2016-06-23;87,77;89,39;87,30;88,43;1.175.627
2016-06-24;80,18;86,99;79,38;85,48;3.732.114
2016-06-27;84,03;85,03;82,90;83,49;2.043.250
2016-06-28;84,98;85,46;83,13;84,25;1.322.049
2016-06-29;85,35;86,86;84,56;86,36;903.882
2016-06-30;86,38;88,55;86,31;88,39;1.370.821
2016-07-01;89,00;89,05;86,85;88,09;904.882
2016-07-04;88,53;88,72;87,19;87,29;429.181
2016-07-05;86,69;87,10;85,96;86,27;944.117
2016-07-06;85,48;85,68;83,54;84,66;1.336.205
2016-07-07;85,24;85,99;84,75;85,60;839.218
2016-07-08;85,29;87,66;85,05;87,30;1.043.326
2016-07-11;88,60;90,28;88,49;90,19;1.177.956
2016-07-12;90,51;91,38;90,50;90,61;1.018.257
2016-07-13;90,78;91,73;90,65;91,00;999.779
2016-07-14;92,00;93,46;91,79;92,45;1.459.199
2016-07-15;92,26;92,35;90,87;92,00;1.076.977
2016-07-18;92,02;93,77;91,90;93,00;1.025.849
2016-07-19;92,84;94,78;92,11;94,52;1.268.437
2016-07-20;96,00;98,46;95,18;97,31;2.058.357
2016-07-21;96,60;96,96;95,14;96,38;1.657.503
2016-07-22;96,11;96,25;95,11;96,00;733.782
2016-07-25;96,00;97,19;95,80;96,81;702.855
2016-07-26;96,96;98,27;96,66;98,15;971.231
2016-07-27;98,89;100,50;98,89;99,19;1.351.363
2016-07-28;99,19;99,92;98,27;98,80;1.115.157
2016-07-29;99,05;99,20;98,32;98,94;1.179.479
2016-08-01;98,50;99,63;97,93;98,25;682.365
2016-08-02;98,09;99,19;97,29;97,37;1.254.481
2016-08-03;97,51;97,94;97,06;97,81;101.895
2016-08-04;97,51;99,01;97,06;98,93;916.904
2016-08-05;99,22;100,00;98,66;98,90;1.771.871
2016-08-08;99,14;99,14;98,41;98,82;713.522
2016-08-09;98,66;99,18;98,61;99,05;725.154
2016-08-10;98,65;99,23;97,86;98,00;1.031.836
2016-08-11;98,70;99,25;98,17;99,13;769.838
2016-08-12;99,01;99,34;98,58;99,18;492.033
2016-08-15;99,12;99,97;98,81;99,35;482.656
2016-08-16;99,01;99,21;97,91;97,91;626.601
2016-08-17;93,90;94,10;90,92;93,13;2.606.503
2016-08-18;93,49;94,62;93,40;93,90;1.018.692
2016-08-19;93,55;94,54;93,55;94,51;940.101
2016-08-22;94,26;94,91;93,51;94,46;765.627
2016-08-23;94,90;96,35;94,81;95,89;830.060
2016-08-24;95,25;96,18;94,71;95,56;621.685
2016-08-25;95,02;95,25;94,08;94,48;640.818
2016-08-26;94,53;95,30;94,20;95,00;643.930
2016-08-29;94,84;95,76;93,99;95,49;447.800
2016-08-30;95,95;97,49;95,85;96,64;927.016
2016-08-31;96,58;96,78;95,37;95,37;755.590
2016-09-01;95,69;95,96;95,03;95,37;635.502
2016-09-02;95,98;96,87;95,24;96,75;717.233
2016-09-05;96,93;97,09;95,96;96,10;503.019
2016-09-06;96,43;96,71;95,67;96,06;559.819
2016-09-07;96,35;97,06;95,91;96,23;551.809
2016-09-08;94,50;94,75;91,87;92,66;2.113.978
2016-09-09;92,50;92,95;91,51;92,08;958.912
2016-09-12;90,53;90,94;89,20;90,94;1.379.871
2016-09-13;91,52;92,05;90,52;90,56;911.622
2016-09-14;91,00;91,04;89,80;90,17;1.024.121
2016-09-15;90,51;91,86;90,14;91,70;1.107.700
2016-09-16;91,36;91,95;90,35;90,99;2.264.976
2016-09-19;91,99;92,84;91,99;92,67;850.199
2016-09-20;92,57;93,93;92,50;93,78;917.020
2016-09-21;94,41;95,16;94,30;94,82;1.020.037
2016-09-22;95,50;97,48;95,46;97,31;1.161.394
2016-09-23;97,00;97,28;96,71;97,25;805.948
2016-09-26;96,65;96,89;96,17;96,82;952.979
2016-09-27;97,32;97,58;96,07;97,29;1.018.579
2016-09-28;98,00;98,57;97,20;97,28;812.076
2016-09-29;97,90;98,00;96,54;96,63;697.960
2016-09-30;95,94;97,96;95,50;97,69;1.241.474
2016-10-03;97,25;97,90;97,07;97,36;524.723
2016-10-04;97,17;98,37;97,13;97,93;803.991
2016-10-05;97,24;97,65;96,73;97,39;715.905
2016-10-06;97,24;97,44;96,38;96,76;883.147
2016-10-07;97,00;97,21;95,01;95,01;1.447.747
2016-10-10;94,95;96,60;94,90;96,52;801.437
2016-10-11;96,38;96,96;93,56;93,60;1.268.351
2016-10-12;93,04;93,15;92,19;92,30;1.159.727
2016-10-13;91,83;91,83;90,59;90,64;1.499.255
2016-10-14;91,30;92,67;90,64;92,23;1.156.194
2016-10-17;91,78;92,08;91,12;91,77;847.433
2016-10-18;92,34;93,30;92,06;92,82;1.313.661
2016-10-19;95,97;96,79;94,16;94,87;1.762.375
2016-10-20;95,18;95,18;93,51;94,28;992.848
2016-10-21;94,49;96,20;94,47;96,20;1.423.994
2016-10-24;96,71;97,43;96,03;96,43;1.013.709
2016-10-25;96,56;96,90;95,70;95,87;764.962
2016-10-26;95,57;95,91;95,00;95,78;766.849
2016-10-27;95,93;97,15;95,55;95,92;1.135.206
2016-10-28;95,45;96,39;94,40;96,24;914.060
2016-10-31;96,85;97,21;95,85;96,50;1.372.145
2016-11-01;96,85;97,30;94,05;94,33;1.296.346
2016-11-02;93,65;94,28;92,71;93,76;1.140.219
2016-11-03;93,76;94,09;92,00;92,38;1.197.628
2016-11-04;92,10;92,63;91,38;92,38;1.045.817
2016-11-07;93,30;94,62;93,30;94,41;843.196
2016-11-08;94,29;94,86;93,64;94,39;735.716
2016-11-09;91,86;94,43;90,50;94,33;1.658.305
2016-11-10;94,86;95,47;92,74;92,89;877.551
2016-11-11;93,49;93,93;90,95;91,19;1.407.455
2016-11-14;92,47;93,95;91,86;92,45;1.230.674
2016-11-15;92,77;93,14;91,95;92,85;727.081
2016-11-16;93,22;93,98;92,47;93,73;914.638
2016-11-17;93,73;95,93;93,10;95,93;1.423.114
2016-11-18;96,00;98,79;95,68;98,53;2.087.885
2016-11-21;98,91;99,27;97,27;98,42;1.005.654
2016-11-22;99,00;99,41;98,52;98,98;1.073.525
2016-11-23;99,00;99,79;98,67;99,50;1.127.548
2016-11-24;99,90;100,00;98,63;99,37;598.968
2016-11-25;99,50;99,66;97,80;98,18;732.078
2016-11-28;97,63;98,12;97,03;97,82;682.414
2016-11-29;97,98;98,04;96,83;97,55;755.343
2016-11-30;97,80;98,05;96,93;97,62;1.124.492
2016-12-01;96,75;97,01;94,77;95,21;1.174.753
2016-12-02;93,89;94,16;92,67;93,79;1.274.833
2016-12-05;93,33;96,34;93,06;95,51;1.022.330
2016-12-06;95,45;95,75;94,66;95,47;879.855
2016-12-07;96,37;96,58;94,76;95,45;975.772
2016-12-08;95,82;97,72;95,80;97,41;1.294.886
2016-12-09;97,41;98,08;96,85;97,17;787.370
2016-12-12;96,90;97,49;96,30;97,20;677.859
2016-12-13;97,50;98,54;97,07;98,20;971.994
2016-12-14;97,76;98,64;97,51;98,00;757.803
2016-12-15;98,45;101,10;98,30;101,05;1.740.283
2016-12-16;101,10;102,75;100,60;102,00;2.476.980
2016-12-19;102,85;106,10;102,80;105,35;1.403.965
2016-12-20;105,95;105,95;104,65;105,55;1.001.611
2016-12-21;105,60;106,60;105,05;105,70;778.620
2016-12-22;105,40;105,95;104,80;105,45;692.346
2016-12-23;105,10;106,15;105,10;105,85;398.061
2016-12-27;106,30;106,75;105,90;106,50;335.746
2016-12-28;106,45;107,15;106,15;107,00;476.922
2016-12-29;106,45;106,70;105,80;106,10;435.875
2016-12-30;106,00;106,65;105,35;106,65;781.754
2017-01-02;106,00;107,25;105,85;107,05;351.491
2017-01-03;107,25;107,65;106,45;106,60;984.387
2017-01-04;106,45;106,45;104,75;105,15;999.893
2017-01-05;104,55;105,85;103,95;105,40;793.691
2017-01-06;105,15;105,45;104,10;105,40;709.335
2017-01-09;105,90;106,50;104,85;106,35;624.914
2017-01-10;106,30;107,15;106,30;106,70;684.274
2017-01-11;106,65;107,70;106,20;107,00;615.048
2017-01-12;106,80;108,10;106,10;106,55;954.359
2017-01-13;107,60;108,55;106,80;108,55;963.414
2017-01-16;107,55;108,45;107,10;107,80;532.923
2017-01-17;107,50;108,60;106,70;107,75;1.082.818
2017-01-18;112,00;117,80;111,55;115,00;2.994.788
2017-01-19;115,60;115,60;112,65;114,40;1.503.181
2017-01-20;114,70;115,85;113,90;114,05;1.702.557
2017-01-23;113,65;113,85;112,25;112,95;828.988
2017-01-24;113,65;114,40;113,40;113,85;940.999
2017-01-25;114,80;115,25;113,10;114,05;848.852
2017-01-26;114,75;115,20;113,30;113,85;991.124
2017-01-27;113,90;114,60;112,40;113,45;828.326
2017-01-30;114,10;114,90;112,30;113,00;864.588
2017-01-31;113,50;113,75;112,10;112,40;1.176.028
2017-02-01;112,60;113,55;112,60;112,85;844.412
2017-02-02;112,00;114,05;112,00;113,70;930.640
2017-02-03;113,90;114,65;113,55;114,35;608.620
2017-02-06;114,00;114,60;113,75;113,95;574.058
2017-02-07;113,85;115,25;113,80;115,00;794.539
2017-02-08;116,00;116,50;114,95;115,45;900.032
2017-02-09;116,00;117,45;115,80;117,40;852.772
2017-02-10;117,50;117,95;116,75;117,15;804.995
2017-02-13;117,30;119,20;117,30;118,80;783.763
2017-02-14;118,95;119,30;118,00;119,10;1.039.348
2017-02-15;119,75;119,80;118,50;119,75;806.851
2017-02-16;119,95;120,20;118,65;119,20;940.724
2017-02-17;118,95;119,05;117,85;118,65;1.129.398
2017-02-20;119,45;119,50;118,25;118,40;631.759
2017-02-21;118,30;120,30;117,70;120,20;1.183.665
2017-02-22;120,30;120,60;117,50;117,50;1.734.345
2017-02-23;117,50;118,00;116,35;116,75;1.217.303
2017-02-24;117,45;117,80;114,80;115,65;1.093.908
2017-02-27;116,55;116,60;115,05;115,35;708.409
2017-02-28;116,00;116,15;113,75;114,45;1.361.768
2017-03-01;115,10;117,25;114,90;116,65;1.418.473
2017-03-02;117,00;117,00;115,55;116,00;945.788
2017-03-03;116,00;116,30;115,15;115,90;875.237
2017-03-06;115,20;115,20;113,90;114,40;648.683
2017-03-07;114,10;115,00;113,80;113,90;716.097
2017-03-08;113,75;114,85;113,65;114,35;806.473
2017-03-09;114,35;114,95;112,40;114,80;822.307
2017-03-10;116,75;117,35;116,15;116,60;1.154.880
2017-03-13;116,55;117,15;115,40;116,40;991.579
2017-03-14;116,50;117,45;116,25;116,80;754.267
2017-03-15;117,65;118,85;117,30;117,30;1.415.054
2017-03-16;118,30;118,35;116,20;117,45;1.031.753
2017-03-17;117,15;119,60;116,85;118,80;1.715.018
2017-03-20;118,40;120,15;118,15;119,60;817.876
2017-03-21;119,60;120,15;117,45;117,60;1.127.058
2017-03-22;117,45;119,20;117,30;119,10;1.169.275
2017-03-23;119,20;120,35;119,00;120,20;814.355
2017-03-24;120,60;123,75;120,55;122,95;1.580.726
2017-03-27;122,00;122,70;119,85;122,05;975.458
2017-03-28;122,55;123,60;121,70;123,60;850.696
2017-03-29;124,00;124,25;123,25;123,60;779.600
2017-03-30;123,50;124,10;123,10;124,05;576.373
2017-03-31;123,75;124,40;123,30;124,40;1.212.078
2017-04-03;124,40;124,90;123,60;123,65;837.667
2017-04-04;123,75;124,70;123,10;124,35;781.619
2017-04-05;124,25;124,30;122,85;123,45;985.882
2017-04-06;122,85;123,10;122,10;122,95;596.005
2017-04-07;122,85;123,95;122,05;123,95;720.190
2017-04-10;123,95;124,30;122,80;122,80;670.200
2017-04-11;122,30;122,65;120,90;121,70;1.116.307
2017-04-12;122,00;122,60;121,25;121,80;783.114
2017-04-13;121,15;122,40;120,55;122,00;882.930
2017-04-18;122,55;122,65;120,35;121,95;1.231.558
2017-04-19;124,45;124,95;119,50;119,70;1.869.567
2017-04-20;119,10;121,55;118,80;120,80;1.638.669
2017-04-21;121,40;122,15;121,05;121,60;1.667.317
2017-04-24;124,10;124,75;122,00;122,65;1.979.507
2017-04-25;123,10;124,95;122,65;123,10;1.258.207
2017-04-26;123,20;123,20;121,45;121,85;1.172.935
2017-04-27;121,85;123,15;121,10;122,50;921.660
2017-04-28;122,20;122,30;121,20;121,35;1.061.320
2017-05-02;121,50;123,55;121,25;123,45;1.223.432
2017-05-03;123,10;123,40;122,25;123,00;1.010.177
2017-05-04;123,10;123,45;122,30;122,95;659.176
2017-05-05;123,00;123,50;122,40;122,70;744.445
2017-05-08;122,85;122,95;121,50;122,10;838.313
2017-05-09;122,05;124,15;121,95;123,85;755.482
2017-05-10;123,35;124,10;122,85;123,00;826.851
2017-05-11;123,30;123,70;122,15;122,65;774.661
2017-05-12;122,80;123,60;122,20;123,55;831.387
2017-05-15;123,75;123,95;123,00;123,95;647.934
2017-05-16;123,50;124,10;123,15;123,50;985.136
2017-05-17;123,00;123,35;120,65;120,75;1.003.666
2017-05-18;120,05;120,70;118,20;120,50;1.305.220
2017-05-19;120,50;121,05;120,00;120,45;1.015.315
2017-05-22;120,30;120,45;118,35;119,15;791.195
2017-05-23;119,00;119,95;118,95;119,60;556.996
2017-05-24;119,55;120,15;119,30;119,30;519.941
2017-05-25;119,80;120,40;117,95;119,90;651.076
2017-05-26;120,00;120,60;119,60;119,80;759.257
2017-05-29;119,50;119,80;119,10;119,25;255.568
2017-05-30;119,10;119,70;118,45;119,05;770.188
2017-05-31;119,05;119,10;117,40;117,50;1.421.038
2017-06-01;117,15;118,90;117,10;118,70;826.231
2017-06-02;119,70;120,15;118,55;118,95;743.694
2017-06-05;119,00;119,00;117,90;118,25;540.057
2017-06-06;117,95;118,30;117,20;118,00;775.456
2017-06-07;117,55;119,40;117,00;118,80;841.968
2017-06-08;118,85;120,10;118,75;119,60;730.597
2017-06-09;120,20;120,45;118,95;119,90;849.410
2017-06-12;116,00;116,50;112,60;115,20;2.656.945
2017-06-13;115,45;117,30;115,20;116,70;1.337.231
2017-06-14;118,40;119,05;116,35;116,70;1.141.080
2017-06-15;115,90;115,95;114,00;114,60;1.505.309
2017-06-16;115,10;116,15;114,50;116,00;1.722.142
2017-06-19;116,50;118,00;116,00;117,45;856.903
2017-06-20;118,00;118,30;116,10;116,15;897.338
2017-06-21;115,45;116,80;114,30;116,80;904.587
2017-06-22;116,80;117,30;115,55;117,30;951.222
2017-06-23;116,55;120,95;116,50;120,00;1.573.523
2017-06-26;121,20;121,60;119,50;119,60;1.182.848
2017-06-27;119,50;120,15;118,40;118,60;1.218.004
2017-06-28;116,65;118,15;115,35;117,95;1.365.708
2017-06-29;119,00;119,55;113,25;113,55;1.779.546
2017-06-30;113,90;116,05;113,65;114,10;1.635.748
2017-07-03;114,40;115,60;113,85;114,65;733.874
2017-07-04;114,55;114,85;113,75;114,30;673.237
2017-07-05;114,30;115,60;113,85;115,30;1.092.903
2017-07-06;115,80;116,15;114,20;115,35;1.416.928
2017-07-07;115,50;116,80;114,20;116,50;1.089.003
2017-07-10;117,00;118,00;116,70;117,70;833.671
2017-07-11;118,20;118,75;117,00;117,50;930.023
2017-07-12;118,40;120,20;118,00;119,80;1.030.301
2017-07-13;120,00;120,65;119,10;120,40;1.024.841
2017-07-14;119,85;121,60;119,30;121,60;816.770
2017-07-17;122,25;123,15;121,65;121,65;980.458
2017-07-18;121,60;122,80;121,35;122,70;1.252.236
2017-07-19;127,00;130,40;126,80;129,80;2.220.526
2017-07-20;130,40;132,70;130,40;132,10;2.169.839
2017-07-21;131,95;132,40;131,10;131,60;1.732.708
2017-07-24;132,05;132,75;130,60;131,70;1.156.068
2017-07-25;131,50;132,30;131,20;131,50;1.262.084
2017-07-26;131,85;132,55;130,45;132,35;1.236.717
2017-07-27;132,00;133,45;131,10;132,90;1.346.983
2017-07-28;130,75;131,10;129,20;129,85;1.755.105
2017-07-31;129,65;130,00;127,95;128,15;1.293.973
2017-08-01;128,40;128,85;127,15;127,95;1.186.829
2017-08-02;128,90;129,65;126,95;127,05;1.100.931
2017-08-03;126,85;129,00;126,50;128,30;1.026.392
2017-08-04;128,30;130,20;127,55;129,85;689.192
2017-08-07;130,50;131,05;129,60;131,05;624.802
2017-08-08;131,00;131,60;130,35;131,30;648.412
2017-08-09;130,35;130,90;129,90;130,40;774.758
2017-08-10;130,55;130,55;128,70;129,15;1.093.135
2017-08-11;127,85;127,85;125,80;127,25;1.303.723
2017-08-14;128,10;129,05;127,80;128,90;693.858
2017-08-15;129,75;129,95;128,85;129,90;581.531
2017-08-16;130,05;130,75;129,75;130,65;592.502
2017-08-17;130,55;130,65;129,90;129,95;899.054
2017-08-18;128,90;129,75;128,15;129,10;1.330.085
2017-08-21;128,85;129,40;128,00;128,20;785.119
2017-08-22;128,50;130,60;128,50;130,55;629.334
2017-08-23;130,75;131,55;129,95;130,10;615.278
2017-08-24;130,10;130,25;129,45;129,70;660.240
2017-08-25;129,70;130,45;129,25;129,60;543.991
2017-08-28;128,35;129,05;127,75;128,45;590.607
2017-08-29;127,50;129,25;126,35;128,80;1.050.728
2017-08-30;129,60;129,75;128,10;129,00;668.235
2017-08-31;130,00;131,10;129,90;130,50;1.042.739
2017-09-01;131,60;132,40;131,25;132,10;824.328
2017-09-04;131,25;131,60;130,60;130,60;592.997
2017-09-05;131,05;131,75;130,30;130,85;753.409
2017-09-06;129,95;131,30;129,40;131,15;903.410
2017-09-07;131,50;133,20;130,90;133,20;1.101.055
2017-09-08;133,15;133,90;132,55;133,15;822.471
2017-09-11;133,70;135,35;133,30;135,35;997.546
2017-09-12;136,00;136,45;134,45;134,80;1.122.322
2017-09-13;134,35;135,05;133,95;135,00;965.282
2017-09-14;134,10;136,00;133,80;135,75;772.455
2017-09-15;135,05;136,35;134,95;135,85;2.457.859
2017-09-18;136,55;139,05;136,05;139,00;1.025.001
2017-09-19;139,70;140,90;139,40;140,65;1.153.293
2017-09-20;140,40;140,55;138,10;138,60;886.553
2017-09-21;139,05;139,25;137,70;138,10;964.560
2017-09-22;138,40;139,00;137,60;138,95;737.915
2017-09-25;139,15;139,15;136,80;137,10;782.002
2017-09-26;136,60;137,75;136,10;137,45;948.618
2017-09-27;138,40;141,30;138,40;141,05;1.456.447
2017-09-28;142,75;143,45;142,10;143,15;1.268.954
2017-09-29;144,05;144,70;142,95;144,05;1.480.562
2017-10-02;144,95;146,10;144,10;145,60;1.134.979
2017-10-03;146,75;147,10;144,45;144,80;862.514
2017-10-04;145,00;145,20;144,10;145,10;1.058.271
2017-10-05;145,15;145,40;143,30;143,60;933.954
2017-10-06;143,10;144,70;142,85;143,40;1.037.912
2017-10-09;144,25;145,60;144,20;145,20;722.011
2017-10-10;144,90;144,95;143,65;144,25;620.067
2017-10-11;144,70;145,00;144,15;144,65;667.023
2017-10-12;145,10;146,10;144,80;145,45;837.847
2017-10-13;147,30;149,10;146,95;148,30;1.254.039
2017-10-16;149,40;149,40;148,30;149,00;926.001
2017-10-17;149,70;150,30;148,50;148,50;1.200.767
2017-10-18;147,30;150,15;143,35;145,05;2.318.590
2017-10-19;146,40;148,50;146,40;148,50;1.807.939
2017-10-20;149,55;149,90;147,70;148,50;1.255.866
2017-10-23;150,00;152,65;148,90;151,80;1.406.387
2017-10-24;151,85;153,00;150,75;151,15;1.281.380
2017-10-25;150,90;151,75;149,90;150,45;1.068.508
2017-10-26;150,95;152,35;150,10;152,25;1.377.861
2017-10-27;152,80;154,00;152,40;153,30;1.369.135
2017-10-30;154,20;154,60;152,40;152,75;909.803
2017-10-31;153,70;155,30;153,40;154,80;924.082
2017-11-01;155,40;157,55;155,00;156,45;1.365.522
2017-11-02;156,45;156,50;154,85;155,75;1.090.679
2017-11-03;156,40;157,90;155,80;157,60;1.273.018
2017-11-06;158,10;159,95;157,05;158,20;1.117.393
2017-11-07;159,30;159,40;158,00;158,45;1.030.982
2017-11-08;158,85;159,05;156,35;156,35;1.280.780
2017-11-09;156,50;156,60;152,40;153,45;1.610.012
2017-11-10;152,65;153,90;152,35;153,00;1.300.232
2017-11-13;153,50;154,40;151,85;152,65;1.195.178
2017-11-14;153,40;154,60;151,85;152,95;1.519.965
2017-11-15;151,85;152,55;149,30;151,00;1.588.711
2017-11-16;152,35;153,55;151,15;153,55;1.177.239
2017-11-17;154,30;154,45;152,35;152,85;1.262.702
2017-11-20;152,50;154,75;151,75;154,55;1.027.440
2017-11-21;154,60;157,35;153,65;157,00;1.075.622
2017-11-22;158,00;158,00;155,25;155,25;1.277.899
2017-11-23;154,90;157,20;154,25;155,85;671.582
2017-11-24;155,50;156,55;154,90;155,80;805.650
2017-11-27;155,15;156,30;154,55;155,25;1.345.289
2017-11-28;155,45;156,05;154,35;155,20;1.268.379
2017-11-29;155,75;155,85;146,85;147,95;2.732.387
2017-11-30;145,85;149,80;145,45;147,60;3.654.991
2017-12-01;147,50;147,70;143,70;144,15;1.839.314
2017-12-04;146,10;148,10;142,05;143,20;1.942.120
2017-12-05;142,70;146,30;141,50;145,40;1.846.676
2017-12-06;143,30;144,55;142,55;144,20;1.454.439
2017-12-07;145,50;146,65;143,85;145,75;1.384.342
2017-12-08;146,50;148,40;146,15;146,85;1.136.565
2017-12-11;146,95;147,00;145,35;146,75;1.165.658
2017-12-12;148,35;148,55;146,70;147,75;1.201.281
2017-12-13;146,65;148,45;146,40;147,55;995.940
2017-12-14;147,40;148,00;145,85;146,25;1.059.188
2017-12-15;146,05;146,50;145,05;145,85;2.144.426
2017-12-18;147,85;149,20;147,40;148,80;1.210.731
2017-12-19;149,55;150,05;148,80;149,15;902.615
2017-12-20;149,55;150,45;146,75;147,80;1.027.432
2017-12-21;147,80;148,45;146,70;147,75;789.613
2017-12-22;147,35;147,65;146,75;147,00;539.420
2017-12-27;146,45;146,75;144,55;146,50;653.685
2017-12-28;146,55;146,55;145,40;145,55;658.470
2017-12-29;145,65;146,15;144,90;145,15;658.933
2018-01-02;144,95;146,50;142,20;146,00;1.171.821
2018-01-03;147,50;149,45;146,85;148,20;1.531.424
2018-01-04;149,05;150,45;147,65;149,85;1.606.148
2018-01-05;150,00;151,85;149,65;151,85;1.087.996
2018-01-08;153,00;153,85;151,90;153,75;907.322
2018-01-09;153,35;154,65;152,20;153,35;1.182.232
2018-01-10;152,75;153,10;149,70;150,35;1.230.355
2018-01-11;151,25;151,45;147,90;148,20;1.295.237
2018-01-12;148,75;149,95;147,60;149,35;1.000.904
2018-01-15;150,80;153,20;150,40;151,80;1.381.535
2018-01-16;152,50;154,35;152,10;153,65;1.405.010
2018-01-17;160,00;163,95;158,15;161,25;3.407.976
2018-01-18;164,10;166,60;163,30;166,60;2.481.048
2018-01-19;166,50;168,15;165,30;166,90;1.780.624
2018-01-22;167,00;169,20;166,10;166,55;1.491.836
2018-01-23;167,85;168,00;166,35;167,00;1.209.697
2018-01-24;166,25;166,70;163,30;163,30;1.403.768
2018-01-25;163,40;167,35;163,35;163,75;1.827.969
2018-01-26;163,35;166,05;162,85;165,80;1.086.670
2018-01-29;166,75;166,95;163,55;164,20;1.111.087
2018-01-30;163,55;165,30;162,25;163,10;1.052.820
2018-01-31;163,10;164,75;162,30;163,20;1.226.497
2018-02-01;164,20;164,35;161,85;162,25;1.050.211
2018-02-02;160,95;161,00;158,00;158,15;1.357.214
2018-02-05;156,50;158,35;154,60;157,15;1.574.436
2018-02-06;150,10;154,40;150,10;152,15;3.615.438
2018-02-07;155,80;156,00;153,55;155,70;1.831.053
2018-02-08;152,85;153,90;147,20;148,00;2.048.777
2018-02-09;147,70;150,85;145,85;147,20;2.304.425
2018-02-12;150,00;151,25;148,80;150,85;1.649.973
2018-02-13;151,00;151,15;148,80;149,40;1.071.300
2018-02-14;150,30;153,00;147,85;152,70;1.338.162
2018-02-15;154,00;155,00;153,05;154,30;1.175.153
2018-02-16;155,85;156,20;154,95;155,80;1.400.079
2018-02-19;155,65;155,65;153,75;154,25;616.159
2018-02-20;154,25;159,55;153,25;159,25;1.152.040
2018-02-21;158,85;159,80;157,15;159,35;951.519
2018-02-22;157,60;159,20;156,65;157,55;1.109.392
2018-02-23;158,25;158,75;156,95;158,55;785.685
2018-02-26;160,60;163,15;159,75;161,50;1.330.102
2018-02-27;0,00;0,00;0,00;162,10;0
2018-02-28;161,65;162,75;161,30;161,30;1.188.455
2018-03-01;160,80;160,95;156,40;158,50;1.475.960
2018-03-02;155,75;156,30;153,55;154,35;1.553.439
2018-03-05;155,00;160,45;154,85;159,80;1.352.942
2018-03-06;161,60;163,00;160,75;162,35;1.528.316
2018-03-07;162,00;165,95;161,15;165,65;1.624.127
2018-03-08;166,45;167,70;165,70;167,05;1.209.107
2018-03-09;166,60;169,45;166,30;169,20;1.266.319
2018-03-12;171,00;172,80;169,55;171,90;1.348.386
2018-03-13;171,60;172,60;168,60;169,55;1.553.804
2018-03-14;168,35;171,95;168,35;170,10;1.218.442
2018-03-15;171,75;174,55;171,50;173,65;1.608.303
2018-03-16;0,00;0,00;0,00;174,20;0
2018-03-19;0,00;0,00;0,00;171,45;0
2018-03-20;0,00;0,00;0,00;173,65;0
2018-03-21;0,00;0,00;0,00;174,30;0
2018-03-22;0,00;0,00;0,00;169,10;0
2018-03-23;166,60;167,15;162,45;163,50;1.901.342
2018-03-26;164,00;166,00;162,40;163,40;1.318.163
2018-03-27;168,35;169,00;166,10;166,60;1.331.769
2018-03-28;162,00;162,90;156,55;159,05;2.528.586
2018-03-29;160,00;161,10;157,30;160,15;1.448.405
2018-04-03;157,85;162,90;157,20;162,30;1.538.232
2018-04-04;162,00;162,10;155,50;157,00;1.901.451
2018-04-05;162,50;164,30;161,20;164,00;1.465.876
2018-04-06;161,50;161,75;160,00;161,20;1.357.591
2018-04-09;160,25;162,75;159,85;162,75;893.307
2018-04-10;164,00;166,20;163,60;165,55;1.140.339
2018-04-11;165,95;167,00;163,55;165,80;934.413
2018-04-12;165,70;168,40;165,10;167,65;1.339.495
2018-04-13;167,15;167,50;165,90;167,50;1.076.193
2018-04-16;167,60;169,60;166,25;166,30;909.472
2018-04-17;167,70;170,00;167,40;169,75;1.407.237
2018-04-18;167,00;172,80;163,85;166,25;2.181.983
2018-04-19;166,55;166,75;159,90;160,75;1.709.868
2018-04-20;158,00;160,15;156,75;158,05;2.481.488
2018-04-23;157,65;159,90;156,80;159,90;1.145.204
2018-04-24;156,70;161,25;156,40;159,95;1.275.989
2018-04-25;159,00;159,95;156,20;158,60;1.520.199
2018-04-26;158,55;161,15;158,25;160,70;1.244.332
2018-04-27;160,85;161,95;158,15;159,25;1.249.901
2018-04-30;160,85;161,95;156,40;157,50;1.237.468
2018-05-02;158,50;160,40;158,50;159,75;1.500.856
2018-05-03;160,00;160,90;159,15;159,50;1.286.339
2018-05-04;160,90;162,05;159,75;161,60;1.181.667
2018-05-07;163,10;164,20;162,60;163,20;858.318
2018-05-08;163,20;163,45;161,90;162,80;839.336
2018-05-09;162,80;165,60;162,65;165,60;880.754
2018-05-10;166,10;167,75;166,10;167,30;778.826
2018-05-11;167,70;168,90;166,60;167,25;789.758
2018-05-14;167,35;169,50;167,00;169,25;781.788
2018-05-15;169,00;170,50;168,15;169,10;1.262.417
2018-05-16;168,80;171,20;168,45;171,00;961.942
2018-05-17;171,00;173,15;170,65;173,15;1.009.423
2018-05-18;171,80;172,60;167,00;169,20;2.041.423
2018-05-21;169,90;172,15;169,30;171,05;715.206
2018-05-22;171,50;172,85;171,15;172,05;878.276
2018-05-23;171,70;171,75;168,90;170,10;1.087.709
2018-05-24;170,35;173,10;169,40;170,20;1.016.664
2018-05-25;172,05;172,60;170,30;172,15;1.176.849
2018-05-28;173,45;174,00;170,35;170,95;633.201
2018-05-29;170,45;171,40;168,80;169,85;1.353.387
2018-05-30;0,00;170,70;168,55;169,70;1.046.319
2018-05-31;170,35;170,70;167,40;167,40;3.367.764
2018-06-01;168,85;172,05;168,45;172,05;1.212.136
2018-06-04;173,45;174,40;172,65;173,20;926.873
2018-06-05;174,50;181,45;174,15;178,30;1.917.082
2018-06-06;179,05;181,10;177,55;180,00;1.210.832
2018-06-07;181,00;181,75;176,20;177,30;1.228.550
2018-06-08;176,40;176,90;174,35;175,65;1.120.397
2018-06-11;176,50;178,60;176,05;178,00;988.799
2018-06-12;179,45;179,70;175,85;177,40;1.140.433
2018-06-13;179,50;182,60;179,00;182,20;1.372.058
2018-06-14;181,50;186,10;180,85;185,60;1.247.965
2018-06-15;186,60;188,85;184,15;184,15;1.984.269
2018-06-18;183,70;183,95;179,75;181,80;1.187.508
2018-06-19;177,80;178,15;174,50;176,75;1.457.886
2018-06-20;178,20;179,00;176,65;177,35;1.052.048
2018-06-21;179,00;179,60;175,15;176,80;1.194.464
2018-06-22;177,50;178,75;175,65;177,35;1.144.290
2018-06-25;176,00;176,65;168,40;168,40;1.062.580
2018-06-26;170,00;172,25;169,45;169,60;1.120.961
2018-06-27;170,40;172,70;168,05;170,75;1.061.002
2018-06-28;169,00;170,70;164,40;165,80;1.358.323
2018-06-29;170,00;171,50;169,10;169,70;1.439.273
2018-07-02;166,40;169,10;165,55;166,65;1.202.139
2018-07-03;168,40;168,75;164,90;167,00;948.942
2018-07-04;165,25;165,95;163,15;164,90;727.794
2018-07-05;163,50;167,65;163,50;166,95;1.013.537
2018-07-06;168,00;168,00;164,30;167,05;1.089.507
2018-07-09;168,40;171,30;168,05;168,80;1.039.204
2018-07-10;169,60;171,35;169,05;170,50;826.989
2018-07-11;168,05;169,25;167,05;167,10;1.077.184
2018-07-12;167,50;170,00;166,65;170,00;772.353
2018-07-13;171,25;173,45;170,55;170,95;1.025.806
2018-07-16;171,50;172,05;170,10;171,10;799.513
2018-07-17;170,85;172,70;169,20;172,05;1.006.350
2018-07-18;182,35;187,40;179,40;186,05;2.960.327
2018-07-19;187,00;187,85;184,25;186,00;1.207.868
2018-07-20;185,10;189,10;183,20;188,45;1.763.768
2018-07-23;188,40;188,40;185,45;187,40;736.637
2018-07-24;189,25;189,50;186,00;186,10;987.811
2018-07-25;184,45;184,85;183,05;184,55;1.593.068
2018-07-26;185,60;186,60;183,85;185,20;1.201.791
2018-07-27;185,20;186,70;184,75;185,90;819.576
2018-07-30;183,50;185,45;183,05;184,10;877.454
2018-07-31;184,35;184,80;183,00;183,50;1.062.849
2018-08-01;184,10;185,00;182,80;183,75;937.161
2018-08-02;182,10;184,60;181,50;184,50;1.102.659
2018-08-03;185,25;187,20;183,50;183,85;840.126
2018-08-06;184,80;185,45;183,65;184,55;794.259
2018-08-07;185,60;185,90;184,35;184,75;709.996
2018-08-08;184,50;185,55;183,65;184,65;689.834
2018-08-09;183,90;184,65;183,00;183,00;825.646
2018-08-10;180,70;181,80;178,65;179,20;1.487.699
2018-08-13;178,70;180,35;177,50;180,05;895.376
2018-08-14;180,90;182,60;180,50;180,95;867.966
2018-08-15;181,00;181,78;173,60;174,04;1.336.517
2018-08-16;175,50;175,94;173,60;173,90;1.021.286
2018-08-17;172,34;172,78;170,00;171,68;1.324.125
2018-08-20;172,72;174,68;172,34;173,28;782.519
2018-08-21;173,40;174,24;173,20;173,52;789.928
2018-08-22;173,22;173,80;171,82;172,88;911.805
2018-08-23;173,46;174,84;173,16;173,30;747.696
2018-08-24;173,66;174,98;173,34;174,40;767.543
2018-08-27;175,54;178,38;175,38;178,02;822.870
2018-08-28;178,30;179,28;175,82;175,82;1.105.882
2018-08-29;176,32;177,38;175,16;177,10;920.507
2018-08-30;177,12;177,42;175,54;176,70;889.335
2018-08-31;175,64;176,10;174,82;175,64;1.051.715
2018-09-03;176,50;178,72;174,82;177,38;851.043
2018-09-04;178,00;178,46;171,30;171,70;1.521.069
2018-09-05;171,00;172,20;167,28;167,32;1.749.163
2018-09-06;165,98;166,66;158,72;159,66;2.531.932
2018-09-07;158,76;159,02;155,20;159,02;2.212.857
2018-09-10;157,26;162,56;157,22;160,20;1.935.792
2018-09-11;161,26;161,62;156,56;157,78;1.465.895
2018-09-12;158,28;158,30;148,58;151,84;3.140.330
2018-09-13;152,44;157,28;151,66;156,40;2.521.846
2018-09-14;158,18;158,80;156,80;157,38;1.663.925
2018-09-17;157,70;158,50;156,52;157,58;1.410.782
2018-09-18;157,58;160,26;156,18;160,26;1.620.462
2018-09-19;160,88;161,32;159,68;161,04;1.399.815
2018-09-20;162,18;163,38;160,52;161,92;1.690.994
2018-09-21;163,10;163,10;159,96;161,68;2.572.957
2018-09-24;160,62;162,38;160,00;162,14;920.248
2018-09-25;162,82;164,16;161,28;162,26;1.072.883
2018-09-26;162,48;162,84;159,12;161,54;1.277.919
2018-09-27;160,84;162,44;159,66;162,44;1.014.466
2018-09-28;162,00;163,18;159,18;160,90;1.528.663
2018-10-01;162,50;165,90;162,08;164,90;1.043.146
2018-10-02;163,56;166,42;161,80;165,72;1.146.932
2018-10-03;166,58;166,76;164,68;164,88;872.840
2018-10-04;165,46;166,00;161,70;162,80;1.214.285
2018-10-05;162,92;162,94;159,16;160,26;1.266.483
2018-10-08;159,86;160,02;157,44;157,74;1.120.827
2018-10-09;158,62;159,82;155,04;159,12;1.175.660
2018-10-10;158,60;158,60;150,04;150,36;2.257.935
2018-10-11;144,22;155,68;140,34;150,00;3.207.614
2018-10-12;157,14;157,14;148,76;149,38;2.135.748
2018-10-15;149,78;150,48;147,14;150,18;1.356.426
2018-10-16;150,00;155,26;149,54;155,00;1.571.398
2018-10-17;164,50;166,16;159,82;160,38;3.173.648
2018-10-18;158,58;160,14;155,32;155,32;1.788.881
2018-10-19;156,24;157,76;152,56;153,82;2.187.478
2018-10-22;155,40;157,00;151,86;152,78;1.248.756
2018-10-23;149,96;150,10;143,64;147,86;2.709.561
2018-10-24;148,72;149,66;142,04;142,46;2.510.631
2018-10-25;139,10;147,98;138,26;147,52;2.162.234
2018-10-26;146,54;146,54;142,70;145,96;2.234.011
2018-10-29;147,00;149,86;145,16;145,22;1.259.575
2018-10-30;145,92;148,92;144,62;147,74;2.018.426
2018-10-31;149,00;152,22;148,72;150,92;2.122.032
2018-11-01;152,50;152,68;148,86;151,96;1.871.232
2018-11-02;155,00;158,10;152,22;152,90;2.057.043
2018-11-05;153,00;153,26;148,80;150,28;1.319.378
2018-11-06;151,62;155,56;149,08;154,48;1.784.185
2018-11-07;154,48;156,00;153,38;154,74;1.721.647
2018-11-08;159,00;159,24;152,82;153,64;2.011.603
2018-11-09;152,66;152,98;150,54;152,22;1.593.001
2018-11-12;155,26;155,62;148,24;148,90;1.945.673
2018-11-13;150,40;153,72;149,46;153,16;1.616.497
2018-11-14;151,02;154,24;149,02;153,02;1.523.510
2018-11-15;153,00;153,34;149,48;152,30;1.859.463
2018-11-16;152,96;153,36;147,46;147,74;3.021.457
2018-11-19;148,54;150,48;143,80;143,96;1.704.676
2018-11-20;141,50;142,58;136,28;141,28;2.904.959
2018-11-21;144,00;146,06;142,72;145,30;2.044.635
2018-11-22;144,30;144,52;142,34;142,74;977.063
2018-11-23;144,00;144,98;142,34;144,50;1.229.309
2018-11-26;147,00;148,76;144,70;146,66;1.715.642
2018-11-27;147,50;148,92;146,18;148,58;1.444.513
2018-11-28;149,18;151,54;148,48;149,86;1.450.366
2018-11-29;152,68;153,28;150,18;151,24;1.647.261
2018-11-30;149,60;150,32;148,02;149,10;1.939.870
2018-12-03;155,00;155,48;152,70;154,04;2.077.129
2018-12-04;155,00;155,00;152,72;153,16;1.604.931
2018-12-05;150,20;151,96;149,32;149,32;1.094.115
2018-12-06;147,00;147,00;142,62;143,56;1.781.722
2018-12-07;145,34;146,00;141,56;141,56;1.407.084
2018-12-10;139,32;143,00;138,70;140,64;1.752.759
2018-12-11;143,18;145,58;141,90;142,94;1.359.802
2018-12-12;144,94;147,20;143,60;146,36;1.455.686
2018-12-13;147,36;147,40;143,54;144,72;1.217.330
2018-12-14;142,24;145,40;139,64;144,08;1.246.215
2018-12-17;143,06;144,58;141,20;144,48;1.054.911
2018-12-18;142,20;144,84;141,56;143,14;1.478.947
2018-12-19;140,30;142,56;138,06;140,98;1.704.218
2018-12-20;135,60;137,92;134,16;134,78;2.700.361
2018-12-21;133,42;134,20;130,86;132,98;3.465.516
2018-12-24;130,36;133,78;130,30;130,88;294.730
2018-12-27;134,76;135,48;131,16;132,62;1.223.946
2018-12-28;134,14;137,64;133,00;136,62;1.125.834
2018-12-31;135,80;137,64;135,70;137,16;278.125
2019-01-02;135,60;138,28;132,96;137,46;1.081.432
2019-01-03;133,48;133,90;130,12;131,74;1.767.143
2019-01-04;132,16;134,36;131,14;133,70;1.469.304
2019-01-07;136,00;137,32;134,88;137,04;1.166.373
2019-01-08;136,98;138,92;135,26;136,12;1.209.734
2019-01-09;138,06;141,46;137,68;141,00;1.655.082
2019-01-10;140,00;140,60;138,74;140,14;917.269
2019-01-11;141,50;141,50;139,74;140,78;1.024.943
2019-01-14;139,56;140,82;138,00;138,90;1.193.495
2019-01-15;140,48;141,34;138,50;139,52;1.098.455
2019-01-16;140,58;140,86;138,60;139,10;1.136.189
2019-01-17;138,18;138,18;136,28;137,50;1.176.437
2019-01-18;139,12;143,04;138,40;142,88;1.961.371
2019-01-21;143,00;144,00;142,24;143,54;982.472
2019-01-22;142,12;142,90;140,08;141,36;1.331.203
2019-01-23;136,30;144,36;134,50;142,62;2.957.520
2019-01-24;143,00;149,12;142,56;148,80;2.676.605
2019-01-25;150,24;154,70;148,24;154,44;2.185.527
2019-01-28;154,44;154,62;149,90;153,24;1.848.966
2019-01-29;152,28;153,08;151,06;151,66;1.304.032
2019-01-30;153,10;154,44;152,20;152,50;1.141.320
2019-01-31;154,60;154,90;151,24;153,22;1.330.148
2019-02-01;153,80;155,50;152,96;155,50;1.351.265
2019-02-04;156,42;156,66;155,40;156,50;1.344.089
2019-02-05;155,90;159,18;155,90;158,60;1.565.640
2019-02-06;158,52;164,00;158,30;164,00;1.786.487
2019-02-07;163,38;165,32;160,00;160,00;1.939.385
2019-02-08;158,20;160,18;156,66;157,68;1.318.772
2019-02-11;160,02;160,56;158,16;158,70;1.088.515
2019-02-12;159,72;161,36;159,20;160,58;1.078.930
2019-02-13;161,78;162,50;160,32;161,32;1.258.735
2019-02-14;163,24;163,70;161,58;162,52;1.233.319
2019-02-15;161,68;164,48;161,36;163,08;1.450.759
2019-02-18;163,24;163,24;161,78;162,00;681.289
2019-02-19;162,30;162,52;159,86;161,14;821.767
2019-02-20;160,96;162,20;159,80;161,84;872.858
2019-02-21;161,48;162,40;159,64;160,36;1.076.553
2019-02-22;161,50;163,30;161,50;162,86;856.132
2019-02-25;163,94;165,74;163,68;164,96;894.955
2019-02-26;164,50;164,52;162,94;163,64;927.975
2019-02-27;162,74;162,74;160,18;161,68;853.146
2019-02-28;159,74;161,38;157,06;161,12;1.069.362
2019-03-01;161,12;163,04;161,12;161,46;1.041.872
2019-03-04;163,70;165,00;161,62;163,88;964.106
2019-03-05;163,60;164,18;162,40;163,92;842.799
2019-03-06;163,90;164,08;160,68;160,94;895.839
2019-03-07;160,30;160,90;158,36;159,40;1.616.478
2019-03-08;155,50;158,38;155,22;158,30;1.201.512
2019-03-11;159,76;161,42;157,92;161,18;971.666
2019-03-12;162,40;162,40;160,24;162,00;1.000.431
2019-03-13;161,16;162,60;160,98;161,92;1.033.215
2019-03-14;161,14;163,08;160,64;162,16;1.140.068
2019-03-15;163,10;170,10;162,52;169,70;3.620.393
2019-03-18;169,90;169,98;167,02;167,40;827.030
2019-03-19;168,20;169,62;167,30;167,98;958.642
2019-03-20;168,12;168,20;166,18;166,18;966.751
2019-03-21;168,00;169,98;165,80;169,58;1.244.379
2019-03-22;170,50;171,98;166,72;167,30;1.264.398
2019-03-25;165,32;165,94;163,16;165,10;1.008.890
2019-03-26;164,78;166,30;163,68;166,00;1.174.308
2019-03-27;166,40;166,96;162,86;163,28;1.696.944
2019-03-28;163,02;164,76;162,52;163,36;733.944
2019-03-29;164,50;167,20;164,04;167,20;1.209.698
2019-04-01;169,00;170,80;168,52;170,50;1.072.075
2019-04-02;171,18;173,40;170,92;172,50;921.803
2019-04-03;174,48;176,22;174,38;176,22;1.461.872
2019-04-04;175,60;177,48;175,00;176,84;1.080.706
2019-04-05;176,98;179,48;176,88;179,32;1.064.136
2019-04-08;179,00;179,74;178,72;179,74;1.031.252
2019-04-09;179,00;181,50;175,40;179,20;1.197.765
2019-04-10;179,40;179,88;177,10;177,80;1.027.921
2019-04-11;174,40;176,76;173,74;176,30;1.206.458
2019-04-12;175,58;178,72;175,30;178,72;876.901
2019-04-15;179,30;179,84;176,34;177,06;946.092
2019-04-16;177,06;180,36;175,70;180,20;1.253.125
2019-04-17;182,00;185,42;178,24;179,98;1.971.373
2019-04-18;178,00;184,26;178,00;183,22;1.859.025
2019-04-23;182,02;183,48;181,48;182,94;923.948
2019-04-24;182,36;185,58;182,16;185,40;1.076.770
2019-04-25;185,40;186,02;183,12;185,36;1.154.911
2019-04-26;182,40;185,48;181,90;184,74;1.577.963
2019-04-29;185,00;185,32;183,54;185,08;849.951
2019-04-30;184,50;185,78;183,76;185,54;1.009.778
2019-05-02;184,50;185,58;183,58;184,06;994.941
2019-05-03;184,88;185,86;184,30;185,40;835.140
2019-05-06;182,00;182,42;179,06;182,20;1.019.111
2019-05-07;182,34;184,18;178,48;179,48;1.056.058
2019-05-08;178,58;181,72;178,06;181,36;1.152.377
2019-05-09;179,30;179,30;173,48;174,06;1.007.910
2019-05-10;177,80;178,44;174,40;175,32;1.069.035
2019-05-13;176,50;176,50;170,36;171,00;1.274.673
2019-05-14;171,80;176,30;171,28;176,30;1.203.414
2019-05-15;177,56;179,24;174,00;179,24;1.039.398
2019-05-16;178,80;182,22;176,94;181,62;1.106.771
2019-05-17;180,80;183,20;180,06;182,82;1.307.978
2019-05-20;180,00;180,26;170,66;171,32;1.966.580
2019-05-21;172,76;175,10;172,08;173,74;1.254.844
2019-05-22;173,12;173,22;170,34;172,86;988.981
2019-05-23;170,00;171,50;168,00;170,36;1.284.646
2019-05-24;171,44;172,80;169,66;170,40;746.350
2019-05-27;171,80;173,40;171,34;172,86;373.716
2019-05-28;172,82;173,84;170,86;172,16;3.139.168
2019-05-29;170,00;170,50;168,38;168,80;1.199.543
2019-05-30;169,50;171,86;169,04;170,98;468.679
2019-05-31;168,78;169,88;168,00;169,30;1.054.462
2019-06-03;167,46;169,40;166,34;169,40;1.153.255
2019-06-04;166,20;169,08;165,04;168,52;1.347.582
2019-06-05;169,96;170,74;167,82;169,04;868.513
2019-06-06;168,84;171,48;168,28;169,90;784.641
2019-06-07;170,72;175,08;170,70;173,80;1.091.591
2019-06-10;174,98;175,96;172,96;175,00;615.326
2019-06-11;176,10;178,98;176,08;177,38;819.605
2019-06-12;176,00;177,06;174,42;175,00;798.669
2019-06-13;174,20;175,84;172,96;175,00;694.552
2019-06-14;172,00;172,06;167,86;171,04;1.191.522
2019-06-17;172,38;172,38;170,38;170,40;620.157
2019-06-18;168,84;174,40;166,32;173,64;1.580.000
2019-06-19;174,68;175,50;174,16;174,98;850.495
2019-06-20;176,56;180,22;176,38;178,38;1.175.333
2019-06-21;178,14;178,94;176,82;178,70;1.941.551
2019-06-24;178,50;179,56;177,48;177,68;756.462
2019-06-25;177,42;179,18;177,12;177,34;673.322
2019-06-26;176,90;180,50;176,82;179,00;1.044.453
2019-06-27;180,40;181,30;178,60;179,70;889.217
2019-06-28;179,72;184,24;179,56;183,74;1.071.376
2019-07-01;189,10;191,00;188,66;189,36;1.388.671
2019-07-02;190,14;190,72;189,08;189,70;825.679
2019-07-03;189,50;190,96;188,86;189,70;718.808
2019-07-04;190,36;190,84;188,90;189,10;447.156
2019-07-05;188,50;188,58;184,72;185,72;1.024.894
2019-07-08;184,96;186,90;184,20;185,82;641.033
2019-07-09;185,82;186,30;182,74;183,92;821.185
2019-07-10;183,84;186,10;183,36;184,48;719.126
2019-07-11;185,76;186,44;184,30;185,06;919.678
2019-07-12;185,36;186,14;184,24;184,60;676.451
2019-07-15;184,70;185,92;183,46;183,86;739.541
2019-07-16;183,74;184,46;182,14;184,46;789.321
2019-07-17;185,00;195,48;185,00;194,00;2.057.235
2019-07-18;193,26;200,60;193,16;199,50;1.563.460
2019-07-19;202,00;202,70;198,44;199,50;1.286.483
2019-07-22;200,10;202,45;198,66;202,20;1.028.201
2019-07-23;204,40;207,85;204,15;205,90;1.192.470
2019-07-24;206,50;209,90;205,55;209,45;974.367
2019-07-25;209,90;211,50;206,00;207,70;1.175.874
2019-07-26;208,00;209,10;207,20;208,40;668.132
2019-07-29;207,10;208,35;206,05;206,05;559.960
2019-07-30;207,25;207,55;203,55;205,00;744.680
2019-07-31;204,15;206,15;202,80;202,80;955.308
2019-08-01;201,00;207,55;200,00;207,55;813.091
2019-08-02;198,50;201,85;196,54;197,56;1.815.727
2019-08-05;194,02;194,50;190,46;190,84;1.425.420
2019-08-06;190,82;193,70;190,02;190,02;1.035.423
2019-08-07;192,80;194,96;189,08;190,60;1.211.026
2019-08-08;194,54;195,76;192,86;195,76;1.075.461
2019-08-09;195,00;196,32;190,28;191,56;990.767
2019-08-12;192,50;194,82;190,92;192,00;741.395
2019-08-13;191,40;197,42;188,34;195,50;1.337.295
2019-08-14;196,42;197,16;185,66;187,30;1.333.007
2019-08-15;189,28;190,26;185,00;188,06;1.113.231
2019-08-16;189,46;192,12;188,74;191,42;1.111.876
2019-08-19;193,98;195,84;193,18;195,08;800.191
2019-08-20;194,90;196,20;193,24;194,26;654.051
2019-08-21;193,98;197,66;193,82;196,00;689.067
2019-08-22;195,46;196,66;192,82;193,68;721.570
2019-08-23;195,42;196,28;190,16;190,16;895.203
2019-08-26;189,12;193,32;188,90;192,42;638.185
2019-08-27;192,10;194,30;190,70;193,46;897.930
2019-08-28;192,56;194,10;191,08;194,10;784.643
2019-08-29;194,08;200,30;193,98;199,42;871.644
2019-08-30;200,50;202,90;200,45;202,25;898.272
2019-09-02;202,50;203,75;200,05;200,70;520.072
2019-09-03;199,86;202,40;199,30;201,25;902.126
2019-09-04;203,45;205,25;202,80;204,70;814.316
2019-09-05;207,80;215,15;207,65;215,10;1.523.920
2019-09-06;214,25;217,30;214,15;217,30;954.763
2019-09-09;217,25;219,15;215,60;219,15;772.800
2019-09-10;218,80;219,35;215,70;217,05;1.229.612
2019-09-11;218,35;221,00;217,95;221,00;813.947
2019-09-12;222,50;224,90;221,40;223,80;1.202.812
2019-09-13;223,45;226,85;222,95;226,60;1.125.119
2019-09-16;224,00;225,40;222,15;223,85;826.925
2019-09-17;223,85;224,10;221,95;223,30;728.302
2019-09-18;223,50;227,35;223,20;226,05;919.399
2019-09-19;225,35;228,00;224,75;228,00;938.421
2019-09-20;227,65;228,65;225,25;226,05;2.358.083
2019-09-23;223,90;225,90;222,00;225,30;831.618
2019-09-24;226,00;227,20;225,15;225,15;738.318
2019-09-25;222,50;223,85;218,50;223,85;1.007.372
2019-09-26;225,00;228,35;224,85;226,40;965.027
2019-09-27;223,00;226,95;222,60;225,45;819.090
2019-09-30;224,35;227,25;223,40;227,25;902.456
2019-10-01;229,45;231,90;224,90;224,95;1.177.986
2019-10-02;224,95;225,60;218,95;218,95;1.164.467
2019-10-03;219,70;221,90;217,00;220,60;848.277
2019-10-04;221,80;223,70;220,65;223,40;846.338
2019-10-07;223,05;226,35;222,10;226,05;819.582
2019-10-08;227,45;227,95;220,05;221,05;912.379
2019-10-09;221,50;224,80;220,10;224,65;672.520
2019-10-10;225,45;230,75;222,75;230,55;921.951
2019-10-11;231,60;236,30;230,50;236,30;1.119.025
2019-10-14;236,20;236,90;233,20;236,10;982.241
2019-10-15;240,20;243,35;238,85;243,20;1.560.445
2019-10-16;239,00;243,85;232,20;232,20;1.859.685
2019-10-17;231,70;235,15;227,45;229,00;1.685.033
2019-10-18;227,00;229,75;226,05;228,00;1.321.248
2019-10-21;228,95;233,45;227,80;232,95;880.953
2019-10-22;234,15;235,85;230,90;231,80;919.362
2019-10-23;227,25;230,80;226,85;230,05;1.029.415
2019-10-24;231,75;237,45;231,75;237,30;1.026.540
2019-10-25;238,55;240,55;235,85;237,85;783.448
2019-10-28;237,60;242,00;236,35;240,75;769.720
2019-10-29;241,00;242,80;238,35;239,55;834.906
2019-10-30;238,00;240,50;235,15;237,50;701.170
2019-10-31;238,20;239,70;234,95;235,00;1.031.054
2019-11-01;236,00;240,75;235,60;239,75;718.188
2019-11-04;242,00;246,40;241,70;244,85;911.531
2019-11-05;245,25;246,65;243,10;246,50;837.228
2019-11-06;246,40;247,25;241,65;243,05;1.335.850
2019-11-07;244,35;246,55;242,55;243,45;890.231
2019-11-08;242,20;242,25;239,60;242,05;926.469
2019-11-11;241,65;243,50;240,35;241,85;702.071
2019-11-12;242,00;244,45;242,00;243,60;645.807
2019-11-13;243,00;244,40;241,90;244,40;737.990
2019-11-14;244,45;246,15;243,85;243,90;755.750
2019-11-15;245,40;249,30;244,85;249,00;898.651
2019-11-18;248,60;249,30;245,60;248,30;609.638
2019-11-19;248,00;249,55;244,05;244,95;863.762
2019-11-20;243,75;246,40;242,15;244,65;645.869
2019-11-21;241,00;244,70;240,50;242,80;925.331
2019-11-22;242,50;244,70;242,20;243,10;790.013
2019-11-25;243,05;246,05;243,00;245,70;780.134
2019-11-26;245,80;248,65;245,45;246,50;863.138
2019-11-27;248,10;248,95;245,40;246,20;522.616
2019-11-28;245,00;245,95;244,00;245,95;325.522
2019-11-29;244,90;249,60;244,10;247,00;849.408
2019-12-02;247,30;248,85;238,15;238,65;1.325.848
2019-12-03;240,80;243,35;235,60;236,60;1.243.529
2019-12-04;238,00;243,55;237,70;242,75;885.303
2019-12-05;243,95;246,70;243,15;244,35;723.725
2019-12-06;246,90;254,75;246,65;252,60;1.176.142
2019-12-09;252,60;255,85;251,95;251,95;841.116
2019-12-10;251,15;252,30;247,00;251,75;814.684
2019-12-11;251,35;254,85;250,45;254,15;781.585
2019-12-12;256,40;257,95;252,40;255,45;1.164.605
2019-12-13;261,50;262,25;257,25;259,85;1.146.454
2019-12-16;261,15;263,70;260,60;263,00;1.064.185
2019-12-17;263,85;266,65;262,75;263,00;1.213.993
2019-12-18;263,45;265,80;262,55;263,60;972.427
2019-12-19;264,20;264,70;260,05;261,10;976.098
2019-12-20;262,00;265,60;260,90;264,60;1.762.439
2019-12-23;265,10;267,80;264,65;266,40;645.712
2019-12-24;266,75;266,75;264,05;264,90;205.969
2019-12-27;266,40;267,25;265,05;266,90;495.721
2019-12-30;266,20;266,90;262,10;262,90;469.265
2019-12-31;262,50;264,80;261,60;263,70;200.017
2020-01-02;265,00;271,40;264,80;269,40;775.137
2020-01-03;267,75;269,00;265,10;267,95;823.902
2020-01-06;264,00;264,00;259,15;263,10;1.111.607
2020-01-07;265,70;269,15;265,55;268,40;1.125.028
2020-01-08;268,55;271,90;267,60;270,70;1.148.323
2020-01-09;271,50;274,80;271,00;272,40;999.941
2020-01-10;272,40;272,60;268,40;268,60;738.176
2020-01-13;268,00;270,95;267,50;269,05;901.659
2020-01-14;270,00;270,60;267,50;269,50;974.145
2020-01-15;272,40;272,65;269,80;271,45;943.936
2020-01-16;273,70;274,05;269,75;270,20;947.863
2020-01-17;271,30;272,20;269,30;270,90;951.840
2020-01-20;272,25;272,80;270,60;270,60;525.815
2020-01-21;270,00;271,50;266,60;271,25;796.365
2020-01-22;266,00;273,75;262,55;270,20;1.625.431
2020-01-23;269,00;269,75;264,05;264,50;1.363.769
2020-01-24;267,50;271,05;267,10;270,65;1.110.922
2020-01-27;264,70;267,15;258,65;259,10;1.538.335
2020-01-28;261,60;263,40;258,15;261,75;1.359.303
2020-01-29;262,80;269,50;261,90;268,90;1.304.251
2020-01-30;265,65;267,55;263,35;265,00;1.109.626
2020-01-31;265,00;266,95;254,00;254,25;1.554.825
2020-02-03;255,30;260,30;254,45;260,00;1.182.289
2020-02-04;262,60;269,95;262,35;269,95;1.302.073
2020-02-05;269,30;280,00;269,05;276,35;1.558.323
2020-02-06;280,00;281,10;276,55;280,65;1.185.742
2020-02-07;280,00;280,40;276,45;278,55;1.029.523
2020-02-10;277,05;281,00;276,50;281,00;752.140
2020-02-11;285,00;289,55;283,75;288,45;1.077.284
2020-02-12;287,50;290,75;285,95;290,75;1.110.296
2020-02-13;289,45;292,55;285,75;292,30;1.125.398
2020-02-14;292,00;294,10;291,00;292,95;942.165
2020-02-17;293,40;294,40;285,20;288,45;1.013.259
2020-02-18;280,00;286,40;280,00;286,15;1.276.183
2020-02-19;288,35;292,90;287,55;292,90;1.149.699
2020-02-20;293,30;294,00;287,70;287,70;1.042.158
2020-02-21;287,95;291,10;280,60;285,00;1.488.253
2020-02-24;273,10;274,65;266,05;270,65;2.110.959
2020-02-25;273,00;274,60;265,20;266,35;1.555.531
2020-02-26;262,35;269,35;253,90;267,60;2.084.013
2020-02-27;261,00;263,10;250,75;255,85;2.151.552
2020-02-28;245,00;249,45;241,95;248,10;3.267.092
2020-03-02;256,10;258,25;242,60;250,25;2.620.489
2020-03-03;257,65;264,35;255,00;259,30;2.608.499
2020-03-04;259,80;266,10;257,75;263,75;1.595.852
2020-03-05;268,90;268,90;259,05;262,90;1.741.151
2020-03-06;254,00;256,35;249,25;251,30;1.920.181
2020-03-09;233,00;241,90;225,00;236,20;3.541.445
2020-03-10;241,00;247,45;234,20;234,70;3.002.071
2020-03-11;239,10;243,55;236,30;238,00;2.184.807
2020-03-12;222,00;226,20;212,05;218,40;4.158.487
2020-03-13;225,00;235,55;210,50;216,10;3.780.161
2020-03-16;203,85;222,50;191,68;218,75;3.075.133
2020-03-17;228,00;228,15;205,00;211,95;2.620.398
2020-03-18;205,00;208,85;184,54;185,90;3.758.609
2020-03-19;185,90;201,05;177,52;201,05;2.694.325
2020-03-20;215,00;221,40;208,85;215,00;3.393.134
2020-03-23;200,80;216,25;195,36;213,50;2.853.264
2020-03-24;229,00;240,30;220,85;240,00;2.297.810
2020-03-25;250,35;254,00;231,65;244,90;2.202.960
2020-03-26;238,30;249,00;232,05;249,00;1.910.264
2020-03-27;242,20;246,20;228,35;229,50;1.980.238
2020-03-30;231,10;244,75;229,60;244,75;1.273.225
2020-03-31;247,15;250,00;237,85;242,45;1.642.173
2020-04-01;234,55;236,00;228,85;234,50;1.525.048
2020-04-02;232,50;233,60;222,60;229,55;1.420.543
2020-04-03;227,60;231,50;222,40;228,15;1.301.604
2020-04-06;236,00;246,95;235,20;245,40;1.252.365
2020-04-07;253,85;259,00;248,60;252,05;1.614.106
2020-04-08;253,00;258,00;250,35;258,00;1.127.787
2020-04-09;256,30;260,95;251,30;255,65;1.406.604
2020-04-14;260,00;268,85;256,45;263,25;1.636.230
2020-04-15;266,00;267,55;252,95;254,85;1.573.094
2020-04-16;266,00;269,65;263,30;267,55;1.848.533
2020-04-17;276,75;279,75;270,85;271,55;1.753.652
2020-04-20;272,30;273,05;263,80;273,05;1.024.080
2020-04-21;268,80;270,35;256,45;258,60;1.259.010
2020-04-22;262,00;269,65;261,05;268,20;1.036.747
2020-04-23;273,50;274,25;267,25;269,65;904.543
2020-04-24;263,35;270,40;261,55;266,70;957.104
2020-04-27;273,50;273,60;268,10;269,70;799.569
2020-04-28;269,30;276,15;268,80;272,45;1.169.970
2020-04-29;271,85;277,00;269,70;276,50;1.052.979
2020-04-30;280,35;282,00;268,50;270,65;1.884.935
2020-05-04;257,50;258,55;251,85;257,80;1.964.529
2020-05-05;262,50;269,15;257,80;267,70;1.336.552
2020-05-06;269,45;273,85;267,35;271,90;1.113.122
2020-05-07;272,10;277,00;271,30;276,60;910.018
2020-05-08;278,70;279,65;276,20;278,40;768.553
2020-05-11;280,40;280,40;274,30;279,10;958.469
2020-05-12;278,50;282,70;277,20;279,40;988.386
2020-05-13;273,60;277,45;271,15;274,00;1.145.562
2020-05-14;269,00;272,35;262,35;267,55;1.507.056
2020-05-15;279,00;279,35;268,05;269,00;1.888.434
2020-05-18;274,00;278,80;270,60;276,65;1.325.265
2020-05-19;281,15;284,15;272,35;284,15;1.391.017
2020-05-20;282,15;295,95;282,05;295,95;1.404.267
2020-05-21;293,00;295,30;289,70;290,05;894.501
2020-05-22;285,10;292,00;284,10;291,75;804.110
2020-05-25;294,50;297,60;291,95;295,60;459.543
2020-05-26;300,00;300,45;293,20;293,80;844.887
2020-05-27;294,15;295,55;283,00;287,55;1.222.535
2020-05-28;292,70;295,80;288,30;294,90;1.082.638
2020-05-29;290,05;295,40;289,80;292,95;1.300.860
2020-06-01;298,00;298,00;289,80;292,90;642.918
2020-06-02;295,90;301,25;291,00;296,70;1.151.499
2020-06-03;299,75;309,50;298,90;308,05;1.165.660
2020-06-04;306,70;311,80;306,05;310,30;1.167.708
2020-06-05;314,50;321,80;313,45;320,50;1.494.097
2020-06-08;314,25;315,85;303,40;305,30;1.444.709
2020-06-09;307,00;311,10;305,50;309,40;1.248.671
2020-06-10;310,80;312,65;306,05;308,00;935.088
2020-06-11;302,20;304,45;298,15;300,40;1.363.524
2020-06-12;296,85;308,20;296,00;306,00;1.369.570
2020-06-15;298,00;305,20;293,40;303,65;881.683
2020-06-16;311,95;314,45;308,00;312,55;1.296.418
2020-06-17;312,00;325,75;311,55;321,85;1.302.287
2020-06-18;321,70;325,40;317,85;320,90;802.136
2020-06-19;322,00;327,90;321,40;327,20;2.345.932
2020-06-22;323,00;327,55;320,65;322,55;716.743
2020-06-23;325,50;330,35;324,25;327,90;750.908
2020-06-24;326,20;328,35;320,90;321,75;714.787
2020-06-25;320,10;324,60;317,00;322,00;761.892
2020-06-26;324,60;329,40;322,45;324,00;631.864
2020-06-29;323,15;326,90;318,25;322,20;915.218
2020-06-30;326,20;327,50;322,30;326,90;989.573
2020-07-01;326,40;329,45;322,90;327,15;690.502
2020-07-02;330,80;333,50;326,40;332,75;827.104
2020-07-03;334,90;338,85;332,60;333,95;390.428
2020-07-06;340,30;344,30;336,55;343,55;820.104
2020-07-07;341,25;344,15;338,10;342,20;589.358
2020-07-08;340,00;345,75;339,50;343,90;623.838
2020-07-09;344,00;349,00;342,10;344,35;623.430
2020-07-10;347,00;353,10;346,00;348,70;773.504
2020-07-13;355,00;355,50;349,30;353,50;905.887
2020-07-14;344,45;345,85;338,60;343,30;1.026.716
2020-07-15;348,00;348,00;329,65;330,70;1.547.753
2020-07-16;335,30;335,30;326,85;331,70;1.232.068
2020-07-17;337,60;338,80;333,10;333,10;982.638
2020-07-20;333,55;340,20;330,65;338,90;718.457
2020-07-21;342,55;346,35;336,40;337,40;718.697
2020-07-22;337,35;341,35;333,50;338,60;770.491
2020-07-23;340,60;342,15;335,75;339,15;759.888
2020-07-24;328,00;328,90;316,25;322,55;1.438.081
2020-07-27;316,50;326,45;314,85;323,95;777.126
2020-07-28;324,30;326,80;320,90;323,00;717.419
2020-07-29;315,00;317,35;308,00;308,80;1.479.947
2020-07-30;309,00;310,85;301,25;303,10;1.411.208
2020-07-31;305,55;310,95;299,70;299,70;1.303.599
2020-08-03;299,70;311,80;299,50;310,10;1.073.460
2020-08-04;315,75;316,50;307,85;315,20;1.084.226
2020-08-05;316,95;318,10;310,30;312,45;703.344
2020-08-06;311,80;314,35;307,80;307,90;644.162
2020-08-07;308,05;315,95;308,05;313,60;536.035
2020-08-10;312,50;312,50;305,60;308,50;547.401
2020-08-11;310,65;313,90;308,80;312,40;671.629
2020-08-12;310,95;317,40;309,90;316,45;682.104
2020-08-13;318,00;321,65;316,45;318,80;619.972
2020-08-14;317,05;318,30;312,80;314,00;650.973
2020-08-17;314,90;320,00;314,30;318,90;436.206
2020-08-18;318,90;321,85;316,15;317,45;643.543
2020-08-19;315,15;318,90;314,40;317,45;467.420
2020-08-20;313,65;315,65;311,40;312,00;581.045
2020-08-21;313,75;316,85;308,60;313,60;677.495
