2016-06-07;20,00;20,00;20,00;20,00;0
2016-06-10;20,45;20,90;19,82;20,00;15.853.702
2016-06-13;19,80;19,85;19,51;19,65;1.545.430
2016-06-14;19,53;19,67;19,50;19,50;2.880.747
2016-06-15;19,55;19,65;19,50;19,55;608.617
2016-06-16;19,50;19,55;19,50;19,50;2.009.865
2016-06-17;19,54;19,61;19,52;19,53;191.315
2016-06-20;19,63;19,94;19,60;19,90;484.575
2016-06-21;19,85;19,88;19,72;19,75;168.188
2016-06-22;19,84;19,84;19,50;19,79;364.613
2016-06-23;19,65;20,10;19,65;20,07;746.485
2016-06-24;19,30;19,37;19,05;19,22;2.536.514
2016-06-27;19,10;19,22;18,25;18,25;1.364.114
2016-06-28;18,50;18,58;18,25;18,41;338.070
2016-06-29;18,62;19,33;18,61;18,80;153.375
2016-06-30;18,81;19,54;18,80;19,45;181.991
2016-07-01;19,35;19,36;19,19;19,20;71.813
2016-07-04;19,34;19,37;18,86;18,86;43.583
2016-07-05;18,76;18,99;18,63;18,63;48.840
2016-07-06;18,59;18,60;17,19;17,25;512.695
2016-07-07;17,29;17,60;17,14;17,14;598.808
2016-07-08;17,15;17,59;17,15;17,47;254.003
2016-07-11;17,80;17,80;17,20;17,24;95.162
2016-07-12;17,23;17,48;17,20;17,30;173.175
2016-07-13;17,30;17,38;17,20;17,20;69.168
2016-07-14;17,20;17,37;17,00;17,15;87.527
2016-07-15;17,15;17,40;17,10;17,20;171.836
2016-07-18;17,23;17,37;17,18;17,20;62.816
2016-07-19;17,47;17,50;17,05;17,22;56.131
2016-07-20;18,09;18,16;17,55;17,80;280.726
2016-07-21;17,88;18,04;17,65;17,79;97.681
2016-07-22;17,87;17,95;17,80;17,89;75.168
2016-07-25;17,82;18,00;17,72;17,72;67.533
2016-07-26;17,73;17,90;17,67;17,70;24.457
2016-07-27;17,70;17,90;17,65;17,68;55.521
2016-07-28;17,64;17,85;17,31;17,38;69.895
2016-07-29;17,50;17,98;17,50;17,93;91.486
2016-08-01;17,97;18,61;17,92;18,42;311.397
2016-08-02;18,53;18,55;18,05;18,34;83.002
2016-08-03;18,40;18,45;18,30;18,30;1.215
2016-08-04;18,40;18,45;18,22;18,40;71.584
2016-08-05;18,43;18,48;18,04;18,15;61.086
2016-08-08;18,18;18,40;18,18;18,30;51.267
2016-08-09;18,35;18,43;18,21;18,37;33.139
2016-08-10;18,39;18,75;18,30;18,64;70.099
2016-08-11;18,64;18,64;18,38;18,45;69.570
2016-08-12;18,45;18,80;18,45;18,72;60.913
2016-08-15;18,58;18,61;18,40;18,60;63.033
2016-08-16;18,45;18,45;18,28;18,31;26.047
2016-08-17;18,33;18,33;18,12;18,29;21.748
2016-08-18;18,35;18,64;18,30;18,48;130.293
2016-08-19;18,60;18,60;18,29;18,50;60.380
2016-08-22;18,40;18,68;18,40;18,59;86.278
2016-08-23;18,68;19,18;18,61;19,17;87.149
2016-08-24;19,98;19,98;18,81;18,85;380.985
2016-08-25;18,89;18,92;18,35;18,49;138.507
2016-08-26;18,50;18,76;18,49;18,64;66.198
2016-08-29;18,65;18,79;18,60;18,71;41.951
2016-08-30;18,84;18,97;18,78;18,86;49.605
2016-08-31;18,94;19,12;18,77;19,03;125.741
2016-09-01;18,99;19,10;18,91;19,05;113.318
2016-09-02;19,05;19,24;19,01;19,13;90.000
2016-09-05;19,15;19,21;19,02;19,02;28.938
2016-09-06;19,10;19,15;18,82;18,97;43.393
2016-09-07;19,04;19,10;18,89;19,06;44.974
2016-09-08;19,10;19,15;18,96;19,09;76.141
2016-09-09;19,10;19,32;19,10;19,31;99.827
2016-09-12;19,15;19,19;19,00;19,06;124.940
2016-09-13;19,10;19,15;18,65;18,65;68.001
2016-09-14;18,72;18,72;18,47;18,50;70.485
2016-09-15;18,55;18,80;18,53;18,74;72.740
2016-09-16;18,66;18,80;18,53;18,79;97.771
2016-09-19;18,84;19,00;18,79;18,86;43.467
2016-09-20;18,85;18,86;18,25;18,46;78.779
2016-09-21;18,53;18,66;18,47;18,51;45.561
2016-09-22;18,66;18,66;18,48;18,56;56.887
2016-09-23;18,55;18,64;18,50;18,52;50.575
2016-09-26;18,44;18,46;17,93;17,98;146.948
2016-09-27;18,01;18,04;17,76;17,96;60.005
2016-09-28;18,00;18,60;17,97;18,02;66.899
2016-09-29;18,20;18,32;18,09;18,20;52.424
2016-09-30;18,17;18,18;18,00;18,11;94.915
2016-10-03;18,16;18,34;18,15;18,25;47.061
2016-10-04;18,40;18,50;18,16;18,21;77.016
2016-10-05;18,50;18,71;18,26;18,71;168.134
2016-10-06;18,70;18,76;18,61;18,72;40.595
2016-10-07;18,78;18,78;18,61;18,73;78.003
2016-10-10;18,73;18,73;18,61;18,71;19.224
2016-10-11;18,70;18,94;18,65;18,89;47.507
2016-10-12;18,90;18,95;18,81;18,94;21.262
2016-10-13;18,83;18,95;18,80;18,94;28.230
2016-10-14;18,82;19,03;18,75;19,02;75.678
2016-10-17;19,05;19,28;18,88;19,14;98.789
2016-10-18;19,14;19,44;19,11;19,35;110.350
2016-10-19;19,35;19,49;19,24;19,37;76.853
2016-10-20;19,45;19,45;18,96;19,19;56.329
2016-10-21;19,19;19,34;19,01;19,28;42.262
2016-10-24;19,22;19,37;19,15;19,36;57.799
2016-10-25;19,36;19,60;19,35;19,60;103.966
2016-10-26;19,60;19,80;19,43;19,80;90.525
2016-10-27;19,82;19,82;19,62;19,80;47.110
2016-10-28;19,84;20,33;19,40;20,33;215.585
2016-10-31;20,30;20,35;20,01;20,19;69.954
2016-11-01;20,23;20,30;19,96;20,00;59.663
2016-11-02;19,99;20,13;19,65;19,96;68.158
2016-11-03;19,73;20,07;19,42;19,92;75.199
2016-11-04;20,00;20,00;19,48;19,78;81.852
2016-11-07;19,81;19,95;19,61;19,80;126.998
2016-11-08;19,62;19,95;19,62;19,89;33.809
2016-11-09;19,25;19,94;19,05;19,78;94.392
2016-11-10;19,85;20,39;19,84;20,24;97.312
2016-11-11;20,11;20,33;19,84;20,13;68.318
2016-11-14;20,21;20,68;20,21;20,60;172.409
2016-11-15;20,59;20,99;20,56;20,79;182.371
2016-11-16;20,88;21,45;20,76;21,39;410.698
2016-11-17;21,31;21,42;21,10;21,25;138.696
2016-11-18;21,19;21,60;20,51;20,64;206.157
2016-11-21;20,85;20,85;20,27;20,30;138.893
2016-11-22;20,42;20,51;20,31;20,32;51.084
2016-11-23;20,22;20,34;20,11;20,16;93.550
2016-11-24;20,16;20,33;19,96;20,05;84.447
2016-11-25;20,05;20,15;19,96;20,00;82.250
2016-11-28;19,96;20,04;19,56;19,70;92.833
2016-11-29;19,63;19,74;19,36;19,72;129.145
2016-11-30;19,62;19,99;19,53;19,74;1.120.051
2016-12-01;19,83;19,90;19,27;19,60;113.861
2016-12-02;19,50;19,72;19,41;19,41;58.182
2016-12-05;19,53;20,42;19,53;20,15;375.505
2016-12-06;20,32;20,51;20,15;20,15;416.231
2016-12-07;20,25;21,05;20,23;21,05;429.073
2016-12-08;21,10;21,30;20,71;20,95;186.707
2016-12-09;20,93;21,26;20,76;21,00;121.023
2016-12-12;21,17;21,17;20,69;21,06;358.138
2016-12-13;21,10;21,36;21,00;21,16;185.123
2016-12-14;21,20;21,23;20,70;20,95;146.750
2016-12-15;21,00;21,20;20,89;21,02;118.812
2016-12-16;21,00;21,39;20,98;21,39;1.154.523
2016-12-19;21,33;21,56;21,20;21,49;211.830
2016-12-20;21,50;21,90;21,50;21,82;155.091
2016-12-21;21,82;21,95;21,62;21,94;82.349
2016-12-22;21,83;22,22;21,71;22,22;179.543
2016-12-23;22,20;23,27;22,20;22,60;469.698
2016-12-27;22,60;22,60;22,31;22,59;126.144
2016-12-28;22,51;22,67;22,38;22,65;108.791
2016-12-29;22,65;22,65;22,47;22,58;52.782
2016-12-30;22,43;22,62;22,26;22,60;53.332
2017-01-02;22,50;22,59;22,37;22,56;27.149
2017-01-03;22,59;22,59;22,33;22,44;170.961
2017-01-04;22,50;22,51;22,32;22,36;159.046
2017-01-05;22,47;23,15;22,47;22,57;294.778
2017-01-06;22,57;22,65;22,14;22,18;279.841
2017-01-09;22,28;22,28;21,87;21,90;169.730
2017-01-10;21,87;22,19;21,42;21,90;113.219
2017-01-11;22,32;22,49;22,10;22,37;277.479
2017-01-12;22,35;23,09;22,28;22,94;587.718
2017-01-13;23,09;24,49;23,04;24,49;23.032.557
2017-01-16;24,30;25,12;24,20;25,00;485.768
2017-01-17;25,00;25,20;24,77;24,91;384.218
2017-01-18;24,95;25,00;24,57;24,71;278.343
2017-01-19;24,71;25,25;24,67;24,87;128.368
2017-01-20;24,88;25,10;24,63;24,99;393.649
2017-01-23;25,00;25,04;24,69;24,86;198.551
2017-01-24;24,59;25,05;24,38;25,01;379.228
2017-01-25;25,16;26,44;25,15;26,02;502.643
2017-01-26;26,15;26,33;25,73;26,15;267.316
2017-01-27;26,16;26,28;25,90;26,20;231.319
2017-01-30;26,15;26,47;25,83;25,92;259.289
2017-01-31;25,82;26,06;25,43;25,43;261.224
2017-02-01;25,57;26,10;25,25;25,37;242.322
2017-02-02;25,33;25,76;24,90;25,02;144.371
2017-02-03;25,17;25,58;25,03;25,22;145.336
2017-02-06;25,28;25,43;25,13;25,20;178.934
2017-02-07;25,18;25,25;24,97;25,13;76.341
2017-02-08;25,12;25,28;24,62;25,00;96.437
2017-02-09;24,97;25,39;24,81;25,26;142.440
2017-02-10;25,18;25,75;25,14;25,34;182.367
2017-02-13;25,39;25,58;25,20;25,39;92.045
2017-02-14;25,42;25,42;25,11;25,33;69.917
2017-02-15;25,36;25,51;25,08;25,45;103.013
2017-02-16;25,35;25,45;24,95;25,00;175.686
2017-02-17;24,94;25,14;24,43;24,61;174.640
2017-02-20;24,76;25,10;24,68;24,79;60.987
2017-02-21;24,81;24,94;24,52;24,66;213.397
2017-02-22;25,51;25,85;25,11;25,40;447.227
2017-02-23;25,50;25,58;25,31;25,36;190.954
2017-02-24;25,25;25,40;25,00;25,15;135.411
2017-02-27;25,33;25,34;25,00;25,19;182.250
2017-02-28;25,33;25,40;25,10;25,20;425.177
2017-03-01;25,26;25,42;25,26;25,40;195.404
2017-03-02;25,50;25,70;25,36;25,53;221.659
2017-03-03;25,56;25,80;25,45;25,71;227.251
2017-03-06;25,80;26,16;25,60;25,86;170.052
2017-03-07;25,87;26,35;25,87;26,30;206.792
2017-03-08;26,35;26,44;26,10;26,35;142.840
2017-03-09;26,41;26,95;26,35;26,75;232.586
2017-03-10;26,82;27,30;26,82;27,28;210.799
2017-03-13;27,51;27,64;27,02;27,30;157.027
2017-03-14;27,33;27,33;26,95;27,13;110.469
2017-03-15;27,09;27,43;27,09;27,33;85.624
2017-03-16;27,56;27,56;27,17;27,38;92.596
2017-03-17;27,46;27,73;27,22;27,73;305.333
2017-03-20;27,70;27,96;27,60;27,63;87.256
2017-03-21;27,80;27,80;27,34;27,50;123.691
2017-03-22;27,30;27,34;26,81;27,04;78.871
2017-03-23;27,03;27,11;26,43;26,91;114.402
2017-03-24;26,93;26,93;26,45;26,48;167.449
2017-03-27;26,44;26,46;25,90;25,92;122.862
2017-03-28;26,00;26,85;26,00;26,81;153.460
2017-03-29;26,99;27,38;26,80;27,00;236.865
2017-03-30;27,01;27,20;26,72;26,99;146.987
2017-03-31;27,00;27,00;26,54;26,73;123.866
2017-04-03;26,93;26,93;26,36;26,47;102.839
2017-04-04;26,39;26,48;26,10;26,15;112.208
2017-04-05;26,00;26,37;25,98;26,21;21.380.219
2017-04-06;26,29;26,50;26,08;26,50;327.131
2017-04-07;26,63;26,80;26,36;26,80;234.971
2017-04-10;26,99;26,99;26,53;26,60;124.939
2017-04-11;26,58;26,92;26,58;26,71;285.812
2017-04-12;26,81;26,92;26,57;26,78;405.454
2017-04-13;26,75;26,96;26,53;26,77;114.512
2017-04-18;26,89;27,08;26,40;26,40;222.987
2017-04-19;26,50;26,71;26,23;26,29;314.403
2017-04-20;26,36;26,40;26,13;26,16;165.167
2017-04-21;26,27;26,38;25,96;26,00;233.073
2017-04-24;26,47;27,05;26,31;26,91;215.158
2017-04-25;27,00;27,20;26,84;27,15;151.157
2017-04-26;27,15;27,15;26,75;27,00;236.371
2017-04-27;26,98;27,04;26,73;26,88;151.300
2017-04-28;26,92;27,20;26,78;27,16;433.854
2017-05-02;27,20;27,70;27,20;27,50;349.519
2017-05-03;27,44;27,71;27,26;27,54;204.479
2017-05-04;27,58;27,99;27,58;27,99;307.665
2017-05-05;27,96;28,35;27,95;28,13;215.056
2017-05-08;28,25;28,50;27,47;27,48;222.246
2017-05-09;27,68;28,05;27,64;27,78;354.954
2017-05-10;27,79;28,05;27,65;27,82;156.714
2017-05-11;27,91;28,32;27,63;28,32;255.081
2017-05-12;28,28;28,31;27,84;27,90;198.925
2017-05-15;27,94;28,00;27,54;27,91;167.801
2017-05-16;28,00;28,56;27,87;28,38;422.045
2017-05-17;28,25;28,33;27,75;27,75;233.496
2017-05-18;27,62;27,85;26,91;27,81;306.251
2017-05-19;27,85;28,16;27,44;27,85;164.310
2017-05-22;27,87;28,04;27,67;27,85;148.924
2017-05-23;27,85;27,92;27,68;27,75;171.587
2017-05-24;27,70;28,04;27,56;27,73;186.977
2017-05-25;27,93;28,09;27,65;27,65;97.185
2017-05-26;27,70;27,78;27,21;27,28;170.029
2017-05-29;27,30;27,80;27,29;27,63;161.272
2017-05-30;27,63;27,78;27,27;27,70;276.691
2017-05-31;28,94;28,94;28,28;28,57;872.404
2017-06-01;28,58;28,81;28,44;28,50;322.651
2017-06-02;27,46;28,34;27,46;28,25;437.597
2017-06-05;28,28;28,35;27,82;28,00;175.660
2017-06-06;28,54;29,35;28,13;28,30;453.066
2017-06-07;28,40;28,67;28,12;28,67;344.143
2017-06-08;28,75;29,20;28,66;28,92;277.496
2017-06-09;29,03;29,90;29,03;29,70;370.495
2017-06-12;29,76;29,95;29,47;29,68;194.285
2017-06-13;29,24;29,45;29,13;29,28;26.987.042
2017-06-14;29,44;29,44;29,19;29,44;386.274
2017-06-15;29,42;29,42;28,85;29,14;306.904
2017-06-16;29,15;29,32;29,00;29,25;481.439
2017-06-19;29,40;29,66;29,30;29,54;335.827
2017-06-20;29,74;30,23;29,72;29,90;528.674
2017-06-21;29,88;29,91;29,68;29,85;449.213
2017-06-22;29,74;29,92;29,16;29,83;256.504
2017-06-23;29,80;29,86;29,03;29,35;409.783
2017-06-26;29,39;29,65;29,34;29,51;193.986
2017-06-27;29,39;29,39;28,93;29,17;562.558
2017-06-28;28,97;29,23;28,60;29,05;472.547
2017-06-29;29,22;29,45;29,05;29,25;536.810
2017-06-30;29,25;29,62;29,11;29,53;387.959
2017-07-03;29,51;29,87;29,45;29,78;224.981
2017-07-04;29,77;29,78;29,41;29,63;148.062
2017-07-05;29,58;30,26;29,58;30,20;458.837
2017-07-06;30,30;30,36;29,93;30,29;402.849
2017-07-07;30,50;30,97;30,17;30,97;435.479
2017-07-10;31,00;31,41;30,83;31,33;427.869
2017-07-11;31,32;31,51;31,00;31,41;500.476
2017-07-12;31,37;31,57;31,25;31,40;326.717
2017-07-13;31,36;31,64;31,21;31,42;261.608
2017-07-14;31,37;31,45;31,12;31,38;187.613
2017-07-17;31,42;31,52;31,32;31,52;269.560
2017-07-18;31,49;31,52;31,11;31,31;217.473
2017-07-19;31,45;31,85;31,20;31,54;212.090
2017-07-20;31,65;32,13;31,56;32,09;186.747
2017-07-21;31,98;32,45;31,90;32,20;268.778
2017-07-24;32,20;32,22;31,57;31,85;238.354
2017-07-25;31,89;32,30;31,83;32,20;187.008
2017-07-26;32,20;32,29;31,86;32,13;157.935
2017-07-27;32,10;32,39;32,07;32,21;101.875
2017-07-28;32,07;32,07;31,78;31,90;145.103
2017-07-31;31,97;32,19;31,92;31,95;222.956
2017-08-01;31,93;32,22;31,85;32,16;152.240
2017-08-02;32,11;32,62;32,11;32,47;281.080
2017-08-03;32,59;32,96;32,36;32,75;526.293
2017-08-04;32,71;32,75;32,18;32,70;242.999
2017-08-07;32,75;33,00;32,23;32,64;296.472
2017-08-08;32,73;32,73;32,39;32,67;172.502
2017-08-09;32,14;32,61;31,97;32,35;192.768
2017-08-10;32,35;32,53;32,00;32,08;250.947
2017-08-11;31,84;31,88;31,29;31,66;250.792
2017-08-14;32,28;32,33;32,02;32,23;137.981
2017-08-15;32,30;32,65;32,27;32,47;195.384
2017-08-16;32,58;32,72;32,24;32,52;151.023
2017-08-17;32,56;32,72;32,35;32,43;187.671
2017-08-18;32,43;32,67;32,02;32,53;230.466
2017-08-21;32,42;33,22;32,42;33,00;303.898
2017-08-22;33,18;33,25;33,03;33,13;104.518
2017-08-23;33,25;33,52;32,91;33,18;251.366
2017-08-24;33,35;33,35;33,13;33,22;148.908
2017-08-25;33,10;33,12;32,75;32,75;102.747
2017-08-28;32,78;32,91;32,41;32,42;77.025
2017-08-29;32,30;32,30;31,26;31,26;313.710
2017-08-30;32,20;32,50;31,63;31,64;442.028
2017-08-31;32,00;32,56;32,00;32,56;648.721
2017-09-01;32,50;33,16;32,50;33,16;407.436
2017-09-04;33,03;33,48;33,00;33,12;308.089
2017-09-05;33,40;34,04;33,33;33,40;496.318
2017-09-06;33,40;33,94;33,21;33,67;569.967
2017-09-07;33,65;33,67;32,89;32,99;646.725
2017-09-08;32,97;33,43;32,93;33,17;557.291
2017-09-11;33,35;33,61;33,10;33,18;467.603
2017-09-12;33,40;33,95;33,28;33,89;430.597
2017-09-13;34,14;34,24;33,60;34,08;458.893
2017-09-14;34,01;34,41;33,18;33,73;2.586.232
2017-09-15;33,75;33,75;33,29;33,29;4.333.071
2017-09-18;33,60;33,76;33,26;33,75;1.191.702
2017-09-19;33,78;33,89;33,59;33,70;1.128.203
2017-09-20;33,75;33,79;33,39;33,55;440.851
2017-09-21;33,70;33,77;32,91;32,94;795.373
2017-09-22;33,03;33,50;33,03;33,46;376.967
2017-09-25;33,41;33,58;33,16;33,26;333.736
2017-09-26;33,31;33,41;33,21;33,31;288.874
2017-09-27;33,44;33,69;33,42;33,61;339.451
2017-09-28;33,10;33,45;32,67;33,26;636.021
2017-09-29;33,38;33,85;33,33;33,85;703.882
2017-10-02;33,84;34,20;33,84;34,20;559.594
2017-10-03;34,32;34,54;33,93;34,24;433.002
2017-10-04;34,21;34,29;33,94;34,05;408.813
2017-10-05;34,02;34,13;33,58;33,58;399.032
2017-10-06;33,76;33,76;33,10;33,24;447.752
2017-10-09;33,35;33,50;33,08;33,50;331.790
2017-10-10;33,44;33,50;33,20;33,25;211.617
2017-10-11;33,43;33,45;33,09;33,35;542.170
2017-10-12;33,39;33,39;32,96;33,09;351.116
2017-10-13;33,15;33,23;32,50;33,03;287.507
2017-10-16;32,90;33,04;32,79;32,84;333.520
2017-10-17;33,30;33,87;33,01;33,57;694.563
2017-10-18;33,59;33,94;33,43;33,88;404.860
2017-10-19;33,80;34,05;33,60;34,00;418.264
2017-10-20;34,26;36,77;33,95;34,86;1.511.384
2017-10-23;34,85;34,85;34,50;34,69;381.951
2017-10-24;34,70;35,03;34,55;34,83;411.002
2017-10-25;35,03;35,05;34,75;34,89;358.211
2017-10-26;34,77;35,52;34,77;35,52;280.999
2017-10-27;35,70;35,90;35,20;35,21;314.934
2017-10-30;35,33;35,38;34,91;34,97;238.805
2017-10-31;35,84;35,84;34,90;35,20;326.234
2017-11-01;34,98;35,76;34,72;35,74;370.526
2017-11-02;35,74;35,81;35,57;35,72;166.547
2017-11-03;35,70;35,76;35,19;35,63;215.292
2017-11-06;35,63;35,63;34,69;34,82;290.058
2017-11-07;34,89;35,28;34,77;34,77;276.267
2017-11-08;34,86;35,08;34,20;34,35;415.120
2017-11-09;34,33;34,56;33,87;34,05;348.290
2017-11-10;34,00;34,61;34,00;34,29;468.864
2017-11-13;34,46;34,59;34,00;34,21;289.331
2017-11-14;34,32;34,74;34,30;34,38;203.239
2017-11-15;34,31;34,89;34,12;34,83;360.733
2017-11-16;34,93;34,97;34,45;34,50;315.606
2017-11-17;34,69;34,70;33,97;33,97;262.734
2017-11-20;33,93;34,47;33,67;34,40;254.319
2017-11-21;34,50;34,67;33,94;34,49;289.854
2017-11-22;34,59;34,83;34,43;34,50;252.829
2017-11-23;34,54;34,64;34,20;34,54;106.899
2017-11-24;34,58;34,94;34,35;34,81;194.975
2017-11-27;34,81;35,09;34,38;34,38;290.973
2017-11-28;34,36;34,82;33,66;34,76;471.135
2017-11-29;34,80;34,99;33,70;33,87;625.151
2017-11-30;33,90;34,29;33,79;34,25;721.572
2017-12-01;34,33;34,71;33,97;34,03;228.815
2017-12-04;34,48;34,79;34,25;34,78;256.821
2017-12-05;34,84;34,93;34,23;34,40;310.607
2017-12-06;34,23;34,23;33,70;34,13;171.962
2017-12-07;34,18;34,44;34,06;34,35;152.006
2017-12-08;34,50;34,96;34,26;34,77;343.599
2017-12-11;34,86;35,40;34,70;35,32;325.063
2017-12-12;35,40;35,45;35,16;35,30;344.814
2017-12-13;35,23;35,31;34,76;34,94;215.325
2017-12-14;34,79;34,82;34,15;34,40;328.066
2017-12-15;34,25;34,82;33,91;34,82;654.774
2017-12-18;34,97;34,97;34,61;34,77;270.824
2017-12-19;34,85;35,00;34,68;34,84;328.084
2017-12-20;34,88;35,04;34,58;34,76;290.255
2017-12-21;34,38;34,60;34,00;34,43;251.724
2017-12-22;34,28;34,36;34,05;34,34;215.289
2017-12-27;34,25;34,37;33,91;34,24;178.749
2017-12-28;34,26;34,43;33,95;34,36;202.109
2017-12-29;34,45;34,45;33,99;34,31;204.946
2018-01-02;34,40;34,50;33,98;34,42;194.229
2018-01-03;34,48;34,48;33,96;34,14;404.779
2018-01-04;34,22;34,32;34,06;34,20;412.827
2018-01-05;33,84;34,06;33,68;33,80;665.866
2018-01-08;33,88;33,94;33,54;33,72;358.292
2018-01-09;33,76;33,92;33,38;33,92;398.853
2018-01-10;33,90;34,90;33,66;34,78;445.292
2018-01-11;34,82;34,90;34,44;34,70;203.131
2018-01-12;34,86;34,86;34,52;34,76;332.178
2018-01-15;34,90;34,96;34,70;34,74;187.745
2018-01-16;34,86;35,00;34,58;34,94;201.223
2018-01-17;34,96;35,14;34,74;35,00;209.460
2018-01-18;35,02;35,22;34,92;35,12;292.505
2018-01-19;35,18;35,96;35,14;35,82;370.557
2018-01-22;35,40;36,30;35,14;36,14;384.608
2018-01-23;36,18;36,30;35,50;35,60;282.586
2018-01-24;35,60;36,00;35,50;35,68;240.397
2018-01-25;35,70;35,94;35,24;35,42;317.932
2018-01-26;35,42;35,48;35,08;35,38;172.738
2018-01-29;35,40;35,70;35,36;35,44;206.904
2018-01-30;35,44;35,46;34,94;34,94;240.808
2018-01-31;34,88;35,56;34,80;35,20;347.762
2018-02-01;35,18;35,50;35,18;35,34;686.020
2018-02-02;35,34;35,76;35,10;35,62;275.981
2018-02-05;35,28;35,42;34,88;35,22;292.364
2018-02-06;34,18;34,36;33,60;34,00;935.030
2018-02-07;34,14;34,68;33,80;34,50;271.179
2018-02-08;34,56;34,84;34,00;34,38;363.058
2018-02-09;34,12;34,34;33,42;33,80;268.691
2018-02-12;34,22;34,74;34,08;34,22;289.075
2018-02-13;34,32;34,40;33,82;33,90;251.699
2018-02-14;34,12;34,30;33,70;34,22;264.956
2018-02-15;34,28;34,54;34,10;34,12;278.813
2018-02-16;34,32;34,66;34,16;34,46;153.989
2018-02-19;34,60;34,86;34,52;34,62;122.931
2018-02-20;34,80;35,20;34,64;34,76;238.824
2018-02-21;35,40;36,44;34,52;36,36;726.644
2018-02-22;36,20;36,44;35,82;36,02;516.839
2018-02-23;36,30;37,26;36,26;36,98;343.878
2018-02-26;37,10;37,56;36,82;37,08;379.113
2018-02-27;37,20;37,54;36,88;37,12;349.789
2018-02-28;37,10;37,24;36,82;36,94;372.797
2018-03-01;36,80;37,06;36,26;36,30;410.315
2018-03-02;35,96;36,02;35,24;35,30;300.283
2018-03-05;35,16;35,96;35,10;35,74;395.013
2018-03-06;36,00;36,22;35,36;35,36;434.926
2018-03-07;35,20;35,66;35,12;35,62;268.502
2018-03-08;35,72;36,04;35,68;35,70;342.811
2018-03-09;35,80;35,84;35,44;35,64;242.810
2018-03-12;35,68;36,06;35,62;35,80;247.962
2018-03-13;35,82;35,88;35,22;35,22;505.139
2018-03-14;35,30;35,44;34,80;34,82;490.895
2018-03-15;34,92;35,08;34,60;34,92;475.278
2018-03-16;0,00;0,00;0,00;34,00;0
2018-03-19;0,00;0,00;0,00;34,20;0
2018-03-20;0,00;0,00;0,00;34,98;0
2018-03-21;0,00;0,00;0,00;35,26;0
2018-03-22;0,00;0,00;0,00;34,68;0
2018-03-23;34,30;34,36;33,76;34,16;325.551
2018-03-26;34,16;34,48;33,94;34,16;387.294
2018-03-27;34,66;35,18;34,66;34,72;457.869
2018-03-28;34,40;34,44;33,98;34,32;498.935
2018-03-29;34,48;35,04;34,42;34,72;426.957
2018-04-03;34,30;35,20;34,12;34,96;529.195
2018-04-04;35,00;35,12;34,06;34,80;598.312
2018-04-05;35,32;35,54;35,08;35,26;478.853
2018-04-06;35,18;35,84;35,04;35,76;518.817
2018-04-09;36,00;36,28;35,88;36,24;452.973
2018-04-10;36,50;37,80;36,44;37,66;981.207
2018-04-11;37,60;38,38;37,52;38,32;1.023.455
2018-04-12;38,12;39,30;38,12;38,94;713.912
2018-04-13;38,90;39,08;38,12;38,20;733.812
2018-04-16;38,62;38,76;38,10;38,34;671.309
2018-04-17;38,02;38,14;37,04;37,42;810.925
2018-04-18;37,58;37,80;37,26;37,80;588.330
2018-04-19;37,86;38,26;37,64;37,68;589.984
2018-04-20;37,86;37,92;37,56;37,62;427.925
2018-04-23;37,62;38,46;37,62;38,44;563.372
2018-04-24;38,50;38,98;38,18;38,98;480.990
2018-04-25;38,86;39,06;38,52;38,66;397.934
2018-04-26;38,70;38,80;38,34;38,66;379.718
2018-04-27;38,64;38,94;38,58;38,78;438.642
2018-04-30;38,64;39,34;38,58;39,16;545.421
2018-05-02;39,26;39,40;39,02;39,20;559.834
2018-05-03;39,18;39,18;38,14;38,46;573.878
2018-05-04;38,50;38,92;38,50;38,78;399.113
2018-05-07;38,78;38,96;38,70;38,94;282.765
2018-05-08;38,98;39,48;38,56;39,48;474.742
2018-05-09;39,64;39,88;38,64;38,78;645.265
2018-05-10;38,76;39,12;38,74;38,88;270.193
2018-05-11;38,82;38,94;38,34;38,70;362.175
2018-05-14;38,78;38,82;38,22;38,30;434.069
2018-05-15;38,32;38,80;38,30;38,62;437.531
2018-05-16;38,64;39,04;38,48;38,48;509.172
2018-05-17;38,42;38,48;37,72;38,00;725.446
2018-05-18;38,04;39,02;38,04;38,44;588.929
2018-05-21;38,74;39,02;38,70;38,94;264.629
2018-05-22;39,06;39,22;38,82;39,02;430.726
2018-05-23;38,74;38,84;38,28;38,36;528.595
2018-05-24;38,40;38,58;38,08;38,22;428.412
2018-05-25;38,52;38,62;37,64;38,00;471.557
2018-05-28;38,18;38,54;37,74;37,92;211.474
2018-05-29;37,70;37,70;36,10;36,10;862.850
2018-05-30;0,00;36,94;35,90;36,88;730.316
2018-05-31;37,02;37,06;36,02;36,20;1.070.527
2018-06-01;36,58;37,02;36,50;36,66;792.706
2018-06-04;35,04;35,62;35,02;35,62;563.808
2018-06-05;35,76;36,00;35,46;35,46;1.218.771
2018-06-06;35,58;35,58;34,94;35,16;415.309
2018-06-07;35,54;35,94;35,42;35,84;624.711
2018-06-08;35,50;35,62;35,08;35,30;519.598
2018-06-11;35,68;36,00;35,52;35,86;337.707
2018-06-12;36,12;36,30;35,86;36,18;528.806
2018-06-13;36,08;36,62;36,00;36,38;546.318
2018-06-14;36,14;36,60;35,80;36,32;559.151
2018-06-15;36,40;36,42;35,30;35,78;1.490.252
2018-06-18;35,52;35,70;35,18;35,54;546.999
2018-06-19;35,20;35,70;34,78;35,58;461.153
2018-06-20;35,78;35,82;35,02;35,02;645.389
2018-06-21;35,10;35,20;34,50;34,52;426.511
2018-06-22;34,74;35,04;34,54;34,94;502.803
2018-06-25;34,86;34,96;34,18;34,18;274.808
2018-06-26;34,28;34,32;33,90;34,16;449.944
2018-06-27;34,04;34,22;33,42;33,90;503.530
2018-06-28;33,66;34,80;33,66;34,18;729.081
2018-06-29;34,60;35,16;34,54;34,98;615.184
2018-07-02;34,50;34,80;34,40;34,64;421.620
2018-07-03;34,86;34,90;34,34;34,64;326.182
2018-07-04;34,54;34,88;34,54;34,80;268.544
2018-07-05;34,80;35,36;34,80;35,16;277.397
2018-07-06;35,38;35,44;35,00;35,38;406.637
2018-07-09;35,58;36,12;35,52;35,92;398.748
2018-07-10;36,08;36,16;35,88;36,06;454.984
2018-07-11;35,78;35,84;35,22;35,64;387.965
2018-07-12;35,74;35,74;35,04;35,14;510.944
2018-07-13;35,26;35,56;35,14;35,46;403.927
2018-07-16;35,58;35,58;35,10;35,48;363.824
2018-07-17;35,70;36,70;35,48;36,58;645.954
2018-07-18;36,60;37,08;36,30;36,96;574.603
2018-07-19;36,96;37,16;36,82;36,90;360.809
2018-07-20;36,90;36,98;36,50;36,76;382.450
2018-07-23;36,92;36,92;36,56;36,84;234.551
2018-07-24;37,04;37,26;36,88;36,92;347.891
2018-07-25;36,92;37,22;36,56;36,66;459.005
2018-07-26;36,74;37,04;36,58;37,04;479.330
2018-07-27;37,12;37,62;37,08;37,40;327.809
2018-07-30;37,28;37,86;37,26;37,74;347.834
2018-07-31;37,66;38,30;37,64;38,30;446.428
2018-08-01;38,28;38,46;38,12;38,36;343.950
2018-08-02;38,22;38,34;37,86;38,00;360.757
2018-08-03;38,00;38,18;37,86;38,06;269.034
2018-08-06;38,06;38,08;37,72;37,96;229.022
2018-08-07;38,02;38,68;38,00;38,40;478.840
2018-08-08;38,22;38,84;38,10;38,76;380.989
2018-08-09;38,78;38,88;38,60;38,68;306.337
2018-08-10;38,52;38,56;37,96;38,10;357.394
2018-08-13;37,90;38,34;37,78;38,16;257.517
2018-08-14;38,20;38,44;37,68;37,82;374.648
2018-08-15;38,00;38,24;37,72;37,90;529.995
2018-08-16;38,30;38,32;37,90;38,16;334.936
2018-08-17;38,28;38,28;36,86;37,08;671.535
2018-08-20;37,20;37,52;37,02;37,12;424.879
2018-08-21;37,30;37,86;37,20;37,80;491.324
2018-08-22;37,80;38,32;37,74;38,22;365.313
2018-08-23;38,32;38,50;38,16;38,44;431.368
2018-08-24;38,28;38,80;38,22;38,80;399.141
2018-08-27;38,90;38,94;38,42;38,54;320.066
2018-08-28;38,34;38,80;38,34;38,50;375.608
2018-08-29;38,64;39,48;38,24;39,44;562.090
2018-08-30;39,50;40,88;39,40;40,72;940.281
2018-08-31;40,74;41,24;40,38;41,10;600.770
2018-09-03;40,64;41,18;40,54;41,02;422.683
2018-09-04;41,24;41,30;40,70;40,76;467.553
2018-09-05;40,68;40,86;40,44;40,50;595.423
2018-09-06;40,28;40,66;40,24;40,40;491.704
2018-09-07;40,48;40,56;40,28;40,56;474.544
2018-09-10;40,40;41,20;40,30;40,82;376.761
2018-09-11;41,10;41,16;40,22;40,78;768.488
2018-09-12;40,60;41,36;40,60;40,96;629.640
2018-09-13;40,24;40,78;40,08;40,48;419.878
2018-09-14;40,68;40,90;40,34;40,82;497.567
2018-09-17;40,80;41,10;40,50;40,52;463.920
2018-09-18;40,74;40,80;40,32;40,42;537.557
2018-09-19;40,52;41,14;40,50;41,02;496.604
2018-09-20;41,20;41,68;41,16;41,32;431.836
2018-09-21;41,42;41,82;41,42;41,82;679.626
2018-09-24;41,58;42,00;41,56;41,58;267.642
2018-09-25;41,90;42,08;41,62;41,92;360.724
2018-09-26;42,00;42,30;41,92;42,10;349.143
2018-09-27;42,06;42,14;41,74;41,90;418.362
2018-09-28;41,70;41,74;40,82;41,06;676.388
2018-10-01;40,94;41,44;40,76;41,00;613.781
2018-10-02;40,84;40,84;40,16;40,50;564.383
2018-10-03;40,50;41,64;40,50;41,54;400.795
2018-10-04;41,72;42,52;41,62;42,18;531.575
2018-10-05;42,20;43,02;41,84;41,84;562.108
2018-10-08;41,80;41,92;40,80;40,94;467.112
2018-10-09;41,24;42,04;40,94;41,26;621.184
2018-10-10;41,52;41,58;39,70;39,70;920.980
2018-10-11;39,50;40,06;38,84;39,00;918.350
2018-10-12;39,20;39,68;38,80;38,82;457.798
2018-10-15;38,82;39,20;38,48;38,94;415.739
2018-10-16;39,06;39,98;38,80;39,98;532.221
2018-10-17;40,18;40,54;39,88;40,04;504.165
2018-10-18;40,34;41,14;39,98;40,70;474.715
2018-10-19;40,84;40,94;39,82;40,32;519.310
2018-10-22;40,84;40,84;38,86;38,92;523.445
2018-10-23;38,60;39,00;37,98;38,78;806.220
2018-10-24;39,34;40,22;39,12;39,28;549.592
2018-10-25;38,98;39,66;38,56;38,66;666.177
2018-10-26;38,62;39,00;37,92;39,00;762.786
2018-10-29;39,00;39,92;38,78;39,50;348.927
2018-10-30;39,50;40,04;39,46;39,82;540.237
2018-10-31;40,34;40,78;39,62;40,16;631.758
2018-11-01;40,10;40,74;39,98;40,48;512.165
2018-11-02;40,94;41,02;40,24;40,80;604.917
2018-11-05;40,66;41,30;40,66;40,86;320.945
2018-11-06;41,12;41,12;40,30;40,34;338.930
2018-11-07;40,54;40,58;40,12;40,26;338.560
2018-11-08;40,00;40,90;40,00;40,64;417.559
2018-11-09;40,66;41,62;40,40;41,62;312.742
2018-11-12;41,88;41,88;41,12;41,20;205.423
2018-11-13;41,52;41,56;40,10;40,34;418.270
2018-11-14;40,10;40,52;39,82;40,26;473.076
2018-11-15;40,22;40,70;39,44;39,88;440.336
2018-11-16;40,22;40,74;39,74;40,14;381.479
2018-11-19;40,12;41,10;40,12;40,82;478.625
2018-11-20;40,44;40,50;39,10;39,20;585.942
2018-11-21;39,48;39,48;38,36;38,80;423.846
2018-11-22;38,64;38,86;38,06;38,12;295.491
2018-11-23;38,28;38,68;38,06;38,60;272.875
2018-11-26;38,88;39,40;38,70;38,82;339.526
2018-11-27;38,82;38,88;38,14;38,34;519.429
2018-11-28;38,64;38,68;37,82;38,46;474.360
2018-11-29;38,70;39,56;38,58;38,66;477.995
2018-11-30;38,88;38,88;38,10;38,10;460.062
2018-12-03;39,00;39,30;38,38;38,54;388.568
2018-12-04;38,50;38,58;37,46;37,46;575.638
2018-12-05;36,82;37,28;36,10;36,58;565.140
2018-12-06;37,12;37,12;34,28;34,98;1.035.198
2018-12-07;35,36;35,64;35,08;35,08;702.498
2018-12-10;34,94;35,44;34,22;34,34;652.844
2018-12-11;34,64;34,78;34,18;34,30;439.989
2018-12-12;34,60;35,00;34,46;34,72;596.396
2018-12-13;35,16;35,50;34,24;34,54;465.803
2018-12-14;34,10;34,74;33,82;34,66;438.638
2018-12-17;34,50;34,88;34,30;34,42;355.151
2018-12-18;34,32;34,70;34,10;34,20;499.505
2018-12-19;34,14;34,98;34,10;34,86;525.300
2018-12-20;34,04;34,68;33,40;34,48;347.926
2018-12-21;34,30;34,94;34,12;34,76;753.404
2018-12-24;34,36;34,72;33,56;33,70;98.506
2018-12-27;34,12;34,40;33,58;33,96;303.395
2018-12-28;34,00;34,64;34,00;34,58;225.189
2018-12-31;34,50;35,04;34,50;34,58;82.892
2019-01-02;34,22;35,00;33,70;34,92;330.657
2019-01-03;34,48;35,22;34,48;34,82;382.944
2019-01-04;35,10;35,76;34,86;35,76;407.278
2019-01-07;35,16;36,00;34,92;35,02;347.308
2019-01-08;34,90;35,70;34,78;35,02;404.452
2019-01-09;35,14;35,44;34,72;35,26;544.505
2019-01-10;35,10;35,92;35,08;35,86;304.903
2019-01-11;35,90;36,32;35,82;36,06;294.506
2019-01-14;35,78;36,26;35,56;36,26;335.415
2019-01-15;36,72;36,72;36,28;36,34;337.253
2019-01-16;36,68;37,08;36,14;36,92;304.525
2019-01-17;36,56;36,84;36,32;36,76;283.028
2019-01-18;36,76;37,38;36,74;37,16;433.291
2019-01-21;37,00;37,50;36,78;37,24;319.855
2019-01-22;37,00;37,32;36,96;37,12;217.033
2019-01-23;37,02;37,68;37,00;37,20;299.970
2019-01-24;37,14;37,74;37,10;37,64;274.772
2019-01-25;38,00;38,02;37,10;37,20;274.905
2019-01-28;36,88;37,02;35,80;36,62;334.314
2019-01-29;36,46;37,18;36,26;37,02;416.024
2019-01-30;36,92;37,44;36,84;37,28;175.510
2019-01-31;37,36;37,66;36,48;36,86;290.612
2019-02-01;37,02;37,02;36,28;36,36;423.979
2019-02-04;36,38;36,72;36,20;36,62;314.116
2019-02-05;36,80;37,56;36,50;37,46;340.632
2019-02-06;37,32;38,08;37,26;37,96;353.885
2019-02-07;37,74;38,10;37,52;37,54;268.884
2019-02-08;37,60;37,70;36,68;36,82;266.191
2019-02-11;37,14;37,26;36,52;36,60;289.949
2019-02-12;37,08;37,40;36,88;37,28;251.349
2019-02-13;37,28;37,52;37,06;37,48;208.168
2019-02-14;37,60;37,88;37,18;37,18;395.611
2019-02-15;37,08;38,28;36,90;38,22;320.413
2019-02-18;38,34;38,36;37,66;37,74;235.697
2019-02-19;37,80;38,52;37,66;38,38;377.777
2019-02-20;38,92;38,92;37,66;37,94;425.903
2019-02-21;38,28;38,28;37,42;37,42;314.578
2019-02-22;37,54;37,90;37,40;37,70;289.685
2019-02-25;37,70;38,16;37,58;37,80;279.468
2019-02-26;37,70;38,40;37,38;38,16;373.306
2019-02-27;38,10;38,28;37,70;38,14;301.965
2019-02-28;37,92;38,74;37,90;38,74;387.398
2019-03-01;38,58;38,68;37,80;38,48;421.290
2019-03-04;38,66;39,00;38,48;38,56;316.701
2019-03-05;38,50;38,80;38,22;38,32;321.111
2019-03-06;38,16;38,34;37,94;38,26;240.400
2019-03-07;38,20;38,98;38,10;38,40;431.188
2019-03-08;38,28;38,28;37,62;37,94;222.663
2019-03-11;37,96;38,38;37,84;38,28;247.683
2019-03-12;38,48;38,58;37,94;38,12;283.387
2019-03-13;37,90;38,24;37,24;38,20;376.901
2019-03-14;38,14;38,76;38,12;38,36;316.204
2019-03-15;38,46;38,98;38,40;38,76;694.837
2019-03-18;38,70;39,08;38,64;38,74;256.595
2019-03-19;38,94;38,94;38,60;38,64;224.250
2019-03-20;38,38;38,40;37,44;37,44;292.205
2019-03-21;37,08;37,20;36,72;37,10;486.404
2019-03-22;37,20;37,24;36,56;36,64;379.469
2019-03-25;36,40;36,98;35,72;36,98;338.107
2019-03-26;37,04;37,08;36,52;36,72;255.117
2019-03-27;36,78;36,86;36,44;36,72;385.595
2019-03-28;36,62;36,86;36,34;36,54;194.399
2019-03-29;36,60;37,10;36,58;37,10;319.995
2019-04-01;37,58;37,81;37,30;37,63;312.279
2019-04-02;37,64;37,92;37,60;37,80;301.573
2019-04-03;38,06;38,30;37,98;38,30;243.151
2019-04-04;38,30;38,42;38,04;38,40;280.447
2019-04-05;38,33;38,67;38,25;38,56;353.880
2019-04-08;38,42;38,74;38,17;38,45;231.751
2019-04-09;38,50;38,81;38,14;38,19;252.116
2019-04-10;38,21;38,50;38,13;38,29;393.986
2019-04-11;38,49;38,80;38,17;38,71;323.991
2019-04-12;38,85;39,16;38,55;38,88;280.713
2019-04-15;38,95;39,19;38,74;38,85;368.817
2019-04-16;38,98;39,40;38,86;39,40;479.045
2019-04-17;39,50;39,79;39,36;39,68;287.164
2019-04-18;39,43;40,03;39,31;39,91;205.875
2019-04-23;39,85;39,96;38,87;39,10;291.990
2019-04-24;39,16;39,25;38,79;38,79;355.917
2019-04-25;38,90;39,39;38,48;39,39;355.944
2019-04-26;39,28;39,42;39,02;39,20;224.143
2019-04-29;39,11;39,68;39,11;39,48;232.440
2019-04-30;39,22;39,62;39,16;39,60;348.057
2019-05-02;39,12;39,24;38,76;38,95;457.320
2019-05-03;38,88;39,22;38,65;39,04;260.438
2019-05-06;38,50;38,53;37,47;37,90;232.148
2019-05-07;37,89;37,94;37,21;37,36;280.898
2019-05-08;37,45;37,45;36,78;37,06;353.470
2019-05-09;36,94;37,14;36,59;36,77;383.607
2019-05-10;37,00;37,48;36,90;36,99;266.198
2019-05-13;36,99;37,00;35,82;35,82;331.403
2019-05-14;35,88;35,93;35,49;35,90;434.604
2019-05-15;35,86;36,21;35,62;36,21;381.233
2019-05-16;36,20;36,83;35,95;36,83;315.331
2019-05-17;36,63;36,78;36,20;36,55;362.447
2019-05-20;36,50;36,81;36,00;36,28;247.486
2019-05-21;36,45;36,45;35,86;36,16;330.549
2019-05-22;36,25;36,32;35,96;36,31;334.498
2019-05-23;36,14;36,22;35,59;35,79;441.636
2019-05-24;34,80;35,27;34,58;34,87;451.029
2019-05-27;35,00;35,68;34,90;35,14;192.664
2019-05-28;35,32;35,32;34,84;35,00;280.667
2019-05-29;34,86;34,86;33,99;34,05;344.060
2019-05-30;34,16;34,79;34,16;34,59;215.534
2019-05-31;34,10;34,20;33,88;33,96;389.340
2019-06-03;33,62;33,85;32,04;33,45;507.060
2019-06-04;33,38;34,48;33,21;34,39;459.197
2019-06-05;34,23;34,60;33,94;34,05;455.092
2019-06-06;34,00;34,42;33,48;33,66;363.201
2019-06-07;34,50;36,24;34,50;35,61;1.125.611
2019-06-10;35,67;35,84;35,07;35,11;628.716
2019-06-11;35,29;36,03;35,27;35,72;572.205
2019-06-12;35,47;35,67;34,85;35,30;330.613
2019-06-13;35,24;35,76;35,09;35,57;353.887
2019-06-14;35,52;35,81;35,41;35,49;485.584
2019-06-17;35,53;35,77;35,28;35,28;356.287
2019-06-18;35,26;35,44;34,83;35,10;589.281
2019-06-19;34,75;34,98;34,09;34,64;746.489
2019-06-20;34,85;34,99;34,36;34,36;484.381
2019-06-21;34,50;35,27;34,39;35,08;1.498.325
2019-06-24;34,96;35,44;34,00;34,84;426.776
2019-06-25;34,49;34,79;34,32;34,60;407.763
2019-06-26;34,55;34,86;34,40;34,80;444.201
2019-06-27;34,98;35,52;34,70;35,10;461.169
2019-06-28;34,92;35,76;34,91;35,76;529.140
2019-07-01;36,00;36,75;35,99;36,48;662.123
2019-07-02;36,54;36,86;36,29;36,76;498.769
2019-07-03;36,78;37,06;36,69;36,96;358.546
2019-07-04;37,21;37,28;36,99;37,10;196.603
2019-07-05;37,15;37,27;37,00;37,24;322.223
2019-07-08;36,99;37,46;36,80;37,06;453.814
2019-07-09;37,10;37,18;36,69;37,00;412.364
2019-07-10;37,00;37,10;36,34;36,45;436.154
2019-07-11;36,56;36,56;35,95;36,22;369.802
2019-07-12;36,14;36,54;36,08;36,49;396.560
2019-07-15;36,50;36,84;36,35;36,58;360.477
2019-07-16;36,53;36,57;36,22;36,45;406.832
2019-07-17;36,11;36,20;35,83;36,04;811.395
2019-07-18;35,97;36,48;35,85;36,14;416.538
2019-07-19;36,26;36,26;35,39;35,80;620.738
2019-07-22;35,70;35,92;35,47;35,61;388.809
2019-07-23;35,68;35,75;35,14;35,17;672.641
2019-07-24;35,31;35,31;34,83;34,96;558.239
2019-07-25;35,14;35,38;34,47;34,55;554.619
2019-07-26;34,90;34,90;34,45;34,59;405.267
2019-07-29;34,60;34,67;34,37;34,55;248.896
2019-07-30;34,66;34,66;33,63;33,97;449.026
2019-07-31;34,05;34,11;33,67;34,03;640.973
2019-08-01;33,95;34,48;33,80;34,15;400.320
2019-08-02;33,42;33,71;32,94;33,27;454.999
2019-08-05;33,15;33,26;32,29;32,29;449.195
2019-08-06;32,21;32,61;32,12;32,15;595.463
2019-08-07;32,60;32,60;31,85;32,03;465.331
2019-08-08;32,28;32,35;31,93;32,26;374.247
2019-08-09;32,10;32,20;31,68;31,82;401.559
2019-08-12;31,96;32,19;31,34;31,41;379.403
2019-08-13;31,26;31,75;30,98;31,50;604.068
2019-08-14;31,54;31,64;30,68;30,88;472.081
2019-08-15;31,10;31,30;30,65;31,18;662.127
2019-08-16;31,10;31,99;31,07;31,68;498.120
2019-08-19;31,76;32,27;31,73;32,01;380.522
2019-08-20;31,94;32,06;31,69;31,77;389.643
2019-08-21;31,80;32,32;31,80;31,89;556.881
2019-08-22;31,84;31,91;31,31;31,40;500.011
2019-08-23;32,40;32,97;31,59;31,59;956.815
2019-08-26;31,60;32,19;31,49;32,06;389.264
2019-08-27;32,01;32,76;31,85;32,54;796.405
2019-08-28;32,39;32,46;31,35;31,45;873.952
2019-08-29;31,45;31,56;30,84;31,24;989.152
2019-08-30;31,32;31,89;31,18;31,81;711.540
2019-09-02;31,00;31,29;30,60;30,60;520.391
2019-09-03;30,58;30,58;30,06;30,30;645.341
2019-09-04;30,60;30,79;30,21;30,33;607.792
2019-09-05;30,45;31,74;30,45;31,74;1.068.222
2019-09-06;31,70;32,37;31,70;32,15;577.183
2019-09-09;32,35;33,23;32,25;33,13;672.713
2019-09-10;33,15;33,64;33,06;33,53;562.596
2019-09-11;33,76;34,22;33,52;33,68;724.967
2019-09-12;33,86;33,86;32,73;33,16;754.299
2019-09-13;33,30;34,12;33,17;33,99;490.354
2019-09-16;34,17;34,26;33,70;33,92;478.496
2019-09-17;33,89;33,90;33,11;33,42;505.006
2019-09-18;33,32;33,36;32,86;33,05;534.955
2019-09-19;33,20;33,41;33,05;33,15;424.434
2019-09-20;33,05;33,35;32,84;33,06;718.153
2019-09-23;33,02;33,05;32,33;32,73;322.672
2019-09-24;32,88;33,18;32,76;32,83;342.518
2019-09-25;32,71;32,85;32,35;32,81;446.788
2019-09-26;33,02;33,33;32,77;33,09;375.105
2019-09-27;33,25;33,55;33,00;33,50;430.367
2019-09-30;33,50;33,88;33,46;33,87;546.611
2019-10-01;33,30;33,77;32,42;32,49;747.467
2019-10-02;32,20;32,30;31,79;31,92;532.579
2019-10-03;32,07;32,07;31,42;31,85;619.332
2019-10-04;32,19;32,43;31,94;32,40;423.231
2019-10-07;32,44;32,75;32,09;32,41;372.887
2019-10-08;32,20;32,61;32,20;32,43;430.162
2019-10-09;32,45;32,98;32,24;32,63;518.406
2019-10-10;32,80;33,07;32,67;33,00;370.578
2019-10-11;32,86;34,10;32,79;34,04;402.346
2019-10-14;34,05;34,05;33,31;33,49;261.239
2019-10-15;33,61;34,22;33,55;34,03;295.514
2019-10-16;33,96;33,96;32,88;33,16;783.198
2019-10-17;33,02;33,68;32,81;32,83;577.433
2019-10-18;32,81;33,28;32,61;33,03;413.197
2019-10-21;33,04;33,85;33,04;33,61;416.629
2019-10-22;33,55;33,72;33,25;33,49;271.982
2019-10-23;33,39;33,86;33,24;33,73;415.729
2019-10-24;33,72;34,30;33,70;33,94;432.270
2019-10-25;33,80;34,10;33,37;33,57;289.539
2019-10-28;33,62;33,85;33,36;33,72;233.256
2019-10-29;33,72;33,88;33,42;33,85;407.060
2019-10-30;33,90;33,90;33,62;33,83;401.924
2019-10-31;33,75;33,87;32,51;32,81;878.439
2019-11-01;33,01;33,35;32,74;33,20;334.358
2019-11-04;33,38;33,73;33,36;33,36;321.596
2019-11-05;33,41;34,25;33,41;34,10;428.985
2019-11-06;34,20;34,78;34,10;34,70;746.122
2019-11-07;34,70;35,44;34,69;35,30;428.146
2019-11-08;35,20;35,46;35,00;35,00;305.487
2019-11-11;34,82;35,03;34,48;34,69;334.204
2019-11-12;34,90;34,95;34,45;34,45;319.599
2019-11-13;34,35;34,43;33,61;33,88;485.449
2019-11-14;33,90;34,02;33,60;33,77;333.195
2019-11-15;34,00;34,01;33,72;33,84;365.528
2019-11-18;33,85;34,11;33,17;33,22;369.139
2019-11-19;33,22;33,64;33,16;33,31;373.676
2019-11-20;33,32;33,34;32,59;33,23;501.532
2019-11-21;32,95;33,09;32,63;32,74;396.417
2019-11-22;32,76;33,20;32,61;33,03;394.275
2019-11-25;33,32;33,55;33,12;33,27;421.906
2019-11-26;33,20;33,34;33,02;33,31;640.306
2019-11-27;33,32;33,52;33,22;33,31;376.512
2019-11-28;33,01;33,59;33,01;33,50;275.110
2019-11-29;33,03;33,73;33,03;33,73;450.335
2019-12-02;33,80;34,49;33,74;33,89;669.822
2019-12-03;34,00;34,18;32,64;32,64;717.861
2019-12-04;32,61;33,67;32,42;33,54;468.931
2019-12-05;33,55;33,77;33,28;33,35;389.702
2019-12-06;33,40;34,00;33,25;33,88;320.908
2019-12-09;33,73;34,23;33,73;34,11;271.695
2019-12-10;34,15;34,15;33,48;34,01;487.193
2019-12-11;34,00;34,07;33,38;33,42;567.078
2019-12-12;33,73;33,74;32,97;33,57;560.686
2019-12-13;33,80;34,70;33,64;33,68;493.981
2019-12-16;33,98;34,05;33,60;33,98;374.371
2019-12-17;33,94;34,23;33,65;34,20;372.862
2019-12-18;34,27;34,36;33,89;34,14;398.140
2019-12-19;34,14;34,14;33,66;33,82;432.973
2019-12-20;33,89;34,10;33,79;33,86;888.511
2019-12-23;33,80;33,86;33,57;33,71;182.874
2019-12-24;33,84;33,86;33,62;33,75;69.491
2019-12-27;33,90;33,95;33,46;33,52;197.266
2019-12-30;33,40;33,72;33,22;33,42;270.254
2019-12-31;33,32;33,37;33,18;33,36;83.238
2020-01-02;33,50;34,44;33,50;34,39;404.094
2020-01-03;34,24;34,24;33,68;33,78;278.143
2020-01-06;33,75;33,75;33,19;33,73;374.345
2020-01-07;33,96;34,65;33,81;34,65;720.822
2020-01-08;34,57;36,07;34,44;36,07;968.536
2020-01-09;36,29;36,49;35,48;35,59;716.838
2020-01-10;35,84;35,88;35,25;35,39;486.808
2020-01-13;35,51;35,51;35,05;35,37;337.174
2020-01-14;35,52;35,52;34,96;35,16;442.626
2020-01-15;35,20;35,22;33,87;34,45;995.013
2020-01-16;34,42;34,61;34,17;34,44;489.234
2020-01-17;34,60;35,01;34,46;34,75;668.148
2020-01-20;34,86;35,07;34,71;34,97;244.344
2020-01-21;34,84;35,19;34,60;34,89;313.689
2020-01-22;35,05;35,05;34,46;34,61;398.379
2020-01-23;34,59;34,59;33,76;34,15;659.337
2020-01-24;34,31;34,68;34,26;34,53;365.658
2020-01-27;34,14;34,26;33,59;33,65;425.182
2020-01-28;33,76;34,10;33,23;33,85;438.922
2020-01-29;33,90;34,13;33,74;33,91;279.025
2020-01-30;33,65;33,91;33,20;33,84;471.757
2020-01-31;33,80;34,04;33,61;33,64;592.901
2020-02-03;33,68;34,23;33,52;34,01;414.352
2020-02-04;34,24;34,95;34,12;34,58;591.904
2020-02-05;34,50;35,17;34,43;34,93;773.787
2020-02-06;35,10;35,55;35,06;35,12;541.411
2020-02-07;35,08;35,36;34,67;34,73;488.742
2020-02-10;34,74;34,91;34,63;34,75;266.721
2020-02-11;35,00;35,60;34,80;35,59;652.374
2020-02-12;35,65;36,38;35,57;36,16;644.843
2020-02-13;36,00;37,29;35,80;37,24;1.000.559
2020-02-14;37,30;37,61;37,07;37,28;749.666
2020-02-17;37,39;37,84;37,32;37,66;438.527
2020-02-18;37,60;37,66;37,10;37,19;443.455
2020-02-19;37,78;37,80;36,34;36,80;801.793
2020-02-20;36,80;37,34;36,48;36,71;797.865
2020-02-21;36,50;36,73;36,23;36,35;708.531
2020-02-24;35,37;35,45;34,07;34,50;1.263.815
2020-02-25;34,66;34,77;32,93;33,09;954.039
2020-02-26;32,70;33,13;31,97;33,02;992.260
2020-02-27;32,28;32,41;31,13;31,46;1.237.642
2020-02-28;30,55;30,76;29,83;30,12;1.642.510
2020-03-02;30,72;30,81;29,02;29,50;1.227.980
2020-03-03;30,58;30,64;29,67;29,67;1.407.198
2020-03-04;30,01;30,16;29,21;29,56;982.155
2020-03-05;29,91;29,96;28,07;28,28;1.139.007
2020-03-06;27,50;27,78;26,98;27,23;1.932.757
2020-03-09;25,44;25,84;24,72;24,72;1.746.929
2020-03-10;25,00;25,86;23,83;24,18;1.792.610
2020-03-11;24,75;25,25;24,03;24,29;1.518.989
2020-03-12;22,68;23,00;20,38;20,39;1.674.522
2020-03-13;21,27;23,40;20,36;22,06;2.375.601
2020-03-16;21,20;21,20;18,54;19,70;1.759.960
2020-03-17;20,65;20,71;18,10;19,92;1.366.065
2020-03-18;19,38;20,39;18,70;19,38;1.416.671
2020-03-19;19,30;19,67;18,22;18,96;1.073.429
2020-03-20;20,04;20,83;19,13;19,51;1.396.632
2020-03-23;18,78;19,70;18,38;18,78;1.204.251
2020-03-24;19,50;20,98;19,20;20,92;1.066.438
2020-03-25;22,06;22,66;21,33;22,43;920.754
2020-03-26;22,05;22,92;21,79;22,92;1.231.720
2020-03-27;22,34;23,17;22,18;23,17;920.455
2020-03-30;23,48;23,76;22,31;23,06;737.419
2020-03-31;23,35;24,14;22,64;22,96;741.487
2020-04-01;22,29;22,35;21,66;22,06;662.226
2020-04-02;22,01;23,13;21,85;22,75;823.658
2020-04-03;21,93;21,93;20,70;21,37;1.287.004
2020-04-06;22,48;22,69;21,85;22,00;706.225
2020-04-07;22,67;24,04;22,22;22,81;748.581
2020-04-08;22,43;22,58;22,01;22,45;533.901
2020-04-09;22,90;23,99;22,83;23,67;681.813
2020-04-14;24,20;24,27;23,29;23,47;812.776
2020-04-15;23,42;23,45;22,00;22,00;776.140
2020-04-16;22,19;22,86;21,71;21,89;680.307
2020-04-17;22,85;22,93;22,12;22,46;836.336
2020-04-20;22,64;22,78;22,07;22,62;486.064
2020-04-21;22,25;22,31;21,26;21,36;866.322
2020-04-22;21,40;21,50;21,03;21,24;669.509
2020-04-23;21,46;22,45;21,08;22,25;848.478
2020-04-24;22,00;22,83;21,68;22,28;536.369
2020-04-27;22,85;23,43;22,75;23,37;411.522
2020-04-28;23,49;24,80;23,45;24,54;698.217
2020-04-29;24,54;25,49;24,54;25,43;521.430
2020-04-30;25,81;26,01;24,53;24,55;607.087
2020-05-04;23,68;23,96;23,16;23,30;468.907
2020-05-05;24,04;24,27;23,47;23,72;666.554
2020-05-06;23,76;23,95;23,08;23,35;798.571
2020-05-07;23,35;23,81;23,16;23,66;553.089
2020-05-08;24,00;24,02;23,42;23,47;280.194
2020-05-11;23,65;23,79;22,77;23,04;520.443
2020-05-12;22,98;23,37;22,66;22,85;688.961
2020-05-13;22,50;22,60;22,04;22,07;446.092
2020-05-14;22,03;22,70;20,96;22,31;1.260.647
2020-05-15;22,50;22,75;21,74;21,94;721.093
2020-05-18;22,29;23,68;22,00;23,55;869.616
2020-05-19;23,78;24,40;23,68;24,10;793.050
2020-05-20;24,01;24,14;23,14;23,50;1.100.999
2020-05-21;23,27;23,69;22,90;23,41;511.040
2020-05-22;23,00;23,79;22,62;23,45;498.222
2020-05-25;23,52;23,88;23,38;23,80;328.822
2020-05-26;24,18;24,71;24,06;24,29;881.136
2020-05-27;24,55;25,34;24,44;25,27;1.328.774
2020-05-28;25,61;26,02;25,16;25,36;717.830
2020-05-29;24,97;25,20;24,40;24,70;818.330
2020-06-01;25,07;25,26;24,77;25,20;291.472
2020-06-02;25,44;26,48;25,40;26,41;620.130
2020-06-03;26,77;27,70;26,53;27,69;649.757
2020-06-04;27,40;27,87;26,87;27,74;799.657
2020-06-05;28,00;29,33;28,00;29,14;902.233
2020-06-08;29,00;29,77;28,65;28,97;936.678
2020-06-09;29,00;29,00;27,66;28,00;960.944
2020-06-10;28,23;28,58;27,35;27,51;1.301.971
2020-06-11;26,73;26,89;26,02;26,02;673.329
2020-06-12;25,65;27,00;25,43;26,49;739.358
2020-06-15;25,59;26,31;25,20;26,21;665.641
2020-06-16;27,08;27,70;26,59;27,26;526.049
2020-06-17;27,33;27,79;26,97;27,08;833.688
2020-06-18;27,05;27,61;26,64;27,28;741.513
2020-06-19;27,69;27,69;26,41;26,41;923.699
2020-06-22;26,25;26,96;26,09;26,79;427.259
2020-06-23;27,00;28,04;26,78;27,44;550.808
2020-06-24;27,44;27,78;26,76;26,77;492.681
2020-06-25;26,72;27,38;26,14;27,13;533.297
2020-06-26;27,50;27,50;26,60;26,70;391.194
2020-06-29;26,69;27,55;26,50;27,10;486.927
2020-06-30;27,28;27,51;26,85;27,34;454.348
2020-07-01;27,55;27,81;26,80;27,27;515.002
2020-07-02;27,45;27,89;27,22;27,76;401.623
2020-07-03;27,89;28,00;27,39;27,77;244.295
2020-07-06;28,34;28,63;27,81;28,08;384.767
2020-07-07;28,75;29,12;28,37;28,99;1.108.266
2020-07-08;28,75;28,98;28,26;28,27;435.594
2020-07-09;28,54;28,54;27,91;27,95;347.017
2020-07-10;27,75;29,07;27,54;29,06;436.923
2020-07-13;29,50;29,66;29,00;29,27;442.786
2020-07-14;29,05;29,88;28,96;29,78;793.776
2020-07-15;30,06;30,20;29,46;29,82;417.685
2020-07-16;29,60;29,74;29,36;29,45;400.942
2020-07-17;29,41;29,55;28,95;29,17;346.118
2020-07-20;29,12;29,18;28,73;29,18;501.404
2020-07-21;29,38;29,68;29,12;29,26;379.200
2020-07-22;29,25;29,41;28,54;29,02;289.988
2020-07-23;29,10;29,10;28,25;28,48;359.345
2020-07-24;28,05;28,27;27,82;28,23;311.626
2020-07-27;28,14;28,21;27,73;27,89;179.229
2020-07-28;28,03;28,15;27,50;28,15;293.611
2020-07-29;28,09;28,30;27,94;28,22;264.655
2020-07-30;28,30;28,30;26,82;27,30;596.826
2020-07-31;27,32;28,20;27,20;27,33;438.052
2020-08-03;27,63;28,33;27,17;28,26;315.083
2020-08-04;28,35;29,00;28,35;28,66;364.087
2020-08-05;29,73;30,03;29,34;29,96;621.388
2020-08-06;29,90;30,24;29,44;29,70;605.596
2020-08-07;29,70;30,16;29,46;30,09;328.924
2020-08-10;30,31;30,81;30,18;30,42;349.236
2020-08-11;30,70;31,03;30,45;30,78;452.655
2020-08-12;30,66;31,13;30,66;30,89;446.071
2020-08-13;30,73;30,98;30,40;30,40;328.535
2020-08-14;30,58;30,58;29,48;30,00;492.817
2020-08-17;30,00;30,32;29,83;30,01;250.514
2020-08-18;29,82;30,01;29,41;29,75;377.210
2020-08-19;29,52;29,89;29,22;29,89;427.041
2020-08-20;29,37;29,68;29,01;29,18;290.259
2020-08-21;29,26;29,44;28,86;29,14;291.474
2020-08-24;29,44;29,99;29,34;29,88;391.401
2020-08-25;30,33;30,68;30,29;30,32;541.587
2020-08-26;31,53;31,94;31,06;31,54;793.382
2020-08-27;31,90;31,90;31,27;31,47;798.328
2020-08-28;31,65;31,82;31,21;31,50;811.690
2020-09-01;29,31;29,51;28,83;29,35;546.804
2020-09-02;29,26;29,63;29,17;29,24;590.999
2020-09-03;29,36;30,06;29,36;29,62;811.539
2020-09-04;29,50;30,13;29,28;30,01;815.264
2020-09-07;30,34;30,74;30,24;30,45;471.787
2020-09-08;30,50;30,76;29,95;30,05;683.021
2020-09-09;30,00;30,70;29,94;30,62;527.277
2020-09-10;0,00;0,00;30,05;30,23;715.934
2020-09-11;30,00;30,32;29,83;30,18;528.950
2020-09-14;30,38;30,41;30,12;30,27;341.195
2020-09-15;30,12;30,34;30,01;30,12;419.845
2020-09-16;30,07;30,31;29,81;30,31;516.953
2020-09-17;29,95;30,16;29,82;29,98;387.972
2020-09-18;29,91;30,08;29,69;29,76;740.781
2020-09-21;29,53;29,53;28,61;28,91;546.918
2020-09-22;28,98;29,04;28,47;28,47;638.424
2020-09-23;28,64;28,97;28,29;28,35;591.540
2020-09-24;27,79;28,56;27,76;28,19;589.797
2020-09-25;28,23;28,59;27,79;27,96;400.360
2020-09-28;28,26;29,09;28,19;29,03;572.112
2020-10-01;28,93;29,09;28,59;28,67;557.722
2020-10-02;28,45;28,95;28,23;28,83;611.183
2020-10-05;29,10;29,44;29,07;29,32;299.929
2020-10-06;29,22;29,71;29,19;29,56;524.324
2020-10-07;29,46;29,70;29,20;29,32;352.016
2020-10-08;29,49;29,78;29,34;29,52;341.979
2020-10-09;29,78;29,98;29,50;29,50;458.576
2020-10-12;29,62;29,94;29,55;29,58;302.414
2020-10-13;29,56;29,65;28,79;28,79;486.071
2020-10-14;28,79;28,99;28,36;28,60;424.347
2020-10-15;28,25;28,25;27,47;27,71;518.234
2020-10-16;27,90;28,03;27,48;27,94;669.821
2020-10-19;28,00;28,49;27,90;28,08;218.825
2020-10-20;28,00;28,37;27,70;28,12;423.699
2020-10-21;28,36;28,54;28,05;28,05;309.318
2020-10-22;28,00;28,14;27,65;28,09;407.579
2020-10-23;28,11;28,43;27,89;28,08;222.470
2020-11-02;26,20;26,45;25,89;26,40;717.319
2020-11-03;26,61;27,55;26,52;27,44;835.984
2020-11-04;27,00;27,77;26,36;27,63;525.782
2020-11-05;27,78;28,24;27,52;28,06;401.848
2020-11-06;28,12;28,72;27,97;28,19;428.781
2020-11-09;28,53;30,89;28,53;30,80;920.384
2020-11-10;30,71;32,17;30,55;32,03;809.035
2020-11-11;32,00;32,21;31,23;31,30;549.237
2020-11-12;30,90;31,50;30,33;31,01;453.663
2020-11-13;30,66;31,20;30,63;31,20;433.449
2020-11-16;31,50;32,11;31,35;31,72;423.615
2020-11-17;31,75;32,25;31,64;32,20;408.500
2020-11-18;31,88;32,45;31,86;32,33;515.197
2020-11-19;32,11;32,25;31,55;31,65;554.934
2020-11-20;31,57;31,98;31,44;31,75;393.873
2020-11-23;32,00;32,25;31,70;31,92;327.944
2020-11-24;32,11;32,96;32,03;32,85;447.331
2020-11-25;33,00;33,06;32,20;32,37;429.479
2020-11-26;32,25;32,32;31,76;31,89;498.808
2020-11-27;31,91;31,93;31,64;31,72;382.678
2020-11-30;31,49;31,78;31,19;31,28;524.284
2020-12-01;31,34;32,13;31,29;32,09;443.804
2020-12-02;31,78;32,16;31,45;32,16;499.092
2020-12-03;32,10;32,27;31,84;32,07;363.560
2020-12-04;31,93;32,24;31,71;31,81;437.501
2020-12-07;31,79;31,79;31,23;31,35;535.811
2020-12-08;31,65;31,65;31,15;31,25;481.939
2020-12-09;31,05;32,08;31,05;31,82;655.084
2020-12-10;31,74;31,83;30,81;31,06;923.931
2020-12-11;31,00;31,00;30,21;30,31;979.912
2020-12-14;30,59;31,33;30,56;30,79;516.010
2020-12-15;30,79;31,37;30,68;31,37;597.014
2020-12-16;31,53;32,35;31,42;32,14;775.596
2020-12-17;32,43;32,45;32,05;32,15;382.121
2020-12-18;32,10;33,13;32,00;33,07;720.257
2020-12-21;32,48;32,48;31,41;31,75;552.376
2020-12-22;31,95;32,39;31,80;32,11;249.095
2020-12-23;32,25;33,07;32,25;32,88;246.820
2020-12-24;33,00;33,17;32,91;32,91;59.151
