2014-01-02;3,80;3,81;3,74;3,75;889.015
2014-01-03;3,75;3,81;3,69;3,81;1.554.415
2014-01-06;3,82;3,86;3,79;3,80;1.089.661
2014-01-07;3,81;3,82;3,76;3,81;678.082
2014-01-08;3,82;3,97;3,78;3,94;3.138.128
2014-01-09;3,94;4,04;3,88;3,95;2.262.343
2014-01-10;3,96;4,04;3,96;4,02;1.507.071
2014-01-13;4,04;4,06;4,00;4,04;1.260.502
2014-01-14;4,00;4,05;3,96;4,03;1.905.895
2014-01-15;4,05;4,05;4,02;4,04;1.453.124
2014-01-16;4,04;4,05;3,98;3,99;1.735.818
2014-01-17;3,98;4,02;3,95;4,01;1.416.264
2014-01-20;4,02;4,05;3,98;4,00;1.221.377
2014-01-21;4,01;4,02;3,85;3,86;1.913.214
2014-01-22;3,89;3,92;3,80;3,83;1.627.428
2014-01-23;3,83;3,86;3,79;3,80;1.894.855
2014-01-24;3,81;3,82;3,69;3,70;1.800.487
2014-01-27;3,67;3,81;3,60;3,75;1.911.842
2014-01-28;3,77;3,83;3,76;3,82;1.193.948
2014-01-29;3,86;3,90;3,71;3,77;1.414.564
2014-01-30;3,76;3,88;3,72;3,84;1.686.858
2014-01-31;3,87;3,87;3,75;3,82;1.416.346
2014-02-03;3,80;3,85;3,73;3,74;1.283.284
2014-02-04;3,70;3,87;3,64;3,82;1.753.854
2014-02-05;3,83;3,87;3,79;3,83;1.498.087
2014-02-06;3,84;3,90;3,82;3,88;1.326.120
2014-02-07;3,90;3,90;3,85;3,88;954.335
2014-02-10;3,90;3,97;3,87;3,92;1.307.821
2014-02-11;3,93;4,05;3,90;4,05;2.378.335
2014-02-12;4,06;4,08;4,02;4,03;1.948.960
2014-02-13;4,01;4,06;3,94;4,05;1.116.047
2014-02-14;4,04;4,12;4,04;4,10;1.668.640
2014-02-17;4,13;4,14;4,09;4,12;1.124.549
2014-02-18;4,12;4,12;3,97;3,99;2.059.574
2014-02-19;3,96;4,03;3,93;4,01;1.901.545
2014-02-20;4,06;4,19;4,03;4,11;4.271.826
2014-02-21;4,14;4,23;4,13;4,21;3.583.160
2014-02-24;4,21;4,25;4,18;4,25;1.664.078
2014-02-25;4,25;4,27;4,20;4,24;1.251.120
2014-02-26;4,25;4,26;4,19;4,19;831.936
2014-02-27;4,18;4,25;4,17;4,24;906.593
2014-02-28;4,25;4,35;4,25;4,32;2.112.481
2014-03-03;4,16;4,25;4,08;4,10;3.203.463
2014-03-04;4,15;4,40;4,15;4,36;2.992.700
2014-03-05;4,36;4,49;4,36;4,41;1.801.250
2014-03-06;4,41;4,50;4,40;4,45;1.826.374
2014-03-07;4,39;4,49;4,35;4,35;1.605.704
2014-03-10;4,35;4,49;4,34;4,40;1.868.972
2014-03-11;4,42;4,48;4,42;4,42;869.972
2014-03-12;4,40;4,46;4,40;4,42;782.743
2014-03-13;4,43;4,45;4,35;4,35;995.032
2014-03-14;4,30;4,31;4,15;4,21;1.998.253
2014-03-17;4,23;4,33;4,21;4,32;1.572.256
2014-03-18;4,33;4,48;4,30;4,41;1.562.887
2014-03-19;4,42;4,46;4,38;4,40;913.883
2014-03-20;4,37;4,47;4,34;4,37;1.052.979
2014-03-21;4,40;4,41;4,29;4,29;1.193.214
2014-03-24;4,22;4,30;4,13;4,17;1.893.924
2014-03-25;4,18;4,27;4,18;4,20;1.279.795
2014-03-26;4,24;4,25;4,21;4,23;1.009.792
2014-03-27;4,21;4,23;4,16;4,21;664.578
2014-03-28;4,22;4,30;4,21;4,30;1.398.219
2014-03-31;4,32;4,36;4,31;4,35;826.857
2014-04-01;4,36;4,41;4,36;4,40;1.751.012
2014-04-02;4,41;4,43;4,34;4,37;575.416
2014-04-03;4,37;4,37;4,22;4,23;2.559.721
2014-04-04;4,25;4,25;4,14;4,14;3.060.061
2014-04-07;4,11;4,13;4,03;4,11;1.539.227
2014-04-08;4,10;4,13;4,02;4,04;1.782.557
2014-04-09;4,05;4,12;4,05;4,06;2.505.522
2014-04-10;4,10;4,10;4,00;4,00;1.429.610
2014-04-11;3,97;4,00;3,91;3,98;1.778.738
2014-04-14;3,95;4,00;3,77;3,87;2.053.836
2014-04-15;3,88;3,98;3,82;3,92;1.896.348
2014-04-16;3,95;3,97;3,83;3,86;1.184.742
2014-04-17;3,86;3,92;3,86;3,88;696.362
2014-04-22;3,92;4,02;3,89;3,98;1.306.174
2014-04-23;3,98;3,98;3,93;3,94;913.413
2014-04-24;3,98;4,04;3,93;3,99;830.787
2014-04-25;3,94;3,95;3,84;3,85;1.035.242
2014-04-28;3,88;3,95;3,88;3,89;728.173
2014-04-29;3,94;3,95;3,91;3,94;555.412
2014-04-30;3,94;3,97;3,89;3,90;714.619
2014-05-02;3,94;3,97;3,90;3,92;996.874
2014-05-05;3,92;3,94;3,83;3,90;1.169.228
2014-05-06;3,91;3,92;3,85;3,89;731.859
2014-05-07;3,88;3,91;3,85;3,86;712.562
2014-05-08;3,88;3,94;3,85;3,91;1.159.181
2014-05-09;3,90;3,93;3,87;3,89;456.822
2014-05-12;3,91;3,97;3,88;3,96;770.947
2014-05-13;3,98;4,00;3,91;3,92;1.047.981
2014-05-14;3,94;3,95;3,87;3,92;1.118.164
2014-05-15;3,85;3,86;3,71;3,79;4.711.659
2014-05-16;3,80;3,85;3,66;3,68;3.473.105
2014-05-19;3,69;3,71;3,50;3,59;2.833.573
2014-05-20;3,60;3,62;3,50;3,51;1.793.134
2014-05-21;3,50;3,57;3,44;3,56;1.494.748
2014-05-22;3,60;3,67;3,58;3,64;1.967.108
2014-05-23;3,65;3,73;3,61;3,71;1.020.190
2014-05-26;3,72;3,78;3,72;3,76;831.236
2014-05-27;3,77;3,79;3,75;3,78;862.985
2014-05-28;3,80;3,80;3,75;3,79;788.286
2014-05-29;3,79;3,83;3,76;3,82;580.581
2014-05-30;3,85;3,86;3,81;3,83;1.197.548
2014-06-02;3,86;3,87;3,80;3,81;877.910
2014-06-03;3,81;3,84;3,76;3,77;1.082.662
2014-06-04;3,77;3,78;3,74;3,75;929.999
2014-06-05;3,76;3,79;3,71;3,78;1.362.936
2014-06-06;3,80;3,89;3,79;3,86;1.227.307
2014-06-09;3,89;3,95;3,88;3,94;831.231
2014-06-10;3,95;3,96;3,92;3,96;772.148
2014-06-11;3,95;3,96;3,87;3,89;776.186
2014-06-12;3,87;3,90;3,84;3,88;786.880
2014-06-13;3,88;3,90;3,82;3,89;707.124
2014-06-16;3,88;3,88;3,78;3,84;1.348.393
2014-06-17;3,85;3,88;3,78;3,82;1.591.711
2014-06-18;3,83;3,83;3,70;3,72;2.262.375
2014-06-19;3,75;3,76;3,70;3,71;1.236.129
2014-06-20;3,72;3,73;3,65;3,66;1.963.843
2014-06-23;3,65;3,67;3,61;3,64;845.144
2014-06-24;3,66;3,66;3,59;3,63;683.887
2014-06-25;3,62;3,63;3,54;3,56;1.596.328
2014-06-26;3,58;3,59;3,49;3,56;1.359.269
2014-06-27;3,58;3,59;3,51;3,54;1.241.034
2014-06-30;3,55;3,61;3,55;3,58;948.021
2014-07-01;3,60;3,63;3,57;3,60;940.231
2014-07-02;3,61;3,65;3,59;3,59;595.429
2014-07-03;3,62;3,70;3,58;3,67;1.074.965
2014-07-04;3,66;3,70;3,65;3,67;613.209
2014-07-07;3,09;3,10;2,58;2,61;19.745.973
2014-07-08;2,60;2,60;2,25;2,44;15.517.802
2014-07-09;2,48;2,56;2,25;2,26;9.326.754
2014-07-10;2,27;2,33;2,14;2,29;7.366.491
2014-07-11;2,31;2,40;2,26;2,30;4.802.661
2014-07-14;2,31;2,38;2,21;2,23;3.545.166
2014-07-15;2,23;2,23;1,92;2,00;9.575.127
2014-07-16;2,10;2,18;2,05;2,16;5.791.263
2014-07-17;2,17;2,21;2,11;2,12;2.846.772
2014-07-18;2,11;2,15;2,04;2,15;2.709.456
2014-07-21;2,18;2,18;2,08;2,10;1.893.569
2014-07-22;2,14;2,15;2,03;2,08;4.007.648
2014-07-23;2,08;2,09;2,03;2,07;3.081.766
2014-07-24;2,08;2,13;2,04;2,11;2.867.857
2014-07-25;2,12;2,14;2,05;2,06;2.544.413
2014-07-28;2,07;2,07;2,00;2,03;3.081.895
2014-07-29;2,04;2,23;2,00;2,22;7.500.668
2014-07-30;2,22;2,23;2,07;2,08;4.774.040
2014-07-31;2,08;2,09;2,02;2,04;2.754.141
2014-08-01;2,02;2,05;1,99;2,04;2.737.388
2014-08-04;2,05;2,07;2,01;2,05;2.535.987
2014-08-05;2,06;2,10;2,04;2,08;2.201.113
2014-08-06;2,07;2,08;2,03;2,05;2.107.462
2014-08-07;2,05;2,07;2,02;2,02;2.697.737
2014-08-08;1,99;1,99;1,65;1,67;9.094.251
2014-08-11;1,91;2,10;1,86;2,04;13.024.749
2014-08-12;2,09;2,09;1,97;1,98;4.571.104
2014-08-13;2,00;2,11;1,93;2,10;5.007.203
2014-08-14;2,12;2,12;2,05;2,06;2.310.958
2014-08-15;2,08;2,13;2,06;2,08;3.466.365
2014-08-18;2,13;2,15;2,09;2,11;2.733.853
2014-08-19;2,11;2,16;2,11;2,16;2.676.581
2014-08-20;2,08;2,08;1,76;1,86;16.232.612
2014-08-21;1,72;1,89;1,66;1,80;12.302.982
2014-08-22;1,82;1,85;1,72;1,79;3.713.643
2014-08-25;1,81;1,81;1,75;1,77;2.277.199
2014-08-26;1,77;1,84;1,74;1,83;3.726.749
2014-08-27;1,85;1,89;1,83;1,87;2.712.532
2014-08-28;1,85;1,86;1,78;1,80;2.423.606
2014-08-29;1,80;1,82;1,78;1,80;1.126.654
2014-09-01;1,81;1,83;1,80;1,82;962.299
2014-09-02;1,84;1,93;1,83;1,91;4.041.326
2014-09-03;1,93;2,07;1,92;2,05;6.898.478
2014-09-04;2,05;2,09;2,02;2,07;2.986.540
2014-09-05;2,06;2,12;2,04;2,11;3.966.778
2014-09-08;2,14;2,20;2,14;2,20;3.743.147
2014-09-09;2,20;2,25;2,08;2,10;4.374.806
2014-09-10;2,08;2,18;2,07;2,18;3.144.879
2014-09-11;2,19;2,21;2,10;2,13;2.975.188
2014-09-12;2,14;2,15;2,09;2,15;1.943.258
2014-09-15;2,14;2,14;2,10;2,14;2.339.901
2014-09-16;2,14;2,18;2,13;2,16;1.764.770
2014-09-17;2,18;2,19;2,17;2,18;2.011.562
2014-09-18;2,19;2,22;2,19;2,21;3.358.772
2014-09-19;2,22;2,32;2,21;2,32;6.422.921
2014-09-22;2,30;2,45;2,27;2,40;4.398.640
2014-09-23;2,40;2,45;2,31;2,45;3.444.787
2014-09-24;2,45;2,47;2,37;2,40;2.412.725
2014-09-25;2,43;2,45;2,38;2,39;2.587.057
2014-09-26;2,39;2,42;2,35;2,39;1.523.776
2014-09-29;2,37;2,40;2,16;2,18;7.459.031
2014-09-30;2,19;2,36;2,19;2,34;4.339.218
2014-10-01;2,33;2,39;2,24;2,28;2.803.390
2014-10-02;2,26;2,30;2,21;2,23;1.813.750
2014-10-03;2,26;2,29;2,13;2,18;3.613.131
2014-10-06;2,10;2,14;2,00;2,10;4.741.216
2014-10-07;2,09;2,13;2,07;2,08;1.781.174
2014-10-08;2,06;2,12;1,98;2,02;4.014.444
2014-10-09;2,09;2,09;1,72;1,83;7.175.985
2014-10-10;1,80;1,88;1,67;1,82;6.386.277
2014-10-13;1,80;2,01;1,75;1,95;5.112.642
2014-10-14;1,93;1,99;1,83;1,94;2.935.947
2014-10-17;1,85;1,88;1,79;1,87;3.398.112
2014-10-20;1,87;1,92;1,84;1,88;2.544.554
2014-10-21;1,89;2,01;1,87;2,00;3.814.611
2014-10-22;2,03;2,10;2,02;2,10;3.168.717
2014-10-23;2,08;2,11;2,03;2,08;2.129.550
2014-10-24;2,07;2,10;2,03;2,07;1.570.893
2014-10-27;2,09;2,10;2,00;2,02;1.562.902
2014-10-28;2,03;2,06;2,02;2,05;1.222.719
2014-10-29;2,06;2,07;1,93;1,93;2.526.428
2014-10-30;1,97;1,97;1,86;1,89;2.499.795
2014-10-31;1,94;1,95;1,86;1,91;1.973.738
2014-11-03;1,92;2,00;1,91;1,98;2.314.486
2014-11-04;1,99;2,00;1,93;1,97;1.660.235
2014-11-05;1,93;1,97;1,88;1,95;2.125.920
2014-11-06;2,00;2,33;1,97;2,30;11.928.691
2014-11-07;2,29;2,35;2,18;2,22;4.487.858
2014-11-10;2,26;2,37;2,25;2,34;5.211.347
2014-11-11;2,35;2,40;2,33;2,38;3.820.235
2014-11-12;2,36;2,39;2,21;2,24;3.738.376
2014-11-13;2,26;2,28;2,18;2,21;1.919.331
2014-11-14;2,23;2,24;2,15;2,23;2.204.133
2014-11-17;2,21;2,31;2,15;2,31;2.268.707
2014-11-18;2,29;2,34;2,26;2,29;1.734.570
2014-11-19;2,29;2,33;2,27;2,29;1.995.939
2014-11-20;2,30;2,30;2,21;2,27;1.575.649
2014-11-21;2,24;2,32;2,23;2,32;2.629.112
2014-11-24;2,32;2,35;2,30;2,34;1.609.293
2014-11-25;2,34;2,35;2,30;2,32;1.100.236
2014-11-26;2,32;2,34;2,26;2,28;1.352.172
2014-11-27;2,29;2,30;2,24;2,25;999.704
2014-11-28;2,26;2,28;2,21;2,28;1.199.271
2014-12-01;2,25;2,26;2,19;2,25;1.777.506
2014-12-02;2,25;2,30;2,24;2,28;1.571.833
2014-12-03;2,29;2,31;2,28;2,30;1.551.395
2014-12-04;2,30;2,31;2,24;2,26;2.067.848
2014-12-05;2,27;2,35;2,26;2,33;3.820.584
2014-12-08;2,35;2,51;2,33;2,47;8.411.419
2014-12-09;2,46;2,56;2,41;2,47;5.693.329
2014-12-10;2,51;2,57;2,47;2,52;5.060.628
2014-12-11;2,51;2,54;2,43;2,52;3.817.322
2014-12-12;2,49;2,51;2,44;2,45;3.431.604
2014-12-15;2,49;2,67;2,47;2,56;8.228.643
2014-12-16;2,57;2,64;2,50;2,57;6.864.275
2014-12-17;2,55;2,55;2,31;2,39;6.791.321
2014-12-18;2,44;2,47;2,41;2,44;3.154.476
2014-12-19;2,47;2,48;2,34;2,37;3.276.334
2014-12-22;2,41;2,54;2,40;2,47;4.859.956
2014-12-23;2,49;2,56;2,48;2,56;3.311.749
2014-12-24;2,56;2,60;2,55;2,57;1.185.918
2014-12-29;2,58;2,60;2,48;2,53;2.827.579
2014-12-30;2,54;2,55;2,49;2,52;1.538.007
2014-12-31;2,52;2,58;2,51;2,58;1.408.896
2015-01-02;2,59;2,66;2,55;2,64;3.648.876
2015-01-05;2,64;2,68;2,49;2,49;4.519.591
2015-01-06;2,49;2,55;2,45;2,46;3.417.573
2015-01-07;2,47;2,51;2,41;2,42;4.096.490
2015-01-08;2,46;2,51;2,41;2,49;2.652.491
2015-01-09;2,50;2,53;2,42;2,44;2.605.546
2015-01-12;2,46;2,46;2,28;2,32;4.851.446
2015-01-13;2,31;2,36;2,28;2,33;2.609.931
2015-01-14;2,30;2,32;2,22;2,22;3.701.886
2015-01-15;2,25;2,36;2,21;2,36;3.638.926
2015-01-16;2,35;2,40;2,32;2,37;2.565.773
2015-01-19;2,38;2,48;2,35;2,46;3.197.481
2015-01-20;2,49;2,55;2,47;2,49;3.877.980
2015-01-21;2,50;2,55;2,47;2,55;3.734.186
2015-01-22;2,56;2,63;2,51;2,59;5.801.279
2015-01-23;2,62;2,62;2,51;2,52;3.371.734
2015-01-26;2,50;2,60;2,46;2,60;4.237.719
2015-01-27;2,60;2,61;2,49;2,51;4.000.167
2015-01-28;2,55;2,56;2,50;2,51;2.141.814
2015-01-29;2,51;2,63;2,50;2,59;5.083.332
2015-01-30;2,62;2,68;2,60;2,68;5.198.368
2015-02-02;2,68;2,76;2,67;2,74;5.340.226
2015-02-03;2,77;2,85;2,77;2,85;5.227.888
2015-02-04;2,87;2,95;2,82;2,94;6.131.182
2015-02-05;2,90;2,99;2,87;2,93;4.720.097
2015-02-06;2,95;2,98;2,91;2,94;3.106.410
2015-02-09;2,94;2,95;2,87;2,95;3.034.047
2015-02-10;2,92;3,00;2,91;2,98;3.404.152
2015-02-11;3,00;3,03;2,95;2,96;3.110.321
2015-02-12;2,97;3,03;2,95;3,03;3.707.253
2015-02-13;3,06;3,48;3,06;3,38;16.445.306
2015-02-16;3,43;3,63;3,41;3,56;12.676.098
2015-02-17;3,57;3,59;3,46;3,49;5.067.352
2015-02-18;3,55;3,55;3,46;3,55;5.225.364
2015-02-19;3,40;3,73;3,17;3,70;16.407.579
2015-02-20;3,73;3,89;3,73;3,84;10.012.375
2015-02-23;3,90;3,98;3,89;3,97;8.250.595
2015-02-24;3,99;4,33;3,98;4,32;12.157.159
2015-02-25;4,37;4,57;4,08;4,23;18.863.658
2015-02-26;4,21;4,37;4,05;4,25;8.974.579
2015-02-27;4,22;4,29;4,19;4,24;4.705.182
2015-03-02;4,22;4,37;4,16;4,30;5.409.413
2015-03-03;4,32;4,38;4,18;4,21;5.102.474
2015-03-04;4,20;4,29;4,15;4,26;3.928.883
2015-03-05;4,27;4,30;4,25;4,28;2.543.323
2015-03-06;4,28;4,34;4,24;4,28;2.953.832
2015-03-09;4,24;4,30;4,15;4,29;2.803.058
2015-03-10;4,23;4,29;4,13;4,22;4.363.046
2015-03-11;4,20;4,38;4,20;4,37;5.397.177
2015-03-12;4,38;4,39;4,29;4,33;2.874.219
2015-03-13;4,33;4,38;4,27;4,31;2.781.659
2015-03-16;4,32;4,33;4,26;4,29;1.881.617
2015-03-17;4,29;4,30;4,07;4,17;4.107.601
2015-03-18;4,15;4,20;3,85;4,14;5.740.421
2015-03-19;4,15;4,21;4,09;4,13;3.014.611
2015-03-20;4,12;4,22;4,10;4,21;3.533.291
2015-03-23;4,23;4,23;4,14;4,18;1.708.529
2015-03-24;4,18;4,27;4,15;4,25;2.574.086
2015-03-25;4,23;4,26;4,15;4,18;2.948.940
2015-03-26;4,14;4,14;3,92;4,08;4.742.935
2015-03-27;4,10;4,12;4,00;4,05;2.328.104
2015-03-30;4,07;4,22;4,06;4,20;2.891.881
2015-03-31;4,21;4,25;4,11;4,15;2.153.453
2015-04-01;4,12;4,23;4,10;4,18;2.241.588
2015-04-02;4,19;4,19;4,09;4,13;2.075.615
2015-04-07;4,15;4,23;4,13;4,19;3.257.317
2015-04-08;4,18;4,22;4,15;4,20;1.972.548
2015-04-09;4,20;4,25;4,07;4,14;3.941.437
2015-04-10;4,17;4,21;4,13;4,15;3.903.801
2015-04-13;4,18;4,20;4,14;4,17;1.648.669
2015-04-14;4,15;4,19;4,10;4,12;2.622.912
2015-04-15;4,15;4,20;4,11;4,12;2.473.303
2015-04-16;4,13;4,16;4,05;4,06;3.002.013
2015-04-17;4,05;4,07;3,89;3,90;4.670.162
2015-04-20;3,92;4,01;3,92;4,01;2.228.382
2015-04-21;4,04;4,06;3,95;4,04;2.700.231
2015-04-22;4,05;4,06;3,92;3,95;2.371.558
2015-04-23;3,97;3,97;3,82;3,83;2.853.031
2015-04-24;3,83;3,85;3,73;3,84;3.804.755
2015-04-27;3,85;3,86;3,74;3,83;2.389.481
2015-04-28;3,83;3,89;3,79;3,83;1.834.820
2015-04-29;3,84;3,86;3,58;3,66;3.465.503
2015-04-30;3,63;3,80;3,60;3,74;2.828.477
2015-05-04;3,75;3,83;3,70;3,78;1.816.342
2015-05-05;3,80;3,85;3,66;3,67;1.981.886
2015-05-06;3,69;3,84;3,66;3,76;2.793.774
2015-05-07;3,71;3,73;3,54;3,72;3.549.718
2015-05-08;3,75;3,82;3,67;3,82;2.526.765
2015-05-11;3,82;3,84;3,77;3,82;1.683.494
2015-05-12;3,79;3,79;3,72;3,76;1.938.210
2015-05-13;3,81;4,08;3,78;3,99;6.425.571
2015-05-14;4,00;4,08;3,93;4,00;2.599.845
2015-05-15;4,05;4,19;4,03;4,16;5.342.940
2015-05-18;3,99;4,09;3,83;3,88;10.965.196
2015-05-19;3,94;3,95;3,80;3,87;4.283.667
2015-05-20;3,86;3,87;3,78;3,84;2.791.107
2015-05-21;3,85;3,96;3,80;3,89;3.010.369
2015-05-22;3,90;3,95;3,87;3,89;2.293.566
2015-05-25;3,90;3,91;3,83;3,85;1.256.294
2015-05-26;3,86;3,86;3,78;3,81;2.454.668
2015-05-27;3,82;3,87;3,80;3,87;2.140.916
2015-05-28;3,87;3,87;3,79;3,80;2.146.033
2015-05-29;3,81;3,81;3,51;3,57;7.740.183
2015-06-01;3,61;3,73;3,61;3,66;3.049.175
2015-06-02;3,68;3,74;3,59;3,63;2.098.294
2015-06-03;3,63;3,70;3,59;3,64;2.233.056
2015-06-04;3,65;3,65;3,56;3,58;1.852.178
2015-06-05;3,56;3,58;3,50;3,52;2.187.160
2015-06-08;3,50;3,51;3,41;3,42;2.330.760
2015-06-09;3,40;3,51;3,32;3,47;3.393.046
2015-06-10;3,49;3,64;3,44;3,63;2.627.567
2015-06-11;3,65;3,69;3,52;3,54;2.466.338
2015-06-12;3,54;3,60;3,44;3,50;2.251.731
2015-06-15;3,43;3,47;3,39;3,40;2.195.199
2015-06-16;3,39;3,48;3,30;3,47;2.842.553
2015-06-17;3,49;3,54;3,43;3,46;1.822.637
2015-06-18;3,45;3,50;3,41;3,49;1.769.267
2015-06-19;3,50;3,54;3,48;3,52;2.030.213
2015-06-22;3,61;3,72;3,61;3,68;4.153.330
2015-06-23;3,75;3,83;3,74;3,82;3.038.028
2015-06-24;3,83;3,86;3,74;3,81;4.497.546
2015-06-25;3,79;3,95;3,75;3,89;3.725.028
2015-06-26;3,85;3,94;3,83;3,89;2.842.217
2015-06-29;3,64;3,82;3,60;3,71;3.298.153
2015-06-30;3,71;3,91;3,70;3,79;2.926.184
2015-07-01;3,85;3,93;3,83;3,87;3.590.438
2015-07-02;3,90;3,92;3,84;3,85;2.050.745
2015-07-03;3,84;3,88;3,81;3,84;1.545.388
2015-07-06;3,72;3,85;3,72;3,78;2.433.926
2015-07-07;3,81;3,81;3,57;3,60;2.725.316
2015-07-08;3,63;3,77;3,60;3,71;2.427.516
2015-07-09;3,72;3,85;3,72;3,83;2.187.028
2015-07-10;3,91;3,99;3,90;3,98;3.128.311
2015-07-13;4,00;4,08;3,98;4,06;3.544.027
2015-07-14;4,06;4,12;4,03;4,11;2.586.671
2015-07-15;4,09;4,14;4,07;4,12;1.953.570
2015-07-16;4,15;4,19;4,13;4,17;2.364.524
2015-07-17;4,17;4,18;4,13;4,16;1.508.503
2015-07-20;4,18;4,28;4,18;4,26;2.952.685
2015-07-21;4,28;4,29;4,20;4,22;1.709.880
2015-07-22;4,20;4,27;4,17;4,26;2.012.362
2015-07-23;4,27;4,28;4,21;4,24;918.421
2015-07-24;4,24;4,26;4,17;4,19;967.434
2015-07-27;4,17;4,17;4,07;4,10;1.945.608
2015-07-28;4,10;4,18;4,08;4,18;1.491.333
2015-07-29;4,19;4,25;4,18;4,25;1.754.375
2015-07-30;4,26;4,27;4,15;4,21;1.622.483
2015-07-31;4,21;4,23;4,18;4,22;931.134
2015-08-03;4,22;4,28;4,20;4,28;1.812.703
2015-08-04;4,29;4,32;4,24;4,30;2.049.860
2015-08-05;4,30;4,33;4,28;4,30;1.604.924
2015-08-06;4,28;4,34;4,27;4,32;1.142.890
2015-08-07;4,33;4,33;4,22;4,22;1.397.029
2015-08-10;4,25;4,30;4,21;4,29;1.507.037
2015-08-11;4,30;4,33;4,23;4,26;2.212.159
2015-08-12;4,23;4,23;4,11;4,14;2.242.783
2015-08-13;4,22;4,24;4,18;4,23;1.160.332
2015-08-14;4,22;4,25;4,13;4,16;1.333.300
2015-08-17;4,20;4,29;4,20;4,28;2.505.801
2015-08-18;4,30;4,30;4,26;4,26;1.689.897
2015-08-19;4,22;4,25;4,05;4,08;3.700.821
2015-08-20;4,35;4,49;4,27;4,44;12.445.424
2015-08-21;4,32;4,70;4,29;4,58;9.160.006
2015-08-24;4,35;4,45;4,06;4,31;6.684.929
2015-08-25;4,44;4,65;4,40;4,60;5.914.801
2015-08-26;4,56;4,69;4,45;4,61;3.912.256
2015-08-27;4,70;4,75;4,64;4,65;2.909.601
2015-08-28;4,69;4,73;4,63;4,70;2.375.713
2015-08-31;4,68;4,96;4,67;4,94;4.950.697
2015-09-01;4,90;4,90;4,68;4,75;4.077.810
2015-09-02;4,82;4,91;4,76;4,85;3.338.158
2015-09-03;4,93;4,98;4,85;4,90;2.870.078
2015-09-04;4,88;4,90;4,76;4,78;2.568.399
2015-09-07;4,80;4,86;4,74;4,77;1.682.140
2015-09-08;4,78;4,86;4,75;4,79;1.632.619
2015-09-09;4,87;4,90;4,44;4,63;7.075.255
2015-09-10;4,56;4,69;4,52;4,63;2.217.446
2015-09-11;4,66;4,66;4,45;4,52;1.633.061
2015-09-14;4,51;4,52;4,37;4,42;2.582.286
2015-09-15;4,40;4,42;4,23;4,35;2.327.577
2015-09-16;4,38;4,50;4,36;4,47;1.965.853
2015-09-17;4,48;4,61;4,48;4,56;1.750.217
2015-09-18;4,55;4,56;4,37;4,41;2.021.674
2015-09-21;4,38;4,45;4,37;4,43;1.244.529
2015-09-22;4,61;4,67;4,38;4,39;3.324.531
2015-09-23;4,39;4,59;4,31;4,47;2.014.508
2015-09-24;4,47;4,55;4,27;4,31;2.558.524
2015-09-25;4,38;4,46;4,28;4,32;2.004.760
2015-09-28;4,29;4,29;4,10;4,13;2.437.136
2015-09-29;4,06;4,23;3,96;4,13;2.260.278
2015-09-30;4,22;4,24;4,12;4,17;1.493.343
2015-10-01;4,21;4,41;4,19;4,25;2.663.124
2015-10-02;4,30;4,34;4,23;4,28;2.024.354
2015-10-05;4,34;4,40;4,34;4,35;1.425.768
2015-10-06;4,37;4,51;4,33;4,50;2.525.723
2015-10-07;4,50;4,64;4,50;4,59;2.838.862
2015-10-08;4,57;4,69;4,44;4,46;2.820.341
2015-10-09;4,50;4,55;4,36;4,38;1.801.440
2015-10-12;4,41;4,49;4,33;4,37;1.404.642
2015-10-13;4,34;4,37;4,26;4,33;976.184
2015-10-14;4,31;4,46;4,24;4,42;1.896.421
2015-10-15;4,48;4,59;4,44;4,56;1.891.595
2015-10-16;4,58;4,65;4,55;4,57;2.033.104
2015-10-19;4,56;4,65;4,52;4,55;940.433
2015-10-20;4,56;4,62;4,53;4,58;1.260.581
2015-10-21;4,61;4,63;4,53;4,55;1.366.987
2015-10-22;4,54;4,60;4,51;4,59;1.563.215
2015-10-23;4,62;4,65;4,56;4,62;2.005.619
2015-10-26;4,63;4,72;4,61;4,72;1.948.735
2015-10-27;4,72;4,82;4,68;4,74;1.639.472
2015-10-28;4,80;4,88;4,80;4,87;2.870.597
2015-10-29;4,89;4,98;4,89;4,95;1.741.628
2015-10-30;4,95;5,05;4,87;5,02;2.720.413
2015-11-02;4,99;5,19;4,95;5,15;2.882.375
2015-11-03;5,19;5,20;5,05;5,11;1.718.472
2015-11-04;5,13;5,22;5,06;5,15;2.705.836
2015-11-05;5,20;5,21;4,69;4,76;6.618.593
2015-11-06;4,75;4,98;4,54;4,95;4.322.487
2015-11-09;4,96;5,00;4,86;4,87;2.246.434
2015-11-10;4,85;4,93;4,81;4,88;1.337.591
2015-11-11;4,90;4,91;4,77;4,80;1.997.502
2015-11-12;4,77;4,82;4,72;4,74;1.328.580
2015-11-13;4,71;4,74;4,65;4,71;1.555.609
2015-11-16;4,65;4,84;4,63;4,82;1.080.168
2015-11-17;4,86;4,95;4,85;4,93;1.867.120
2015-11-18;4,93;4,98;4,87;4,94;1.555.161
2015-11-19;4,99;5,00;4,90;4,93;1.450.284
2015-11-20;4,93;4,96;4,88;4,90;829.102
2015-11-23;4,84;4,93;4,82;4,89;832.845
2015-11-24;4,86;4,88;4,75;4,85;1.093.547
2015-11-25;4,84;4,88;4,80;4,83;628.126
2015-11-26;4,83;4,97;4,82;4,91;1.378.499
2015-11-27;4,91;4,94;4,88;4,90;1.198.915
2015-11-30;4,89;4,94;4,87;4,93;1.256.442
2015-12-01;4,92;4,95;4,88;4,90;1.506.914
2015-12-02;4,90;5,05;4,88;5,03;3.581.450
2015-12-03;5,04;5,19;5,00;5,09;3.116.615
2015-12-04;5,05;5,17;5,01;5,07;2.249.768
2015-12-07;5,11;5,20;5,01;5,06;2.322.601
2015-12-08;5,07;5,08;4,81;4,92;2.283.999
2015-12-09;4,96;4,98;4,90;4,92;1.143.475
2015-12-10;4,90;4,93;4,85;4,86;1.116.021
2015-12-11;4,90;4,90;4,70;4,80;1.257.087
2015-12-14;4,81;4,81;4,62;4,64;1.372.872
2015-12-15;4,70;4,80;4,68;4,80;1.055.991
2015-12-16;4,85;4,92;4,77;4,89;1.287.633
2015-12-17;4,98;5,07;4,94;4,94;1.850.463
2015-12-18;4,90;5,00;4,88;4,94;1.152.539
2015-12-21;4,87;4,94;4,83;4,83;901.553
2015-12-22;4,87;4,92;4,83;4,85;925.052
2015-12-23;4,90;5,00;4,89;4,99;1.524.847
2015-12-24;4,98;5,00;4,95;4,98;296.090
2015-12-28;4,98;5,05;4,97;5,04;870.125
2015-12-29;5,05;5,18;5,05;5,16;2.182.132
2015-12-30;5,17;5,18;5,11;5,13;903.370
2015-12-31;5,11;5,16;5,10;5,13;372.823
2016-01-04;5,10;5,10;4,91;4,96;1.618.523
2016-01-05;5,00;5,04;4,89;4,92;1.271.370
2016-01-06;4,90;4,92;4,79;4,90;1.349.206
2016-01-07;4,74;4,85;4,62;4,77;2.274.321
2016-01-08;4,81;4,85;4,58;4,60;2.040.181
2016-01-11;4,60;4,69;4,49;4,56;1.679.802
2016-01-12;4,59;4,74;4,54;4,65;1.457.186
2016-01-13;4,70;4,74;4,62;4,64;1.547.038
2016-01-14;4,56;4,72;4,50;4,68;2.257.897
2016-01-15;4,69;4,73;4,56;4,60;1.704.813
2016-01-18;4,57;4,65;4,50;4,60;1.514.561
2016-01-19;4,69;4,84;4,68;4,78;1.716.175
2016-01-20;4,65;4,74;4,58;4,63;1.475.598
2016-01-21;4,63;4,74;4,60;4,71;1.379.578
2016-01-22;4,79;4,92;4,78;4,85;1.675.551
2016-01-25;4,88;4,94;4,83;4,90;884.035
2016-01-26;4,85;4,96;4,80;4,96;1.055.798
2016-01-27;4,98;4,99;4,88;4,93;774.121
2016-01-28;4,95;5,02;4,86;4,87;1.468.728
2016-01-29;4,94;4,95;4,85;4,95;964.956
2016-02-01;5,00;5,04;4,93;5,02;1.381.535
2016-02-02;5,02;5,02;4,94;4,99;768.163
2016-02-03;4,97;5,00;4,85;4,93;1.050.293
2016-02-04;5,00;5,02;4,87;4,94;1.262.154
2016-02-05;4,98;5,00;4,91;4,91;1.427.883
2016-02-08;4,95;4,96;4,55;4,57;2.227.256
2016-02-09;4,56;4,56;4,33;4,51;3.326.999
2016-02-10;4,50;4,70;4,48;4,60;1.432.909
2016-02-11;4,55;4,55;4,38;4,42;1.811.742
2016-02-12;4,42;4,53;4,29;4,43;2.386.974
2016-02-15;4,55;4,76;4,53;4,76;1.221.076
2016-02-16;4,85;4,91;4,72;4,82;1.833.333
2016-02-17;4,84;5,00;4,80;5,00;2.607.998
2016-02-18;5,09;5,15;4,59;4,74;4.347.104
2016-02-19;4,53;4,54;4,37;4,42;4.112.041
2016-02-22;4,46;4,54;4,43;4,52;2.399.083
2016-02-23;4,46;4,46;4,15;4,18;4.619.875
2016-02-24;4,21;4,21;3,93;4,10;4.652.706
2016-02-25;4,20;4,22;4,02;4,03;2.699.716
2016-02-26;4,06;4,17;4,00;4,08;2.919.655
2016-02-29;4,05;4,24;4,03;4,17;2.623.582
2016-03-01;4,18;4,18;4,10;4,14;2.279.812
2016-03-02;4,19;4,19;4,04;4,11;2.395.200
2016-03-03;4,11;4,11;4,00;4,02;2.683.697
2016-03-04;4,01;4,19;3,96;4,13;4.226.935
2016-03-07;4,16;4,20;4,13;4,14;1.253.893
2016-03-08;4,12;4,24;4,10;4,15;2.186.625
2016-03-09;4,17;4,18;4,11;4,12;1.173.195
2016-03-10;4,14;4,19;4,07;4,07;2.494.730
2016-03-11;4,10;4,15;4,04;4,06;2.549.730
2016-03-14;4,07;4,11;4,02;4,04;2.174.595
2016-03-15;4,04;4,12;3,97;4,10;2.531.163
2016-03-16;4,11;4,12;4,00;4,04;3.110.983
2016-03-17;4,05;4,07;3,97;3,99;2.748.218
2016-03-18;4,00;4,07;3,98;4,07;2.332.196
2016-03-21;4,07;4,24;4,05;4,14;3.173.317
2016-03-22;4,13;4,19;4,07;4,14;1.679.796
2016-03-23;4,14;4,17;4,09;4,12;1.136.786
2016-03-24;4,10;4,10;4,03;4,04;1.292.899
2016-03-29;4,05;4,10;4,00;4,06;1.333.443
2016-03-30;4,07;4,14;4,05;4,12;2.018.100
2016-03-31;4,11;4,20;4,11;4,16;2.729.896
2016-04-01;4,11;4,16;4,09;4,14;1.357.256
2016-04-04;4,15;4,23;4,15;4,20;1.855.050
2016-04-05;4,16;4,18;4,07;4,08;1.891.526
2016-04-06;4,11;4,12;4,03;4,07;1.161.302
2016-04-07;4,09;4,11;4,01;4,03;1.186.669
2016-04-08;4,05;4,22;4,05;4,15;2.751.514
2016-04-11;4,16;4,22;4,14;4,15;1.235.381
2016-04-12;4,17;4,21;4,12;4,19;1.906.216
2016-04-13;4,21;4,29;4,20;4,27;2.995.056
2016-04-14;4,29;4,40;4,28;4,31;3.049.339
2016-04-15;4,36;4,39;4,32;4,35;2.411.439
2016-04-18;4,29;4,37;4,24;4,32;1.467.414
2016-04-19;4,32;4,35;4,28;4,29;1.586.193
2016-04-20;4,29;4,34;4,25;4,33;1.747.228
2016-04-21;4,34;4,38;4,26;4,30;1.457.132
2016-04-22;4,30;4,32;4,23;4,24;923.021
2016-04-25;4,24;4,26;4,20;4,20;703.372
2016-04-26;4,20;4,21;4,13;4,18;1.263.871
2016-04-27;4,18;4,21;4,12;4,20;1.334.955
2016-04-28;4,17;4,32;4,16;4,30;2.011.482
2016-04-29;4,26;4,29;4,21;4,21;1.722.062
2016-05-02;4,23;4,23;4,16;4,17;741.050
2016-05-03;4,17;4,23;4,15;4,22;1.863.920
2016-05-04;4,22;4,25;4,16;4,17;831.486
2016-05-05;4,17;4,22;4,15;4,17;415.308
2016-05-06;4,17;4,17;4,12;4,14;667.702
2016-05-09;4,19;4,19;4,11;4,16;1.706.283
2016-05-10;4,20;4,23;4,14;4,19;1.201.256
2016-05-11;4,20;4,27;4,18;4,26;1.744.310
2016-05-12;4,10;4,10;3,86;3,92;7.005.990
2016-05-13;3,90;3,90;3,67;3,80;3.897.081
2016-05-16;3,79;3,85;3,77;3,85;864.159
2016-05-17;3,82;3,88;3,76;3,81;1.768.407
2016-05-18;3,80;3,90;3,78;3,89;1.094.773
2016-05-19;3,89;3,91;3,82;3,88;886.959
2016-05-20;3,89;3,92;3,85;3,90;1.008.832
2016-05-23;3,90;3,90;3,85;3,86;744.547
2016-05-24;3,86;3,91;3,85;3,90;1.192.931
2016-05-25;3,92;4,00;3,89;3,97;2.019.282
2016-05-26;3,97;4,07;3,97;4,01;1.416.764
2016-05-27;4,03;4,09;4,02;4,08;1.247.835
2016-05-30;4,09;4,13;4,05;4,08;678.529
2016-05-31;4,12;4,29;4,12;4,23;3.568.537
2016-06-01;4,25;4,27;4,18;4,21;1.337.008
2016-06-02;4,20;4,24;4,18;4,22;892.158
2016-06-03;4,22;4,24;4,18;4,18;1.166.734
2016-06-06;4,04;4,04;3,86;3,92;7.722.222
2016-06-07;3,95;4,00;3,94;3,96;4.999.741
2016-06-08;3,97;3,98;3,93;3,94;1.072.975
2016-06-09;3,94;3,95;3,89;3,92;1.704.971
2016-06-10;3,90;3,96;3,88;3,88;1.609.671
2016-06-13;3,84;3,84;3,68;3,72;2.968.355
2016-06-14;3,69;3,70;3,57;3,57;3.055.702
2016-06-15;3,53;3,62;3,51;3,53;2.351.931
2016-06-16;3,50;3,51;3,43;3,44;2.185.697
2016-06-17;3,49;3,57;3,49;3,54;1.806.555
2016-06-20;3,61;3,70;3,61;3,66;2.045.707
2016-06-21;3,67;3,72;3,63;3,66;1.421.277
2016-06-22;3,68;3,71;3,61;3,68;1.433.567
2016-06-23;3,72;3,90;3,65;3,90;2.099.358
2016-06-24;3,27;3,49;3,15;3,40;6.561.503
2016-06-27;3,45;3,45;3,17;3,20;3.053.258
2016-06-28;3,30;3,31;3,17;3,23;2.402.169
2016-06-29;3,29;3,29;3,19;3,21;4.437.002
2016-06-30;3,21;3,29;3,19;3,28;1.928.718
2016-07-01;3,29;3,30;3,22;3,29;1.417.376
2016-07-04;3,31;3,33;3,26;3,26;1.293.388
2016-07-05;3,24;3,24;3,09;3,10;1.406.449
2016-07-06;3,08;3,09;2,94;2,97;2.703.863
2016-07-07;3,02;3,13;3,00;3,11;1.500.875
2016-07-08;3,10;3,21;3,07;3,16;1.069.284
2016-07-11;3,21;3,34;3,18;3,32;2.184.433
2016-07-12;3,34;3,45;3,34;3,44;2.175.985
2016-07-13;3,44;3,48;3,38;3,42;1.973.279
2016-07-14;3,47;3,50;3,40;3,44;1.346.044
2016-07-15;3,43;3,46;3,38;3,40;1.057.338
2016-07-18;3,40;3,44;3,39;3,41;915.437
2016-07-19;3,40;3,43;3,35;3,38;915.260
2016-07-20;3,39;3,40;3,28;3,40;1.381.422
2016-07-21;3,40;3,44;3,39;3,42;958.741
2016-07-22;3,40;3,44;3,39;3,42;738.164
2016-07-25;3,42;3,45;3,39;3,45;707.021
2016-07-26;3,43;3,47;3,40;3,46;969.973
2016-07-27;3,47;3,61;3,47;3,57;1.813.397
2016-07-28;3,57;3,58;3,48;3,50;695.897
2016-07-29;3,49;3,55;3,49;3,51;970.362
2016-08-01;3,55;3,55;3,41;3,43;1.049.889
2016-08-02;3,45;3,45;3,33;3,40;903.165
2016-08-03;3,49;3,53;3,49;3,51;152.390
2016-08-04;3,49;3,54;3,48;3,49;966.112
2016-08-05;3,50;3,60;3,48;3,59;1.088.350
2016-08-08;3,60;3,69;3,58;3,66;1.427.689
2016-08-09;3,67;3,69;3,63;3,67;728.049
2016-08-10;3,67;3,73;3,65;3,72;919.275
2016-08-11;3,71;3,74;3,66;3,73;777.904
2016-08-12;3,74;3,79;3,74;3,78;994.248
2016-08-15;3,81;3,84;3,77;3,80;903.473
2016-08-16;3,80;3,81;3,77;3,78;1.638.876
2016-08-17;3,77;3,85;3,69;3,79;2.068.017
2016-08-18;3,95;4,00;3,84;3,89;4.608.088
2016-08-19;3,91;3,91;3,82;3,85;1.134.066
2016-08-22;3,87;3,93;3,83;3,88;1.673.418
2016-08-23;3,90;3,95;3,89;3,94;1.374.935
2016-08-24;3,94;4,07;3,94;4,04;2.155.844
2016-08-25;4,03;4,04;3,97;3,98;1.300.589
2016-08-26;3,99;4,06;3,98;4,04;1.565.704
2016-08-29;4,02;4,08;4,01;4,05;744.981
2016-08-30;4,05;4,08;4,04;4,06;1.064.512
2016-08-31;4,05;4,11;4,02;4,02;1.207.727
2016-09-01;4,03;4,09;4,02;4,03;1.397.912
2016-09-02;4,05;4,08;3,99;4,06;1.157.916
2016-09-05;4,08;4,09;4,05;4,08;739.293
2016-09-06;4,09;4,10;4,07;4,08;845.502
2016-09-07;4,10;4,13;4,06;4,12;844.961
2016-09-08;4,12;4,16;4,09;4,16;1.272.549
2016-09-09;4,16;4,18;4,04;4,07;1.273.873
2016-09-12;4,00;4,02;3,94;4,00;1.379.564
2016-09-13;4,03;4,04;3,96;3,96;667.165
2016-09-14;3,98;4,00;3,92;3,97;831.520
2016-09-15;3,97;4,03;3,96;3,99;1.115.765
2016-09-16;4,01;4,02;3,96;4,01;1.171.256
2016-09-19;4,04;4,06;4,02;4,04;918.744
2016-09-20;4,05;4,08;4,00;4,04;927.462
2016-09-21;4,09;4,13;4,08;4,11;1.364.919
2016-09-22;4,13;4,18;4,13;4,15;1.385.862
2016-09-23;4,15;4,18;4,12;4,17;1.115.095
2016-09-26;4,14;4,14;4,08;4,09;1.043.699
2016-09-27;4,13;4,13;4,01;4,07;923.302
2016-09-28;4,08;4,17;4,08;4,14;1.090.030
2016-09-29;4,17;4,18;4,11;4,12;1.094.836
2016-09-30;4,08;4,16;4,05;4,13;1.582.499
2016-10-03;4,15;4,15;4,12;4,14;550.758
2016-10-04;4,14;4,18;4,13;4,14;584.617
2016-10-05;4,12;4,20;4,12;4,18;1.586.663
2016-10-06;4,20;4,31;4,20;4,31;3.402.883
2016-10-07;4,32;4,40;4,27;4,28;2.908.528
2016-10-10;4,35;4,36;4,25;4,32;1.455.229
2016-10-11;4,30;4,35;4,28;4,31;1.044.655
2016-10-12;4,30;4,33;4,29;4,30;823.164
2016-10-13;4,28;4,30;4,21;4,22;1.651.023
2016-10-14;4,22;4,30;4,20;4,28;1.104.891
2016-10-17;4,30;4,32;4,26;4,30;918.111
2016-10-18;4,31;4,39;4,31;4,36;1.856.126
2016-10-19;4,38;4,39;4,34;4,37;587.021
2016-10-20;4,38;4,39;4,32;4,34;745.322
2016-10-21;4,33;4,36;4,31;4,34;648.064
2016-10-24;4,36;4,42;4,36;4,40;1.240.019
2016-10-25;4,41;4,46;4,41;4,44;1.569.812
2016-10-26;4,43;4,43;4,33;4,36;1.790.015
2016-10-27;4,35;4,36;4,28;4,30;1.358.420
2016-10-28;4,28;4,28;4,23;4,27;957.275
2016-10-31;4,24;4,26;4,20;4,24;963.333
2016-11-01;4,25;4,27;4,20;4,20;861.525
2016-11-02;4,15;4,17;4,11;4,14;1.780.627
2016-11-03;4,09;4,20;3,91;4,10;3.060.623
2016-11-04;4,07;4,09;3,96;3,97;2.111.860
2016-11-07;4,04;4,11;4,02;4,10;1.897.555
2016-11-08;4,11;4,11;3,95;4,00;1.754.866
2016-11-09;3,85;4,06;3,83;4,06;2.563.316
2016-11-10;4,10;4,23;4,05;4,09;2.945.079
2016-11-11;4,12;4,12;4,01;4,05;1.168.129
2016-11-14;4,07;4,14;4,05;4,08;1.001.562
2016-11-15;4,09;4,12;4,05;4,11;833.768
2016-11-16;4,11;4,14;4,07;4,10;714.457
2016-11-17;4,08;4,10;4,05;4,10;747.778
2016-11-18;4,11;4,18;4,07;4,10;1.426.282
2016-11-21;4,12;4,12;4,00;4,04;1.542.487
2016-11-22;4,06;4,10;4,04;4,07;1.170.896
2016-11-23;4,10;4,10;4,05;4,05;971.982
2016-11-24;4,08;4,12;4,07;4,11;948.758
2016-11-25;4,13;4,13;4,08;4,11;660.692
2016-11-28;4,12;4,12;4,06;4,10;808.191
2016-11-29;4,08;4,14;4,05;4,14;872.501
2016-11-30;4,14;4,14;4,07;4,08;1.513.923
2016-12-01;4,08;4,13;4,08;4,12;1.164.115
2016-12-02;4,11;4,11;4,04;4,07;810.826
2016-12-05;4,05;4,12;4,05;4,11;828.952
2016-12-06;4,11;4,16;4,10;4,15;1.163.748
2016-12-07;4,16;4,24;4,16;4,23;1.810.375
2016-12-08;4,25;4,26;4,20;4,21;2.191.426
2016-12-09;4,20;4,22;4,16;4,19;1.707.754
2016-12-12;4,18;4,20;4,15;4,17;916.129
2016-12-13;4,18;4,20;4,16;4,19;674.536
2016-12-14;4,20;4,24;4,18;4,22;953.759
2016-12-15;4,23;4,27;4,23;4,23;1.537.697
2016-12-16;4,23;4,26;4,20;4,20;1.153.686
2016-12-19;4,20;4,33;4,20;4,32;2.457.790
2016-12-20;4,33;4,47;4,33;4,42;3.644.008
2016-12-21;4,43;4,47;4,36;4,40;1.915.843
2016-12-22;4,39;4,44;4,37;4,37;1.127.482
2016-12-23;4,37;4,42;4,36;4,40;1.299.593
2016-12-27;4,39;4,47;4,38;4,43;859.857
2016-12-28;4,43;4,44;4,38;4,39;765.087
2016-12-29;4,38;4,41;4,37;4,38;633.436
2016-12-30;4,37;4,40;4,35;4,39;679.454
2017-01-02;4,40;4,56;4,39;4,54;2.966.617
2017-01-03;4,59;4,68;4,58;4,60;2.371.228
2017-01-04;4,63;4,65;4,54;4,57;1.557.158
2017-01-05;4,57;4,60;4,55;4,57;1.282.354
2017-01-06;4,58;4,58;4,51;4,55;1.147.960
2017-01-09;4,55;4,57;4,47;4,52;1.783.287
2017-01-10;4,50;4,52;4,46;4,52;933.813
2017-01-11;4,50;4,58;4,50;4,55;1.378.027
2017-01-12;4,54;4,55;4,47;4,47;1.122.943
2017-01-13;4,48;4,54;4,48;4,53;853.964
2017-01-16;4,53;4,53;4,48;4,48;568.047
2017-01-17;4,48;4,48;4,41;4,47;903.578
2017-01-18;4,50;4,50;4,43;4,46;623.325
2017-01-19;4,48;4,48;4,42;4,43;954.206
2017-01-20;4,43;4,45;4,40;4,42;962.847
2017-01-23;4,40;4,45;4,38;4,43;966.989
2017-01-24;4,43;4,44;4,39;4,43;892.964
2017-01-25;4,45;4,50;4,45;4,49;1.530.727
2017-01-26;4,50;4,53;4,50;4,52;893.405
2017-01-27;4,52;4,52;4,49;4,51;742.072
2017-01-30;4,49;4,52;4,43;4,44;1.446.972
2017-01-31;4,43;4,45;4,37;4,37;1.162.129
2017-02-01;4,39;4,46;4,39;4,45;978.608
2017-02-02;4,46;4,60;4,44;4,60;2.713.787
2017-02-03;4,60;4,66;4,58;4,62;1.506.912
2017-02-06;4,64;4,65;4,59;4,60;1.286.157
2017-02-07;4,62;4,75;4,61;4,68;1.994.225
2017-02-08;4,70;4,75;4,65;4,70;1.401.265
2017-02-09;4,70;4,72;4,65;4,71;1.148.407
2017-02-10;4,72;4,75;4,70;4,74;1.804.182
2017-02-13;4,74;4,91;4,74;4,86;3.843.770
2017-02-14;4,87;4,89;4,83;4,85;1.644.197
2017-02-15;4,88;4,88;4,83;4,88;1.082.985
2017-02-16;4,88;4,91;4,84;4,85;2.107.751
2017-02-17;4,85;4,87;4,78;4,79;3.335.889
2017-02-20;4,86;4,99;4,83;4,99;5.113.905
2017-02-21;5,00;5,10;4,75;4,85;8.976.105
2017-02-22;4,85;4,91;4,81;4,89;3.542.175
2017-02-23;4,90;4,99;4,90;4,93;2.936.561
2017-02-24;4,91;4,94;4,82;4,87;2.080.772
2017-02-27;4,86;4,92;4,85;4,89;1.192.910
2017-02-28;4,88;4,94;4,88;4,93;1.137.871
2017-03-01;4,95;5,00;4,94;4,97;2.175.371
2017-03-02;5,00;5,10;4,99;5,10;5.061.365
2017-03-03;5,08;5,13;5,04;5,06;2.531.003
2017-03-06;5,06;5,07;5,02;5,06;1.451.449
2017-03-07;5,06;5,09;5,04;5,05;918.841
2017-03-08;5,04;5,06;5,02;5,04;1.014.139
2017-03-09;5,04;5,08;5,03;5,05;1.119.426
2017-03-10;5,05;5,10;5,05;5,05;1.250.747
2017-03-13;5,05;5,09;5,05;5,06;777.303
2017-03-14;5,07;5,09;4,99;5,03;1.579.210
2017-03-15;5,02;5,05;5,00;5,02;1.073.515
2017-03-16;5,06;5,10;5,03;5,04;1.646.444
2017-03-17;5,03;5,06;5,01;5,03;1.967.053
2017-03-20;5,01;5,06;5,01;5,05;1.337.107
2017-03-21;5,05;5,05;4,96;4,98;1.405.517
2017-03-22;4,93;4,93;4,81;4,92;2.540.832
2017-03-23;4,93;5,02;4,92;5,02;1.203.132
2017-03-24;5,02;5,02;4,96;4,99;893.295
2017-03-27;4,95;4,96;4,90;4,95;818.353
2017-03-28;4,96;5,00;4,94;5,00;956.104
2017-03-29;5,01;5,02;4,91;4,94;1.889.854
2017-03-30;4,93;4,97;4,91;4,97;1.113.306
2017-03-31;4,97;5,06;4,92;5,06;2.780.334
2017-04-03;5,08;5,11;5,04;5,06;1.975.061
2017-04-04;5,06;5,08;5,00;5,03;864.684
2017-04-05;5,03;5,08;5,00;5,05;1.030.373
2017-04-06;5,01;5,09;4,99;5,08;1.041.930
2017-04-07;5,08;5,08;5,02;5,02;1.354.195
2017-04-10;5,03;5,04;4,94;4,98;1.669.093
2017-04-11;4,98;5,01;4,94;4,98;903.847
2017-04-12;4,97;5,00;4,95;4,95;784.639
2017-04-13;4,93;4,97;4,91;4,97;812.937
2017-04-18;4,95;4,98;4,87;4,89;1.904.165
2017-04-19;4,89;4,93;4,89;4,92;939.648
2017-04-20;4,91;4,96;4,90;4,96;1.441.997
2017-04-21;4,87;4,95;4,87;4,90;1.102.944
2017-04-24;4,95;5,00;4,92;4,99;1.887.961
2017-04-25;5,00;5,19;5,00;5,14;3.980.572
2017-04-26;5,13;5,18;5,09;5,16;1.733.582
2017-04-27;5,16;5,21;5,12;5,20;2.535.851
2017-04-28;5,16;5,22;5,15;5,17;2.482.583
2017-05-02;5,19;5,25;5,17;5,25;2.825.745
2017-05-03;5,25;5,30;5,22;5,27;2.956.545
2017-05-04;5,29;5,38;5,27;5,38;2.380.236
2017-05-05;5,38;5,45;5,37;5,43;1.992.371
2017-05-08;5,46;5,47;5,35;5,39;1.837.936
2017-05-09;5,40;5,44;5,40;5,42;1.395.175
2017-05-10;5,43;5,50;5,43;5,46;2.326.113
2017-05-11;5,12;5,24;4,96;5,00;10.303.189
2017-05-12;5,00;5,00;4,91;4,93;3.896.642
2017-05-15;5,04;5,09;5,00;5,09;2.863.460
2017-05-16;5,09;5,09;4,95;4,97;2.506.668
2017-05-17;4,96;4,98;4,87;4,87;2.517.263
2017-05-18;4,86;4,88;4,80;4,85;2.506.471
2017-05-19;4,86;4,94;4,86;4,90;1.191.796
2017-05-22;4,94;4,94;4,89;4,91;1.017.685
2017-05-23;4,91;4,94;4,85;4,86;1.013.089
2017-05-24;4,86;4,89;4,85;4,88;864.953
2017-05-25;4,91;4,92;4,83;4,83;776.752
2017-05-26;4,84;4,86;4,78;4,84;1.386.019
2017-05-29;4,76;4,83;4,71;4,81;2.150.416
2017-05-30;4,84;4,84;4,75;4,76;1.037.078
2017-05-31;4,76;4,77;4,71;4,72;3.112.508
2017-06-01;4,73;4,81;4,73;4,81;1.208.365
2017-06-02;4,83;4,85;4,76;4,76;912.472
2017-06-05;4,76;4,78;4,72;4,74;453.432
2017-06-06;4,72;4,73;4,63;4,66;1.396.593
2017-06-07;4,66;4,74;4,65;4,67;964.362
2017-06-08;4,68;4,70;4,63;4,69;1.116.692
2017-06-09;4,69;4,75;4,65;4,74;1.014.537
2017-06-12;4,75;4,78;4,67;4,71;1.148.807
2017-06-13;4,72;4,89;4,70;4,86;1.744.906
2017-06-14;4,86;4,99;4,86;4,92;1.913.256
2017-06-15;4,92;4,92;4,81;4,87;1.326.824
2017-06-16;4,89;4,90;4,85;4,89;1.640.525
2017-06-19;4,88;4,94;4,87;4,93;1.036.523
2017-06-20;4,95;4,98;4,91;4,92;1.314.008
2017-06-21;4,94;4,96;4,85;4,93;819.259
2017-06-22;4,91;4,91;4,86;4,88;866.158
2017-06-23;4,87;4,89;4,81;4,88;800.863
2017-06-26;4,90;4,90;4,86;4,90;797.929
2017-06-27;4,90;4,90;4,84;4,85;835.982
2017-06-28;4,84;4,87;4,81;4,86;692.806
2017-06-29;4,89;4,89;4,72;4,76;1.157.044
2017-06-30;4,74;4,81;4,73;4,76;622.403
2017-07-03;4,79;4,83;4,77;4,82;663.708
2017-07-04;4,80;4,84;4,77;4,81;905.412
2017-07-05;4,81;4,84;4,77;4,83;881.972
2017-07-06;4,82;4,83;4,75;4,77;626.166
2017-07-07;4,77;4,81;4,75;4,81;586.322
2017-07-10;4,83;4,84;4,77;4,80;740.279
2017-07-11;4,81;4,81;4,75;4,76;757.435
2017-07-12;4,77;4,83;4,77;4,78;1.138.038
2017-07-13;4,80;4,99;4,79;4,95;2.431.900
2017-07-14;4,96;4,99;4,91;4,95;942.885
2017-07-17;4,98;5,01;4,96;5,01;1.096.343
2017-07-18;5,00;5,04;4,97;4,98;1.246.553
2017-07-19;5,00;5,02;4,96;5,01;915.997
2017-07-20;5,02;5,10;5,00;5,01;1.908.747
2017-07-21;5,00;5,02;4,93;4,95;1.220.439
2017-07-24;4,96;4,97;4,92;4,97;715.643
2017-07-25;4,98;5,05;4,98;5,00;864.161
2017-07-26;5,00;5,03;4,98;5,03;981.146
2017-07-27;5,03;5,08;5,02;5,05;1.140.372
2017-07-28;5,04;5,05;4,98;5,02;1.020.774
2017-07-31;5,04;5,09;5,02;5,03;929.749
2017-08-01;5,06;5,06;5,01;5,05;684.838
2017-08-02;5,05;5,07;5,03;5,04;621.246
2017-08-03;5,03;5,06;5,01;5,05;688.368
2017-08-04;5,05;5,17;5,04;5,13;2.396.526
2017-08-07;5,14;5,15;5,09;5,13;1.174.702
2017-08-08;5,15;5,15;5,11;5,14;1.042.795
2017-08-09;5,10;5,14;5,07;5,08;1.147.082
2017-08-10;5,08;5,08;5,00;5,03;1.498.575
2017-08-11;5,01;5,01;4,88;4,95;1.919.032
2017-08-14;5,01;5,12;5,00;5,11;1.638.459
2017-08-15;5,13;5,13;5,08;5,08;1.258.882
2017-08-16;5,11;5,21;5,11;5,20;3.289.356
2017-08-17;5,20;5,26;5,18;5,21;2.449.059
2017-08-18;5,16;5,21;5,13;5,19;1.813.768
2017-08-21;5,20;5,22;5,17;5,22;1.967.415
2017-08-22;5,25;5,29;5,25;5,27;2.887.443
2017-08-23;5,28;5,30;5,24;5,25;3.061.333
2017-08-24;5,34;5,44;5,15;5,21;6.016.049
2017-08-25;5,25;5,25;5,11;5,15;2.620.334
2017-08-28;5,10;5,14;5,03;5,06;1.688.401
2017-08-29;5,02;5,02;4,87;4,94;3.497.657
2017-08-30;4,97;4,99;4,91;4,96;2.138.697
2017-08-31;5,00;5,04;4,94;5,04;3.534.796
2017-09-01;5,06;5,06;5,01;5,02;1.223.985
2017-09-04;5,00;5,00;4,92;4,95;1.495.702
2017-09-05;4,90;4,95;4,86;4,90;2.461.487
2017-09-06;4,90;4,90;4,82;4,82;1.746.452
2017-09-07;4,83;4,85;4,79;4,83;1.725.517
2017-09-08;4,78;4,83;4,75;4,82;1.787.967
2017-09-11;4,82;4,92;4,82;4,90;1.372.676
2017-09-12;4,93;4,95;4,87;4,91;1.314.593
2017-09-13;4,90;4,94;4,90;4,92;964.126
2017-09-14;4,93;4,95;4,91;4,94;1.011.782
2017-09-15;4,94;4,94;4,90;4,91;1.031.486
2017-09-18;4,92;4,97;4,91;4,94;1.280.696
2017-09-19;4,93;4,94;4,89;4,90;1.113.316
2017-09-20;4,91;4,92;4,86;4,89;1.007.558
2017-09-21;4,89;4,95;4,88;4,93;1.010.450
2017-09-22;4,93;4,94;4,90;4,93;748.555
2017-09-25;4,92;4,92;4,53;4,70;8.463.549
2017-09-26;4,69;4,78;4,59;4,73;3.670.750
2017-09-27;4,75;4,81;4,74;4,79;1.867.871
2017-09-28;4,80;4,82;4,76;4,80;1.039.411
2017-09-29;4,80;4,85;4,78;4,84;1.264.147
2017-10-02;4,85;4,85;4,80;4,85;1.324.166
2017-10-03;4,85;4,87;4,84;4,84;648.196
2017-10-04;4,84;4,84;4,76;4,80;1.223.553
2017-10-05;4,76;4,81;4,75;4,80;812.267
2017-10-06;4,80;4,81;4,77;4,80;1.660.999
2017-10-09;4,80;4,82;4,76;4,79;787.412
2017-10-10;4,79;4,81;4,78;4,81;1.200.487
2017-10-11;4,82;4,83;4,79;4,80;1.340.744
2017-10-12;4,81;4,84;4,80;4,82;1.358.102
2017-10-13;4,82;4,86;4,82;4,82;1.114.470
2017-10-16;4,83;4,87;4,81;4,82;1.828.852
2017-10-17;4,81;4,83;4,79;4,81;657.465
2017-10-18;4,80;4,83;4,77;4,83;2.190.128
2017-10-19;4,83;4,86;4,74;4,79;2.363.730
2017-10-20;4,79;4,81;4,77;4,78;1.033.821
2017-10-23;4,75;4,77;4,69;4,75;2.054.988
2017-10-24;4,71;4,80;4,71;4,78;1.445.849
2017-10-25;4,77;4,79;4,74;4,75;1.099.038
2017-10-26;4,75;4,84;4,75;4,84;1.232.106
2017-10-27;4,84;4,84;4,80;4,81;926.539
2017-10-30;4,80;4,87;4,80;4,86;1.084.269
2017-10-31;4,86;4,87;4,83;4,85;864.000
2017-11-01;4,88;4,98;4,87;4,93;1.944.025
2017-11-02;4,93;4,96;4,92;4,93;1.252.336
2017-11-03;4,95;4,96;4,91;4,94;1.011.848
2017-11-06;4,97;4,99;4,94;4,95;1.166.065
2017-11-07;4,96;4,97;4,93;4,94;1.057.609
2017-11-08;4,95;5,07;4,95;5,07;3.189.812
2017-11-09;4,76;4,77;4,56;4,65;10.604.238
2017-11-10;4,70;4,70;4,50;4,53;4.944.583
2017-11-13;4,55;4,61;4,50;4,50;2.514.808
2017-11-14;4,52;4,52;4,44;4,49;2.177.523
2017-11-15;4,48;4,49;4,42;4,48;2.043.367
2017-11-16;4,49;4,56;4,48;4,54;1.167.474
2017-11-17;4,55;4,57;4,49;4,49;900.227
2017-11-20;4,50;4,52;4,45;4,47;1.537.075
2017-11-21;4,48;4,49;4,41;4,43;1.485.700
2017-11-22;4,43;4,49;4,43;4,48;859.645
2017-11-23;4,48;4,52;4,45;4,49;915.004
2017-11-24;4,50;4,52;4,46;4,48;565.982
2017-11-27;4,48;4,51;4,45;4,49;1.057.368
2017-11-28;4,50;4,51;4,45;4,51;642.450
2017-11-29;4,51;4,54;4,50;4,51;1.042.240
2017-11-30;4,52;4,57;4,50;4,56;1.325.604
2017-12-01;4,57;4,63;4,55;4,57;1.487.655
2017-12-04;4,62;4,64;4,58;4,63;1.229.840
2017-12-05;4,62;4,68;4,62;4,65;1.152.320
2017-12-06;3,61;3,82;3,50;3,65;23.334.172
2017-12-07;3,69;3,70;3,44;3,45;12.502.446
2017-12-08;3,47;3,57;3,40;3,55;6.894.456
2017-12-11;3,57;3,61;3,51;3,58;3.797.160
2017-12-12;3,60;3,60;3,57;3,60;1.774.103
2017-12-13;3,60;3,60;3,55;3,58;1.776.969
2017-12-14;3,59;3,59;3,55;3,57;1.207.748
2017-12-15;3,58;3,59;3,54;3,57;3.292.604
2017-12-18;3,58;3,59;3,55;3,56;1.943.695
2017-12-19;3,57;3,72;3,56;3,72;4.094.853
2017-12-20;3,75;3,76;3,69;3,70;1.843.603
2017-12-21;3,71;3,74;3,67;3,71;1.355.095
2017-12-22;3,71;3,72;3,69;3,72;1.940.323
2017-12-27;3,74;3,82;3,73;3,81;2.719.530
2017-12-28;3,82;3,85;3,79;3,82;1.690.214
2017-12-29;3,84;3,85;3,80;3,83;1.191.159
2018-01-02;3,90;3,94;3,84;3,94;2.767.284
2018-01-03;3,96;3,98;3,91;3,93;2.890.148
2018-01-04;3,95;3,99;3,94;3,98;2.202.315
2018-01-05;4,00;4,05;3,96;3,97;3.710.336
2018-01-08;4,00;4,01;3,96;3,97;2.355.886
2018-01-09;3,98;3,98;3,93;3,94;2.346.031
2018-01-10;3,95;3,95;3,85;3,90;2.853.628
2018-01-11;3,90;3,92;3,85;3,87;2.141.908
2018-01-12;3,88;3,90;3,84;3,87;1.759.115
2018-01-15;3,89;3,90;3,85;3,87;1.355.285
2018-01-16;3,89;3,89;3,84;3,88;1.492.023
2018-01-17;3,89;3,89;3,85;3,87;974.561
2018-01-18;3,88;3,89;3,84;3,86;1.245.878
2018-01-19;3,86;3,89;3,83;3,89;1.367.707
2018-01-22;3,94;4,03;3,92;4,03;4.740.227
2018-01-23;4,05;4,07;4,00;4,03;3.527.480
2018-01-24;4,05;4,07;4,00;4,04;1.384.187
2018-01-25;4,04;4,05;4,01;4,04;1.179.460
2018-01-26;4,05;4,09;4,01;4,08;1.287.794
2018-01-29;4,08;4,12;4,05;4,07;1.544.152
2018-01-30;4,06;4,07;3,93;3,95;3.572.755
2018-01-31;3,96;3,98;3,93;3,94;1.069.502
2018-02-01;3,96;3,98;3,88;3,91;1.267.854
2018-02-02;3,90;3,91;3,82;3,84;1.888.727
2018-02-05;3,82;3,84;3,74;3,74;2.423.997
2018-02-06;3,60;3,73;3,51;3,71;3.849.735
2018-02-07;3,80;3,86;3,75;3,86;1.491.481
2018-02-08;3,87;3,89;3,75;3,77;1.792.637
2018-02-09;3,72;3,80;3,69;3,74;1.663.695
2018-02-12;3,77;3,84;3,76;3,82;1.350.476
2018-02-13;3,84;3,85;3,76;3,76;995.440
2018-02-14;3,78;3,83;3,78;3,81;1.015.664
2018-02-15;3,85;3,88;3,81;3,83;1.339.843
2018-02-16;3,86;3,92;3,86;3,90;1.499.203
2018-02-19;3,91;3,93;3,86;3,88;1.163.212
2018-02-20;3,89;3,95;3,87;3,93;2.427.297
2018-02-21;3,80;3,80;3,64;3,66;11.355.730
2018-02-22;3,65;3,66;3,51;3,53;5.762.895
2018-02-23;3,57;3,75;3,55;3,72;4.863.773
2018-02-26;3,73;3,73;3,58;3,60;3.111.390
2018-02-27;3,64;3,67;3,61;3,63;1.706.586
2018-02-28;3,63;3,68;3,62;3,63;1.647.909
2018-03-01;3,63;3,64;3,51;3,52;2.408.493
2018-03-02;3,51;3,53;3,41;3,49;2.655.766
2018-03-05;3,50;3,59;3,50;3,57;1.445.352
2018-03-06;3,60;3,70;3,58;3,67;1.949.267
2018-03-07;3,65;3,71;3,61;3,63;1.266.486
2018-03-08;3,65;3,70;3,63;3,67;1.158.015
2018-03-09;3,69;3,71;3,65;3,70;1.107.475
2018-03-12;3,71;3,73;3,69;3,71;1.132.018
2018-03-13;3,72;3,74;3,67;3,69;1.162.105
2018-03-14;3,69;3,73;3,66;3,71;903.536
2018-03-15;3,72;3,74;3,71;3,72;1.098.623
2018-03-16;0,00;0,00;0,00;3,77;0
2018-03-19;0,00;0,00;0,00;3,73;0
2018-03-20;0,00;0,00;0,00;3,79;0
2018-03-21;0,00;0,00;0,00;3,83;0
2018-03-22;0,00;0,00;0,00;3,80;0
2018-03-23;3,75;3,82;3,69;3,74;1.366.906
2018-03-26;3,72;3,80;3,72;3,75;1.146.245
2018-03-27;3,80;3,81;3,70;3,72;1.585.793
2018-03-28;3,70;3,75;3,64;3,74;1.663.883
2018-03-29;3,73;3,80;3,73;3,78;1.090.647
2018-04-03;3,73;3,87;3,72;3,84;1.669.994
2018-04-04;3,85;3,85;3,75;3,78;944.385
2018-04-05;3,82;3,85;3,82;3,83;1.185.260
2018-04-06;3,83;3,86;3,81;3,84;912.684
2018-04-09;3,84;3,87;3,81;3,85;1.023.366
2018-04-10;3,86;3,90;3,84;3,90;1.400.211
2018-04-11;3,90;3,95;3,90;3,94;2.131.900
2018-04-12;3,92;3,99;3,91;3,95;1.568.846
2018-04-13;3,94;3,97;3,90;3,91;1.067.053
2018-04-16;3,90;3,99;3,90;3,99;1.466.654
2018-04-17;4,00;4,00;3,94;3,97;1.109.689
2018-04-18;3,98;4,00;3,94;3,99;1.180.169
2018-04-19;4,00;4,00;3,93;3,98;1.322.878
2018-04-20;3,90;3,95;3,88;3,92;1.532.748
2018-04-23;3,92;3,96;3,86;3,93;1.310.545
2018-04-24;3,88;3,90;3,83;3,89;2.110.293
2018-04-25;3,84;3,91;3,84;3,88;1.355.965
2018-04-26;3,88;3,91;3,86;3,89;1.387.545
2018-04-27;3,89;3,91;3,85;3,88;1.231.218
2018-04-30;3,89;3,95;3,85;3,95;1.421.405
2018-05-02;3,96;4,02;3,95;3,96;2.785.454
2018-05-03;4,12;4,28;4,03;4,16;7.600.251
2018-05-04;4,16;4,18;4,08;4,14;1.908.344
2018-05-07;4,16;4,17;4,11;4,15;1.040.714
2018-05-08;4,15;4,16;4,11;4,13;1.283.917
2018-05-09;4,11;4,14;4,08;4,10;1.439.334
2018-05-10;4,11;4,11;4,04;4,07;823.411
2018-05-11;4,05;4,10;4,05;4,07;905.237
2018-05-14;4,09;4,11;4,06;4,11;1.041.433
2018-05-15;4,11;4,12;4,08;4,11;1.283.665
2018-05-16;4,10;4,11;4,08;4,09;689.954
2018-05-17;4,09;4,13;4,09;4,09;884.340
2018-05-18;4,10;4,11;4,07;4,08;1.008.385
2018-05-21;4,08;4,10;4,08;4,09;784.024
2018-05-22;4,10;4,14;4,09;4,11;1.888.215
2018-05-23;4,11;4,12;4,08;4,09;1.275.043
2018-05-24;4,09;4,12;4,09;4,12;4.273.156
2018-05-25;4,12;4,16;4,09;4,11;1.924.737
2018-05-28;4,12;4,14;4,07;4,10;988.035
2018-05-29;4,09;4,09;3,95;4,00;2.233.769
2018-05-30;0,00;4,03;3,97;4,00;1.553.929
2018-05-31;4,00;4,03;3,96;4,00;2.061.507
2018-06-01;4,01;4,08;4,00;4,04;1.844.570
2018-06-04;4,05;4,09;4,04;4,06;1.389.786
2018-06-05;3,94;3,94;3,74;3,75;10.639.281
2018-06-06;3,75;3,76;3,67;3,73;3.882.462
2018-06-07;3,75;3,84;3,75;3,77;2.834.821
2018-06-08;3,76;3,81;3,73;3,77;1.891.676
2018-06-11;3,78;3,82;3,78;3,80;1.400.861
2018-06-12;3,81;3,84;3,80;3,82;1.488.349
2018-06-13;3,83;3,85;3,80;3,81;1.290.295
2018-06-14;3,80;3,82;3,78;3,80;1.299.099
2018-06-15;3,81;3,81;3,78;3,78;2.701.404
2018-06-18;3,76;3,81;3,76;3,79;1.689.033
2018-06-19;3,76;3,77;3,72;3,75;1.422.485
2018-06-20;3,76;3,77;3,72;3,72;931.277
2018-06-21;3,73;3,74;3,66;3,67;1.274.533
2018-06-22;3,67;3,72;3,66;3,71;1.347.245
2018-06-25;3,69;3,70;3,63;3,64;1.072.294
2018-06-26;3,66;3,66;3,61;3,63;817.633
2018-06-27;3,61;3,66;3,57;3,62;1.175.291
2018-06-28;3,62;3,63;3,53;3,55;1.046.570
2018-06-29;3,57;3,61;3,57;3,60;767.902
2018-07-02;3,58;3,58;3,48;3,49;1.386.470
2018-07-03;3,51;3,54;3,50;3,53;802.289
2018-07-04;3,35;3,46;3,32;3,39;5.191.677
2018-07-05;3,40;3,46;3,40;3,46;1.148.017
2018-07-06;3,46;3,47;3,41;3,45;1.090.201
2018-07-09;3,46;3,53;3,45;3,50;1.511.517
2018-07-10;3,51;3,53;3,48;3,51;609.328
2018-07-11;3,50;3,51;3,47;3,48;732.988
2018-07-12;3,50;3,51;3,48;3,49;901.074
2018-07-13;3,51;3,53;3,48;3,48;740.418
2018-07-16;3,50;3,52;3,48;3,50;736.128
2018-07-17;3,50;3,51;3,47;3,50;468.084
2018-07-18;3,51;3,54;3,49;3,52;1.139.759
2018-07-19;3,52;3,53;3,47;3,48;934.420
2018-07-20;3,50;3,50;3,39;3,39;1.847.987
2018-07-23;3,39;3,43;3,38;3,41;969.637
2018-07-24;3,41;3,43;3,38;3,41;1.234.306
2018-07-25;3,42;3,42;3,40;3,42;787.245
2018-07-26;3,42;3,50;3,41;3,48;1.574.817
2018-07-27;3,48;3,52;3,48;3,51;954.133
2018-07-30;3,52;3,55;3,50;3,52;1.609.303
2018-07-31;3,50;3,53;3,50;3,51;544.773
2018-08-01;3,53;3,56;3,51;3,52;1.262.130
2018-08-02;3,51;3,51;3,44;3,46;1.558.373
2018-08-03;3,48;3,54;3,48;3,49;752.294
2018-08-06;3,50;3,50;3,47;3,49;764.391
2018-08-07;3,50;3,64;3,49;3,61;2.154.216
2018-08-08;3,61;3,63;3,57;3,60;899.050
2018-08-09;3,60;3,61;3,57;3,60;513.468
2018-08-10;3,60;3,62;3,54;3,57;1.088.049
2018-08-13;3,56;3,56;3,49;3,52;797.615
2018-08-14;3,52;3,61;3,52;3,55;1.031.431
2018-08-15;3,58;3,60;3,49;3,52;1.325.823
2018-08-16;3,54;3,56;3,49;3,51;568.804
2018-08-17;3,51;3,51;3,44;3,49;856.267
2018-08-20;3,49;3,54;3,47;3,51;652.307
2018-08-21;3,52;3,64;3,49;3,61;1.836.279
2018-08-22;3,62;3,63;3,58;3,60;1.451.601
2018-08-23;3,83;3,88;3,75;3,82;7.133.261
2018-08-24;3,81;3,82;3,68;3,70;3.285.132
2018-08-27;3,70;3,70;3,62;3,64;1.667.085
2018-08-28;3,64;3,67;3,59;3,59;1.478.870
2018-08-29;3,59;3,60;3,52;3,52;1.907.322
2018-08-30;3,53;3,56;3,51;3,55;1.135.231
2018-08-31;3,54;3,55;3,49;3,53;1.503.196
2018-09-03;3,53;3,53;3,46;3,48;1.302.016
2018-09-04;3,48;3,49;3,38;3,40;2.593.664
2018-09-05;3,40;3,41;3,33;3,36;1.535.338
2018-09-06;3,35;3,35;3,24;3,25;2.950.033
2018-09-07;3,27;3,27;3,15;3,24;2.549.284
2018-09-10;3,25;3,25;3,20;3,25;951.855
2018-09-11;3,25;3,25;3,17;3,18;1.098.162
2018-09-12;3,20;3,31;3,18;3,30;1.989.518
2018-09-13;3,35;3,43;3,30;3,30;1.527.658
2018-09-14;3,32;3,34;3,30;3,32;695.628
2018-09-17;3,33;3,33;3,27;3,29;1.093.652
2018-09-18;3,28;3,32;3,28;3,31;973.326
2018-09-19;3,32;3,38;3,32;3,32;2.048.151
2018-09-20;3,33;3,36;3,32;3,33;2.062.788
2018-09-21;3,35;3,38;3,31;3,33;1.361.105
2018-09-24;3,32;3,35;3,30;3,33;1.222.143
2018-09-25;3,35;3,37;3,32;3,33;1.792.321
2018-09-26;3,35;3,36;3,32;3,34;494.141
2018-09-27;3,34;3,39;3,33;3,37;639.153
2018-09-28;3,37;3,38;3,31;3,31;651.037
2018-10-01;3,32;3,36;3,32;3,34;1.058.501
2018-10-02;3,33;3,35;3,32;3,33;456.363
2018-10-03;3,34;3,38;3,34;3,34;558.492
2018-10-04;3,35;3,36;3,32;3,35;538.622
2018-10-05;3,35;3,35;3,31;3,31;651.846
2018-10-08;3,32;3,32;3,22;3,23;1.095.948
2018-10-09;3,23;3,27;3,20;3,24;1.044.119
2018-10-10;3,25;3,27;3,17;3,17;864.112
2018-10-11;3,12;3,19;3,03;3,14;2.778.685
2018-10-12;3,19;3,21;3,10;3,10;1.142.519
2018-10-15;3,10;3,12;3,06;3,10;899.823
2018-10-16;3,09;3,13;3,08;3,10;882.008
2018-10-17;3,11;3,17;3,10;3,12;1.501.903
2018-10-18;3,11;3,14;3,08;3,10;1.142.867
2018-10-19;3,11;3,11;3,00;3,05;1.169.628
2018-10-22;3,08;3,11;3,05;3,05;789.442
2018-10-23;3,02;3,02;2,92;2,93;1.519.497
2018-10-24;2,96;2,96;2,88;2,89;1.362.077
2018-10-25;2,87;2,92;2,81;2,91;1.617.760
2018-10-26;2,88;2,88;2,82;2,85;1.241.644
2018-10-29;2,86;3,00;2,86;2,94;883.011
2018-10-30;2,95;2,99;2,92;2,98;1.078.625
2018-10-31;3,02;3,07;3,01;3,04;1.131.965
2018-11-01;3,07;3,10;3,00;3,02;1.502.047
2018-11-02;3,07;3,12;3,07;3,07;1.646.115
2018-11-05;3,11;3,22;3,08;3,21;2.161.826
2018-11-06;3,20;3,21;3,15;3,17;1.450.774
2018-11-07;3,22;3,24;3,19;3,23;2.457.169
2018-11-08;3,19;3,21;3,03;3,03;5.372.772
2018-11-09;3,01;3,01;2,91;3,00;3.175.585
2018-11-12;3,00;3,09;2,99;3,06;2.433.599
2018-11-13;3,08;3,08;3,04;3,05;964.160
2018-11-14;3,04;3,04;2,98;3,00;1.280.829
2018-11-15;3,00;3,01;2,88;2,89;2.113.418
2018-11-16;2,90;2,92;2,89;2,89;1.283.587
2018-11-19;2,89;2,95;2,88;2,88;1.033.221
2018-11-20;2,90;2,92;2,62;2,72;4.063.712
2018-11-21;2,75;2,83;2,73;2,83;1.854.180
2018-11-22;2,83;2,84;2,79;2,79;1.052.060
2018-11-23;2,82;2,82;2,78;2,80;884.976
2018-11-26;2,83;2,85;2,76;2,81;1.282.725
2018-11-27;2,82;2,84;2,79;2,82;628.916
2018-11-28;2,82;2,84;2,79;2,80;839.848
2018-11-29;2,82;2,84;2,78;2,80;1.417.994
2018-11-30;2,80;2,82;2,76;2,77;922.328
2018-12-03;2,81;2,84;2,76;2,76;1.440.918
2018-12-04;2,77;2,77;2,67;2,69;2.258.116
2018-12-05;2,67;2,69;2,63;2,65;1.252.148
2018-12-06;2,61;2,62;2,49;2,49;3.382.802
2018-12-07;2,55;2,59;2,53;2,54;2.028.230
2018-12-10;2,50;2,51;2,36;2,37;2.258.808
2018-12-11;2,39;2,49;2,39;2,46;1.755.055
2018-12-12;2,48;2,55;2,46;2,55;1.149.771
2018-12-13;2,56;2,61;2,53;2,55;987.833
2018-12-14;2,53;2,54;2,49;2,51;777.550
2018-12-17;2,53;2,55;2,47;2,48;957.283
2018-12-18;2,47;2,52;2,46;2,49;968.503
2018-12-19;2,48;2,51;2,47;2,50;770.110
2018-12-20;2,48;2,51;2,42;2,42;1.290.016
2018-12-21;2,43;2,46;2,41;2,46;1.442.818
2018-12-24;2,45;2,46;2,39;2,42;528.379
2018-12-27;2,45;2,50;2,36;2,37;1.826.356
2018-12-28;2,41;2,49;2,40;2,46;1.397.047
2018-12-31;2,48;2,52;2,47;2,51;469.636
2019-01-02;2,51;2,53;2,45;2,52;907.920
2019-01-03;2,51;2,57;2,49;2,52;895.637
2019-01-04;2,53;2,59;2,53;2,59;1.057.530
2019-01-07;2,60;2,63;2,58;2,63;1.049.383
2019-01-08;2,64;2,71;2,64;2,70;1.612.816
2019-01-09;2,70;2,73;2,66;2,71;1.268.576
2019-01-10;2,70;2,76;2,67;2,76;1.474.403
2019-01-11;2,78;2,82;2,76;2,82;1.038.956
2019-01-14;2,82;2,82;2,75;2,76;909.671
2019-01-15;2,77;2,80;2,76;2,77;724.850
2019-01-16;2,80;2,83;2,78;2,83;991.135
2019-01-17;2,81;2,86;2,79;2,84;1.090.740
2019-01-18;2,85;2,96;2,85;2,93;2.048.912
2019-01-21;2,95;2,96;2,89;2,95;983.797
2019-01-22;2,93;2,94;2,88;2,89;730.129
2019-01-23;2,88;2,92;2,86;2,88;490.498
2019-01-24;2,87;2,92;2,87;2,92;587.312
2019-01-25;2,92;3,00;2,92;2,99;1.363.140
2019-01-28;2,99;3,02;2,96;2,97;873.681
2019-01-29;2,98;2,99;2,94;2,94;513.728
2019-01-30;2,95;2,97;2,94;2,96;542.110
2019-01-31;3,00;3,14;3,00;3,12;3.573.931
2019-02-01;3,15;3,18;3,06;3,08;1.703.729
2019-02-04;3,08;3,13;3,05;3,06;699.931
2019-02-05;3,07;3,11;3,06;3,08;796.922
2019-02-06;3,08;3,14;3,07;3,13;1.302.147
2019-02-07;3,12;3,12;3,04;3,05;1.000.551
2019-02-08;3,02;3,05;2,97;2,97;1.154.409
2019-02-11;3,00;3,04;2,98;3,01;741.165
2019-02-12;3,05;3,06;3,02;3,04;734.489
2019-02-13;3,05;3,06;3,04;3,05;741.814
2019-02-14;3,05;3,10;3,05;3,09;1.023.244
2019-02-15;3,07;3,12;3,05;3,12;1.116.139
2019-02-18;3,12;3,22;3,12;3,21;2.323.242
2019-02-19;3,22;3,25;3,18;3,24;2.759.248
2019-02-20;3,31;3,47;3,31;3,47;9.658.938
2019-02-21;3,49;3,54;3,41;3,50;3.343.248
2019-02-22;3,49;3,54;3,47;3,48;2.522.384
2019-02-25;3,47;3,49;3,27;3,48;3.331.283
2019-02-26;3,44;3,52;3,43;3,52;1.738.842
2019-02-27;3,51;3,52;3,49;3,50;1.445.994
2019-02-28;3,47;3,58;3,42;3,58;1.722.011
2019-03-01;3,60;3,68;3,60;3,65;2.318.662
2019-03-04;3,66;3,78;3,64;3,77;3.566.929
2019-03-05;3,76;3,78;3,72;3,77;2.089.170
2019-03-06;3,75;3,85;3,75;3,85;1.880.150
2019-03-07;3,85;3,85;3,78;3,84;2.223.918
2019-03-08;3,78;3,80;3,65;3,71;3.375.341
2019-03-11;3,73;3,78;3,71;3,76;1.621.539
2019-03-12;3,78;3,80;3,75;3,77;1.368.221
2019-03-13;3,75;3,82;3,75;3,82;1.668.011
2019-03-14;3,80;3,90;3,80;3,88;2.477.800
2019-03-15;3,88;4,02;3,87;3,97;5.809.057
2019-03-18;3,98;4,02;3,91;3,93;2.095.608
2019-03-19;3,92;3,95;3,91;3,91;1.403.246
2019-03-20;3,90;3,91;3,86;3,88;1.519.539
2019-03-21;3,87;3,90;3,79;3,84;1.662.925
2019-03-22;3,87;3,88;3,71;3,72;2.220.975
2019-03-25;3,68;3,77;3,62;3,74;1.872.802
2019-03-26;3,76;3,86;3,75;3,82;2.119.531
2019-03-27;3,85;3,90;3,85;3,88;1.717.992
2019-03-28;3,89;3,91;3,81;3,82;1.514.495
2019-03-29;3,82;3,89;3,82;3,84;2.033.047
2019-04-01;3,87;3,91;3,84;3,89;1.401.198
2019-04-02;3,90;3,97;3,89;3,94;2.554.036
2019-04-03;3,97;4,09;3,96;4,07;3.831.885
2019-04-04;4,04;4,13;3,99;4,09;2.835.950
2019-04-05;4,09;4,14;4,09;4,14;1.768.104
2019-04-08;4,11;4,14;4,10;4,13;1.401.370
2019-04-09;4,12;4,13;4,05;4,06;1.658.965
2019-04-10;4,05;4,11;4,03;4,09;1.706.848
2019-04-11;4,10;4,16;4,07;4,16;2.117.632
2019-04-12;4,14;4,21;4,11;4,20;1.730.215
2019-04-15;4,20;4,30;4,20;4,29;1.985.099
2019-04-16;4,28;4,34;4,27;4,33;2.078.631
2019-04-17;4,33;4,40;4,29;4,38;2.596.015
2019-04-18;4,38;4,40;4,27;4,31;2.130.485
2019-04-23;4,20;4,23;4,14;4,21;1.484.482
2019-04-24;4,20;4,27;4,18;4,27;1.226.411
2019-04-25;4,25;4,27;4,19;4,22;1.488.005
2019-04-26;4,22;4,33;4,20;4,31;2.165.236
2019-04-29;4,30;4,38;4,29;4,38;1.715.568
2019-04-30;4,35;4,37;4,33;4,34;1.345.894
2019-05-02;4,34;4,37;4,31;4,32;1.695.896
2019-05-03;4,31;4,32;4,25;4,28;1.459.742
2019-05-06;4,23;4,26;4,16;4,25;1.206.867
2019-05-07;4,24;4,26;4,12;4,14;1.714.591
2019-05-08;4,13;4,24;4,10;4,20;2.144.490
2019-05-09;4,00;4,00;3,60;3,61;6.652.504
2019-05-10;3,65;3,83;3,65;3,74;3.585.452
2019-05-13;3,80;3,80;3,62;3,64;1.993.334
2019-05-14;3,65;3,78;3,65;3,77;2.031.179
2019-05-15;3,81;3,83;3,67;3,71;1.781.258
2019-05-16;3,72;3,74;3,68;3,73;1.499.305
2019-05-17;3,72;3,74;3,64;3,69;903.044
2019-05-20;3,66;3,69;3,54;3,58;1.272.880
2019-05-21;3,60;3,68;3,60;3,67;1.505.419
2019-05-22;3,66;3,74;3,64;3,66;1.714.540
2019-05-23;3,63;3,63;3,57;3,57;1.648.359
2019-05-24;3,60;3,66;3,60;3,63;1.537.045
2019-05-27;3,68;3,71;3,64;3,70;1.339.328
2019-05-28;3,73;3,75;3,70;3,72;1.863.973
2019-05-29;3,69;3,70;3,63;3,63;1.491.865
2019-05-30;3,67;3,79;3,67;3,76;2.497.816
2019-05-31;3,75;3,81;3,70;3,80;1.791.721
2019-06-03;3,75;3,77;3,68;3,71;1.411.720
2019-06-04;3,72;3,78;3,68;3,77;1.708.611
2019-06-05;3,80;3,87;3,78;3,82;1.330.951
2019-06-06;3,82;3,87;3,79;3,83;1.510.654
2019-06-07;3,85;3,94;3,85;3,91;1.718.799
2019-06-10;3,95;3,99;3,93;3,97;623.426
2019-06-11;3,98;4,08;3,98;4,06;1.775.439
2019-06-12;4,02;4,07;4,01;4,02;1.601.209
2019-06-13;4,01;4,03;3,99;4,01;1.454.163
2019-06-14;3,99;4,01;3,90;3,91;1.372.293
2019-06-17;3,92;3,96;3,87;3,87;1.455.418
2019-06-18;3,86;3,94;3,81;3,91;1.173.701
2019-06-19;3,91;3,96;3,91;3,92;537.707
2019-06-20;3,96;3,97;3,89;3,90;853.284
2019-06-21;3,90;3,96;3,82;3,84;1.800.866
2019-06-24;3,82;3,88;3,76;3,78;1.878.657
2019-06-25;3,75;3,82;3,75;3,80;642.995
2019-06-26;3,78;3,82;3,77;3,80;824.824
2019-06-27;3,80;3,86;3,80;3,85;946.659
2019-06-28;3,82;3,91;3,82;3,91;952.733
2019-07-01;3,93;4,02;3,92;4,00;1.713.773
2019-07-02;4,00;4,02;3,93;3,96;919.778
2019-07-03;3,97;4,04;3,97;4,00;944.504
2019-07-04;4,01;4,05;3,97;3,98;710.036
2019-07-05;4,00;4,00;3,93;3,96;841.025
2019-07-08;0,00;3,19;2,95;3,00;18.413.492
2019-07-09;3,01;3,08;2,94;3,06;5.493.175
2019-07-10;3,07;3,18;3,05;3,14;5.875.518
2019-07-11;3,16;3,18;3,12;3,16;2.358.494
2019-07-12;3,17;3,22;3,15;3,20;2.096.819
2019-07-15;3,21;3,22;3,14;3,16;2.565.868
2019-07-16;3,15;3,17;3,10;3,12;3.140.406
2019-07-17;3,12;3,13;3,07;3,08;2.047.916
2019-07-18;3,08;3,08;2,98;3,03;2.335.583
2019-07-19;3,04;3,07;2,99;3,02;1.870.557
2019-07-22;3,02;3,05;3,01;3,05;3.382.604
2019-07-23;3,05;3,07;3,04;3,04;1.375.967
2019-07-24;3,05;3,05;2,99;2,99;2.050.340
2019-07-25;3,01;3,05;2,98;3,02;3.314.332
2019-07-26;3,03;3,09;2,99;3,07;1.864.293
2019-07-29;3,07;3,08;3,04;3,05;851.681
2019-07-30;3,06;3,06;2,97;2,98;1.930.737
2019-07-31;2,99;3,08;2,99;3,04;1.565.816
2019-08-01;3,02;3,06;3,01;3,05;1.603.927
2019-08-02;3,00;3,06;2,96;3,02;1.851.059
2019-08-05;3,00;3,01;2,92;2,97;1.528.480
2019-08-06;2,98;3,10;2,97;3,03;1.929.876
2019-08-07;3,05;3,06;2,96;2,99;1.675.174
2019-08-08;3,03;3,06;3,02;3,06;947.544
2019-08-09;3,06;3,06;3,00;3,02;961.506
2019-08-12;3,03;3,06;2,99;3,02;844.555
2019-08-13;3,01;3,06;2,97;3,04;1.798.216
2019-08-14;3,05;3,05;2,92;2,94;1.549.497
2019-08-15;2,94;2,96;2,82;2,88;2.664.257
2019-08-16;2,90;3,01;2,88;3,00;1.450.638
2019-08-19;3,02;3,08;3,02;3,06;1.897.821
2019-08-20;3,05;3,10;3,03;3,09;1.637.049
2019-08-21;3,09;3,12;3,07;3,09;1.239.816
2019-08-22;2,85;2,88;2,64;2,86;9.527.102
2019-08-23;2,88;2,96;2,82;2,83;2.842.582
2019-08-26;2,82;2,86;2,77;2,81;2.067.348
2019-08-27;2,81;2,84;2,74;2,79;2.670.317
2019-08-28;2,79;2,79;2,70;2,71;2.245.873
2019-08-29;2,70;2,73;2,67;2,72;2.294.239
2019-08-30;2,72;2,72;2,66;2,67;2.425.627
2019-09-02;2,67;2,71;2,62;2,63;2.042.659
2019-09-03;2,61;2,68;2,57;2,64;1.923.954
2019-09-04;2,65;2,68;2,60;2,60;2.573.382
2019-09-05;2,62;2,64;2,56;2,56;3.217.952
2019-09-06;2,57;2,59;2,50;2,53;3.291.810
2019-09-09;2,53;2,55;2,49;2,54;2.298.904
2019-09-10;2,55;2,56;2,51;2,53;1.980.023
2019-09-11;2,53;2,55;2,49;2,50;3.567.699
2019-09-12;2,47;2,53;2,45;2,52;3.409.669
2019-09-13;2,52;2,56;2,51;2,56;4.267.424
2019-09-16;2,55;2,56;2,52;2,53;2.409.059
2019-09-17;2,53;2,54;2,49;2,53;1.733.438
2019-09-18;2,48;2,49;2,41;2,45;4.877.505
2019-09-19;2,44;2,48;2,40;2,46;2.720.925
2019-09-20;2,45;2,47;2,40;2,42;2.044.738
2019-09-23;2,41;2,41;2,31;2,32;2.913.948
2019-09-24;2,33;2,37;2,32;2,33;1.554.770
2019-09-25;2,33;2,33;2,24;2,29;3.674.313
2019-09-26;2,30;2,30;2,26;2,26;1.981.245
2019-09-27;2,27;2,32;2,27;2,28;1.497.240
2019-09-30;2,29;2,35;2,26;2,29;2.001.874
2019-10-01;2,32;2,43;2,31;2,36;3.647.344
2019-10-02;2,34;2,37;2,22;2,23;3.363.237
2019-10-03;2,22;2,22;2,13;2,16;3.448.214
2019-10-04;2,17;2,23;2,16;2,23;2.882.500
2019-10-07;2,23;2,29;2,23;2,28;2.049.470
2019-10-08;2,28;2,29;2,21;2,24;1.910.163
2019-10-09;2,24;2,29;2,23;2,23;1.764.233
2019-10-10;2,25;2,27;2,21;2,25;2.513.529
2019-10-11;2,29;2,40;2,27;2,31;6.839.093
2019-10-14;2,31;2,31;2,24;2,30;1.866.858
2019-10-15;2,30;2,38;2,30;2,36;2.780.540
2019-10-16;2,37;2,39;2,31;2,35;2.380.361
2019-10-17;2,35;2,41;2,33;2,38;2.957.760
2019-10-18;2,37;2,38;2,34;2,35;1.571.628
2019-10-21;2,35;2,40;2,33;2,39;2.360.460
2019-10-22;2,40;2,41;2,34;2,41;2.604.757
2019-10-23;2,39;2,42;2,35;2,36;1.755.628
2019-10-24;2,36;2,38;2,33;2,34;1.854.575
2019-10-25;2,35;2,36;2,33;2,35;1.558.003
2019-10-28;2,36;2,38;2,34;2,37;1.197.869
2019-10-29;2,37;2,44;2,31;2,36;6.532.769
2019-10-30;2,35;2,36;2,26;2,29;4.194.721
2019-10-31;2,30;2,30;2,24;2,27;1.800.841
2019-11-01;2,30;2,36;2,27;2,35;2.097.299
2019-11-04;2,37;2,42;2,35;2,39;3.821.408
2019-11-05;2,40;2,45;2,39;2,42;2.631.596
2019-11-06;2,43;2,48;2,42;2,46;3.750.081
2019-11-07;2,55;2,63;2,47;2,55;8.936.329
2019-11-08;2,54;2,59;2,50;2,58;4.654.475
2019-11-11;2,58;2,61;2,54;2,56;3.412.845
2019-11-12;2,57;2,66;2,52;2,64;5.918.993
2019-11-13;2,65;2,65;2,53;2,54;4.468.399
2019-11-14;2,53;2,54;2,43;2,44;4.218.634
2019-11-15;2,45;2,49;2,44;2,47;1.709.880
2019-11-18;2,46;2,48;2,38;2,39;3.038.304
2019-11-19;2,40;2,44;2,38;2,38;1.927.021
2019-11-20;2,37;2,37;2,32;2,34;2.361.528
2019-11-21;2,32;2,34;2,30;2,31;1.521.083
2019-11-22;2,32;2,40;2,32;2,37;1.885.956
2019-11-25;2,39;2,43;2,38;2,40;1.812.024
2019-11-26;2,41;2,41;2,36;2,39;2.268.352
2019-11-27;2,40;2,45;2,38;2,44;2.452.002
2019-11-28;2,44;2,47;2,41;2,46;1.029.650
2019-11-29;2,48;2,54;2,47;2,48;3.777.718
2019-12-02;2,49;2,52;2,46;2,46;2.343.052
2019-12-03;2,47;2,48;2,39;2,39;2.358.550
2019-12-04;2,40;2,49;2,40;2,48;2.111.801
2019-12-05;2,49;2,54;2,48;2,54;2.081.697
2019-12-06;2,53;2,60;2,53;2,57;3.597.198
2019-12-09;2,59;2,63;2,57;2,63;3.340.564
2019-12-10;2,63;2,67;2,59;2,67;2.377.856
2019-12-11;2,68;2,77;2,67;2,74;3.385.133
2019-12-12;2,75;2,81;2,75;2,77;4.063.478
2019-12-13;2,80;2,82;2,74;2,74;3.603.139
2019-12-16;2,77;2,77;2,72;2,76;1.932.280
2019-12-17;2,75;2,76;2,72;2,72;1.333.785
2019-12-18;2,72;2,72;2,67;2,68;1.828.818
2019-12-19;2,68;2,73;2,66;2,72;1.528.533
2019-12-20;2,72;2,74;2,68;2,69;2.670.838
2019-12-23;2,68;2,70;2,66;2,69;949.575
2019-12-24;2,67;2,70;2,67;2,69;503.725
2019-12-27;2,70;2,71;2,66;2,68;1.615.355
2019-12-30;2,67;2,71;2,66;2,68;1.586.321
2019-12-31;2,66;2,69;2,66;2,69;241.659
2020-01-02;2,69;2,79;2,69;2,73;3.106.766
2020-01-03;2,70;2,71;2,68;2,68;1.785.323
2020-01-06;2,67;2,67;2,59;2,64;1.668.352
2020-01-07;2,66;2,69;2,64;2,66;1.301.152
2020-01-08;2,65;2,66;2,62;2,66;1.325.135
2020-01-09;2,68;2,72;2,67;2,67;1.917.858
2020-01-10;2,69;2,70;2,65;2,66;1.006.861
2020-01-13;2,66;2,67;2,64;2,65;688.074
2020-01-14;2,66;2,68;2,64;2,67;962.484
2020-01-15;2,67;2,69;2,64;2,64;826.312
2020-01-16;2,64;2,67;2,63;2,64;1.165.801
2020-01-17;2,64;2,68;2,64;2,65;879.553
2020-01-20;2,65;2,66;2,63;2,63;697.079
2020-01-21;2,62;2,62;2,56;2,60;1.081.654
2020-01-22;2,60;2,61;2,57;2,60;1.026.526
2020-01-23;2,60;2,62;2,56;2,56;1.154.067
2020-01-24;2,60;2,63;2,58;2,58;924.089
2020-01-27;2,52;2,55;2,48;2,48;2.371.603
2020-01-28;2,50;2,57;2,49;2,55;1.314.050
2020-01-29;2,57;2,59;2,54;2,55;848.491
2020-01-30;2,52;2,52;2,49;2,51;1.397.563
2020-01-31;2,51;2,57;2,49;2,49;1.333.824
2020-02-03;2,48;2,49;2,46;2,48;1.094.644
2020-02-04;2,49;2,54;2,49;2,52;1.381.814
2020-02-05;2,51;2,59;2,50;2,56;1.888.022
2020-02-06;2,59;2,64;2,57;2,59;1.427.002
2020-02-07;2,60;2,60;2,52;2,54;1.008.568
2020-02-10;2,54;2,57;2,52;2,56;1.064.954
2020-02-11;2,59;2,63;2,59;2,62;1.203.827
2020-02-12;2,63;2,66;2,63;2,64;1.051.216
2020-02-13;2,61;2,64;2,59;2,64;1.041.415
2020-02-14;2,63;2,69;2,60;2,66;1.498.259
2020-02-17;2,66;2,67;2,57;2,64;2.521.601
2020-02-18;2,62;2,62;2,56;2,56;1.694.856
2020-02-19;2,57;2,58;2,53;2,53;1.331.969
2020-02-20;2,54;2,62;2,52;2,61;2.177.283
2020-02-21;2,52;2,60;2,37;2,47;9.245.209
2020-02-24;2,40;2,44;2,36;2,44;3.730.731
2020-02-25;2,44;2,59;2,44;2,55;5.717.290
2020-02-26;2,52;2,62;2,43;2,62;4.365.945
2020-02-27;2,57;2,63;2,52;2,56;3.975.096
2020-02-28;2,46;2,52;2,43;2,46;4.478.071
2020-03-02;2,47;2,52;2,38;2,42;3.038.565
2020-03-03;2,47;2,49;2,38;2,40;3.567.046
2020-03-04;2,42;2,43;2,36;2,38;2.019.813
2020-03-05;2,39;2,40;2,27;2,30;2.730.036
2020-03-06;2,24;2,24;2,17;2,21;2.884.143
2020-03-09;2,01;2,11;1,97;1,97;5.634.460
2020-03-10;2,00;2,06;1,89;1,89;5.032.057
2020-03-11;1,93;1,98;1,84;1,86;4.430.236
2020-03-12;1,73;1,75;1,49;1,49;7.893.292
2020-03-13;1,55;1,58;1,43;1,48;5.848.045
2020-03-16;1,39;1,40;1,22;1,33;7.259.262
2020-03-17;1,36;1,40;1,15;1,31;5.409.966
2020-03-18;1,26;1,31;1,21;1,23;3.708.912
2020-03-19;1,23;1,30;1,17;1,26;3.960.882
2020-03-20;1,33;1,38;1,26;1,27;4.295.061
2020-03-23;1,25;1,27;1,20;1,21;2.974.586
2020-03-24;1,27;1,32;1,24;1,32;4.064.475
2020-03-25;1,38;1,45;1,36;1,40;4.612.571
2020-03-26;1,36;1,37;1,30;1,35;2.504.545
2020-03-27;1,33;1,36;1,31;1,34;1.678.926
2020-03-30;1,35;1,36;1,27;1,29;1.797.015
2020-03-31;1,31;1,35;1,24;1,28;4.353.504
2020-04-01;1,25;1,32;1,24;1,32;2.880.341
2020-04-02;1,31;1,32;1,27;1,31;2.898.220
2020-04-03;1,30;1,31;1,25;1,25;2.412.297
2020-04-06;1,29;1,39;1,29;1,37;3.375.733
2020-04-07;1,42;1,48;1,39;1,41;4.604.047
2020-04-08;1,39;1,45;1,38;1,45;2.384.229
2020-04-09;1,48;1,57;1,47;1,53;4.648.369
2020-04-14;1,60;1,61;1,40;1,43;3.704.219
2020-04-15;1,41;1,42;1,30;1,31;2.857.380
2020-04-16;1,32;1,37;1,30;1,32;2.454.439
2020-04-17;1,38;1,40;1,34;1,38;2.422.047
2020-04-20;1,39;1,39;1,31;1,37;1.565.822
2020-04-21;1,34;1,34;1,30;1,31;1.864.126
2020-04-22;1,33;1,33;1,28;1,30;2.317.760
2020-04-23;1,32;1,43;1,32;1,41;3.103.518
2020-04-24;1,40;1,47;1,38;1,44;2.298.616
2020-04-27;1,47;1,48;1,44;1,47;1.612.860
2020-04-28;1,48;1,51;1,45;1,50;2.093.434
2020-04-29;1,51;1,61;1,51;1,61;2.819.600
2020-04-30;1,61;1,66;1,50;1,52;3.491.108
2020-05-04;1,50;1,50;1,41;1,49;2.485.128
2020-05-05;1,53;1,58;1,49;1,53;2.559.962
2020-05-06;1,53;1,62;1,51;1,55;3.358.138
2020-05-07;1,51;1,52;1,43;1,50;4.872.616
2020-05-08;1,51;1,59;1,51;1,56;1.899.388
2020-05-11;1,58;1,58;1,47;1,48;2.510.886
2020-05-12;1,48;1,49;1,36;1,36;5.226.084
2020-05-13;1,34;1,39;1,28;1,33;3.832.579
2020-05-14;1,33;1,33;1,25;1,31;3.276.116
2020-05-15;1,33;1,36;1,26;1,27;2.295.566
2020-05-18;1,29;1,36;1,29;1,36;2.132.971
2020-05-19;1,39;1,43;1,36;1,42;2.711.962
2020-05-20;1,42;1,46;1,38;1,45;2.678.501
2020-05-21;1,44;1,46;1,40;1,45;1.602.859
2020-05-22;1,42;1,46;1,39;1,42;1.562.786
2020-05-25;1,43;1,47;1,43;1,46;1.672.411
2020-05-26;1,48;1,52;1,48;1,50;2.643.519
2020-05-27;1,51;1,55;1,49;1,55;3.514.706
2020-05-28;1,58;1,60;1,53;1,55;2.709.515
2020-05-29;1,54;1,55;1,51;1,52;2.372.254
2020-06-01;1,55;1,57;1,53;1,57;1.074.677
2020-06-02;1,58;1,63;1,57;1,61;2.258.037
2020-06-03;1,64;1,70;1,63;1,70;2.573.064
2020-06-04;1,69;1,73;1,65;1,71;2.862.657
2020-06-05;1,74;1,82;1,73;1,82;4.856.302
2020-06-08;1,82;1,97;1,80;1,86;4.955.146
2020-06-09;1,88;1,91;1,76;1,78;3.400.658
2020-06-10;1,80;1,82;1,70;1,70;2.078.626
2020-06-11;1,65;1,65;1,56;1,56;2.820.053
2020-06-12;1,53;1,65;1,52;1,56;2.673.342
2020-06-15;1,52;1,60;1,50;1,60;2.360.176
2020-06-16;1,66;1,71;1,64;1,68;2.756.969
2020-06-17;1,67;1,71;1,66;1,69;1.974.320
2020-06-18;1,68;1,71;1,63;1,67;1.336.061
2020-06-19;1,68;1,69;1,66;1,67;1.286.387
2020-06-22;1,65;1,66;1,61;1,65;1.929.037
2020-06-23;1,67;1,69;1,63;1,66;1.454.316
2020-06-24;1,66;1,67;1,58;1,59;1.304.432
2020-06-25;1,58;1,62;1,53;1,61;2.145.163
2020-06-26;1,63;1,65;1,60;1,60;1.195.426
2020-06-29;1,59;1,68;1,57;1,68;1.995.354
2020-06-30;1,65;1,66;1,57;1,61;3.482.755
2020-07-01;1,62;1,66;1,60;1,62;2.280.666
2020-07-02;1,42;1,48;1,36;1,41;15.023.480
2020-07-03;1,41;1,43;1,40;1,41;3.929.948
2020-07-06;1,43;1,46;1,42;1,44;4.894.926
2020-07-07;1,43;1,51;1,42;1,49;5.337.370
2020-07-08;1,47;1,48;1,44;1,45;2.657.062
2020-07-09;1,46;1,49;1,44;1,44;1.620.712
2020-07-10;1,43;1,48;1,42;1,47;1.752.457
2020-07-13;1,48;1,51;1,47;1,50;1.696.572
2020-07-14;1,48;1,50;1,47;1,50;1.307.117
2020-07-15;1,51;1,51;1,48;1,50;2.198.181
2020-07-16;1,49;1,50;1,48;1,50;1.971.611
2020-07-17;1,50;1,50;1,47;1,49;1.369.853
2020-07-20;1,48;1,49;1,46;1,46;1.225.009
2020-07-21;1,47;1,50;1,46;1,48;2.027.335
2020-07-22;1,47;1,49;1,44;1,47;1.948.792
2020-07-23;1,47;1,47;1,44;1,45;834.765
2020-07-24;1,43;1,45;1,43;1,43;983.659
2020-07-27;1,42;1,43;1,37;1,37;1.758.322
2020-07-28;1,38;1,38;1,34;1,36;1.274.054
2020-07-29;1,36;1,36;1,34;1,36;1.570.719
2020-07-30;1,36;1,36;1,31;1,32;1.674.337
2020-07-31;1,32;1,35;1,31;1,31;857.457
2020-08-03;1,32;1,36;1,29;1,36;1.388.596
2020-08-04;1,37;1,39;1,35;1,38;1.129.958
2020-08-05;1,39;1,41;1,36;1,39;1.838.545
2020-08-06;1,39;1,41;1,37;1,39;944.540
2020-08-07;1,40;1,42;1,36;1,42;1.370.071
2020-08-10;1,43;1,46;1,39;1,41;1.874.914
2020-08-11;1,42;1,49;1,42;1,49;2.147.371
2020-08-12;1,49;1,51;1,47;1,47;1.636.852
2020-08-13;1,47;1,47;1,41;1,43;1.502.949
2020-08-14;1,43;1,43;1,38;1,42;1.229.091
2020-08-17;1,41;1,42;1,38;1,38;926.831
2020-08-18;1,38;1,40;1,36;1,36;1.265.246
2020-08-19;1,36;1,37;1,25;1,30;4.906.110
2020-08-20;1,34;1,36;1,27;1,35;3.291.275
2020-08-21;1,37;1,38;1,32;1,33;1.811.643
2020-08-24;1,34;1,36;1,33;1,36;1.705.013
2020-08-25;1,37;1,38;1,31;1,31;1.647.984
2020-08-26;1,31;1,34;1,30;1,30;1.402.981
2020-08-27;1,31;1,31;1,29;1,29;1.534.808
2020-08-28;1,31;1,31;1,28;1,28;1.372.947
2020-08-31;1,30;1,32;1,29;1,29;1.406.909
2020-09-01;1,31;1,31;1,24;1,25;2.449.789
2020-09-02;1,26;1,26;1,23;1,23;2.198.580
2020-09-03;1,24;1,26;1,21;1,21;1.441.850
2020-09-04;1,21;1,22;1,19;1,19;3.002.276
2020-09-07;1,20;1,23;1,20;1,22;1.545.570
2020-09-08;1,23;1,24;1,18;1,19;1.264.178
2020-09-09;1,19;1,21;1,19;1,20;1.310.980
2020-09-10;1,21;1,22;1,20;1,21;1.172.660
2020-09-11;1,20;1,21;1,18;1,20;1.295.501
2020-09-14;1,21;1,23;1,21;1,21;1.366.073
2020-09-15;1,22;1,22;1,19;1,20;1.189.830
2020-09-16;1,20;1,20;1,18;1,20;1.078.782
2020-09-17;1,18;1,20;1,18;1,19;1.393.659
2020-09-18;1,20;1,20;1,15;1,16;2.961.242
2020-09-21;1,14;1,15;1,09;1,09;2.429.655
2020-09-22;1,10;1,10;1,05;1,08;1.923.197
2020-09-23;1,09;1,12;1,07;1,07;1.767.224
2020-09-24;1,06;1,08;1,05;1,07;1.495.018
2020-09-25;1,07;1,07;1,04;1,07;1.681.116
2020-09-28;1,07;1,10;1,07;1,08;2.083.807
2020-09-29;1,08;1,08;1,04;1,05;3.064.029
2020-09-30;1,08;1,11;1,05;1,08;4.658.545
2020-10-01;1,10;1,10;1,06;1,08;3.244.524
2020-10-02;1,07;1,14;1,07;1,11;5.314.240
2020-10-05;1,13;1,15;1,12;1,15;3.421.031
2020-10-06;1,15;1,19;1,14;1,18;3.002.516
2020-10-07;1,18;1,19;1,16;1,18;2.387.941
2020-10-08;1,19;1,24;1,18;1,23;3.609.972
2020-10-09;1,24;1,25;1,21;1,21;1.923.655
2020-10-12;1,21;1,22;1,17;1,17;2.914.947
2020-10-13;1,17;1,18;1,10;1,10;4.399.925
2020-10-14;1,10;1,10;1,05;1,08;6.358.162
2020-10-15;1,07;1,08;1,04;1,06;3.386.739
2020-10-16;1,06;1,07;1,02;1,06;3.880.543
2020-10-19;1,07;1,10;1,07;1,08;1.461.530
2020-10-20;1,10;1,16;1,08;1,14;6.383.303
2020-10-21;1,15;1,16;1,12;1,13;2.815.982
2020-10-22;1,13;1,15;1,10;1,14;2.024.014
2020-10-23;1,14;1,18;1,14;1,15;2.842.564
2020-10-26;1,11;1,15;1,11;1,11;2.126.835
2020-10-27;1,11;1,12;1,05;1,06;3.935.516
2020-10-28;1,05;1,05;1,00;1,03;4.218.005
2020-10-29;1,03;1,04;1,01;1,03;3.283.736
2020-10-30;1,05;1,07;1,01;1,07;3.533.468
2020-11-02;1,07;1,14;1,07;1,14;3.630.166
2020-11-03;1,16;1,20;1,15;1,16;3.765.568
2020-11-04;1,15;1,19;1,13;1,19;4.038.466
2020-11-05;1,27;1,33;1,15;1,17;14.797.386
2020-11-06;1,17;1,19;1,15;1,15;5.434.066
2020-11-09;1,17;1,24;1,15;1,22;8.082.349
2020-11-10;1,22;1,34;1,22;1,33;10.884.650
2020-11-11;1,34;1,37;1,30;1,32;5.249.789
2020-11-12;1,30;1,31;1,28;1,29;3.440.266
2020-11-13;1,28;1,34;1,28;1,34;3.115.882
2020-11-16;1,36;1,43;1,36;1,43;7.000.179
2020-11-17;1,44;1,46;1,40;1,42;4.383.178
2020-11-18;1,41;1,47;1,39;1,46;4.020.776
2020-11-19;1,45;1,47;1,44;1,45;2.117.117
2020-11-20;1,45;1,47;1,43;1,45;2.783.140
2020-11-23;1,60;1,77;1,60;1,76;14.603.845
2020-11-24;1,79;2,17;1,79;2,15;19.291.542
2020-11-25;2,16;2,17;1,86;1,94;17.546.259
2020-11-26;1,95;2,01;1,94;1,94;6.388.358
2020-11-27;1,95;2,05;1,93;1,94;7.168.923
2020-11-30;1,91;1,91;1,80;1,81;6.909.861
2020-12-01;1,83;1,86;1,79;1,84;3.967.800
2020-12-02;1,84;1,84;1,78;1,83;3.405.418
2020-12-03;1,81;1,83;1,79;1,81;1.425.429
2020-12-04;1,80;1,85;1,80;1,85;1.706.996
2020-12-07;1,85;1,85;1,80;1,82;1.768.277
2020-12-08;1,82;1,85;1,80;1,80;1.867.625
2020-12-09;1,79;1,80;1,72;1,73;4.183.706
2020-12-10;1,73;1,74;1,63;1,66;4.653.559
2020-12-11;1,66;1,66;1,59;1,61;2.810.546
2020-12-14;1,62;1,64;1,54;1,55;4.537.177
2020-12-15;1,54;1,69;1,53;1,69;3.995.061
2020-12-16;1,70;1,75;1,68;1,70;3.593.902
2020-12-17;1,72;1,73;1,65;1,66;2.855.664
2020-12-18;1,66;1,67;1,63;1,63;2.214.268
2020-12-21;1,58;1,61;1,53;1,60;3.294.415
2020-12-22;1,61;1,65;1,61;1,63;1.688.033
2020-12-23;1,63;1,67;1,62;1,67;2.024.032
2020-12-24;1,68;1,75;1,68;1,74;1.594.074
2020-12-28;1,77;1,80;1,74;1,77;2.456.668
2020-12-29;1,77;1,77;1,70;1,70;2.606.604
2020-12-30;1,70;1,73;1,68;1,72;1.286.588
2020-12-31;1,70;1,71;1,67;1,71;817.882
2021-01-04;1,72;1,73;1,64;1,65;2.590.763
2021-01-05;1,64;1,71;1,61;1,69;2.110.084
2021-01-06;1,71;1,82;1,70;1,80;5.203.514
2021-01-07;1,82;1,84;1,77;1,82;2.693.310
2021-01-08;1,85;1,86;1,80;1,81;2.677.475
2021-01-11;1,80;1,81;1,73;1,76;3.009.703
2021-01-12;1,77;1,81;1,76;1,80;2.029.804
2021-01-13;1,81;1,82;1,77;1,77;2.213.906
2021-01-14;1,77;1,81;1,76;1,80;2.016.845
2021-01-15;1,79;1,81;1,77;1,81;3.059.208
2021-01-18;1,80;1,80;1,75;1,78;3.020.849
2021-01-19;1,79;1,80;1,75;1,75;1.171.136
2021-01-20;1,78;1,78;1,72;1,72;1.855.049
2021-01-21;1,73;1,74;1,69;1,69;2.258.688
2021-01-22;1,68;1,68;1,65;1,67;1.975.204
2021-01-25;1,68;1,69;1,61;1,61;2.231.468
2021-01-26;1,62;1,67;1,61;1,64;2.096.143
2021-01-27;1,64;1,64;1,57;1,61;1.687.961
2021-01-28;1,60;1,66;1,56;1,65;2.986.516
