2014-01-02;57,29;57,47;57,06;57,11;502.158
2014-01-03;57,18;57,54;56,91;57,50;677.011
2014-01-06;57,44;57,77;57,37;57,52;309.450
2014-01-07;57,83;57,84;57,35;57,57;327.006
2014-01-08;57,57;58,60;57,55;57,97;917.656
2014-01-09;57,85;58,09;57,67;57,97;697.087
2014-01-10;58,30;58,44;57,23;57,39;657.966
2014-01-13;57,51;57,66;56,80;56,91;582.309
2014-01-14;56,63;56,74;56,42;56,59;496.025
2014-01-15;56,79;57,05;55,97;56,16;667.615
2014-01-16;56,22;56,53;55,73;56,27;662.149
2014-01-17;56,30;57,27;56,21;56,52;750.396
2014-01-20;56,61;56,95;56,55;56,83;395.429
2014-01-21;53,00;53,00;50,50;51,00;7.981.358
2014-01-22;51,00;51,00;49,50;49,58;3.452.907
2014-01-23;49,50;50,37;49,07;50,25;1.797.559
2014-01-24;50,20;50,27;48,50;48,76;1.679.345
2014-01-27;48,57;48,90;47,92;48,17;1.437.972
2014-01-28;48,20;49,41;47,82;49,14;1.364.484
2014-01-29;49,82;50,00;48,86;49,54;1.543.885
2014-01-30;50,76;50,76;48,77;49,10;1.217.506
2014-01-31;49,27;49,39;48,69;49,13;1.154.823
2014-02-03;49,19;49,51;48,36;48,45;940.563
2014-02-04;48,01;48,33;47,58;48,17;984.495
2014-02-05;48,31;48,41;47,59;47,66;959.865
2014-02-06;47,91;48,09;47,44;47,53;1.300.023
2014-02-07;47,70;47,83;47,13;47,34;1.191.721
2014-02-10;47,49;48,06;47,40;48,00;1.187.893
2014-02-11;48,18;49,37;48,13;49,30;1.318.905
2014-02-12;49,48;49,70;49,19;49,26;973.630
2014-02-13;49,42;49,53;48,95;49,49;745.593
2014-02-14;48,40;49,17;48,01;49,04;1.192.676
2014-02-17;49,20;49,50;49,15;49,18;746.275
2014-02-18;49,30;49,40;48,30;48,56;1.135.857
2014-02-19;48,10;48,77;48,10;48,49;891.692
2014-02-20;48,15;48,27;47,56;48,00;1.251.231
2014-02-21;48,25;48,34;47,62;47,84;1.130.078
2014-02-24;47,80;48,18;47,45;47,72;1.162.716
2014-02-25;47,84;47,94;46,93;47,17;1.565.401
2014-02-26;47,76;48,22;46,85;47,17;1.711.114
2014-02-27;47,36;47,42;45,62;45,96;2.326.396
2014-02-28;46,00;46,39;45,86;46,30;1.024.573
2014-03-03;46,30;46,89;46,05;46,58;1.645.655
2014-03-04;46,88;47,52;46,85;47,24;1.089.693
2014-03-05;47,15;47,94;47,06;47,89;1.015.009
2014-03-06;47,84;48,11;47,57;47,66;921.710
2014-03-07;47,58;47,79;47,45;47,51;771.219
2014-03-10;47,48;47,98;47,37;47,52;815.005
2014-03-11;47,56;47,62;47,29;47,46;620.694
2014-03-12;47,25;47,33;46,67;47,25;850.830
2014-03-13;47,25;47,58;46,61;46,71;945.840
2014-03-14;46,38;46,56;46,15;46,44;919.637
2014-03-17;46,50;46,95;46,15;46,77;736.341
2014-03-18;46,61;46,76;46,20;46,60;923.997
2014-03-19;46,68;46,92;46,32;46,76;661.215
2014-03-20;46,60;46,82;46,38;46,77;627.811
2014-03-21;46,80;47,51;46,77;47,41;1.245.110
2014-03-24;47,63;47,90;47,18;47,77;928.162
2014-03-25;47,67;48,79;47,56;48,73;1.059.677
2014-03-26;48,90;49,80;48,73;49,73;1.200.785
2014-03-27;49,66;49,92;49,42;49,78;866.480
2014-03-28;49,82;50,05;49,61;49,65;686.582
2014-03-31;49,88;49,95;49,57;49,82;690.506
2014-04-01;49,83;50,33;49,66;50,25;686.209
2014-04-02;50,19;50,71;50,10;50,71;791.878
2014-04-03;50,57;50,74;50,31;50,56;570.098
2014-04-04;50,61;50,65;50,09;50,16;681.496
2014-04-07;50,00;50,02;49,56;49,83;534.027
2014-04-08;50,00;50,01;49,44;49,99;749.701
2014-04-09;49,95;50,13;49,68;49,97;428.039
2014-04-10;50,36;50,69;49,93;50,28;994.718
2014-04-11;50,00;50,00;49,05;49,36;808.258
2014-04-14;49,20;49,35;48,88;49,30;553.627
2014-04-15;49,13;49,22;48,62;48,80;731.070
2014-04-16;49,10;49,44;48,93;49,40;467.115
2014-04-17;49,42;49,66;49,18;49,62;475.721
2014-04-22;49,88;50,55;49,70;50,27;671.810
2014-04-23;50,15;50,32;49,70;50,01;556.127
2014-04-24;50,23;51,09;50,18;50,82;1.031.811
2014-04-25;50,61;51,75;50,50;51,54;1.098.087
2014-04-28;51,55;51,78;50,93;51,47;515.860
2014-04-29;51,65;51,88;51,51;51,85;490.240
2014-04-30;51,67;51,91;51,46;51,68;455.329
2014-05-02;51,68;51,68;50,42;50,87;1.385.378
2014-05-05;50,75;50,98;50,34;50,79;495.200
2014-05-06;52,50;52,98;52,20;52,90;1.642.506
2014-05-07;52,90;52,97;52,44;52,51;885.934
2014-05-08;52,53;53,06;52,27;52,91;900.640
2014-05-09;52,00;52,00;51,31;51,61;648.504
2014-05-12;51,82;52,22;51,80;52,13;517.185
2014-05-13;52,25;52,37;51,97;51,98;482.589
2014-05-14;52,00;52,29;51,99;52,18;352.505
2014-05-15;52,15;52,43;51,78;51,95;684.428
2014-05-16;52,06;52,11;51,34;51,41;587.700
2014-05-19;51,37;52,03;51,37;51,93;397.206
2014-05-20;52,60;53,30;52,43;52,91;1.131.799
2014-05-21;52,76;53,00;52,54;52,94;527.939
2014-05-22;52,91;52,99;52,30;52,45;623.830
2014-05-23;52,53;52,86;52,39;52,63;351.589
2014-05-26;52,80;52,80;52,45;52,66;217.737
2014-05-27;52,66;52,83;52,43;52,56;413.427
2014-05-28;52,47;52,72;52,34;52,53;451.607
2014-05-29;52,49;52,62;52,19;52,57;318.380
2014-05-30;52,50;52,98;52,40;52,90;1.541.219
2014-06-02;53,02;53,25;52,51;52,63;443.671
2014-06-03;52,50;52,65;52,24;52,48;516.446
2014-06-04;52,26;52,79;52,26;52,60;432.843
2014-06-05;52,65;52,96;52,09;52,49;566.070
2014-06-06;52,70;52,75;52,20;52,39;563.702
2014-06-09;52,23;52,71;52,20;52,57;316.043
2014-06-10;52,32;52,49;51,86;52,09;492.670
2014-06-11;52,00;52,14;51,45;52,13;520.154
2014-06-12;51,95;52,29;51,70;52,18;380.048
2014-06-13;52,08;52,12;51,56;51,80;421.882
2014-06-16;51,64;51,91;51,50;51,68;367.115
2014-06-17;51,81;52,05;51,53;51,80;454.760
2014-06-18;51,80;51,89;51,51;51,67;530.813
2014-06-19;51,86;51,86;51,30;51,59;501.398
2014-06-20;51,50;51,68;51,42;51,47;791.478
2014-06-23;51,64;51,88;51,14;51,41;473.938
2014-06-24;51,75;53,38;51,66;53,17;1.612.096
2014-06-25;53,00;53,30;52,62;52,92;670.053
2014-06-26;53,04;53,20;52,44;53,20;749.401
2014-06-27;53,40;53,50;52,41;52,77;451.614
2014-06-30;52,61;53,26;52,60;53,19;494.024
2014-07-01;53,25;53,77;53,12;53,69;669.718
2014-07-02;53,50;53,58;52,80;52,92;887.557
2014-07-03;53,16;53,45;52,95;53,02;625.029
2014-07-04;53,00;53,28;52,91;53,17;333.952
2014-07-07;53,00;53,19;52,57;52,61;866.842
2014-07-08;52,53;52,60;51,80;51,91;840.346
2014-07-09;51,92;52,10;51,46;51,57;501.269
2014-07-10;51,50;51,55;50,48;50,54;675.271
2014-07-11;50,48;50,77;50,00;50,24;601.059
2014-07-14;50,19;50,88;50,00;50,66;380.916
2014-07-15;50,68;50,79;50,38;50,60;492.929
2014-07-16;50,62;50,93;50,58;50,84;362.298
2014-07-17;50,69;50,72;49,84;49,94;657.693
2014-07-18;49,85;52,40;49,35;52,09;1.910.132
2014-07-21;52,14;53,03;51,98;52,41;931.414
2014-07-22;52,60;52,70;51,72;52,10;688.017
2014-07-23;52,02;52,68;51,94;52,58;601.666
2014-07-24;52,54;53,29;52,08;53,19;715.374
2014-07-25;52,92;52,99;52,13;52,21;634.591
2014-07-28;52,39;52,73;52,18;52,57;481.688
2014-07-29;52,54;52,76;52,28;52,53;447.279
2014-07-30;52,43;52,64;51,79;51,94;680.042
2014-07-31;52,00;52,17;51,32;51,68;688.781
2014-08-01;51,52;51,56;50,55;51,22;712.267
2014-08-04;51,27;51,38;50,42;50,46;730.310
2014-08-05;50,50;51,74;49,79;50,57;1.532.428
2014-08-06;49,99;49,99;48,74;49,70;1.224.253
2014-08-07;49,61;49,92;48,87;48,87;865.294
2014-08-08;48,50;48,50;47,78;48,03;1.101.152
2014-08-11;48,25;48,72;48,10;48,57;673.928
2014-08-12;48,64;49,08;48,15;48,32;647.368
2014-08-13;48,46;48,69;48,09;48,19;597.342
2014-08-14;48,10;48,26;47,74;48,14;700.175
2014-08-15;48,28;48,53;47,72;47,81;797.692
2014-08-18;48,15;48,30;47,84;48,13;451.834
2014-08-19;48,23;48,53;48,03;48,40;343.498
2014-08-20;48,59;49,30;48,48;48,77;915.263
2014-08-21;48,96;49,61;48,69;49,51;675.394
2014-08-22;49,58;50,07;49,32;49,70;812.925
2014-08-25;50,01;50,24;49,85;50,10;370.538
2014-08-26;50,00;50,83;50,00;50,68;462.089
2014-08-27;50,61;50,84;50,50;50,73;310.655
2014-08-28;50,55;50,80;50,48;50,80;507.260
2014-08-29;50,80;51,00;50,46;50,82;442.076
2014-09-01;50,87;50,95;50,48;50,82;310.640
2014-09-02;50,90;51,21;50,72;50,81;379.104
2014-09-03;50,85;51,41;50,63;51,20;530.904
2014-09-04;51,00;51,49;50,90;51,34;601.002
2014-09-05;51,14;51,34;50,37;50,40;753.510
2014-09-08;50,42;50,99;50,38;50,82;510.105
2014-09-09;50,86;50,86;50,34;50,44;361.520
2014-09-10;50,30;50,35;49,91;49,93;387.350
2014-09-11;50,00;50,01;49,63;49,85;503.732
2014-09-12;49,85;50,04;49,61;49,79;507.058
2014-09-15;49,67;49,82;49,44;49,78;254.482
2014-09-16;49,71;49,83;49,18;49,38;471.584
2014-09-17;49,43;49,72;49,29;49,29;486.930
2014-09-18;49,30;50,21;49,14;50,21;763.673
2014-09-19;50,37;50,72;50,18;50,28;834.981
2014-09-22;50,20;50,26;49,87;50,22;383.377
2014-09-23;50,11;50,24;49,20;49,25;646.263
2014-09-24;49,43;49,80;49,26;49,75;503.008
2014-09-25;50,01;50,12;49,18;49,37;637.326
2014-09-26;49,36;49,36;48,47;48,74;954.469
2014-09-29;48,78;49,15;48,41;48,71;720.061
2014-09-30;48,96;48,99;48,63;48,86;727.419
2014-10-01;48,81;48,94;47,84;48,03;962.649
2014-10-02;47,74;48,75;47,54;47,78;1.215.603
2014-10-03;48,27;48,33;47,87;48,14;678.636
2014-10-06;48,61;49,19;48,40;48,75;636.397
2014-10-07;48,83;48,84;47,83;48,04;699.505
2014-10-08;47,65;47,93;47,17;47,72;695.844
2014-10-09;48,09;48,45;47,42;47,46;587.038
2014-10-10;47,06;48,64;46,48;47,50;1.549.966
2014-10-13;47,08;47,75;46,57;47,36;973.287
2014-10-14;47,12;47,41;46,35;47,18;790.717
2014-10-17;44,77;45,25;44,22;45,08;1.446.572
2014-10-20;45,28;46,31;45,25;45,72;1.112.511
2014-10-21;45,65;46,73;45,22;46,67;768.453
2014-10-22;46,73;47,45;46,73;47,11;612.772
2014-10-23;47,05;47,60;46,62;47,60;673.282
2014-10-24;47,45;47,45;46,90;47,15;684.072
2014-10-27;47,42;47,94;46,91;47,27;641.400
2014-10-28;47,53;47,77;47,14;47,62;659.172
2014-10-29;47,92;48,11;47,66;47,80;411.347
2014-10-30;49,20;49,95;48,57;49,28;2.023.560
2014-10-31;49,50;50,46;49,44;49,97;1.271.789
2014-11-03;49,79;50,22;48,81;48,98;939.381
2014-11-04;49,40;51,15;49,33;49,76;1.580.127
2014-11-05;49,73;50,67;48,32;49,90;1.721.002
2014-11-06;49,92;50,60;49,78;50,04;709.713
2014-11-07;50,10;50,49;49,90;50,00;737.417
2014-11-10;50,11;51,04;49,92;50,69;781.361
2014-11-11;50,91;51,11;50,58;50,84;495.940
2014-11-12;50,80;51,07;50,70;50,95;850.096
2014-11-13;51,15;51,42;50,97;51,08;631.386
2014-11-14;51,02;51,69;51,02;51,50;693.758
2014-11-17;51,24;51,69;51,22;51,41;515.282
2014-11-18;51,56;51,86;51,40;51,45;480.938
2014-11-19;51,54;52,18;51,35;52,18;686.327
2014-11-20;51,91;52,12;51,71;51,96;679.968
2014-11-21;51,99;52,27;51,89;52,00;798.212
2014-11-24;52,00;52,21;51,92;52,00;533.103
2014-11-25;52,00;52,25;51,82;52,00;422.926
2014-11-26;52,75;53,61;52,75;52,97;840.950
2014-11-27;53,08;53,46;53,02;53,38;471.335
2014-11-28;53,21;53,40;52,71;52,87;799.749
2014-12-01;52,50;52,83;52,25;52,77;489.569
2014-12-02;52,80;53,43;52,80;53,09;427.349
2014-12-03;53,02;53,56;52,99;53,56;452.955
2014-12-04;53,59;53,97;53,26;53,35;666.958
2014-12-05;53,45;53,90;53,37;53,76;437.440
2014-12-08;53,76;54,00;53,56;53,73;398.454
2014-12-09;53,35;53,42;52,57;52,62;677.860
2014-12-10;52,92;52,93;52,39;52,39;446.809
2014-12-11;52,24;52,51;51,80;51,85;614.098
2014-12-12;51,50;51,56;50,73;50,80;559.853
2014-12-15;50,60;50,60;49,08;49,12;963.876
2014-12-16;49,12;49,48;48,04;49,37;1.588.105
2014-12-17;48,90;49,41;48,75;49,28;692.251
2014-12-18;49,82;50,16;49,75;50,04;646.569
2014-12-19;50,48;50,60;49,80;50,27;937.306
2014-12-22;49,84;50,92;49,82;50,52;459.859
2014-12-23;50,62;51,55;50,52;51,55;487.628
2014-12-24;51,65;51,75;51,26;51,30;103.799
2014-12-29;51,48;51,58;50,61;50,98;363.891
2014-12-30;50,72;50,95;50,21;50,39;380.847
2014-12-31;50,35;50,75;50,15;50,64;180.118
2015-01-02;50,96;51,16;50,05;50,18;346.274
2015-01-05;50,05;50,44;48,82;48,99;753.311
2015-01-06;48,95;49,06;48,03;48,29;798.094
2015-01-07;48,58;48,58;46,07;46,51;2.132.105
2015-01-08;46,07;47,27;46,07;47,18;1.541.555
2015-01-09;47,14;47,21;46,31;46,68;1.058.367
2015-01-12;46,40;46,63;45,97;46,49;838.711
2015-01-13;46,33;47,35;46,27;46,94;757.802
2015-01-14;46,51;47,37;46,25;47,13;1.045.077
2015-01-15;47,47;47,50;42,61;43,09;4.506.354
2015-01-16;43,08;44,31;42,40;44,15;2.715.665
2015-01-19;44,15;44,16;42,82;43,40;1.561.762
2015-01-20;43,30;43,77;43,05;43,21;1.143.411
2015-01-21;43,33;44,28;43,10;44,28;1.391.382
2015-01-22;44,54;44,92;43,87;44,74;1.539.889
2015-01-23;44,83;45,27;44,06;45,00;1.518.721
2015-01-26;44,90;46,24;44,83;46,22;1.266.064
2015-01-27;46,25;46,80;46,02;46,15;1.122.092
2015-01-28;46,46;46,65;45,59;46,65;1.369.983
2015-01-29;46,51;47,40;46,38;47,23;985.084
2015-01-30;47,16;47,50;46,60;47,22;1.324.191
2015-02-02;47,28;47,62;46,81;47,24;757.612
2015-02-03;47,35;47,48;46,76;46,93;911.767
2015-02-04;46,95;47,10;46,14;46,51;1.115.616
2015-02-05;46,24;46,50;45,95;46,32;935.155
2015-02-06;46,30;46,73;45,96;46,48;743.188
2015-02-09;46,35;46,39;45,81;46,19;761.743
2015-02-10;46,34;46,47;45,28;45,52;1.059.274
2015-02-11;47,00;48,77;47,00;47,05;3.059.271
2015-02-12;47,11;48,38;46,75;46,98;1.775.257
2015-02-13;47,01;48,60;47,01;48,34;1.331.910
2015-02-16;48,33;48,50;47,90;48,04;841.298
2015-02-17;47,65;48,34;47,45;47,68;606.820
2015-02-18;47,61;47,69;46,45;47,06;1.262.774
2015-02-19;47,00;47,95;46,74;47,94;931.889
2015-02-20;47,92;48,28;47,65;48,16;565.104
2015-02-23;48,50;49,12;48,31;48,84;851.425
2015-02-24;48,90;49,74;48,79;49,68;1.046.823
2015-02-25;49,75;50,48;49,44;49,71;827.876
2015-02-26;49,76;50,08;49,59;49,80;656.800
2015-02-27;49,85;50,08;49,62;49,90;676.017
2015-03-02;50,00;50,33;49,14;49,89;905.381
2015-03-03;49,82;50,41;49,21;49,33;607.414
2015-03-04;49,30;49,63;48,76;49,28;522.983
2015-03-05;49,41;50,46;49,40;50,46;946.779
2015-03-06;50,42;51,29;50,23;50,84;818.144
2015-03-09;50,60;50,95;50,14;50,92;581.266
2015-03-10;50,74;51,09;50,37;50,64;670.358
2015-03-11;50,69;51,45;50,64;51,33;607.408
2015-03-12;51,48;51,73;51,06;51,39;560.991
2015-03-13;51,40;51,50;50,85;51,04;596.682
2015-03-16;52,00;52,98;51,85;52,05;1.423.846
2015-03-17;52,05;52,05;50,73;51,06;911.727
2015-03-18;51,26;51,65;50,76;51,00;764.474
2015-03-19;51,03;51,31;50,38;50,55;815.864
2015-03-20;51,40;51,62;50,86;51,39;1.421.673
2015-03-23;51,46;51,53;50,20;51,05;699.488
2015-03-24;50,99;51,78;50,85;51,62;897.820
2015-03-25;51,73;52,15;51,38;51,60;840.715
2015-03-26;51,16;51,44;50,60;51,44;1.121.608
2015-03-27;52,11;52,25;51,45;51,87;878.969
2015-03-30;51,75;52,69;51,58;52,62;827.979
2015-03-31;52,58;52,97;51,32;51,97;917.722
2015-04-01;51,75;52,28;51,38;51,44;974.262
2015-04-02;51,36;51,65;51,03;51,48;581.777
2015-04-07;51,90;52,45;51,90;52,42;799.105
2015-04-08;52,44;52,80;52,12;52,24;507.997
2015-04-09;52,40;52,40;51,77;52,30;611.858
2015-04-10;52,49;53,15;52,21;53,09;580.052
2015-04-13;53,20;53,71;52,92;53,56;521.741
2015-04-14;53,31;53,65;52,98;53,19;603.301
2015-04-15;53,29;53,80;52,96;53,50;579.023
2015-04-16;53,33;53,86;52,84;52,87;709.827
2015-04-17;52,65;53,09;50,65;51,26;1.540.300
2015-04-20;51,40;51,88;51,32;51,78;560.881
2015-04-21;52,20;52,93;52,11;52,66;857.801
2015-04-22;52,84;52,84;51,83;52,30;781.837
2015-04-23;52,30;52,59;51,69;52,00;869.445
2015-04-24;52,21;52,60;51,85;51,97;650.006
2015-04-27;52,32;52,34;51,53;52,03;930.591
2015-04-28;52,12;52,27;51,05;51,33;994.119
2015-04-29;52,95;53,02;50,77;50,97;1.845.636
2015-04-30;50,80;50,98;50,05;50,95;1.291.116
2015-05-04;51,00;52,34;50,70;52,05;1.075.788
2015-05-05;50,98;51,06;50,15;50,22;1.002.354
2015-05-06;50,11;50,33;48,92;49,20;1.209.657
2015-05-07;48,94;49,16;48,07;48,94;1.258.715
2015-05-08;49,08;50,75;48,66;50,64;1.582.070
2015-05-11;50,51;51,02;50,22;50,59;1.110.288
2015-05-12;50,46;51,05;50,03;50,35;1.351.690
2015-05-13;50,35;51,48;49,70;49,95;1.384.489
2015-05-14;49,90;51,25;49,48;51,03;1.131.288
2015-05-15;51,18;54,00;50,88;53,34;3.937.498
2015-05-18;53,34;54,46;52,44;53,03;1.618.483
2015-05-19;53,16;53,74;52,43;53,37;1.607.889
2015-05-20;53,37;53,91;52,93;53,50;1.491.173
2015-05-21;53,34;53,51;53,01;53,31;679.979
2015-05-22;53,20;53,59;53,08;53,48;639.635
2015-05-25;53,49;53,50;53,10;53,38;130.265
2015-05-26;53,37;53,95;53,07;53,49;1.054.634
2015-05-27;53,48;54,51;53,41;54,42;1.033.308
2015-05-28;54,33;54,94;54,07;54,82;980.342
2015-05-29;54,59;54,84;53,91;53,99;1.930.536
2015-06-01;54,50;54,50;53,49;53,59;905.633
2015-06-02;53,70;53,85;53,01;53,40;806.891
2015-06-03;53,43;54,01;53,22;53,77;761.595
2015-06-04;53,74;53,82;52,65;53,28;714.445
2015-06-05;53,06;53,25;52,51;53,09;918.464
2015-06-08;52,89;54,07;52,26;53,85;1.149.424
2015-06-09;53,75;53,82;52,96;53,58;1.073.397
2015-06-10;53,50;53,78;53,15;53,66;1.030.045
2015-06-11;53,60;54,20;53,14;53,62;935.079
2015-06-12;53,45;53,63;52,72;53,24;713.243
2015-06-15;52,88;53,17;52,41;53,14;949.901
2015-06-16;52,71;53,32;52,25;53,16;626.942
2015-06-17;53,25;53,53;52,58;52,68;805.424
2015-06-18;52,50;52,89;51,80;52,89;655.152
2015-06-19;52,78;53,32;52,42;52,45;1.038.205
2015-06-22;52,97;53,67;52,71;53,59;1.255.259
2015-06-23;53,99;54,72;53,83;54,45;1.016.839
2015-06-24;54,22;54,59;54,01;54,38;891.051
2015-06-25;54,23;55,00;53,95;54,97;1.147.637
2015-06-26;54,79;55,37;54,61;55,11;734.616
2015-06-29;53,19;53,68;52,80;52,97;1.368.145
2015-06-30;52,92;52,92;51,85;52,00;1.484.396
2015-07-01;52,48;53,56;52,18;53,29;1.094.434
2015-07-02;53,48;53,73;52,81;52,95;604.805
2015-07-03;53,00;53,03;52,21;52,61;481.541
2015-07-06;51,91;52,31;51,44;51,80;747.840
2015-07-07;51,96;51,96;50,35;50,48;745.367
2015-07-08;50,57;50,90;50,18;50,44;767.397
2015-07-09;50,52;51,88;50,45;51,72;624.904
2015-07-10;52,52;52,75;52,20;52,52;594.764
2015-07-13;53,02;53,64;52,89;53,51;595.128
2015-07-14;53,55;53,93;53,51;53,81;512.338
2015-07-15;53,68;53,87;53,35;53,69;669.140
2015-07-16;54,00;54,47;53,81;54,18;649.783
2015-07-17;54,14;54,64;54,06;54,25;493.857
2015-07-20;54,54;54,90;54,35;54,66;385.501
2015-07-21;54,89;55,07;54,65;54,76;485.746
2015-07-22;54,43;54,81;54,35;54,54;387.410
2015-07-23;54,79;54,79;53,82;53,89;680.920
2015-07-24;53,62;53,67;52,14;52,26;1.324.915
2015-07-27;52,12;52,17;51,07;51,30;686.741
2015-07-28;51,58;52,03;51,05;51,68;683.039
2015-07-29;51,88;52,24;51,26;52,17;673.833
2015-07-30;52,46;52,52;51,68;52,02;477.582
2015-07-31;52,16;52,38;51,67;52,01;590.704
2015-08-03;51,96;52,57;51,58;52,51;674.301
2015-08-04;53,03;53,25;52,01;52,25;868.325
2015-08-05;52,20;53,30;52,01;52,85;811.492
2015-08-06;52,93;53,00;51,93;52,44;663.433
2015-08-07;52,24;52,72;52,09;52,42;388.806
2015-08-10;52,50;53,01;52,18;52,90;499.780
2015-08-11;52,99;53,03;51,96;52,09;658.791
2015-08-12;51,79;51,86;50,54;50,73;864.475
2015-08-13;51,35;51,61;50,86;51,17;603.833
2015-08-14;51,17;51,64;50,81;50,94;444.801
2015-08-17;51,28;51,59;50,80;51,46;530.729
2015-08-18;51,30;51,74;51,14;51,39;401.576
2015-08-19;51,23;51,23;50,13;50,28;602.107
2015-08-20;50,10;50,15;48,25;48,30;976.479
2015-08-21;47,69;47,82;46,25;46,25;1.381.571
2015-08-24;45,00;45,71;42,93;44,77;2.023.593
2015-08-25;45,44;47,14;45,24;46,39;1.849.424
2015-08-26;46,00;46,57;44,90;45,42;1.264.221
2015-08-27;46,45;47,19;46,09;46,85;962.493
2015-08-28;47,08;47,20;46,18;46,89;632.549
2015-08-31;46,67;47,12;46,52;46,91;462.694
2015-09-01;46,24;46,59;45,15;45,42;947.592
2015-09-02;45,56;46,13;45,19;45,64;546.050
2015-09-03;45,98;46,88;45,90;46,61;598.329
2015-09-04;46,17;46,18;44,79;45,18;821.165
2015-09-07;45,53;45,78;44,98;45,26;358.556
2015-09-08;45,45;46,38;45,23;46,13;470.646
2015-09-09;47,21;47,53;46,44;46,53;595.876
2015-09-10;46,26;46,50;45,31;45,50;830.375
2015-09-11;45,50;45,63;44,88;45,00;642.949
2015-09-14;45,00;45,33;44,49;44,73;593.731
2015-09-15;44,78;45,50;44,40;45,20;776.328
2015-09-16;45,46;45,92;45,37;45,52;601.607
2015-09-17;45,54;45,61;44,80;44,82;573.578
2015-09-18;44,53;44,57;42,57;43,16;1.812.943
2015-09-21;43,15;44,03;43,02;43,84;660.095
2015-09-22;43,85;43,86;41,95;41,96;1.365.605
2015-09-23;41,96;42,52;41,65;42,11;763.364
2015-09-24;42,08;42,19;40,50;40,90;1.014.664
2015-09-25;41,42;42,05;41,21;41,59;937.005
2015-09-28;41,50;41,66;39,57;39,62;1.032.029
2015-09-29;39,19;41,12;38,71;40,56;1.415.159
2015-09-30;41,35;41,64;40,99;41,20;859.394
2015-10-01;42,01;43,02;42,01;42,15;1.328.360
2015-10-02;42,52;43,02;41,66;42,35;935.977
2015-10-05;43,19;43,83;42,67;43,62;1.046.698
2015-10-06;43,73;44,72;43,38;44,46;871.595
2015-10-07;44,54;45,15;44,30;44,53;715.092
2015-10-08;45,00;46,46;44,96;46,36;1.378.839
2015-10-09;46,84;46,99;46,08;46,27;1.053.638
2015-10-12;46,45;46,62;45,48;45,58;638.890
2015-10-13;45,43;45,61;44,61;45,37;652.292
2015-10-14;46,09;46,33;44,95;45,44;1.015.968
2015-10-15;45,84;46,23;45,44;45,71;713.196
2015-10-16;46,01;46,10;45,54;45,77;776.934
2015-10-19;45,80;46,56;45,80;46,15;466.752
2015-10-20;46,06;46,15;45,39;45,65;437.956
2015-10-21;45,90;46,59;45,46;46,18;390.126
2015-10-22;46,07;47,85;45,95;47,51;714.042
2015-10-23;47,90;48,82;47,74;48,54;941.277
2015-10-26;48,33;48,44;47,98;48,19;605.622
2015-10-27;47,87;48,23;47,18;47,20;762.816
2015-10-28;47,17;48,20;46,96;48,09;551.365
2015-10-29;48,22;48,74;47,75;48,13;885.067
2015-10-30;48,34;48,56;47,56;48,56;771.035
2015-11-02;47,90;49,09;47,83;48,93;686.082
2015-11-03;49,51;50,35;49,33;49,96;1.162.772
2015-11-04;49,80;49,81;47,60;47,95;2.015.333
2015-11-05;47,91;48,67;47,39;48,39;1.167.938
2015-11-06;48,49;49,98;48,47;49,77;998.983
2015-11-09;49,77;49,80;48,51;48,63;759.847
2015-11-10;48,82;49,03;48,18;48,83;609.459
2015-11-11;49,05;49,44;48,63;48,91;501.458
2015-11-12;48,96;49,35;48,08;48,46;638.171
2015-11-13;48,35;48,71;47,61;47,85;511.063
2015-11-16;47,38;48,12;47,17;47,37;1.053.645
2015-11-17;47,70;48,47;47,59;48,47;1.155.495
2015-11-18;48,42;48,64;47,81;48,51;542.759
2015-11-19;48,94;49,15;48,31;48,72;626.681
2015-11-20;48,84;48,90;48,42;48,56;725.223
2015-11-23;48,54;48,65;47,81;48,22;528.056
2015-11-24;48,16;48,17;47,14;47,67;611.350
2015-11-25;47,81;48,17;47,31;47,94;731.658
2015-11-26;47,97;48,44;47,90;48,18;389.513
2015-11-27;47,90;48,19;47,66;47,86;433.764
2015-11-30;47,76;48,20;47,32;48,16;798.490
2015-12-01;48,13;48,24;47,15;47,18;759.430
2015-12-02;47,28;47,55;46,62;46,68;833.502
2015-12-03;46,65;47,15;44,84;44,85;1.316.835
2015-12-04;44,86;45,39;44,63;44,83;854.170
2015-12-07;45,20;45,89;44,92;45,19;613.838
2015-12-08;45,00;45,17;44,39;44,69;588.605
2015-12-09;45,03;46,52;44,95;45,79;1.523.293
2015-12-10;45,81;45,88;45,05;45,22;575.825
2015-12-11;45,12;45,23;44,15;44,52;742.031
2015-12-14;44,67;44,94;43,90;44,15;775.386
2015-12-15;44,58;45,28;44,46;45,11;639.373
2015-12-16;45,11;45,93;44,81;45,56;544.849
2015-12-17;46,25;46,34;46,00;46,29;833.258
2015-12-18;45,90;46,39;45,88;46,01;1.343.919
2015-12-21;45,89;46,23;45,18;45,18;966.947
2015-12-22;45,67;46,07;45,00;46,00;616.198
2015-12-23;46,35;47,23;46,35;47,01;590.925
2015-12-24;46,92;47,00;46,45;46,80;160.367
2015-12-28;46,90;47,00;46,31;46,32;223.079
2015-12-29;46,65;47,36;46,65;47,36;633.253
2015-12-30;47,25;47,36;46,77;46,83;388.783
2015-12-31;46,67;46,70;46,15;46,28;140.772
2016-01-04;45,85;45,85;44,89;45,16;777.795
2016-01-05;45,85;46,22;44,83;46,02;855.907
2016-01-06;46,21;46,21;44,78;45,02;876.633
2016-01-07;43,82;44,10;43,46;43,87;1.492.468
2016-01-08;43,88;44,51;43,77;43,85;997.817
2016-01-11;43,62;44,25;43,37;43,37;795.909
2016-01-12;43,35;45,32;43,14;44,53;959.989
2016-01-13;45,02;45,85;44,34;44,62;867.853
2016-01-14;44,22;44,28;42,83;43,93;924.099
2016-01-15;43,75;44,28;42,54;42,79;832.321
2016-01-18;42,60;43,29;42,34;42,34;675.607
2016-01-19;42,99;43,37;42,60;42,82;632.198
2016-01-20;42,10;42,73;41,24;41,81;1.071.577
2016-01-21;41,86;43,36;41,86;43,06;998.670
2016-01-22;43,90;44,64;43,65;44,18;854.092
2016-01-25;44,51;44,51;43,48;43,78;615.306
2016-01-26;43,07;44,57;43,00;44,46;637.543
2016-01-27;43,94;44,20;43,42;44,15;651.566
2016-01-28;43,96;44,61;43,50;43,84;950.826
2016-01-29;44,44;44,71;43,80;44,52;787.739
2016-02-01;44,90;45,03;43,91;44,48;748.765
2016-02-02;44,25;44,41;43,22;43,79;809.137
2016-02-03;43,78;45,09;43,47;44,75;1.420.748
2016-02-04;45,21;45,50;44,35;44,74;1.574.550
2016-02-05;44,65;45,20;44,22;44,70;1.515.096
2016-02-08;44,92;44,94;42,96;43,47;1.263.715
2016-02-09;43,37;43,80;42,55;43,21;1.430.643
2016-02-10;43,12;43,36;42,34;42,61;1.606.903
2016-02-11;42,20;42,20;40,89;41,40;1.010.690
2016-02-12;41,91;42,20;41,03;42,20;894.975
2016-02-15;43,13;43,80;42,83;43,44;687.660
2016-02-16;43,88;43,92;43,07;43,67;914.831
2016-02-17;45,45;45,48;42,07;43,36;2.225.642
2016-02-18;43,50;44,11;42,72;43,95;590.083
2016-02-19;43,56;43,61;42,87;43,45;1.250.811
2016-02-22;44,09;44,99;43,98;44,88;1.366.591
2016-02-23;44,59;44,67;43,90;43,93;668.319
2016-02-24;43,75;43,75;42,72;42,95;688.228
2016-02-25;43,45;44,19;43,33;43,97;749.165
2016-02-26;44,49;45,75;44,31;45,30;1.257.505
2016-02-29;45,10;45,55;44,76;45,55;816.838
2016-03-01;45,40;46,88;45,25;46,78;1.158.538
2016-03-02;47,10;47,25;46,25;46,50;847.922
2016-03-03;46,54;46,57;45,99;46,37;1.076.616
2016-03-04;46,55;47,15;46,24;46,67;659.232
2016-03-07;46,50;47,08;46,34;47,00;581.952
2016-03-08;46,75;46,86;46,26;46,59;909.537
2016-03-09;46,68;47,77;46,54;47,57;1.088.883
2016-03-10;47,67;48,63;46,78;46,78;1.435.670
2016-03-11;47,45;48,03;47,33;47,88;866.510
2016-03-14;48,08;48,40;47,93;48,30;651.188
2016-03-15;48,01;48,35;47,79;48,34;676.518
2016-03-16;48,50;48,85;47,84;48,06;797.243
2016-03-17;48,40;48,49;47,62;48,00;832.332
2016-03-18;48,32;48,32;47,79;47,93;1.029.711
2016-03-21;47,79;48,69;47,70;48,26;694.020
2016-03-22;48,28;48,77;47,71;48,77;800.832
2016-03-23;48,88;49,15;48,58;49,00;689.617
2016-03-24;48,72;48,79;47,89;48,13;517.445
2016-03-29;48,17;48,55;48,14;48,33;648.079
2016-03-30;48,61;49,23;48,61;48,92;747.266
2016-03-31;48,79;48,79;48,21;48,34;665.932
2016-04-01;47,87;47,96;47,24;47,54;1.132.451
2016-04-04;47,72;48,40;47,30;48,00;516.942
2016-04-05;47,55;48,02;47,41;47,94;807.272
2016-04-06;48,08;48,20;47,62;47,95;859.717
2016-04-07;48,08;48,67;47,74;47,90;891.602
2016-04-08;48,13;49,57;48,08;49,34;956.120
2016-04-11;49,34;49,76;48,98;49,46;492.370
2016-04-12;49,62;49,92;49,32;49,88;511.011
2016-04-13;50,16;51,04;50,16;50,98;905.174
2016-04-14;51,11;51,39;50,84;51,29;784.329
2016-04-15;51,11;51,41;50,99;51,41;830.441
2016-04-18;50,96;51,97;50,84;51,93;809.256
2016-04-19;51,95;52,72;51,91;52,72;847.108
2016-04-20;52,67;52,85;52,48;52,84;618.700
2016-04-21;52,82;52,95;51,80;52,17;760.829
2016-04-22;51,79;52,80;51,79;52,40;665.995
2016-04-25;52,53;52,70;51,96;52,16;815.227
2016-04-26;53,35;54,00;53,15;53,36;1.561.372
2016-04-27;53,25;54,25;53,15;54,18;862.452
2016-04-28;54,01;54,69;53,85;54,62;958.891
2016-04-29;54,20;54,20;53,08;53,56;937.840
2016-05-02;53,72;53,80;53,08;53,30;550.485
2016-05-03;52,57;52,60;51,53;51,65;955.177
2016-05-04;51,38;51,70;51,13;51,42;709.676
2016-05-05;51,78;51,78;51,35;51,55;346.951
2016-05-06;51,30;51,96;51,02;51,76;522.968
2016-05-09;52,02;52,33;51,48;51,64;520.402
2016-05-10;51,95;52,80;51,92;52,75;962.445
2016-05-11;52,81;52,85;52,39;52,58;485.333
2016-05-12;52,52;53,27;52,32;52,72;783.167
2016-05-13;52,39;52,83;51,79;52,75;720.399
2016-05-16;52,47;52,74;52,18;52,72;296.545
2016-05-17;52,90;53,17;52,43;52,56;527.882
2016-05-18;52,16;52,85;51,96;52,85;520.188
2016-05-19;52,53;52,64;52,13;52,51;697.276
2016-05-20;52,75;52,98;52,61;52,74;582.376
2016-05-23;52,80;53,30;52,49;53,05;693.539
2016-05-24;52,92;53,56;52,62;53,35;666.254
2016-05-25;53,74;53,77;53,14;53,51;591.744
2016-05-26;53,47;54,14;53,45;53,99;424.928
2016-05-27;53,99;54,16;53,66;53,83;433.608
2016-05-30;53,75;54,01;53,61;53,77;216.941
2016-05-31;53,90;53,95;53,49;53,49;744.271
2016-06-01;53,58;55,60;53,50;55,53;1.432.946
2016-06-02;55,39;56,44;55,12;56,21;1.241.840
2016-06-03;56,24;56,29;55,74;55,90;1.086.172
2016-06-06;56,00;56,78;55,84;56,65;780.565
2016-06-07;56,78;57,45;56,68;57,12;816.973
2016-06-08;56,85;57,12;56,56;56,84;582.460
2016-06-09;56,73;56,73;55,49;55,75;919.068
2016-06-10;55,52;55,72;54,49;54,75;670.005
2016-06-13;54,35;54,68;53,88;54,26;818.486
2016-06-14;53,78;53,90;52,40;52,43;1.135.651
2016-06-15;52,80;53,15;52,44;52,44;789.626
2016-06-16;51,91;52,13;51,63;52,01;770.847
2016-06-17;52,27;52,52;52,07;52,40;1.115.472
2016-06-20;53,48;54,17;53,24;53,85;808.498
2016-06-21;53,71;54,38;53,60;53,89;579.594
2016-06-22;54,12;54,26;53,32;53,32;805.710
2016-06-23;53,48;54,47;53,24;54,02;942.833
2016-06-24;50,00;52,53;48,16;51,74;1.815.800
2016-06-27;51,19;51,55;49,10;49,20;1.237.202
2016-06-28;50,10;50,30;49,60;49,78;923.087
2016-06-29;50,62;51,20;50,05;51,20;635.172
2016-06-30;51,11;52,00;50,97;51,99;756.503
2016-07-01;52,15;53,12;51,71;52,96;705.598
2016-07-04;53,32;53,32;52,49;52,78;415.578
2016-07-05;52,27;52,63;52,00;52,41;618.169
2016-07-06;52,06;52,19;51,17;51,66;846.410
2016-07-07;51,82;52,33;51,76;51,88;452.371
2016-07-08;51,85;53,11;51,77;53,09;661.278
2016-07-11;53,44;55,04;53,30;54,93;837.269
2016-07-12;54,98;55,64;54,74;55,20;667.811
2016-07-13;55,23;55,68;55,11;55,42;538.651
2016-07-14;55,69;56,49;55,60;56,40;789.808
2016-07-15;56,12;56,66;56,08;56,57;737.773
2016-07-18;56,56;57,10;56,47;56,71;546.772
2016-07-19;56,60;56,91;56,30;56,88;503.780
2016-07-20;57,00;57,35;56,72;57,28;650.142
2016-07-21;57,03;57,26;56,22;56,84;704.902
2016-07-22;56,52;57,37;56,22;57,28;496.754
2016-07-25;57,16;57,50;57,09;57,17;514.599
2016-07-26;57,16;57,41;57,10;57,22;438.801
2016-07-27;57,35;57,58;56,92;57,23;606.794
2016-07-28;57,46;57,75;56,83;56,84;545.087
2016-07-29;56,97;57,30;56,86;57,26;640.366
2016-08-01;57,42;57,89;57,11;57,75;907.495
2016-08-02;58,90;60,33;58,90;59,76;2.554.486
2016-08-03;60,30;60,72;60,03;60,33;251.691
2016-08-04;60,30;60,72;59,57;59,70;1.158.637
2016-08-05;59,86;60,89;59,71;60,76;907.636
2016-08-08;60,95;61,29;60,65;60,96;732.682
2016-08-09;60,89;61,85;60,68;61,74;890.913
2016-08-10;61,50;62,09;61,44;61,74;571.487
2016-08-11;61,78;62,05;61,35;62,05;727.033
2016-08-12;61,90;62,10;61,64;61,90;422.436
2016-08-15;61,81;62,24;61,80;62,09;293.593
2016-08-16;61,88;62,17;61,63;61,81;522.219
2016-08-17;61,50;61,80;60,91;61,24;730.544
2016-08-18;61,66;61,86;61,45;61,78;587.737
2016-08-19;61,52;61,67;60,98;61,44;588.591
2016-08-22;61,56;62,13;61,08;61,31;650.324
2016-08-23;61,90;62,61;61,73;62,00;773.597
2016-08-24;61,75;62,26;61,52;61,95;327.305
2016-08-25;61,90;61,90;61,50;61,70;418.734
2016-08-26;61,64;62,34;61,45;62,14;376.558
2016-08-29;62,13;62,25;61,54;62,13;351.661
2016-08-30;62,24;62,94;62,24;62,62;481.666
2016-08-31;62,75;62,85;62,32;62,49;841.540
2016-09-01;62,45;63,26;62,45;62,93;600.238
2016-09-02;63,10;64,02;62,86;63,96;594.813
2016-09-05;64,09;64,25;63,71;64,18;501.934
2016-09-06;64,21;64,39;63,17;63,36;599.746
2016-09-07;63,52;63,80;63,13;63,37;630.064
2016-09-08;63,37;63,37;61,91;62,50;729.384
2016-09-09;62,20;62,35;60,91;61,18;743.781
2016-09-12;60,65;60,83;60,06;60,76;616.282
2016-09-13;60,98;61,13;60,21;60,38;654.288
2016-09-14;60,40;60,50;59,92;60,26;560.465
2016-09-15;60,20;60,32;58,49;58,97;1.188.194
2016-09-16;58,93;59,25;58,22;58,70;1.106.901
2016-09-19;58,87;59,28;58,87;59,15;679.399
2016-09-20;58,90;59,65;58,80;59,21;860.664
2016-09-21;59,61;59,81;58,98;58,98;634.861
2016-09-22;59,48;60,54;59,31;60,11;682.071
2016-09-23;59,97;60,74;59,73;60,56;624.330
2016-09-26;60,31;60,31;59,59;59,75;624.917
2016-09-27;60,17;60,17;59,07;59,59;699.183
2016-09-28;59,80;60,81;59,76;60,35;679.997
2016-09-29;60,85;61,34;59,73;59,90;651.807
2016-09-30;59,36;60,29;58,84;60,16;768.606
2016-10-03;59,97;60,49;59,84;60,39;411.234
2016-10-04;60,63;61,58;60,50;60,90;840.385
2016-10-05;60,54;60,66;60,04;60,66;599.217
2016-10-06;60,92;61,29;60,67;61,05;593.540
2016-10-07;61,05;61,11;59,04;59,10;1.174.484
2016-10-10;59,15;60,16;59,13;60,11;541.629
2016-10-11;60,14;60,45;59,31;59,40;482.277
2016-10-12;59,57;59,78;58,45;58,75;752.671
2016-10-13;58,43;58,45;57,91;58,37;884.285
2016-10-14;58,67;59,85;58,57;59,42;557.938
2016-10-17;59,36;59,49;58,91;59,27;429.450
2016-10-18;59,55;60,24;59,52;59,67;680.582
2016-10-19;59,77;60,23;59,25;60,14;471.423
2016-10-20;60,26;61,12;59,97;61,01;689.097
2016-10-21;61,01;61,41;60,47;60,83;834.828
2016-10-24;61,06;61,61;61,04;61,13;461.025
2016-10-25;61,18;61,64;61,14;61,26;521.737
2016-10-26;60,13;60,24;58,59;58,95;1.360.740
2016-10-27;58,87;59,55;57,91;58,10;1.349.253
2016-10-28;58,12;58,57;57,31;58,43;849.399
2016-10-31;58,08;58,76;58,08;58,58;660.209
2016-11-01;58,80;59,06;57,35;57,49;820.190
2016-11-02;57,16;57,34;56,64;57,14;959.283
2016-11-03;57,79;57,98;54,43;54,70;1.926.601
2016-11-04;54,45;56,23;54,37;55,61;1.504.485
2016-11-07;56,31;56,36;55,64;56,16;883.486
2016-11-08;56,30;56,82;56,16;56,61;694.813
2016-11-09;55,01;57,27;55,01;57,20;1.199.837
2016-11-10;57,54;58,11;56,13;56,50;1.007.323
2016-11-11;56,79;56,80;55,45;55,75;930.195
2016-11-14;56,15;56,91;55,75;55,81;908.732
2016-11-15;56,27;56,75;55,70;56,26;667.320
2016-11-16;56,56;56,80;56,02;56,24;672.679
2016-11-17;56,29;57,13;56,07;57,03;749.690
2016-11-18;57,22;57,30;56,72;56,96;758.485
2016-11-21;56,50;56,78;55,99;56,31;851.446
2016-11-22;56,85;57,39;56,56;56,76;622.255
2016-11-23;57,28;58,42;57,17;57,76;1.010.668
2016-11-24;58,00;58,17;57,51;57,74;529.314
2016-11-25;57,92;58,45;57,43;58,32;576.722
2016-11-28;58,18;58,42;57,12;57,40;552.836
2016-11-29;57,50;57,55;56,60;57,05;664.322
2016-11-30;57,24;57,97;57,08;57,22;768.737
2016-12-01;57,16;57,20;56,42;56,56;643.739
2016-12-02;56,20;56,23;55,56;56,16;666.075
2016-12-05;56,17;57,03;56,06;56,44;663.192
2016-12-06;56,40;56,40;55,65;56,29;820.736
2016-12-07;56,71;56,71;55,89;56,50;790.131
2016-12-08;56,74;56,78;56,15;56,49;729.135
2016-12-09;56,49;56,64;55,77;56,06;698.801
2016-12-12;56,00;56,04;54,84;55,25;822.938
2016-12-13;55,19;55,44;54,78;55,43;488.826
2016-12-14;55,24;55,24;54,82;55,00;629.001
2016-12-15;55,18;56,67;55,11;56,20;1.231.305
2016-12-16;56,11;56,76;55,77;56,55;1.098.117
2016-12-19;56,10;56,85;56,10;56,78;490.056
2016-12-20;56,82;57,34;56,72;56,92;484.930
2016-12-21;56,91;57,48;56,76;57,25;440.762
2016-12-22;57,04;57,43;56,99;57,04;359.109
2016-12-23;57,00;57,40;56,93;57,14;320.857
2016-12-27;57,20;57,32;57,00;57,11;151.513
2016-12-28;57,09;57,40;56,79;57,04;265.868
2016-12-29;56,76;57,19;56,73;57,10;165.326
2016-12-30;56,93;57,13;56,39;56,96;334.914
2017-01-02;56,65;57,41;56,65;57,41;237.716
2017-01-03;57,65;57,65;56,85;57,45;593.731
2017-01-04;57,46;58,00;56,71;57,88;730.566
2017-01-05;57,65;57,69;57,01;57,23;607.140
2017-01-06;58,24;59,36;58,07;58,70;1.164.273
2017-01-09;58,95;58,95;57,98;58,62;597.957
2017-01-10;58,51;58,88;57,91;58,30;641.215
2017-01-11;58,17;58,73;58,01;58,49;412.090
2017-01-12;58,10;58,15;57,08;57,20;900.916
2017-01-13;57,41;58,35;57,07;58,32;802.484
2017-01-16;58,14;58,24;57,53;57,62;363.842
2017-01-17;57,50;57,58;56,90;57,44;412.548
2017-01-18;57,73;58,91;57,39;58,40;749.751
2017-01-19;58,50;59,07;58,32;58,52;551.157
2017-01-20;58,40;58,85;58,30;58,72;591.484
2017-01-23;58,59;58,71;58,12;58,30;474.873
2017-01-24;58,31;58,67;58,21;58,53;437.552
2017-01-25;58,75;60,03;58,65;59,84;967.674
2017-01-26;60,09;60,27;59,58;60,12;701.892
2017-01-27;60,00;61,43;59,95;60,74;868.960
2017-01-30;60,73;60,79;59,83;59,90;513.569
2017-01-31;59,87;59,88;59,00;59,00;672.678
2017-02-01;59,08;59,82;58,87;59,30;559.211
2017-02-02;59,00;60,35;58,87;60,09;718.719
2017-02-03;60,13;60,58;59,93;60,16;742.158
2017-02-06;59,89;60,41;59,71;59,95;615.894
2017-02-07;59,80;61,04;59,80;60,50;690.395
2017-02-08;60,76;60,76;59,32;59,86;728.438
2017-02-09;60,04;60,11;59,72;60,00;649.780
2017-02-10;60,30;60,62;59,83;59,96;444.402
2017-02-13;60,00;61,17;60,00;60,92;589.085
2017-02-14;61,35;61,47;60,83;60,96;816.543
2017-02-15;60,96;60,98;59,23;59,88;1.635.351
2017-02-16;60,28;60,92;59,84;60,71;1.107.895
2017-02-17;60,90;61,01;60,30;61,01;1.098.049
2017-02-20;61,28;61,45;60,79;60,99;504.914
2017-02-21;60,90;62,13;60,79;61,71;862.367
2017-02-22;61,97;62,25;61,18;61,32;662.055
2017-02-23;61,40;61,73;61,06;61,46;571.509
2017-02-24;61,37;61,63;60,75;61,40;915.331
2017-02-27;61,53;61,75;61,15;61,70;641.997
2017-02-28;61,71;62,10;61,14;62,00;781.270
2017-03-01;62,11;62,53;61,72;62,47;629.075
2017-03-02;62,60;62,96;62,19;62,34;561.722
2017-03-03;62,30;62,41;61,93;62,00;591.576
2017-03-06;61,99;62,14;61,63;61,89;450.275
2017-03-07;61,89;62,28;61,65;61,79;433.781
2017-03-08;61,63;61,78;61,29;61,59;608.141
2017-03-09;62,40;64,01;62,33;63,49;1.519.927
2017-03-10;63,40;63,73;62,73;63,43;1.000.137
2017-03-13;63,40;63,62;63,16;63,38;498.513
2017-03-14;63,33;63,53;63,13;63,27;471.715
2017-03-15;63,30;63,50;62,87;63,15;655.489
2017-03-16;63,56;63,75;62,08;62,50;1.231.237
2017-03-17;62,25;62,65;61,96;62,33;1.177.749
2017-03-20;62,20;62,67;62,17;62,40;450.541
2017-03-21;62,65;62,83;62,14;62,14;634.513
2017-03-22;62,05;62,40;61,20;61,76;655.053
2017-03-23;61,97;62,26;61,38;62,20;676.649
2017-03-24;62,26;62,76;62,19;62,60;750.540
2017-03-27;62,08;62,62;61,98;62,31;569.442
2017-03-28;63,00;63,39;62,72;63,22;699.551
2017-03-29;63,50;63,66;62,68;62,88;537.683
2017-03-30;62,85;63,92;62,85;63,72;605.999
2017-03-31;63,65;63,83;63,29;63,41;690.351
2017-04-03;63,78;64,47;63,61;64,11;846.990
2017-04-04;64,13;64,40;63,98;64,30;441.420
2017-04-05;64,28;64,56;64,02;64,53;545.802
2017-04-06;64,25;64,58;63,93;64,49;426.069
2017-04-07;64,32;64,99;64,06;64,99;616.180
2017-04-10;64,90;65,12;64,75;64,93;447.297
2017-04-11;64,75;65,81;64,65;65,38;777.963
2017-04-12;65,50;65,76;65,30;65,56;601.068
2017-04-13;65,26;65,56;64,89;65,41;428.439
2017-04-18;65,25;65,85;64,50;64,50;692.993
2017-04-19;64,58;65,34;64,47;64,74;552.033
2017-04-20;64,71;65,11;64,43;64,86;598.910
2017-04-21;64,99;65,20;64,51;64,51;810.210
2017-04-24;65,40;66,68;65,22;66,39;836.440
2017-04-25;66,50;66,70;65,96;66,20;634.574
2017-04-26;66,12;66,45;65,92;66,00;461.828
2017-04-27;65,95;66,11;65,39;65,92;631.834
2017-04-28;65,69;66,00;65,49;65,67;759.066
2017-05-02;66,80;66,92;65,92;66,47;1.139.919
2017-05-03;66,69;66,98;66,27;66,81;789.801
2017-05-04;67,00;67,48;66,80;67,48;847.113
2017-05-05;67,33;67,33;65,85;66,20;1.089.475
2017-05-08;66,21;66,32;65,48;65,53;753.398
2017-05-09;65,08;65,93;65,08;65,52;698.905
2017-05-10;65,34;65,59;65,09;65,59;652.705
2017-05-11;65,50;66,49;65,28;65,94;899.303
2017-05-12;66,00;66,32;65,62;65,90;484.869
2017-05-15;66,45;68,22;66,35;68,22;1.479.532
2017-05-16;67,80;67,92;66,86;67,17;885.869
2017-05-17;66,83;66,85;65,95;66,19;754.991
2017-05-18;65,89;66,09;65,46;65,93;977.163
2017-05-19;66,23;66,29;65,70;66,15;654.166
2017-05-22;66,56;66,70;65,85;66,13;612.602
2017-05-23;66,00;66,49;65,96;66,30;509.863
2017-05-24;66,11;66,39;65,75;66,16;519.439
2017-05-25;66,30;66,41;65,57;65,92;338.547
2017-05-26;65,80;66,16;65,44;66,16;489.048
2017-05-29;65,94;66,28;65,80;66,18;256.558
2017-05-30;66,00;66,25;65,46;65,99;450.616
2017-05-31;66,07;66,70;65,70;66,26;1.062.358
2017-06-01;66,34;67,13;66,19;66,63;657.601
2017-06-02;66,88;67,44;66,70;67,13;716.370
2017-06-05;66,89;67,00;65,96;66,13;430.271
2017-06-06;65,93;66,06;65,45;65,45;548.418
2017-06-07;65,30;65,32;64,38;64,99;771.741
2017-06-08;65,01;65,25;64,53;64,79;546.889
2017-06-09;64,80;66,11;64,80;66,07;549.014
2017-06-12;65,82;66,10;65,21;65,31;416.917
2017-06-13;65,63;66,35;65,45;66,33;516.156
2017-06-14;66,52;67,07;66,47;66,65;716.511
2017-06-15;66,51;66,66;65,54;65,65;733.541
2017-06-16;66,14;66,78;66,00;66,68;943.027
2017-06-19;67,01;68,06;67,01;67,82;698.631
2017-06-20;68,21;68,43;67,25;67,25;530.499
2017-06-21;67,09;67,30;66,64;67,17;533.338
2017-06-22;67,11;67,28;66,16;66,48;719.538
2017-06-23;66,25;66,47;65,86;66,10;402.856
2017-06-26;66,26;66,91;65,90;66,06;454.728
2017-06-27;66,25;66,63;65,60;65,79;687.122
2017-06-28;65,60;65,60;64,56;65,00;763.697
2017-06-29;65,38;65,38;63,41;63,77;831.448
2017-06-30;63,81;64,19;63,55;63,64;762.118
2017-07-03;64,06;64,19;63,68;63,98;523.845
2017-07-04;63,80;64,06;63,62;63,88;450.140
2017-07-05;64,10;64,10;63,64;63,75;397.095
2017-07-06;63,87;63,92;62,83;63,25;485.806
2017-07-07;63,12;63,27;62,81;63,02;484.919
2017-07-10;63,35;63,37;62,95;62,97;490.582
2017-07-11;63,08;63,48;62,81;62,98;437.571
2017-07-12;63,07;63,86;63,07;63,43;692.350
2017-07-13;63,62;64,05;63,47;63,64;557.285
2017-07-14;63,68;63,82;63,39;63,80;417.727
2017-07-17;64,00;64,20;63,71;64,12;462.547
2017-07-18;64,13;64,42;63,56;63,74;616.497
2017-07-19;64,00;64,11;63,73;63,95;502.440
2017-07-20;64,36;64,70;63,60;63,78;631.492
2017-07-21;63,78;64,02;63,06;63,44;585.716
2017-07-24;63,59;63,66;62,67;62,94;629.083
2017-07-25;63,00;63,46;62,79;62,87;437.501
2017-07-26;62,86;63,49;62,56;62,98;391.440
2017-07-27;62,88;62,89;62,10;62,50;816.844
2017-07-28;62,36;62,39;61,80;62,01;743.791
2017-07-31;62,10;62,66;61,92;62,38;861.292
2017-08-01;64,60;66,42;64,24;65,89;2.109.623
2017-08-02;65,93;66,34;64,82;65,01;1.326.105
2017-08-03;64,70;64,93;63,95;64,76;840.603
2017-08-04;64,91;65,06;64,23;65,06;761.636
2017-08-07;65,43;65,46;64,13;64,63;597.566
2017-08-08;64,55;64,98;64,24;64,53;763.253
2017-08-09;64,10;64,10;63,19;63,38;786.172
2017-08-10;63,51;63,51;62,53;62,77;715.677
2017-08-11;62,50;62,73;62,03;62,39;677.619
2017-08-14;62,86;63,22;62,70;63,05;545.577
2017-08-15;63,33;63,38;62,68;63,00;442.550
2017-08-16;63,10;63,68;62,99;63,47;480.199
2017-08-17;63,45;63,80;63,20;63,47;517.645
2017-08-18;63,12;63,34;62,56;63,25;688.664
2017-08-21;63,13;63,71;62,91;63,34;682.182
2017-08-22;63,72;64,35;63,45;64,23;508.594
2017-08-23;64,25;65,05;64,21;64,71;725.433
2017-08-24;64,73;65,03;64,29;64,98;586.494
2017-08-25;64,95;65,24;64,62;64,68;426.523
2017-08-28;64,44;64,44;63,81;64,10;305.055
2017-08-29;63,71;63,75;62,82;63,29;465.113
2017-08-30;63,60;63,86;63,31;63,47;342.645
2017-08-31;63,82;64,42;63,73;63,73;673.454
2017-09-01;64,43;65,96;64,15;65,26;1.092.938
2017-09-04;65,00;65,11;64,48;64,90;543.234
2017-09-05;65,28;65,44;64,80;64,80;551.145
2017-09-06;64,56;64,78;64,22;64,53;412.201
2017-09-07;64,55;64,99;64,38;64,82;374.012
2017-09-08;64,69;65,41;64,57;65,41;431.709
2017-09-11;65,81;66,32;65,64;65,99;528.018
2017-09-12;66,34;66,34;65,97;66,32;477.189
2017-09-13;66,30;66,40;65,83;66,20;481.617
2017-09-14;66,23;66,46;66,03;66,03;490.801
2017-09-15;66,00;66,35;65,93;66,08;713.392
2017-09-18;66,41;66,74;66,37;66,59;418.363
2017-09-19;66,79;67,06;66,50;66,70;559.702
2017-09-20;66,80;66,98;66,48;66,98;422.574
2017-09-21;67,20;67,40;66,77;67,40;567.049
2017-09-22;67,35;67,84;67,15;67,73;594.368
2017-09-25;67,74;67,80;66,96;67,11;632.453
2017-09-26;67,23;68,23;67,12;67,93;949.039
2017-09-27;68,19;68,22;67,91;68,14;486.492
2017-09-28;68,20;69,73;68,14;69,40;1.154.507
2017-09-29;69,45;69,52;68,83;69,26;739.462
2017-10-02;69,54;69,84;69,35;69,55;610.075
2017-10-03;69,59;69,86;69,58;69,75;347.870
2017-10-04;69,71;70,33;69,71;70,30;825.785
2017-10-05;70,40;70,50;69,65;69,91;577.686
2017-10-06;70,00;70,03;69,23;69,45;427.366
2017-10-09;70,44;71,21;70,29;70,51;933.982
2017-10-10;70,54;70,85;70,24;70,57;550.913
2017-10-11;70,50;70,50;70,05;70,24;461.959
2017-10-12;70,35;71,67;70,18;71,50;1.016.439
2017-10-13;71,44;72,42;71,37;72,23;783.769
2017-10-16;72,36;72,60;71,90;72,00;674.766
2017-10-17;72,25;72,39;71,36;71,71;659.027
2017-10-18;71,74;72,40;71,59;72,14;517.045
2017-10-19;72,14;72,40;71,32;72,02;752.142
2017-10-20;72,47;73,14;72,21;72,71;856.990
2017-10-23;73,09;73,09;72,48;72,95;516.496
2017-10-24;72,95;73,10;72,46;72,51;597.054
2017-10-25;72,53;73,01;72,44;72,61;441.854
2017-10-26;72,78;73,47;72,44;73,36;567.155
2017-10-27;73,56;73,78;72,89;73,12;750.386
2017-10-30;73,00;73,47;72,69;73,16;582.481
2017-10-31;73,06;73,46;73,01;73,24;621.718
2017-11-01;73,41;74,09;73,34;73,83;766.931
2017-11-02;74,25;74,85;73,23;74,75;1.179.165
2017-11-03;74,90;76,00;74,50;75,93;1.072.658
2017-11-06;75,83;76,02;75,47;75,78;705.549
2017-11-07;76,00;76,93;76,00;76,49;1.044.693
2017-11-08;76,46;76,84;76,23;76,65;921.115
2017-11-09;76,32;76,79;75,49;75,66;1.101.186
2017-11-10;75,59;76,40;75,52;75,88;824.583
2017-11-13;75,90;76,12;74,82;75,50;835.747
2017-11-14;75,55;76,31;75,40;75,78;708.949
2017-11-15;75,58;75,81;74,88;75,73;827.545
2017-11-16;75,94;75,99;75,54;75,85;570.102
2017-11-17;75,75;76,76;75,60;76,62;981.786
2017-11-20;76,73;79,02;76,62;78,46;1.252.838
2017-11-21;78,50;79,72;78,12;79,52;984.050
2017-11-22;79,43;79,73;78,26;78,26;926.620
2017-11-23;77,85;78,82;77,65;78,37;423.710
2017-11-24;78,27;78,67;77,97;78,08;721.515
2017-11-27;77,59;78,27;77,45;77,68;544.048
2017-11-28;77,59;78,51;77,59;78,49;527.836
2017-11-29;79,00;79,65;78,43;78,54;903.207
2017-11-30;78,50;79,44;78,35;78,78;897.431
2017-12-01;78,63;78,80;77,19;77,84;931.008
2017-12-04;79,70;80,13;78,97;79,07;987.334
2017-12-05;79,18;79,65;78,39;79,54;620.222
2017-12-06;79,07;80,55;78,68;80,43;948.646
2017-12-07;81,00;81,17;79,88;80,28;791.413
2017-12-08;80,51;80,71;79,34;80,00;724.004
2017-12-11;80,04;80,21;78,99;79,54;627.020
2017-12-12;79,50;80,08;79,23;80,08;566.698
2017-12-13;80,10;80,99;79,78;80,84;800.692
2017-12-14;80,80;81,13;80,17;80,33;559.557
2017-12-15;80,37;80,56;79,81;80,42;989.691
2017-12-18;80,70;81,47;80,68;81,38;720.338
2017-12-19;81,51;81,84;81,20;81,70;572.106
2017-12-20;81,94;82,05;80,55;80,94;656.467
2017-12-21;80,95;80,95;79,87;80,91;653.326
2017-12-22;80,56;80,64;80,00;80,26;519.670
2017-12-27;80,00;80,90;80,00;80,76;379.044
2017-12-28;80,80;81,11;80,36;81,11;348.013
2017-12-29;81,00;81,01;79,67;79,67;407.658
2018-01-02;79,62;79,98;79,02;79,90;514.244
2018-01-03;79,98;81,20;79,98;80,80;599.534
2018-01-04;81,00;82,10;80,92;81,80;700.111
2018-01-05;81,68;82,48;81,66;82,30;667.140
2018-01-08;82,28;82,42;81,82;82,12;469.834
2018-01-09;82,00;82,50;81,88;82,50;426.288
2018-01-10;82,60;82,60;81,26;81,50;537.232
2018-01-11;81,24;81,98;81,04;81,86;515.070
2018-01-12;82,00;82,08;81,52;82,08;472.438
2018-01-15;82,22;82,74;81,82;82,72;507.684
2018-01-16;82,82;83,74;82,50;83,28;716.181
2018-01-17;82,98;83,86;82,58;82,92;671.062
2018-01-18;83,02;83,92;82,94;83,50;904.758
2018-01-19;83,60;84,84;83,52;84,60;811.160
2018-01-22;84,70;85,04;84,34;84,70;529.122
2018-01-23;84,76;85,28;84,36;84,52;538.886
2018-01-24;84,52;84,88;84,00;84,38;555.162
2018-01-25;84,00;84,48;83,32;83,68;1.025.701
2018-01-26;83,56;84,36;83,38;84,28;429.851
2018-01-29;84,30;84,30;83,74;83,94;380.363
2018-01-30;83,60;84,46;83,24;83,62;439.340
2018-01-31;83,62;83,94;82,90;83,22;648.242
2018-02-01;83,52;84,00;82,82;83,14;623.174
2018-02-02;83,18;83,18;80,58;80,80;883.630
2018-02-05;80,20;80,70;79,48;80,60;657.278
2018-02-06;77,48;80,40;77,00;79,22;1.154.963
2018-02-07;80,26;81,06;79,52;80,70;1.049.664
2018-02-08;80,36;80,70;78,44;78,64;871.756
2018-02-09;78,02;79,30;77,52;77,86;865.092
2018-02-12;78,98;79,82;78,60;79,40;632.929
2018-02-13;79,46;79,76;78,80;78,90;745.076
2018-02-14;82,34;82,96;80,56;81,24;1.621.044
2018-02-15;82,04;84,94;81,94;84,44;1.433.427
2018-02-16;84,90;86,70;84,60;85,06;1.340.706
2018-02-19;85,00;85,22;83,46;83,70;519.650
2018-02-20;83,88;84,84;83,66;84,14;772.740
2018-02-21;84,00;85,08;83,58;85,04;725.336
2018-02-22;84,46;85,04;84,18;84,48;551.968
2018-02-23;84,90;84,90;84,10;84,24;432.810
2018-02-26;84,42;84,74;83,96;84,38;486.164
2018-02-27;0,00;0,00;0,00;85,40;0
2018-02-28;84,92;85,64;84,78;85,14;723.732
2018-03-01;84,74;84,92;82,18;82,46;1.042.562
2018-03-02;81,62;81,74;80,22;80,30;1.012.833
2018-03-05;80,12;81,96;80,12;81,58;654.199
2018-03-06;81,20;82,12;81,04;81,20;846.536
2018-03-07;80,90;81,12;79,90;80,30;987.381
2018-03-08;80,64;80,64;79,56;80,40;1.048.313
2018-03-09;80,34;81,34;79,84;81,26;637.481
2018-03-12;81,64;82,18;81,14;81,62;535.025
2018-03-13;81,66;81,84;80,12;80,56;722.639
2018-03-14;80,62;80,84;79,72;79,90;530.195
2018-03-15;80,28;80,62;79,56;80,46;527.416
2018-03-16;0,00;0,00;0,00;80,06;0
2018-03-19;0,00;0,00;0,00;79,80;0
2018-03-20;0,00;0,00;0,00;81,10;0
2018-03-21;0,00;0,00;0,00;81,98;0
2018-03-22;0,00;0,00;0,00;80,38;0
2018-03-23;79,42;79,76;78,64;79,52;704.877
2018-03-26;79,62;79,72;77,76;78,18;696.105
2018-03-27;79,56;80,48;79,48;80,04;781.493
2018-03-28;79,26;80,68;78,92;80,68;782.889
2018-03-29;80,76;81,18;79,82;80,64;657.769
2018-04-03;80,04;81,20;79,80;80,92;728.659
2018-04-04;81,04;81,22;79,40;79,86;673.927
2018-04-05;81,16;82,08;80,64;81,76;536.043
2018-04-06;81,36;81,80;80,60;81,32;625.212
2018-04-09;81,50;81,96;80,82;81,42;541.742
2018-04-10;82,22;83,18;81,62;83,02;668.528
2018-04-11;82,76;83,32;82,16;82,42;508.958
2018-04-12;86,00;87,46;85,94;86,50;1.772.491
2018-04-13;86,98;87,32;85,48;85,60;1.084.793
2018-04-16;85,82;86,70;85,82;86,08;574.209
2018-04-17;86,52;87,14;86,36;86,58;623.955
2018-04-18;86,90;87,14;86,30;86,90;578.391
2018-04-19;87,00;87,74;86,28;86,64;541.669
2018-04-20;86,54;86,88;85,90;86,44;647.898
2018-04-23;86,20;87,16;86,14;87,16;544.703
2018-04-24;87,00;87,98;86,70;87,86;603.291
2018-04-25;87,16;87,38;85,28;85,70;726.159
2018-04-26;85,68;86,62;85,36;86,52;526.017
2018-04-27;86,70;87,54;86,38;86,52;462.272
2018-04-30;86,70;87,54;85,82;85,82;613.130
2018-05-02;85,60;87,06;85,14;86,74;657.563
2018-05-03;87,08;87,40;85,92;86,20;540.609
2018-05-04;86,62;86,94;85,82;86,00;498.649
2018-05-07;84,08;86,64;84,02;86,42;884.972
2018-05-08;84,82;86,30;84,20;86,00;968.051
2018-05-09;86,42;86,42;85,30;85,60;852.979
2018-05-10;85,92;86,42;85,52;86,16;635.786
2018-05-11;85,00;85,58;84,84;85,48;585.261
2018-05-14;85,60;85,80;84,98;85,72;439.176
2018-05-15;85,60;87,32;85,56;87,28;868.898
2018-05-16;87,20;88,36;87,16;87,98;570.041
2018-05-17;88,00;88,64;87,82;88,64;570.822
2018-05-18;88,60;89,28;88,22;88,72;587.630
2018-05-21;89,14;89,76;88,82;89,60;360.382
2018-05-22;89,60;89,60;88,80;88,82;559.699
2018-05-23;88,28;88,58;86,84;87,38;694.733
2018-05-24;87,42;87,92;86,82;87,26;683.278
2018-05-25;87,72;87,98;86,76;87,10;806.873
2018-05-28;87,78;87,96;86,66;87,00;348.704
2018-05-29;86,52;86,94;85,28;85,28;782.287
2018-05-30;0,00;85,74;84,78;85,44;707.687
2018-05-31;85,60;86,56;85,18;85,18;1.349.624
2018-06-01;85,80;87,00;85,78;86,98;726.043
2018-06-04;87,48;87,56;86,84;87,10;421.921
2018-06-05;86,78;89,00;86,78;88,60;829.744
2018-06-06;88,40;88,94;87,56;88,62;625.808
2018-06-07;89,00;89,74;88,70;88,82;642.496
2018-06-08;88,10;88,90;87,40;88,60;464.727
2018-06-11;88,92;89,46;88,82;89,20;449.391
2018-06-12;89,50;89,76;88,40;88,40;429.960
2018-06-13;88,60;89,82;88,60;89,56;613.078
2018-06-14;89,12;90,32;88,68;90,18;625.363
2018-06-15;89,66;90,80;89,28;89,28;1.223.945
2018-06-18;89,32;89,60;88,44;89,44;850.667
2018-06-19;88,50;89,64;88,16;89,16;973.355
2018-06-20;89,72;90,76;85,42;85,42;2.617.089
2018-06-21;86,06;86,86;85,38;86,26;1.191.918
2018-06-22;86,74;87,20;85,86;86,54;715.360
2018-06-25;86,30;86,44;84,04;84,40;558.519
2018-06-26;84,80;85,72;84,54;85,16;540.002
2018-06-27;85,00;86,26;83,78;86,20;962.637
2018-06-28;85,98;86,34;83,42;84,24;796.070
2018-06-29;85,54;86,90;85,54;86,12;856.701
2018-07-02;85,16;85,76;84,56;85,56;582.781
2018-07-03;86,16;86,24;85,70;86,04;488.220
2018-07-04;85,82;85,86;84,52;84,86;572.402
2018-07-05;84,98;87,28;84,90;86,72;860.879
2018-07-06;87,18;87,18;85,94;86,68;670.730
2018-07-09;87,28;87,58;86,74;86,98;506.534
2018-07-10;87,50;88,98;87,46;88,58;792.668
2018-07-11;87,88;88,26;87,32;87,76;568.191
2018-07-12;87,80;88,38;87,46;87,96;495.016
2018-07-13;88,16;88,90;88,06;88,36;532.298
2018-07-16;88,50;89,10;88,36;88,46;461.531
2018-07-17;88,70;89,56;88,12;89,32;658.044
2018-07-18;89,66;91,00;89,44;90,90;822.306
2018-07-19;90,64;90,92;90,24;90,82;586.334
2018-07-20;90,66;90,94;89,28;90,00;832.067
2018-07-23;89,92;89,92;88,50;88,60;650.462
2018-07-24;89,10;90,18;88,78;89,70;553.027
2018-07-25;89,98;90,42;89,72;89,78;549.982
2018-07-26;90,32;91,56;89,96;91,30;632.008
2018-07-27;91,64;92,26;91,38;91,46;637.462
2018-07-30;91,38;92,12;91,08;91,08;589.199
2018-07-31;91,10;91,44;90,40;91,14;881.065
2018-08-01;88,44;91,38;88,06;90,90;1.367.518
2018-08-02;91,00;92,00;90,50;92,00;1.206.908
2018-08-03;91,92;92,04;91,02;91,08;721.028
2018-08-06;91,18;91,22;90,50;90,68;400.699
2018-08-07;90,98;91,38;90,64;91,00;484.867
2018-08-08;91,08;91,68;91,08;91,42;567.773
2018-08-09;91,46;91,70;91,12;91,60;525.185
2018-08-10;91,14;91,14;89,28;89,58;595.494
2018-08-13;89,30;90,30;88,90;90,08;435.012
2018-08-14;90,22;90,58;90,12;90,52;392.960
2018-08-15;90,52;90,68;89,22;89,72;960.302
2018-08-16;90,24;90,70;89,56;90,44;620.561
2018-08-17;90,80;90,80;88,72;89,18;767.394
2018-08-20;89,60;89,96;89,12;89,64;448.468
2018-08-21;89,66;89,94;89,10;89,76;403.808
2018-08-22;89,52;89,96;89,38;89,64;389.393
2018-08-23;89,80;90,16;89,50;89,64;330.785
2018-08-24;89,38;90,08;89,36;89,82;396.357
2018-08-27;90,14;91,58;90,08;91,38;590.124
2018-08-28;91,56;92,42;91,50;91,96;677.617
2018-08-29;92,12;92,76;92,12;92,56;507.567
2018-08-30;92,40;92,50;91,60;92,02;343.989
2018-08-31;91,84;91,84;90,02;90,38;700.875
2018-09-03;90,02;90,58;90,02;90,58;370.965
2018-09-04;90,54;91,00;88,36;89,00;684.055
2018-09-05;88,80;88,88;87,82;87,86;611.400
2018-09-06;87,68;87,82;86,84;87,00;577.518
2018-09-07;87,22;87,58;86,52;87,58;626.706
2018-09-10;87,68;87,76;86,86;87,62;466.902
2018-09-11;87,84;88,38;87,36;88,38;595.364
2018-09-12;88,00;89,08;88,00;88,56;603.842
2018-09-13;88,42;89,18;88,34;88,86;420.477
2018-09-14;89,24;90,00;89,10;89,74;643.918
2018-09-17;89,46;89,88;88,84;89,46;463.803
2018-09-18;89,68;91,06;89,38;90,62;759.462
2018-09-19;90,92;91,86;90,74;91,70;584.999
2018-09-20;91,50;92,72;91,28;92,42;639.698
2018-09-21;92,50;93,00;92,10;92,98;1.138.917
2018-09-24;92,16;93,04;91,72;91,86;605.063
2018-09-25;92,10;92,30;91,50;92,12;535.342
2018-09-26;92,12;92,26;91,70;91,96;570.816
2018-09-27;91,60;92,36;91,52;92,00;404.856
2018-09-28;91,88;91,94;90,94;91,24;593.863
2018-10-01;91,92;92,54;91,62;92,20;435.653
2018-10-02;91,80;92,26;91,40;91,86;550.804
2018-10-03;92,08;92,60;91,64;91,64;463.131
2018-10-04;91,38;91,66;88,36;88,72;1.020.992
2018-10-05;88,56;88,56;87,22;87,72;675.419
2018-10-08;87,44;87,50;84,48;84,98;1.152.497
2018-10-09;85,20;85,80;84,42;84,66;919.958
2018-10-10;85,02;85,02;80,04;80,26;1.166.071
2018-10-11;78,58;80,84;77,50;79,52;1.455.914
2018-10-12;81,06;81,56;79,84;80,06;1.115.254
2018-10-15;80,88;81,40;79,14;80,36;1.121.942
2018-10-16;80,56;82,76;79,46;82,52;1.229.117
2018-10-17;83,06;84,20;80,40;80,70;1.316.755
2018-10-18;80,54;80,66;79,62;79,62;931.860
2018-10-19;79,56;79,96;78,10;78,64;846.684
2018-10-22;79,24;79,90;77,84;78,24;744.493
2018-10-23;77,06;77,22;74,44;74,70;1.603.083
2018-10-24;75,54;75,78;73,98;74,40;1.198.689
2018-10-25;73,66;76,30;73,40;76,30;1.275.622
2018-10-26;75,68;75,68;73,62;75,02;942.954
2018-10-29;76,46;79,48;75,86;75,90;841.824
2018-10-30;75,86;76,10;74,44;75,76;1.206.575
2018-10-31;77,98;78,00;73,40;77,38;2.435.521
2018-11-01;77,94;79,48;77,08;78,64;1.313.839
2018-11-02;80,08;81,96;79,70;81,38;1.580.476
2018-11-05;81,46;81,46;78,72;79,38;906.531
2018-11-06;79,42;79,98;77,96;78,66;771.418
2018-11-07;79,20;80,30;78,76;79,40;759.180
2018-11-08;79,68;79,80;78,82;79,74;611.739
2018-11-09;79,54;79,60;78,52;79,10;595.623
2018-11-12;80,00;80,28;78,44;78,44;610.575
2018-11-13;78,70;79,68;78,36;79,24;715.238
2018-11-14;78,48;79,98;77,52;79,22;885.859
2018-11-15;79,54;79,82;78,00;78,88;829.836
2018-11-16;79,38;79,94;78,26;79,02;981.130
2018-11-19;79,26;79,38;77,36;77,66;666.009
2018-11-20;76,98;77,00;74,62;75,96;1.191.243
2018-11-21;76,54;77,78;76,20;77,50;813.561
2018-11-22;77,38;77,56;76,44;76,50;575.905
2018-11-23;76,58;76,94;75,98;76,74;406.517
2018-11-26;77,34;78,08;77,06;77,90;661.273
2018-11-27;78,16;78,16;76,58;76,82;752.569
2018-11-28;77,24;77,32;75,16;76,28;828.557
2018-11-29;77,16;78,64;77,12;78,00;817.372
2018-11-30;78,00;78,98;77,52;78,24;1.283.309
2018-12-03;80,84;80,84;77,12;77,12;1.038.809
2018-12-04;76,84;77,92;76,70;77,14;602.755
2018-12-05;76,40;77,56;76,14;77,36;600.487
2018-12-06;76,42;76,42;73,36;73,64;1.182.719
2018-12-07;74,14;75,58;74,08;75,00;966.022
2018-12-10;73,70;75,10;73,60;73,98;777.565
2018-12-11;74,78;75,28;74,02;74,70;571.107
2018-12-12;75,32;75,90;74,36;75,52;612.344
2018-12-13;75,70;75,92;75,02;75,36;477.476
2018-12-14;74,56;75,60;73,94;75,32;437.612
2018-12-17;75,46;75,46;71,84;73,16;725.716
2018-12-18;72,80;73,50;72,46;72,96;840.891
2018-12-19;73,24;73,54;72,32;72,66;572.794
2018-12-20;71,26;71,60;70,68;70,94;972.113
2018-12-21;70,90;71,12;70,04;70,34;1.143.209
2018-12-24;69,06;70,50;68,00;69,92;185.073
2018-12-27;70,92;71,02;68,36;68,98;637.246
2018-12-28;69,50;70,06;69,26;69,90;333.566
2018-12-31;70,00;71,44;70,00;71,44;130.318
2019-01-02;70,30;70,42;69,18;70,18;409.033
2019-01-03;69,48;70,00;68,98;69,54;492.144
2019-01-04;70,20;72,28;70,04;72,12;624.756
2019-01-07;72,92;73,38;71,96;72,50;431.943
2019-01-08;72,26;73,58;72,20;73,34;582.177
2019-01-09;74,00;75,64;73,60;75,30;741.284
2019-01-10;75,28;75,76;74,16;75,76;439.354
2019-01-11;76,38;76,40;75,32;75,86;548.910
2019-01-14;75,76;76,22;75,26;75,58;431.005
2019-01-15;76,40;77,36;76,20;76,58;547.150
2019-01-16;77,08;78,36;76,88;78,00;653.291
2019-01-17;77,86;78,64;77,22;78,56;482.308
2019-01-18;79,40;80,46;79,08;80,00;642.180
2019-01-21;79,92;80,44;79,64;80,42;303.184
2019-01-22;80,42;81,32;80,02;80,64;500.776
2019-01-23;80,34;80,54;79,60;79,78;566.253
2019-01-24;79,30;80,52;78,60;79,88;440.542
2019-01-25;80,02;81,12;79,94;80,98;558.817
2019-01-28;80,70;81,24;79,94;80,20;560.220
2019-01-29;80,20;81,84;79,72;81,44;800.219
2019-01-30;81,64;82,20;81,34;82,12;418.116
2019-01-31;82,44;83,38;80,96;81,58;767.250
2019-02-01;82,68;83,64;82,16;82,72;670.378
2019-02-04;82,70;83,64;82,44;83,64;616.988
2019-02-05;83,80;84,92;83,34;84,92;735.358
2019-02-06;84,80;86,10;84,58;85,80;713.701
2019-02-07;85,36;86,38;83,94;83,94;908.691
2019-02-08;83,80;84,60;82,72;83,12;737.168
2019-02-11;83,80;84,40;83,66;84,06;407.440
2019-02-12;85,34;85,94;85,02;85,82;847.675
2019-02-13;85,90;86,62;84,52;84,52;1.017.757
2019-02-14;88,00;92,28;88,00;92,00;2.242.164
2019-02-15;90,06;95,56;89,92;94,40;1.927.203
2019-02-18;94,06;96,38;94,06;96,38;1.302.573
2019-02-19;93,00;95,18;93,00;93,56;1.428.640
2019-02-20;92,72;93,66;91,06;91,40;1.493.218
2019-02-21;91,06;91,40;90,24;90,76;1.055.019
2019-02-22;91,00;92,58;90,94;91,96;662.336
2019-02-25;92,00;93,22;92,00;93,04;775.481
2019-02-26;92,80;94,62;92,24;94,18;1.018.632
2019-02-27;94,04;94,32;93,66;94,00;612.467
2019-02-28;93,70;94,76;93,62;94,40;829.068
2019-03-01;94,50;96,32;94,26;96,20;1.033.867
2019-03-04;96,50;97,12;95,92;96,50;962.708
2019-03-05;96,22;96,54;95,58;96,20;636.488
2019-03-06;95,90;96,38;95,54;95,88;425.212
2019-03-07;95,16;96,12;94,82;95,48;571.003
2019-03-08;94,36;95,02;93,58;94,16;614.823
2019-03-11;94,66;96,02;94,10;95,74;463.604
2019-03-12;95,26;95,92;95,04;95,44;424.764
2019-03-13;94,58;96,66;94,52;96,66;447.261
2019-03-14;96,88;97,18;96,12;96,84;550.263
2019-03-15;97,02;97,76;96,82;97,64;994.930
2019-03-18;97,74;98,94;97,34;98,62;635.266
2019-03-19;98,42;98,76;97,86;98,56;516.029
2019-03-20;97,90;99,32;97,90;97,94;616.917
2019-03-21;97,78;98,36;97,54;97,96;424.493
2019-03-22;97,80;97,94;95,92;95,94;611.882
2019-03-25;95,00;96,04;93,82;96,00;774.829
2019-03-26;96,20;97,42;95,58;96,98;567.564
2019-03-27;96,64;98,10;96,60;97,18;580.912
2019-03-28;97,16;97,98;96,80;97,06;353.935
2019-03-29;97,60;97,92;96,72;97,16;645.315
2019-04-01;97,74;98,98;97,74;98,94;563.530
2019-04-02;98,82;100,00;98,82;99,60;650.151
2019-04-03;100,00;101,35;99,84;100,65;632.784
2019-04-04;100,15;100,65;99,80;99,92;451.642
2019-04-05;100,20;101,50;100,10;101,30;570.746
2019-04-08;100,75;101,45;100,35;101,45;484.276
2019-04-09;101,05;102,15;100,95;101,15;659.075
2019-04-10;101,00;101,90;100,80;101,25;607.653
2019-04-11;101,30;102,25;101,25;101,45;439.659
2019-04-12;101,20;102,30;101,00;101,45;507.039
2019-04-15;101,70;102,05;101,20;102,05;543.720
2019-04-16;102,00;103,15;102,00;102,75;476.944
2019-04-17;102,35;103,15;102,15;102,55;582.351
2019-04-18;102,35;102,85;101,90;102,65;470.072
2019-04-23;101,70;102,85;101,70;102,55;494.189
2019-04-24;101,55;102,35;101,25;101,35;637.078
2019-04-25;100,80;102,15;100,70;101,50;444.467
2019-04-26;101,35;101,65;100,70;101,20;512.506
2019-04-29;101,20;102,10;101,15;101,75;391.919
2019-04-30;101,30;101,95;101,25;101,85;534.899
2019-05-02;101,35;101,85;100,15;100,40;661.337
2019-05-03;99,00;100,35;96,26;99,38;1.152.012
2019-05-06;97,30;98,80;97,20;98,80;665.111
2019-05-07;102,00;105,30;101,80;103,30;1.735.424
2019-05-08;102,50;103,70;99,94;100,60;1.436.043
2019-05-09;100,65;100,65;98,10;98,14;1.085.580
2019-05-10;98,00;98,94;97,46;98,78;979.669
2019-05-13;98,90;99,14;97,84;98,04;991.319
2019-05-14;98,60;101,05;98,60;100,85;990.534
2019-05-15;101,15;101,55;99,84;101,05;652.946
2019-05-16;100,65;104,15;100,55;103,65;926.364
2019-05-17;102,80;104,30;102,60;103,80;726.266
2019-05-20;103,55;103,95;101,90;102,55;701.339
2019-05-21;102,40;103,40;101,35;101,90;768.683
2019-05-22;101,70;102,45;101,00;101,45;515.406
2019-05-23;100,80;100,80;98,96;99,88;751.397
2019-05-24;100,00;101,35;99,88;100,35;664.652
2019-05-27;100,90;101,95;100,70;101,35;330.453
2019-05-28;101,60;102,65;101,50;102,50;1.165.337
2019-05-29;101,45;101,70;99,62;100,05;731.648
2019-05-30;100,25;101,15;99,92;101,05;434.612
2019-05-31;99,82;100,80;99,72;100,80;639.162
2019-06-03;100,10;103,05;100,10;103,05;872.801
2019-06-04;102,50;103,15;101,40;102,20;1.097.336
2019-06-05;102,20;103,00;101,95;102,15;543.135
2019-06-06;102,50;104,50;102,35;103,10;609.901
2019-06-07;103,55;104,95;103,55;104,15;575.215
2019-06-10;104,50;105,10;104,35;104,60;267.162
2019-06-11;104,30;105,25;104,30;104,95;491.781
2019-06-12;104,65;106,70;104,60;106,40;590.804
2019-06-13;106,05;108,20;105,80;107,40;818.267
2019-06-14;107,10;107,35;106,55;107,25;635.317
2019-06-17;107,15;107,40;105,75;106,80;407.441
2019-06-18;106,65;109,15;106,30;109,00;579.758
2019-06-19;108,85;109,30;108,35;109,25;727.876
2019-06-20;110,25;111,60;109,65;110,50;713.749
2019-06-21;110,10;110,80;109,40;109,50;853.457
2019-06-24;109,10;110,20;109,10;110,15;629.120
2019-06-25;109,15;110,95;109,15;110,00;418.155
2019-06-26;109,95;110,40;108,55;108,70;674.779
2019-06-27;107,10;108,55;106,65;108,55;823.600
2019-06-28;108,60;109,05;108,30;108,70;574.679
2019-07-01;109,80;110,40;108,95;109,65;548.473
2019-07-02;109,75;110,50;109,15;110,50;545.084
2019-07-03;110,55;112,40;110,55;112,40;557.565
2019-07-04;112,25;113,25;112,10;112,55;443.507
2019-07-05;113,10;114,00;111,45;112,35;598.357
2019-07-08;111,95;112,20;110,60;111,35;386.515
2019-07-09;109,80;110,65;109,50;110,55;625.296
2019-07-10;110,15;110,85;109,75;110,40;478.084
2019-07-11;110,55;111,55;110,45;111,55;376.203
2019-07-12;111,80;113,40;111,40;112,25;458.444
2019-07-15;112,50;113,90;112,30;113,30;504.298
2019-07-16;113,10;114,65;113,05;114,65;410.512
2019-07-17;114,25;115,15;113,95;114,00;451.275
2019-07-18;113,25;113,45;112,00;112,70;485.010
2019-07-19;113,00;114,10;112,60;113,15;372.960
2019-07-22;114,00;114,05;113,00;113,15;326.446
2019-07-23;114,15;115,75;113,65;115,10;455.305
2019-07-24;115,55;115,85;114,70;115,65;325.905
2019-07-25;116,25;116,60;114,15;115,55;511.768
2019-07-26;115,20;115,80;113,90;114,00;509.407
2019-07-29;113,85;114,75;113,70;113,80;439.369
2019-07-30;113,70;113,80;111,45;111,90;542.038
2019-07-31;111,90;113,45;111,50;112,80;602.447
2019-08-01;110,55;115,30;109,35;115,15;1.173.526
2019-08-02;112,70;114,05;111,50;111,90;973.135
2019-08-05;108,90;108,95;106,20;107,00;931.906
2019-08-06;107,05;108,40;106,40;106,40;636.080
2019-08-07;107,25;108,25;106,50;107,55;603.670
2019-08-08;108,80;111,50;108,10;111,50;775.046
2019-08-09;111,25;113,15;111,10;111,70;738.897
2019-08-12;112,05;113,05;111,00;111,25;368.680
2019-08-13;110,90;111,30;108,90;110,60;686.864
2019-08-14;110,65;111,25;107,95;108,50;690.872
2019-08-15;108,70;109,55;106,30;107,50;750.684
2019-08-16;107,50;108,35;106,80;107,50;859.732
2019-08-19;108,50;110,10;108,15;110,00;618.014
2019-08-20;110,25;111,10;109,15;109,75;576.653
2019-08-21;109,75;112,50;109,75;111,80;423.296
2019-08-22;111,20;112,05;110,65;111,35;456.959
2019-08-23;111,50;112,35;110,35;110,35;449.173
2019-08-26;109,65;110,50;109,15;110,05;324.842
2019-08-27;109,50;110,85;109,00;110,80;526.324
2019-08-28;110,25;110,75;109,60;110,50;303.131
2019-08-29;109,90;112,00;109,80;112,00;355.215
2019-08-30;111,65;113,90;111,65;113,10;628.556
2019-09-02;112,70;115,15;112,70;114,65;443.797
2019-09-03;114,15;114,90;114,05;114,50;350.001
2019-09-04;115,70;116,80;115,35;116,35;565.549
2019-09-05;116,90;117,15;115,50;115,50;508.017
2019-09-06;115,70;115,75;114,50;115,40;527.855
2019-09-09;115,55;115,90;114,35;114,60;429.054
2019-09-10;114,60;114,90;111,65;112,70;666.929
2019-09-11;113,30;114,10;112,85;113,30;529.582
2019-09-12;113,85;114,45;112,45;113,35;659.364
2019-09-13;113,45;113,50;111,50;112,00;574.655
2019-09-16;111,40;112,25;108,10;108,35;1.149.829
2019-09-17;108,30;109,40;106,30;107,90;932.902
2019-09-18;107,90;109,60;107,60;109,20;591.211
2019-09-19;109,10;109,10;106,25;107,40;600.427
2019-09-20;107,20;107,70;106,20;107,10;822.407
2019-09-23;106,55;107,10;105,90;106,70;470.174
2019-09-24;107,10;107,10;105,95;106,25;534.554
2019-09-25;105,55;106,00;104,20;105,80;623.304
2019-09-26;106,00;108,20;105,80;107,60;735.128
2019-09-27;107,60;108,80;107,60;108,50;543.026
2019-09-30;109,05;110,75;108,65;110,40;655.962
2019-10-01;110,80;111,10;108,85;108,85;468.912
2019-10-02;108,65;108,65;105,70;105,70;696.653
2019-10-03;105,60;107,80;105,20;106,30;620.489
2019-10-04;106,35;107,65;106,35;107,65;454.186
2019-10-07;107,45;108,45;107,05;107,95;486.860
2019-10-08;107,85;108,90;106,70;106,70;603.903
2019-10-09;106,75;107,40;106,15;106,65;489.284
2019-10-10;107,05;107,05;104,55;105,95;721.078
2019-10-11;106,25;110,00;105,85;110,00;941.061
2019-10-14;109,00;109,65;108,55;109,00;427.629
2019-10-15;109,55;109,85;108,55;109,35;611.763
2019-10-16;109,30;109,55;107,25;107,25;637.273
2019-10-17;107,00;109,05;106,85;109,00;689.193
2019-10-18;108,80;109,05;107,75;108,15;459.481
2019-10-21;108,05;108,30;106,60;107,45;473.529
2019-10-22;106,75;107,20;105,70;106,80;525.090
2019-10-23;106,50;106,50;105,30;105,75;534.697
2019-10-24;105,80;107,90;105,65;107,55;521.924
2019-10-25;107,40;108,70;107,20;108,60;365.769
2019-10-28;108,35;109,70;108,30;109,70;425.459
2019-10-29;109,75;109,75;106,80;107,35;596.869
2019-10-30;107,50;108,95;106,75;107,30;475.892
2019-10-31;107,40;108,45;105,55;106,25;712.389
2019-11-01;106,90;108,70;106,90;108,40;654.970
2019-11-04;108,55;110,45;108,10;110,35;873.728
2019-11-05;112,95;113,90;110,15;112,75;1.111.787
2019-11-06;112,75;116,05;112,60;116,00;1.103.407
2019-11-07;115,85;116,75;114,85;116,25;805.791
2019-11-08;115,90;116,65;115,35;116,00;569.241
2019-11-11;115,40;117,10;115,40;116,65;479.869
2019-11-12;117,10;117,50;116,25;116,55;381.368
2019-11-13;116,10;117,00;116,05;116,55;522.496
2019-11-14;116,00;116,90;114,90;115,45;661.896
2019-11-15;116,15;117,10;115,85;116,70;634.064
2019-11-18;115,90;117,45;115,85;116,70;392.737
2019-11-19;117,00;117,80;116,35;116,75;449.431
2019-11-20;116,20;117,70;115,90;117,70;574.473
2019-11-21;117,00;117,25;115,70;116,35;509.568
2019-11-22;116,50;117,45;116,30;116,85;489.204
2019-11-25;116,95;117,85;116,85;117,15;380.498
2019-11-26;117,35;118,15;116,70;117,90;641.231
2019-11-27;116,60;118,05;116,30;117,20;367.361
2019-11-28;116,70;117,40;116,45;116,85;382.640
2019-11-29;116,50;117,00;116,20;116,30;392.670
2019-12-02;116,10;117,80;114,35;114,60;900.359
2019-12-03;114,70;115,25;112,25;112,75;755.899
2019-12-04;112,85;114,75;112,85;113,95;492.135
2019-12-05;113,95;114,30;113,45;113,65;393.312
2019-12-06;114,00;115,90;113,35;115,30;494.465
2019-12-09;115,40;117,40;115,20;116,55;390.220
2019-12-10;115,90;116,20;112,60;113,90;705.272
2019-12-11;113,60;114,25;112,80;113,90;500.999
2019-12-12;113,85;114,90;113,35;113,85;661.589
2019-12-13;114,80;115,85;113,90;114,85;657.629
2019-12-16;115,30;117,30;115,30;116,20;432.814
2019-12-17;116,10;116,60;115,15;116,30;492.072
2019-12-18;116,35;117,00;115,20;115,40;463.831
2019-12-19;115,20;115,55;113,70;115,30;566.005
2019-12-20;115,50;117,65;115,20;116,55;657.085
2019-12-23;116,05;117,80;115,85;117,70;360.333
2019-12-24;116,70;117,75;116,55;117,40;75.414
2019-12-27;117,00;117,90;116,65;116,85;381.060
2019-12-30;116,35;117,15;115,90;116,10;183.851
2019-12-31;115,30;117,15;115,30;116,10;120.991
2020-01-02;116,00;117,45;115,90;117,10;311.679
2020-01-03;116,60;117,80;116,10;117,35;375.670
2020-01-06;116,10;116,35;114,45;116,10;326.403
2020-01-07;116,30;117,25;115,90;116,70;397.771
2020-01-08;116,05;118,35;115,90;117,85;555.012
2020-01-09;117,60;117,95;113,65;113,90;977.737
2020-01-10;113,90;114,40;111,95;111,95;790.685
2020-01-13;111,30;111,45;110,15;111,10;756.850
2020-01-14;110,00;110,60;107,35;110,20;1.044.500
2020-01-15;108,45;109,25;107,90;108,50;852.037
2020-01-16;108,40;110,30;108,15;109,35;707.640
2020-01-17;109,30;111,30;109,20;110,50;673.454
2020-01-20;110,70;111,35;110,65;110,90;481.143
2020-01-21;110,45;111,85;109,65;111,60;509.313
2020-01-22;111,80;113,25;111,55;112,45;582.625
2020-01-23;112,45;113,15;110,65;110,65;622.035
2020-01-24;111,45;113,75;111,25;112,90;544.979
2020-01-27;111,40;111,50;109,45;110,00;651.257
2020-01-28;110,35;111,05;109,05;110,60;483.694
2020-01-29;110,55;112,25;110,30;111,35;355.189
2020-01-30;110,50;111,95;109,75;110,00;592.775
2020-01-31;110,45;111,35;110,00;110,30;700.526
2020-02-03;110,15;111,55;110,10;111,00;412.776
2020-02-04;111,75;113,25;111,55;112,40;480.777
2020-02-05;112,05;114,15;111,95;113,60;518.476
2020-02-06;114,45;114,80;113,55;113,95;408.885
2020-02-07;113,60;114,50;113,40;114,05;458.119
2020-02-10;113,85;115,70;113,85;115,55;631.525
2020-02-11;116,40;117,25;116,25;116,65;480.665
2020-02-12;116,55;118,05;116,35;117,90;580.427
2020-02-13;115,50;118,60;114,90;116,45;1.231.610
2020-02-14;116,30;116,60;114,90;115,65;722.727
2020-02-17;116,00;116,30;114,05;115,10;650.145
2020-02-18;114,10;114,70;113,30;114,00;634.451
2020-02-19;114,45;116,70;113,90;116,00;736.419
2020-02-20;115,45;116,25;114,45;115,10;611.189
2020-02-21;114,65;116,40;113,85;116,05;737.286
2020-02-24;114,05;114,80;112,85;114,25;1.179.619
2020-02-25;115,00;116,15;113,35;113,50;1.031.886
2020-02-26;113,00;113,00;107,95;111,15;1.033.193
2020-02-27;109,35;109,35;104,60;106,10;965.760
2020-02-28;102,30;102,85;99,38;101,75;1.708.132
2020-03-02;103,50;104,50;101,35;104,20;1.452.625
2020-03-03;106,10;108,05;105,10;105,55;1.403.800
2020-03-04;106,30;109,90;105,55;109,50;1.021.798
2020-03-05;110,60;111,35;107,70;110,05;1.110.881
2020-03-06;107,65;108,40;105,75;106,75;1.069.299
2020-03-09;100,00;103,05;98,34;100,35;1.540.317
2020-03-10;101,70;105,80;99,24;100,00;1.390.942
2020-03-11;101,30;102,75;98,98;99,30;1.052.126
2020-03-12;92,30;93,98;88,04;88,94;1.899.523
2020-03-13;91,92;97,74;89,90;92,28;1.857.053
2020-03-16;86,70;89,02;82,20;87,52;1.411.999
2020-03-17;91,46;94,18;85,56;92,94;1.299.440
2020-03-18;89,30;93,78;88,00;93,78;959.433
2020-03-19;93,48;96,60;91,60;95,82;1.035.157
2020-03-20;99,90;101,90;94,06;94,84;944.843
2020-03-23;89,50;95,36;88,00;92,76;929.774
2020-03-24;95,96;99,66;92,20;99,66;938.792
2020-03-25;100,00;102,30;94,46;99,08;804.239
2020-03-26;96,80;100,00;95,46;99,96;687.588
2020-03-27;98,00;99,30;95,86;98,46;632.857
2020-03-30;99,68;103,80;97,40;103,80;579.505
2020-03-31;105,00;105,60;101,40;103,50;660.801
2020-04-01;100,00;102,15;98,42;101,50;545.765
2020-04-02;101,65;102,80;98,88;101,90;527.857
2020-04-03;101,80;104,30;101,55;104,30;618.060
2020-04-06;108,00;108,85;106,40;107,30;535.463
2020-04-07;109,45;110,00;106,85;107,95;484.341
2020-04-08;107,50;108,00;106,50;108,00;354.924
2020-04-09;109,15;110,10;107,15;107,55;516.430
2020-04-14;108,40;111,40;108,40;110,95;494.177
2020-04-15;110,35;111,55;108,35;108,65;458.673
2020-04-16;108,65;110,95;108,15;110,10;488.849
2020-04-17;112,45;113,10;111,25;112,10;650.891
2020-04-20;112,55;113,95;111,55;113,70;362.359
2020-04-21;112,40;113,90;111,75;111,75;426.554
2020-04-22;112,55;114,50;111,85;114,50;415.465
2020-04-23;115,00;115,00;112,20;114,10;401.121
2020-04-24;112,30;115,05;111,95;113,20;427.185
2020-04-27;114,70;115,30;114,15;114,65;325.566
2020-04-28;114,60;115,75;113,35;115,70;427.200
2020-04-29;114,25;115,30;111,50;112,25;618.553
2020-04-30;112,60;113,90;111,05;111,75;659.437
2020-05-04;108,35;112,05;107,70;110,95;521.750
2020-05-05;112,10;112,10;109,70;112,00;661.908
2020-05-06;111,60;113,55;110,70;111,50;598.425
2020-05-07;113,70;116,45;112,20;115,00;564.238
2020-05-08;114,20;116,40;113,25;114,90;352.045
2020-05-11;115,00;115,55;113,00;113,75;413.933
2020-05-12;112,00;113,55;111,35;112,10;678.499
2020-05-13;110,45;112,55;110,45;111,50;457.935
2020-05-14;110,75;111,40;108,15;110,60;703.871
2020-05-15;111,20;112,25;110,50;110,90;570.718
2020-05-18;112,50;112,85;111,00;112,50;439.903
2020-05-19;113,20;113,20;110,90;111,50;555.899
2020-05-20;111,05;114,55;110,70;114,55;523.957
2020-05-21;113,30;114,45;112,80;113,80;325.113
2020-05-22;112,65;115,45;112,10;115,15;387.672
2020-05-25;115,50;115,50;113,75;114,35;235.268
2020-05-26;114,55;114,70;111,80;112,20;458.102
2020-05-27;112,30;113,50;112,05;113,50;487.900
2020-05-28;114,50;116,20;113,80;116,00;472.463
2020-05-29;114,95;116,95;114,70;115,05;1.345.114
2020-06-01;116,35;116,35;114,20;115,10;220.446
2020-06-02;116,00;117,25;115,35;116,75;498.068
2020-06-03;117,55;118,75;116,25;118,75;536.416
2020-06-04;118,25;120,90;118,10;120,20;550.844
2020-06-05;120,50;120,50;117,45;118,10;429.058
2020-06-08;117,35;117,65;115,30;116,60;367.009
2020-06-09;116,15;118,25;114,65;116,15;458.211
2020-06-10;116,50;117,80;115,40;117,50;357.706
2020-06-11;116,40;117,55;115,50;115,50;455.125
2020-06-12;115,65;120,45;115,30;118,90;780.170
2020-06-15;117,50;119,00;115,00;117,95;594.606
2020-06-16;119,25;120,90;118,20;120,25;536.977
2020-06-17;120,30;120,75;119,05;120,25;499.032
2020-06-18;120,00;121,00;119,10;120,25;434.438
2020-06-19;120,25;122,20;119,85;121,70;720.871
2020-06-22;120,65;123,10;120,40;122,00;368.609
2020-06-23;122,80;124,35;122,35;123,60;437.492
2020-06-24;123,05;123,25;121,55;121,55;282.977
2020-06-25;121,20;121,95;120,25;121,85;425.542
2020-06-26;122,95;123,80;121,50;121,80;364.283
2020-06-29;121,75;123,75;121,35;122,75;428.170
2020-06-30;123,15;124,20;122,15;123,20;486.825
2020-07-01;123,15;125,10;122,70;124,45;459.156
2020-07-02;125,45;125,65;123,50;125,50;380.027
2020-07-03;126,00;126,75;124,40;124,90;493.344
2020-07-06;127,20;127,55;124,80;126,30;359.886
2020-07-07;125,65;126,25;124,70;126,05;311.484
2020-07-08;125,40;126,90;125,15;125,50;315.041
2020-07-09;125,50;126,85;125,15;125,25;294.760
2020-07-10;125,00;126,70;124,90;126,65;403.611
2020-07-13;127,60;128,60;126,50;128,60;333.422
2020-07-14;127,55;128,00;126,25;128,00;384.686
2020-07-15;128,90;129,55;127,40;128,75;470.588
2020-07-16;128,05;129,05;127,75;128,35;385.342
2020-07-17;128,55;129,50;128,50;128,65;313.239
2020-07-20;128,35;131,70;128,35;131,70;264.134
2020-07-21;131,95;132,20;128,75;128,75;508.297
2020-07-22;128,90;129,80;128,55;129,40;325.573
2020-07-23;129,70;130,15;129,20;129,40;264.589
2020-07-24;128,95;130,90;127,75;130,30;436.646
2020-07-27;130,00;131,50;129,80;131,25;297.540
2020-07-28;131,90;132,05;130,40;131,20;290.571
2020-07-29;131,05;131,80;130,65;131,60;317.842
2020-07-30;131,90;131,90;128,15;129,85;443.339
2020-07-31;129,80;131,40;129,35;129,60;437.209
2020-08-03;130,15;133,00;129,55;132,40;460.478
2020-08-04;131,10;132,05;127,35;128,50;630.427
2020-08-05;128,70;129,75;128,60;128,75;424.328
2020-08-06;127,70;129,00;126,45;126,70;414.075
2020-08-07;126,65;129,55;126,50;128,50;360.132
2020-08-10;128,65;129,35;127,75;127,85;234.424
2020-08-11;129,20;129,65;128,65;129,05;340.969
2020-08-12;128,85;132,60;128,70;132,60;402.414
2020-08-13;132,05;132,55;131,30;132,20;256.047
2020-08-14;132,40;132,40;129,30;130,55;244.760
2020-08-17;130,55;131,70;129,75;131,55;262.884
2020-08-18;131,20;132,10;130,30;131,80;289.154
2020-08-19;131,35;132,80;130,95;132,00;252.093
2020-08-20;131,00;131,30;130,00;130,00;264.480
2020-08-21;130,20;132,80;129,90;132,10;361.086
2020-08-24;132,95;135,85;132,75;134,55;410.387
2020-08-25;135,50;135,90;134,30;134,45;243.255
2020-08-26;134,10;136,40;133,45;136,35;261.585
2020-08-27;136,70;137,25;134,45;134,45;292.580
2020-08-28;134,40;134,45;132,50;133,95;270.950
2020-09-01;135,35;136,70;133,80;134,55;406.606
2020-09-02;135,50;138,30;135,00;136,85;375.264
2020-09-03;137,60;138,60;133,95;134,35;361.387
2020-09-04;133,50;135,35;131,75;132,75;441.904
2020-09-07;132,80;134,90;132,80;134,90;261.766
2020-09-08;135,20;135,45;131,55;134,15;354.878
2020-09-09;133,75;136,70;133,75;136,25;301.087
2020-09-10;136,50;136,90;135,05;135,65;255.021
2020-09-11;135,65;137,25;135,20;137,10;285.315
2020-09-14;138,00;138,50;136,25;136,50;211.466
2020-09-15;136,60;137,70;136,30;137,05;285.296
2020-09-16;137,00;138,45;137,00;137,80;362.158
2020-09-17;136,50;137,10;134,75;135,95;331.570
2020-09-18;136,60;138,90;136,60;138,20;680.867
2020-09-21;137,85;138,35;134,35;135,55;365.760
2020-09-22;135,75;136,75;134,80;135,25;319.230
2020-09-23;136,15;136,75;135,45;136,25;315.507
2020-09-24;134,70;136,25;134,25;135,35;366.233
2020-09-25;135,75;135,80;132,80;134,35;381.886
2020-09-28;135,65;135,85;134,05;135,35;356.164
2020-10-01;142,00;146,30;141,35;145,35;677.303
2020-10-02;144,25;146,65;143,10;146,55;489.272
2020-10-05;147,25;148,15;144,70;145,10;345.632
2020-10-06;145,50;146,15;141,40;141,45;373.326
2020-10-07;141,45;143,95;141,35;143,95;358.108
2020-10-08;144,50;144,60;143,00;143,80;284.440
2020-10-09;144,95;145,90;143,05;145,00;262.690
2020-10-12;145,30;147,05;144,95;146,60;255.191
2020-10-13;146,10;147,45;145,60;147,35;269.635
2020-10-14;147,70;148,05;146,15;147,10;230.989
2020-10-15;146,70;147,30;145,00;145,40;329.933
2020-10-16;145,95;148,20;145,70;146,55;360.467
2020-10-19;147,20;147,90;144,75;144,75;197.275
2020-10-20;144,60;145,45;142,55;142,90;363.861
2020-10-21;143,00;143,00;141,15;142,25;296.747
2020-10-22;141,80;143,15;140,60;141,75;284.176
2020-10-23;141,65;143,05;140,70;141,30;230.734
2020-11-02;138,40;139,00;136,95;137,90;400.074
2020-11-03;139,00;142,65;138,70;141,20;530.648
2020-11-04;140,70;143,85;139,30;143,20;469.138
2020-11-05;143,95;148,00;143,55;146,85;774.929
2020-11-06;147,40;149,35;144,95;148,55;463.475
2020-11-09;150,60;151,50;140,30;140,30;901.923
2020-11-10;140,10;141,75;137,35;141,15;778.043
2020-11-11;141,30;145,85;139,45;145,55;432.479
2020-11-12;144,40;146,70;143,65;145,20;312.219
2020-11-13;144,75;145,55;143,10;143,15;293.941
2020-11-16;143,85;143,95;139,95;140,00;436.570
2020-11-17;140,00;141,30;138,25;139,15;441.468
2020-11-18;139,25;140,75;139,10;140,20;379.480
2020-11-19;139,90;142,35;139,50;141,75;401.810
2020-11-20;141,55;144,00;141,05;143,50;371.642
2020-11-23;144,40;144,40;140,10;140,10;297.099
2020-11-24;140,85;140,95;136,90;136,90;576.045
2020-11-25;136,55;136,80;134,15;134,60;682.591
2020-11-26;134,85;136,00;134,85;135,00;299.805
2020-11-27;135,00;137,00;135,00;137,00;453.066
2020-11-30;136,50;138,15;136,50;137,30;722.123
2020-12-01;138,30;138,30;135,75;136,70;398.415
2020-12-02;136,50;138,20;136,30;136,70;367.907
2020-12-03;136,65;137,45;134,50;134,50;419.853
2020-12-04;134,30;135,00;132,90;133,55;452.824
2020-12-07;133,70;135,00;132,70;134,40;340.388
2020-12-08;134,10;137,40;134,10;136,55;593.625
2020-12-09;136,80;136,90;134,85;135,20;397.575
