2014-01-02;15,30;15,60;15,30;15,48;102.204
2014-01-03;15,59;15,60;15,26;15,43;66.635
2014-01-06;15,45;15,57;15,15;15,20;75.258
2014-01-07;15,55;15,77;15,28;15,60;134.622
2014-01-08;15,79;15,82;15,52;15,60;88.063
2014-01-09;15,69;16,16;15,56;16,16;135.485
2014-01-10;16,39;16,93;16,20;16,93;150.157
2014-01-13;17,19;17,49;17,16;17,47;222.614
2014-01-14;17,41;17,50;16,93;17,45;140.214
2014-01-15;17,50;17,60;17,10;17,11;92.205
2014-01-16;17,10;17,20;16,98;17,03;69.463
2014-01-17;17,10;17,50;16,87;17,39;106.907
2014-01-20;17,50;17,52;17,04;17,40;87.286
2014-01-21;17,45;17,45;17,10;17,21;87.669
2014-01-22;17,33;17,39;17,12;17,35;41.325
2014-01-23;17,35;17,45;17,14;17,45;85.475
2014-01-24;17,50;17,50;17,05;17,20;137.228
2014-01-27;17,19;17,19;16,80;16,85;96.518
2014-01-28;16,86;17,10;16,80;17,02;44.537
2014-01-29;17,53;18,23;17,50;18,23;350.329
2014-01-30;18,24;18,30;17,67;17,85;168.754
2014-01-31;17,90;18,05;17,60;17,95;102.834
2014-02-03;18,00;18,20;17,64;17,78;70.761
2014-02-04;17,61;17,63;17,15;17,48;55.612
2014-02-05;17,56;17,71;17,44;17,44;65.693
2014-02-06;17,38;17,48;17,15;17,20;84.919
2014-02-07;17,29;17,42;17,12;17,27;36.681
2014-02-10;17,48;17,59;17,30;17,30;45.156
2014-02-11;17,40;17,73;17,39;17,61;34.444
2014-02-12;17,70;17,70;17,47;17,47;35.083
2014-02-13;17,47;17,57;17,35;17,56;21.193
2014-02-14;17,50;18,00;17,50;17,85;69.125
2014-02-17;17,95;18,16;17,66;18,12;105.595
2014-02-18;18,20;18,22;17,94;18,20;52.834
2014-02-19;18,10;18,18;17,85;17,88;96.537
2014-02-20;17,86;18,20;17,60;17,88;66.180
2014-02-21;17,95;18,17;17,90;18,00;44.159
2014-02-24;18,09;18,09;17,81;18,04;49.320
2014-02-25;18,05;18,18;17,88;18,18;42.079
2014-02-26;18,10;18,41;18,02;18,41;55.978
2014-02-27;18,42;18,42;17,93;18,26;69.293
2014-02-28;17,58;17,58;16,30;16,50;522.553
2014-03-03;16,40;16,56;16,13;16,37;171.681
2014-03-04;16,33;16,49;16,09;16,35;93.650
2014-03-05;16,21;16,35;15,80;16,32;112.447
2014-03-06;16,30;16,52;16,25;16,48;145.876
2014-03-07;16,75;17,05;16,21;16,35;217.689
2014-03-10;16,38;16,38;15,79;15,97;100.355
2014-03-11;15,85;16,17;15,85;16,11;50.420
2014-03-12;16,16;16,21;15,71;15,85;64.112
2014-03-13;17,08;17,59;16,50;16,92;451.697
2014-03-14;17,00;17,00;16,09;16,19;255.760
2014-03-17;16,16;16,79;15,92;15,99;130.823
2014-03-18;16,50;16,96;16,31;16,60;319.592
2014-03-19;16,70;16,72;16,45;16,62;87.010
2014-03-20;16,72;16,80;16,50;16,80;77.608
2014-03-21;16,80;16,84;16,31;16,44;139.532
2014-03-24;16,28;16,52;16,00;16,24;95.013
2014-03-25;16,44;16,45;15,95;16,00;114.782
2014-03-26;16,09;16,12;15,93;16,00;103.953
2014-03-27;16,00;16,03;15,82;15,99;113.993
2014-03-28;16,04;16,10;15,75;16,00;213.975
2014-03-31;16,05;16,25;15,80;16,00;29.347
2014-04-01;16,10;16,24;15,98;16,00;79.843
2014-04-02;16,05;16,25;16,01;16,25;64.133
2014-04-03;16,95;17,00;16,70;17,00;157.315
2014-04-04;17,05;17,05;16,81;16,90;103.562
2014-04-07;16,84;16,95;16,70;16,93;56.860
2014-04-08;16,95;16,95;16,50;16,80;49.701
2014-04-09;16,91;16,92;16,52;16,77;35.756
2014-04-10;16,89;16,91;16,61;16,80;31.281
2014-04-11;16,50;16,80;16,20;16,49;53.457
2014-04-14;16,49;16,50;15,77;15,85;110.743
2014-04-15;16,00;16,00;15,60;15,60;71.338
2014-04-16;15,58;15,87;15,25;15,53;33.641
2014-04-17;16,30;16,40;15,71;15,71;97.549
2014-04-22;15,99;16,34;15,88;16,01;79.883
2014-04-23;16,18;16,29;15,92;16,00;54.796
2014-04-24;16,20;16,20;15,95;16,00;36.007
2014-04-25;16,00;16,00;15,56;15,57;55.102
2014-04-28;15,58;15,80;15,57;15,62;51.055
2014-04-29;15,65;15,80;15,58;15,61;35.339
2014-04-30;15,80;15,80;15,53;15,60;38.494
2014-05-02;15,74;15,81;15,56;15,61;26.239
2014-05-05;15,70;15,80;15,35;15,51;28.950
2014-05-06;15,60;15,80;15,53;15,80;18.941
2014-05-07;15,67;15,88;15,51;15,61;25.763
2014-05-08;15,71;15,98;15,60;15,98;22.812
2014-05-09;15,98;16,00;15,80;15,90;25.743
2014-05-12;15,99;15,99;15,76;15,79;26.501
2014-05-13;15,88;15,88;15,62;15,69;26.472
2014-05-14;15,82;15,84;15,55;15,55;28.100
2014-05-15;15,60;15,65;15,25;15,26;39.692
2014-05-16;15,25;15,50;15,10;15,26;46.387
2014-05-19;15,35;15,37;15,10;15,11;29.491
2014-05-20;15,15;15,41;15,12;15,15;24.254
2014-05-21;15,12;15,45;15,11;15,16;36.330
2014-05-22;15,30;15,46;15,23;15,35;65.533
2014-05-23;15,45;15,49;15,33;15,42;68.796
2014-05-26;15,49;15,70;15,42;15,60;35.193
2014-05-27;15,69;15,85;15,60;15,66;144.676
2014-05-28;15,70;15,80;15,60;15,73;16.886
2014-05-29;15,75;15,75;15,68;15,72;4.968
2014-05-30;15,75;16,65;15,72;16,50;85.307
2014-06-02;16,50;16,50;16,10;16,15;32.997
2014-06-03;16,25;16,79;15,76;15,77;68.074
2014-06-04;16,06;16,06;15,80;15,94;22.340
2014-06-05;16,00;16,09;15,80;16,01;26.389
2014-06-06;16,12;16,50;15,89;15,95;36.678
2014-06-09;16,35;16,35;16,20;16,30;21.150
2014-06-10;16,25;16,40;16,10;16,15;29.458
2014-06-11;16,30;16,30;15,95;16,00;34.945
2014-06-12;16,15;16,18;15,95;16,17;14.637
2014-06-13;16,15;16,17;15,95;16,05;19.127
2014-06-16;16,10;16,15;16,03;16,10;15.022
2014-06-17;15,50;15,59;15,00;15,14;277.149
2014-06-18;15,08;15,39;14,58;14,70;159.734
2014-06-19;14,75;15,18;14,75;15,15;140.426
2014-06-20;15,05;15,30;14,83;14,97;95.578
2014-06-23;15,00;15,09;14,89;15,00;50.127
2014-06-24;15,00;15,30;14,80;15,21;127.643
2014-06-25;15,05;15,20;13,81;14,29;198.380
2014-06-26;14,29;14,29;13,50;13,56;112.888
2014-06-27;13,64;14,11;13,29;14,08;168.002
2014-06-30;14,10;14,54;14,10;14,18;62.426
2014-07-01;14,49;14,74;14,30;14,70;73.515
2014-07-02;14,95;15,29;14,81;15,29;230.778
2014-07-03;15,30;15,30;14,95;15,01;58.078
2014-07-04;15,01;15,15;14,76;15,13;19.997
2014-07-07;15,20;15,20;14,70;14,70;23.389
2014-07-08;14,70;14,90;14,43;14,50;24.821
2014-07-09;14,75;14,75;14,43;14,58;8.700
2014-07-10;14,58;15,15;14,20;14,60;37.342
2014-07-11;14,56;14,68;14,21;14,68;19.315
2014-07-14;14,65;14,83;14,65;14,65;5.753
2014-07-15;14,46;14,65;14,21;14,51;11.941
2014-07-16;14,75;14,90;14,75;14,80;26.738
2014-07-17;14,61;14,80;14,34;14,45;11.948
2014-07-18;14,45;14,52;14,21;14,31;17.120
2014-07-21;14,33;14,49;14,25;14,25;15.647
2014-07-22;14,20;14,50;14,15;14,39;26.445
2014-07-23;14,40;14,61;14,40;14,56;26.018
2014-07-24;14,64;14,80;14,33;14,62;26.757
2014-07-25;14,60;14,70;14,30;14,38;23.592
2014-07-28;14,49;14,50;14,15;14,27;24.312
2014-07-29;14,37;14,47;14,20;14,40;16.147
2014-07-30;14,40;14,70;14,40;14,57;11.708
2014-07-31;14,65;14,69;14,50;14,63;5.888
2014-08-01;14,40;14,67;14,40;14,45;9.306
2014-08-04;14,58;14,58;14,31;14,37;6.086
2014-08-05;14,56;14,58;14,30;14,38;13.117
2014-08-06;14,39;14,45;14,08;14,15;22.198
2014-08-07;14,20;14,30;14,08;14,12;14.459
2014-08-08;13,65;13,80;12,54;12,80;154.557
2014-08-11;12,80;12,80;11,85;12,32;158.129
2014-08-12;12,40;12,58;12,30;12,42;37.742
2014-08-13;12,55;12,55;12,30;12,45;18.149
2014-08-14;12,40;12,73;12,40;12,70;30.942
2014-08-15;12,75;12,78;12,52;12,70;18.251
2014-08-18;12,55;12,95;12,55;12,89;16.710
2014-08-19;13,00;13,05;12,93;13,00;45.887
2014-08-20;13,00;13,06;12,80;12,94;40.605
2014-08-21;12,86;12,95;12,79;12,81;8.522
2014-08-22;12,88;12,97;12,61;12,76;19.414
2014-08-25;12,67;13,00;12,01;13,00;49.820
2014-08-26;13,05;13,05;12,80;13,00;26.832
2014-08-27;13,00;13,00;12,83;12,90;34.527
2014-08-28;12,81;12,87;12,52;12,72;24.610
2014-08-29;12,61;12,66;12,50;12,58;15.013
2014-09-01;12,51;12,60;12,50;12,50;21.292
2014-09-02;12,60;12,79;12,51;12,60;25.723
2014-09-03;12,75;12,75;12,55;12,60;23.060
2014-09-04;12,64;12,70;12,50;12,52;21.668
2014-09-05;12,49;12,49;12,25;12,38;34.832
2014-09-08;12,50;12,58;12,36;12,53;23.776
2014-09-09;12,60;12,90;12,51;12,77;27.246
2014-09-10;12,60;12,80;12,51;12,52;33.552
2014-09-11;12,65;12,65;12,40;12,41;15.305
2014-09-12;12,40;12,49;12,32;12,40;24.518
2014-09-15;12,36;12,48;12,25;12,30;23.080
2014-09-16;12,27;12,32;11,86;11,92;43.442
2014-09-17;12,00;12,18;11,96;12,00;21.761
2014-09-18;12,14;12,35;12,10;12,21;73.706
2014-09-19;12,25;12,25;12,02;12,18;39.589
2014-09-22;12,25;12,28;12,06;12,20;21.945
2014-09-23;12,29;12,50;12,12;12,49;38.702
2014-09-24;12,25;12,50;12,13;12,28;40.129
2014-09-25;12,30;12,37;12,14;12,19;19.425
2014-09-26;12,13;12,13;11,85;11,86;54.026
2014-09-29;11,90;12,06;11,90;12,00;10.357
2014-09-30;12,02;12,09;11,90;11,98;36.777
2014-10-01;12,09;12,20;11,95;12,01;33.251
2014-10-02;12,00;12,11;11,85;11,85;30.954
2014-10-03;11,98;12,15;11,65;11,80;34.414
2014-10-06;11,80;11,90;11,76;11,80;9.009
2014-10-07;11,75;11,80;11,60;11,64;25.748
2014-10-08;11,60;11,68;11,51;11,51;18.872
2014-10-09;11,80;12,50;11,75;11,80;60.144
2014-10-10;11,80;11,88;11,50;11,51;25.595
2014-10-13;11,50;11,50;11,00;11,12;48.630
2014-10-14;11,06;11,43;10,90;10,95;29.007
2014-10-17;10,12;10,53;10,07;10,30;29.073
2014-10-20;10,50;10,97;10,30;10,47;80.731
2014-10-21;10,85;11,24;10,42;10,95;66.412
2014-10-22;11,20;11,45;11,01;11,30;76.367
2014-10-23;11,49;11,55;11,24;11,38;17.649
2014-10-24;11,41;11,60;11,41;11,50;11.934
2014-10-27;11,58;11,58;11,41;11,42;23.308
2014-10-28;11,59;11,59;11,38;11,50;18.161
2014-10-29;11,50;11,57;11,18;11,21;21.827
2014-10-30;11,21;11,28;11,07;11,24;26.115
2014-10-31;11,18;11,34;10,73;11,14;37.520
2014-11-03;11,24;11,50;11,20;11,48;33.394
2014-11-04;11,48;11,50;11,30;11,36;11.742
2014-11-05;11,50;11,52;11,26;11,31;19.751
2014-11-06;11,49;11,80;11,31;11,55;110.436
2014-11-07;11,60;11,70;11,51;11,56;36.427
2014-11-10;11,70;12,12;11,58;11,69;50.123
2014-11-11;11,99;12,00;11,58;11,66;55.675
2014-11-12;12,00;12,03;11,84;11,90;67.698
2014-11-13;11,90;13,00;11,90;12,39;86.861
2014-11-14;12,70;12,90;12,20;12,40;54.844
2014-11-17;12,80;12,98;12,70;12,80;95.478
2014-11-18;12,93;12,93;12,65;12,68;199.748
2014-11-19;12,83;12,83;12,45;12,50;62.612
2014-11-20;12,68;12,69;12,32;12,41;19.045
2014-11-21;12,42;12,69;12,42;12,62;28.689
2014-11-24;12,89;12,99;12,60;12,90;49.254
2014-11-25;13,00;13,06;12,36;12,55;109.369
2014-11-26;12,55;12,99;12,55;12,84;71.761
2014-11-27;12,99;12,99;12,76;12,90;373.769
2014-11-28;12,95;12,98;12,80;12,94;28.775
2014-12-01;12,99;13,26;12,82;13,02;43.723
2014-12-02;13,15;13,17;12,93;13,00;17.566
2014-12-03;13,10;13,75;13,10;13,67;184.729
2014-12-04;13,87;13,98;13,60;13,70;104.150
2014-12-05;13,90;13,90;13,59;13,81;63.630
2014-12-08;13,85;14,08;13,71;13,97;169.910
2014-12-09;14,75;15,33;14,50;14,77;408.216
2014-12-10;14,93;14,95;14,05;14,65;92.037
2014-12-11;14,75;14,75;14,31;14,53;42.315
2014-12-12;14,92;15,00;14,50;14,63;79.555
2014-12-15;14,60;14,79;14,52;14,64;68.044
2014-12-16;14,80;14,85;14,20;14,80;90.991
2014-12-17;14,84;15,00;14,48;14,74;54.168
2014-12-18;14,75;14,79;14,50;14,66;37.974
2014-12-19;14,81;14,95;14,50;14,56;68.425
2014-12-22;14,70;14,95;14,59;14,90;55.889
2014-12-23;14,93;15,11;14,83;15,03;59.924
2014-12-24;15,11;15,11;15,00;15,04;16.282
2014-12-29;15,02;15,40;15,00;15,35;75.261
2014-12-30;15,39;15,49;15,11;15,30;53.998
2014-12-31;15,10;15,49;15,10;15,49;27.219
2015-01-02;15,38;15,84;15,31;15,71;68.843
2015-01-05;15,83;16,00;15,44;15,88;52.699
2015-01-06;15,76;15,77;14,91;15,19;73.912
2015-01-07;15,17;15,40;14,88;14,97;29.044
2015-01-08;15,21;15,40;14,91;15,00;79.272
2015-01-09;15,01;15,95;14,81;15,87;125.050
2015-01-12;15,87;16,45;15,62;16,45;185.569
2015-01-13;16,45;16,79;16,06;16,79;105.080
2015-01-14;16,52;16,65;16,05;16,65;95.791
2015-01-15;16,65;16,85;16,45;16,75;123.345
2015-01-16;16,80;16,94;16,71;16,90;205.921
2015-01-19;16,85;17,20;16,71;17,12;109.624
2015-01-20;17,12;17,26;16,90;17,14;117.356
2015-01-21;17,00;17,38;16,94;17,22;120.819
2015-01-22;17,25;17,45;17,15;17,41;108.164
2015-01-23;17,50;17,52;17,16;17,35;122.363
2015-01-26;17,26;18,16;17,05;17,96;366.209
2015-01-27;18,00;18,15;17,67;17,89;111.456
2015-01-28;18,00;18,09;17,71;17,88;94.733
2015-01-29;17,90;17,99;17,50;17,97;214.583
2015-01-30;17,90;18,27;17,87;18,18;194.700
2015-02-02;18,25;18,95;18,25;18,95;696.447
2015-02-03;19,00;19,94;19,00;19,90;404.693
2015-02-04;19,95;20,00;18,18;19,55;284.255
2015-02-05;19,60;19,75;19,15;19,50;125.535
2015-02-06;19,50;19,95;19,50;19,81;129.691
2015-02-09;19,90;19,90;18,92;19,30;91.976
2015-02-10;19,12;19,25;18,56;19,11;162.785
2015-02-11;19,32;19,60;19,09;19,30;68.530
2015-02-12;19,47;19,50;19,27;19,44;80.209
2015-02-13;19,47;19,60;19,32;19,36;90.364
2015-02-16;19,70;19,90;19,47;19,71;384.457
2015-02-17;19,81;19,88;19,37;19,54;81.463
2015-02-18;19,50;19,78;19,30;19,65;72.726
2015-02-19;19,65;19,66;19,40;19,53;74.550
2015-02-20;19,53;19,80;19,43;19,55;99.640
2015-02-23;19,70;19,78;19,40;19,56;108.737
2015-02-24;19,57;20,00;19,56;19,90;355.000
2015-02-25;19,90;20,37;19,80;20,37;159.135
2015-02-26;20,50;20,50;20,00;20,06;79.598
2015-02-27;20,06;20,25;19,80;19,94;99.831
2015-03-02;20,00;20,30;19,96;20,22;123.789
2015-03-03;20,25;20,49;20,01;20,23;133.711
2015-03-04;20,23;20,50;20,15;20,48;88.191
2015-03-05;20,40;20,47;20,03;20,38;94.259
2015-03-06;20,42;20,50;19,51;20,19;236.566
2015-03-09;20,10;20,15;19,60;19,80;190.208
2015-03-10;19,95;20,92;19,90;20,90;374.323
2015-03-11;20,99;24,68;20,95;23,52;749.827
2015-03-12;23,30;23,32;21,13;22,01;392.201
2015-03-13;22,01;22,99;22,01;22,45;191.532
2015-03-16;22,50;22,95;22,20;22,45;142.560
2015-03-17;22,40;22,80;21,01;21,61;337.744
2015-03-18;21,47;21,98;21,01;21,98;151.367
2015-03-19;22,00;22,30;21,85;22,25;120.461
2015-03-20;22,27;22,50;22,02;22,25;150.150
2015-03-23;22,25;22,50;21,60;21,70;93.134
2015-03-24;21,70;22,05;21,10;21,86;125.536
2015-03-25;21,86;22,74;21,85;22,17;304.710
2015-03-26;22,10;22,10;21,15;21,26;201.969
2015-03-27;21,40;22,20;20,26;20,70;181.994
2015-03-30;20,75;22,50;20,75;22,45;194.037
2015-03-31;22,73;23,00;21,75;22,07;215.947
2015-04-01;22,10;22,50;22,00;22,23;94.915
2015-04-02;22,20;22,75;22,11;22,45;120.745
2015-04-07;22,72;23,00;22,45;22,65;188.401
2015-04-08;22,90;23,00;22,50;22,80;140.399
2015-04-09;22,74;23,00;22,56;22,90;120.207
2015-04-10;22,90;23,00;22,75;23,00;152.623
2015-04-13;23,05;24,00;23,05;24,00;323.634
2015-04-14;24,00;25,00;23,85;24,79;344.929
2015-04-15;29,45;29,95;27,55;29,00;1.500.628
2015-04-16;29,50;32,59;29,31;31,60;1.155.605
2015-04-17;31,93;32,56;29,50;31,10;656.587
2015-04-20;30,99;32,33;30,99;31,80;290.521
2015-04-21;31,93;32,90;31,75;32,72;334.678
2015-04-22;32,89;33,75;32,50;32,93;355.722
2015-04-23;33,30;33,35;32,24;32,70;205.439
2015-04-24;32,90;32,95;31,03;32,00;239.080
2015-04-27;32,50;36,70;32,28;36,65;661.171
2015-04-28;38,52;40,43;38,10;39,25;1.032.709
2015-04-29;39,50;39,87;36,78;38,42;596.751
2015-04-30;38,17;38,50;36,80;37,57;229.108
2015-05-04;38,00;38,20;37,35;38,05;160.084
2015-05-05;38,00;38,36;37,00;37,05;127.270
2015-05-06;37,50;38,00;32,25;34,10;703.898
2015-05-07;33,65;36,25;33,01;35,90;387.996
2015-05-08;36,23;37,00;35,36;37,00;285.359
2015-05-11;37,12;38,48;37,12;38,00;292.125
2015-05-12;38,00;39,00;37,81;38,11;304.673
2015-05-13;38,15;38,50;37,70;38,48;244.021
2015-05-14;38,50;44,15;38,48;44,00;1.861.986
2015-05-15;44,39;45,45;41,62;43,91;1.109.677
2015-05-18;43,95;44,00;42,00;43,50;565.438
2015-05-19;43,75;45,00;43,15;43,60;687.045
2015-05-20;43,70;44,20;42,63;44,08;377.734
2015-05-21;43,80;44,44;43,70;44,35;141.512
2015-05-22;44,40;44,50;44,06;44,50;126.235
2015-05-25;44,27;44,47;43,96;44,20;56.541
2015-05-26;44,45;44,49;43,75;44,45;134.920
2015-05-27;44,50;47,75;44,25;46,10;468.541
2015-05-28;46,10;49,00;46,10;48,90;566.088
2015-05-29;49,05;55,40;48,60;52,35;1.134.226
2015-06-01;52,45;53,42;50,50;51,13;567.998
2015-06-02;51,50;52,80;51,00;51,79;324.038
2015-06-03;51,59;51,60;48,26;50,15;424.138
2015-06-04;49,83;50,20;49,10;49,31;229.562
2015-06-05;48,80;48,80;44,11;47,04;493.504
2015-06-08;46,95;50,38;46,50;49,48;659.329
2015-06-09;50,00;50,50;47,11;48,42;368.597
2015-06-10;49,75;49,87;48,50;48,93;225.030
2015-06-11;49,25;49,75;48,22;48,82;231.905
2015-06-12;48,82;48,98;47,50;47,97;229.277
2015-06-15;47,50;47,79;44,60;45,20;386.115
2015-06-16;44,89;48,35;41,64;47,32;680.553
2015-06-17;47,51;48,99;45,35;45,81;318.328
2015-06-18;46,20;47,00;44,70;46,85;234.928
2015-06-19;46,85;47,88;46,03;46,73;236.894
2015-06-22;47,08;49,29;46,91;48,73;365.441
2015-06-23;49,25;50,85;49,25;50,44;346.206
2015-06-24;50,80;51,30;48,03;48,41;272.445
2015-06-25;47,60;49,15;46,64;48,55;198.580
2015-06-26;48,50;49,30;47,60;47,94;148.068
2015-06-29;44,80;47,30;43,38;46,09;316.787
2015-06-30;45,90;46,76;44,60;45,80;193.076
2015-07-01;46,45;48,95;46,10;47,10;346.729
2015-07-02;47,47;48,00;45,74;46,20;224.624
2015-07-03;46,10;46,90;45,73;46,31;106.975
2015-07-06;45,01;47,29;44,59;46,60;120.216
2015-07-07;47,15;48,21;46,02;47,15;189.730
2015-07-08;47,36;47,94;46,09;46,47;240.558
2015-07-09;46,54;47,50;46,54;47,40;172.463
2015-07-10;47,95;48,35;47,05;47,10;167.567
2015-07-13;47,40;49,93;47,40;49,86;289.540
2015-07-14;50,09;52,00;49,86;51,84;344.458
2015-07-15;52,00;53,13;50,90;50,99;322.497
2015-07-16;51,57;52,54;50,64;51,11;231.226
2015-07-17;51,16;51,40;50,52;50,70;122.162
2015-07-20;51,35;51,50;50,57;50,99;94.785
2015-07-21;51,00;51,90;50,81;51,37;105.992
2015-07-22;51,45;52,00;51,10;51,90;121.795
2015-07-23;52,02;52,38;50,50;51,29;116.231
2015-07-24;51,10;51,70;50,50;51,40;128.752
2015-07-27;51,40;51,60;49,51;49,88;261.557
2015-07-28;50,15;50,49;48,26;49,74;191.076
2015-07-29;49,98;52,20;49,85;51,90;191.292
2015-07-30;53,13;54,95;52,42;53,11;488.636
2015-07-31;53,45;54,70;51,99;54,63;271.864
2015-08-03;54,89;57,78;54,75;57,29;319.172
2015-08-04;57,33;58,38;56,50;57,69;229.607
2015-08-05;57,74;58,00;56,50;57,21;191.121
2015-08-06;56,10;57,87;55,10;56,60;167.126
2015-08-07;56,50;56,52;52,90;53,87;265.656
2015-08-10;54,20;55,99;53,85;55,25;101.047
2015-08-11;56,86;57,24;53,02;54,32;251.226
2015-08-12;53,75;53,77;51,60;52,80;246.445
2015-08-13;53,39;55,58;53,33;55,31;282.785
2015-08-14;55,30;55,80;54,02;54,30;144.081
2015-08-17;54,91;54,91;53,58;53,99;133.911
2015-08-18;54,74;59,90;54,69;58,53;643.977
2015-08-19;59,25;59,25;57,01;57,43;192.523
2015-08-20;57,40;58,90;56,65;57,87;294.599
2015-08-21;56,66;57,30;54,20;54,83;306.266
2015-08-24;53,00;53,00;45,00;51,13;754.540
2015-08-25;52,00;55,84;51,80;55,19;556.837
2015-08-26;54,20;55,22;52,54;53,36;286.524
2015-08-27;55,50;55,50;52,75;54,02;236.982
2015-08-28;54,20;54,59;52,50;54,03;125.891
2015-08-31;53,50;54,78;53,09;53,99;156.614
2015-09-01;53,50;53,50;51,50;52,04;161.896
2015-09-02;52,37;52,60;49,78;50,58;236.632
2015-09-03;51,30;54,65;51,06;53,25;237.198
2015-09-04;52,78;52,78;51,12;51,42;163.016
2015-09-07;51,87;52,50;50,63;50,85;100.450
2015-09-08;50,93;53,45;50,89;52,87;202.452
2015-09-09;54,26;54,45;52,50;52,65;150.209
2015-09-10;52,03;53,36;51,26;52,64;104.732
2015-09-11;52,81;53,00;51,41;52,16;139.910
2015-09-14;52,25;52,25;50,68;50,74;137.286
2015-09-15;51,00;51,99;49,79;51,48;129.748
2015-09-16;51,90;52,88;51,33;51,72;135.722
2015-09-17;51,91;52,01;50,72;50,98;117.894
2015-09-18;50,98;53,41;50,35;53,41;559.198
2015-09-21;53,40;58,60;52,60;58,32;420.192
2015-09-22;58,80;59,50;56,80;58,00;333.660
2015-09-23;57,66;58,32;55,85;56,65;199.260
2015-09-24;56,63;56,82;54,40;55,07;194.864
2015-09-25;56,34;56,34;33,42;44,75;3.237.321
2015-09-28;43,25;43,70;37,10;41,52;1.893.090
2015-09-29;40,74;41,00;35,16;35,16;784.322
2015-09-30;34,25;37,12;31,15;36,55;1.008.773
2015-10-01;39,00;40,29;36,33;36,90;697.195
2015-10-02;36,73;38,39;34,54;36,57;519.987
2015-10-05;37,74;39,20;36,85;39,16;332.058
2015-10-06;39,37;42,98;39,21;41,64;427.172
2015-10-07;42,00;42,30;39,81;40,40;342.952
2015-10-08;40,92;41,17;37,38;38,43;475.448
2015-10-09;39,00;40,50;38,00;38,85;318.403
2015-10-12;39,01;39,24;38,44;38,68;112.903
2015-10-13;38,82;40,70;36,66;40,62;290.163
2015-10-14;39,93;40,37;38,50;39,90;207.980
2015-10-15;40,48;41,95;39,95;41,80;277.137
2015-10-16;42,00;42,99;41,40;42,75;250.238
2015-10-19;42,83;45,50;42,65;45,40;300.045
2015-10-20;45,35;47,00;44,71;45,08;282.984
2015-10-21;45,05;45,48;42,51;43,87;305.606
2015-10-22;44,00;44,05;42,78;43,50;195.012
2015-10-23;43,50;44,19;42,11;43,80;187.670
2015-10-26;43,80;44,55;42,61;43,37;147.102
2015-10-27;43,14;43,58;42,79;43,42;102.011
2015-10-28;43,50;44,19;42,73;43,41;130.463
2015-10-29;43,38;44,20;43,16;44,15;144.323
2015-10-30;44,17;44,58;43,61;44,00;133.411
2015-11-02;43,76;44,29;43,42;44,04;199.309
2015-11-03;44,01;44,42;43,48;44,08;153.500
2015-11-04;44,30;45,23;44,12;45,00;209.694
2015-11-05;45,10;46,90;45,10;46,50;184.101
2015-11-06;46,82;47,20;45,70;46,09;203.995
2015-11-09;46,50;46,80;45,66;45,68;178.710
2015-11-10;46,00;47,43;45,50;47,39;296.946
2015-11-11;47,80;51,21;47,61;49,90;501.907
2015-11-12;50,15;50,15;47,75;47,75;265.372
2015-11-13;45,00;46,68;41,00;46,15;416.446
2015-11-16;45,50;49,00;45,14;49,00;304.540
2015-11-17;49,20;50,34;48,61;49,75;224.961
2015-11-18;49,23;49,85;48,08;48,43;131.189
2015-11-19;49,00;49,15;47,09;47,20;125.597
2015-11-20;48,02;48,41;45,75;46,47;218.482
2015-11-23;46,47;47,27;45,38;46,40;153.399
2015-11-24;46,07;46,13;44,00;44,82;155.253
2015-11-25;45,23;45,90;44,50;45,70;101.805
2015-11-26;45,95;46,43;45,75;46,32;46.753
2015-11-27;46,29;46,69;45,50;46,60;81.081
2015-11-30;46,70;47,49;46,52;47,21;94.111
2015-12-01;47,44;47,96;46,10;46,33;103.335
2015-12-02;45,97;47,13;45,41;46,76;94.352
2015-12-03;46,90;47,75;45,67;45,67;152.678
2015-12-04;44,84;45,00;43,90;44,78;128.481
2015-12-07;45,37;45,54;44,51;44,78;101.430
2015-12-08;51,00;54,35;49,77;50,77;1.184.549
2015-12-09;51,00;52,69;50,80;52,25;372.254
2015-12-10;52,00;53,55;51,50;53,39;165.105
2015-12-11;53,46;54,80;52,80;53,20;166.610
2015-12-14;53,30;53,68;51,50;51,62;160.860
2015-12-15;51,93;52,54;51,10;52,33;97.991
2015-12-16;52,81;53,00;51,78;52,60;83.511
2015-12-17;59,00;60,55;51,79;51,79;1.249.445
2015-12-18;52,98;55,65;51,80;52,32;673.613
2015-12-21;52,50;54,10;51,54;53,40;220.115
2015-12-22;54,25;55,44;53,87;54,29;225.919
2015-12-23;54,86;56,00;53,70;55,85;234.068
2015-12-24;55,81;56,75;55,40;55,61;78.334
2015-12-28;55,65;56,09;55,25;56,06;88.575
2015-12-29;56,17;57,70;56,17;57,60;198.653
2015-12-30;57,75;58,64;57,31;57,70;176.783
2015-12-31;57,69;57,69;56,76;56,76;52.771
2016-01-04;56,13;57,68;55,01;55,65;218.358
2016-01-05;56,30;57,38;55,43;56,54;100.070
2016-01-06;56,42;56,50;54,60;55,02;92.048
2016-01-07;53,00;53,74;51,60;52,55;214.038
2016-01-08;53,00;54,67;52,76;53,00;225.959
2016-01-11;53,41;53,95;50,62;50,76;206.166
2016-01-12;50,24;52,57;49,60;50,40;270.612
2016-01-13;52,40;52,70;49,74;50,44;261.883
2016-01-14;49,53;49,90;47,38;47,97;340.619
2016-01-15;48,22;49,00;46,09;47,06;340.378
2016-01-18;46,76;48,34;45,16;46,54;240.643
2016-01-19;48,00;49,83;47,18;48,26;314.235
2016-01-20;47,40;47,93;45,87;47,36;291.397
2016-01-21;48,00;48,95;47,52;48,55;224.528
2016-01-22;49,38;50,35;48,82;50,24;220.955
2016-01-25;50,26;50,26;48,40;48,59;285.340
2016-01-26;44,28;47,92;44,00;47,70;359.799
2016-01-27;47,50;48,94;47,09;48,54;177.595
2016-01-28;47,98;48,78;47,67;48,00;262.933
2016-01-29;48,20;48,20;45,04;46,00;268.222
2016-02-01;46,10;47,46;46,00;46,50;200.110
2016-02-02;46,39;46,63;44,82;45,21;124.203
2016-02-03;44,50;44,81;40,49;41,97;341.187
2016-02-04;42,23;42,75;40,66;41,91;330.104
2016-02-05;42,50;42,99;40,00;40,23;217.383
2016-02-08;40,14;40,14;35,56;35,60;467.836
2016-02-09;35,00;36,39;33,70;33,99;392.098
2016-02-10;34,25;35,65;33,51;34,75;378.264
2016-02-11;34,40;34,40;32,50;32,66;261.657
2016-02-12;34,39;34,40;33,20;34,34;249.163
2016-02-15;36,00;38,27;35,50;37,87;343.961
2016-02-16;38,78;39,67;36,12;36,45;282.935
2016-02-17;37,82;39,93;37,80;39,40;309.215
2016-02-18;39,94;40,80;39,80;40,36;173.549
2016-02-19;40,43;41,18;39,15;39,78;139.808
2016-02-22;40,30;40,89;39,89;40,19;114.076
2016-02-23;38,50;39,75;37,20;37,67;751.281
2016-02-24;37,47;37,47;35,42;36,60;272.974
2016-02-25;37,69;38,08;36,91;37,55;166.141
2016-02-26;38,44;38,60;37,59;38,50;124.703
2016-02-29;38,20;38,84;37,71;38,66;129.452
2016-03-01;38,38;40,06;38,37;40,00;247.851
2016-03-02;40,74;41,50;39,43;39,85;224.246
2016-03-03;40,50;40,65;39,45;40,07;152.424
2016-03-04;41,46;41,73;39,70;40,50;221.963
2016-03-07;40,80;41,00;39,81;40,37;179.913
2016-03-08;40,25;40,25;39,15;39,80;96.163
2016-03-09;39,93;40,30;39,53;40,04;135.304
2016-03-10;40,00;40,70;39,70;39,93;351.012
2016-03-11;40,38;40,50;39,97;40,24;95.935
2016-03-14;40,50;40,70;40,26;40,48;103.931
2016-03-15;40,25;40,30;38,80;38,95;99.298
2016-03-16;38,83;38,91;38,30;38,60;100.513
2016-03-17;39,35;39,35;36,32;37,07;214.790
2016-03-18;37,55;38,67;36,83;36,88;387.792
2016-03-21;37,00;37,75;36,91;37,16;150.399
2016-03-22;37,15;38,20;36,90;37,96;157.319
2016-03-23;38,00;38,75;37,97;38,24;123.262
2016-03-24;37,95;37,95;36,40;37,32;219.166
2016-03-29;38,00;38,00;36,51;37,00;172.863
2016-03-30;37,40;37,84;37,16;37,28;143.399
2016-03-31;37,21;37,40;36,76;36,99;123.142
2016-04-01;36,74;37,00;36,20;36,64;169.220
2016-04-04;36,93;37,96;36,77;37,79;184.114
2016-04-05;37,33;37,47;36,90;37,25;89.981
2016-04-06;37,40;38,99;37,25;38,98;134.153
2016-04-07;40,00;40,30;38,51;38,77;321.819
2016-04-08;39,22;39,49;38,61;39,16;115.376
2016-04-11;39,21;39,47;38,61;38,77;78.662
2016-04-12;38,77;38,77;37,69;38,33;80.958
2016-04-13;38,76;38,76;37,32;38,46;129.301
2016-04-14;38,50;39,10;38,08;38,95;92.450
2016-04-15;38,99;39,20;38,52;38,89;116.200
2016-04-18;38,75;39,74;38,40;39,55;124.400
2016-04-19;39,55;39,95;38,92;39,21;68.610
2016-04-20;39,20;39,22;38,30;38,50;102.436
2016-04-21;38,60;39,00;37,96;38,83;75.375
2016-04-22;39,20;39,94;38,60;39,85;265.759
2016-04-25;40,15;40,67;39,92;40,50;191.552
2016-04-26;40,65;40,65;40,10;40,30;148.565
2016-04-27;39,98;40,39;39,67;40,02;106.806
2016-04-28;39,70;40,15;39,27;39,70;72.890
2016-04-29;40,50;40,67;39,20;39,69;163.260
2016-05-02;40,50;43,40;39,85;43,20;411.456
2016-05-03;43,47;44,33;42,20;42,72;268.911
2016-05-04;42,50;42,50;41,25;41,32;166.430
2016-05-05;41,05;41,73;39,95;40,15;109.735
2016-05-06;40,14;40,46;39,51;40,00;80.672
2016-05-09;40,00;41,90;40,00;41,61;124.330
2016-05-10;42,11;43,10;42,10;42,59;208.180
2016-05-11;42,94;43,72;42,79;43,49;119.380
2016-05-12;43,49;44,44;42,87;43,57;203.453
2016-05-13;43,30;44,98;43,15;44,75;238.289
2016-05-16;44,85;44,85;44,11;44,72;66.309
2016-05-17;45,47;45,60;44,70;45,30;149.409
2016-05-18;45,25;45,88;45,16;45,85;153.977
2016-05-19;45,95;45,98;45,20;45,41;134.232
2016-05-20;45,65;47,78;45,65;47,78;291.485
2016-05-23;48,18;52,60;48,04;51,25;954.148
2016-05-24;50,73;51,11;49,25;50,94;250.119
2016-05-25;52,00;53,70;51,75;52,23;451.029
2016-05-26;52,00;52,73;51,25;52,00;201.439
2016-05-27;52,00;52,20;50,73;51,86;162.193
2016-05-30;51,98;51,98;50,57;51,60;93.908
2016-05-31;51,60;51,88;50,89;51,78;210.881
2016-06-01;51,70;51,70;50,80;51,17;153.528
2016-06-02;50,93;50,99;49,65;50,65;239.455
2016-06-03;51,41;53,58;50,81;52,27;421.481
2016-06-06;52,67;52,74;51,15;51,22;213.479
2016-06-07;51,75;51,75;50,70;51,00;127.416
2016-06-08;50,57;50,89;49,90;50,66;152.118
2016-06-09;51,75;51,90;49,90;50,25;210.444
2016-06-10;49,88;49,88;48,92;49,14;164.467
2016-06-13;48,26;48,62;45,75;47,91;332.335
2016-06-14;47,15;47,58;45,95;46,83;254.616
2016-06-15;48,24;49,25;47,35;47,35;290.395
2016-06-16;47,00;47,00;45,01;45,20;259.281
2016-06-17;46,01;47,15;45,09;45,09;720.976
2016-06-20;46,49;47,11;45,24;47,00;437.241
2016-06-21;47,19;47,70;46,40;46,40;213.782
2016-06-22;46,83;47,00;45,50;46,25;231.322
2016-06-23;46,40;47,29;46,38;47,29;357.264
2016-06-24;42,22;46,94;41,10;46,40;649.836
2016-06-27;45,75;46,43;44,56;45,05;368.487
2016-06-28;45,64;47,38;45,31;47,17;331.559
2016-06-29;47,79;49,27;47,64;48,56;215.123
2016-06-30;48,60;49,47;47,94;49,46;259.318
2016-07-01;49,77;49,93;48,55;49,35;233.310
2016-07-04;49,51;50,70;49,50;50,50;206.384
2016-07-05;50,28;50,37;49,16;49,42;169.772
2016-07-06;48,85;49,35;47,76;48,42;225.129
2016-07-07;48,56;49,95;48,56;49,75;182.895
2016-07-08;49,55;50,40;49,41;50,10;174.172
2016-07-11;50,47;50,70;50,11;50,25;145.326
2016-07-12;50,15;50,35;49,38;49,50;179.301
2016-07-13;49,45;49,90;49,19;49,19;118.849
2016-07-14;49,33;49,55;48,14;48,25;225.409
2016-07-15;48,10;48,10;47,15;47,53;324.785
2016-07-18;47,90;48,68;47,65;48,19;252.937
2016-07-19;48,18;48,18;47,48;47,86;145.070
2016-07-20;48,15;48,46;47,82;48,36;179.861
2016-07-21;48,27;48,38;47,15;47,65;183.722
2016-07-22;47,70;47,96;46,69;47,87;182.063
2016-07-25;48,00;48,08;47,19;47,80;147.896
2016-07-26;47,90;49,35;47,68;48,70;254.646
2016-07-27;48,93;49,02;48,30;49,02;194.243
2016-07-28;49,12;50,12;48,82;49,89;244.808
2016-07-29;50,01;50,09;48,14;48,71;164.794
2016-08-01;49,70;49,70;47,46;47,89;176.980
2016-08-02;47,82;47,82;46,76;46,80;199.409
2016-08-03;47,10;47,38;47,00;47,00;22.934
2016-08-04;47,10;48,60;47,00;48,60;157.985
2016-08-05;48,72;50,08;48,61;50,05;380.321
2016-08-08;50,00;50,00;48,51;48,67;170.033
2016-08-09;48,76;49,49;48,71;49,10;128.223
2016-08-10;48,83;49,05;47,90;47,97;137.890
2016-08-11;48,23;48,26;47,10;47,65;133.628
2016-08-12;47,90;48,35;47,47;48,05;90.764
2016-08-15;48,38;49,20;48,28;48,45;96.086
2016-08-16;48,55;48,66;47,54;47,63;132.695
2016-08-17;47,64;47,79;46,65;46,72;198.569
2016-08-18;47,01;47,20;46,61;46,79;152.175
2016-08-19;46,98;47,19;46,57;46,90;117.813
2016-08-22;47,08;48,03;46,74;47,77;183.149
2016-08-23;48,07;48,95;48,05;48,52;207.071
2016-08-24;48,47;48,86;48,25;48,64;108.232
2016-08-25;48,15;48,15;47,55;47,96;129.603
2016-08-26;47,60;48,17;47,41;48,03;99.152
2016-08-29;48,01;48,43;47,91;48,02;78.040
2016-08-30;48,30;49,17;48,25;48,97;166.005
2016-08-31;48,80;49,05;48,53;48,58;105.731
2016-09-01;48,73;49,17;48,18;48,25;164.492
2016-09-02;48,42;48,99;48,42;48,77;141.118
2016-09-05;49,10;49,14;48,30;48,50;115.301
2016-09-06;49,10;50,05;49,10;49,34;307.465
2016-09-07;49,45;49,78;49,19;49,73;124.993
2016-09-08;49,75;49,93;48,95;49,68;133.802
2016-09-09;49,32;50,00;49,31;49,65;145.799
2016-09-12;48,96;48,98;48,01;48,43;206.578
2016-09-13;48,66;49,06;48,03;48,11;193.709
2016-09-14;48,45;50,00;47,52;49,83;366.459
2016-09-15;50,00;52,11;49,56;52,01;634.104
2016-09-16;52,06;54,19;51,69;53,89;596.761
2016-09-19;54,60;59,40;54,60;58,62;1.130.597
2016-09-20;58,84;60,97;57,36;60,22;1.123.852
2016-09-21;60,01;60,85;59,10;59,58;763.880
2016-09-22;59,85;61,00;59,28;60,90;523.889
2016-09-23;61,00;66,19;61,00;63,78;979.343
2016-09-26;64,15;64,73;57,94;58,86;1.122.495
2016-09-27;59,00;61,60;58,57;60,64;461.100
2016-09-28;61,68;61,84;56,83;57,95;590.205
2016-09-29;58,15;58,63;56,58;57,28;366.534
2016-09-30;56,40;57,35;55,31;57,13;325.369
2016-10-03;57,88;58,75;57,76;57,93;250.694
2016-10-04;58,00;58,20;57,45;57,87;251.667
2016-10-05;57,54;58,23;57,00;58,21;169.543
2016-10-06;58,54;58,55;57,57;58,13;192.037
2016-10-07;58,22;58,22;57,38;57,73;175.759
2016-10-10;57,95;58,68;57,50;58,65;220.144
2016-10-11;58,65;58,65;57,87;58,42;169.008
2016-10-12;58,21;58,45;57,60;57,68;162.926
2016-10-13;57,32;57,82;56,80;57,77;145.876
2016-10-14;58,00;59,45;57,89;59,10;226.259
2016-10-17;58,48;58,85;57,74;57,87;215.264
2016-10-18;59,32;62,16;58,81;60,69;627.784
2016-10-19;60,75;60,75;59,19;60,45;331.366
2016-10-20;60,55;60,75;60,00;60,36;253.915
2016-10-21;60,43;60,54;59,79;60,21;187.395
2016-10-24;60,45;60,85;59,61;59,62;204.382
2016-10-25;60,00;60,54;59,68;59,91;253.043
2016-10-26;59,62;59,90;58,82;59,67;186.696
2016-10-27;59,20;60,30;58,58;58,86;280.132
2016-10-28;58,60;58,60;55,75;56,42;495.821
2016-10-31;57,00;57,10;54,84;55,62;267.213
2016-11-01;55,90;56,24;54,71;55,32;341.021
2016-11-02;55,30;55,30;53,80;53,80;298.490
2016-11-03;53,50;54,37;52,89;53,48;244.733
2016-11-04;52,63;53,06;51,80;52,78;336.973
2016-11-07;53,65;54,06;52,72;53,85;338.595
2016-11-08;54,09;54,09;51,97;53,00;239.354
2016-11-09;51,41;56,68;51,15;56,68;648.010
2016-11-10;56,60;57,30;55,18;55,97;496.038
2016-11-11;55,57;56,22;54,48;54,84;381.593
2016-11-14;55,46;56,40;55,22;55,45;329.508
2016-11-15;55,81;55,81;54,68;54,95;221.055
2016-11-16;54,82;55,93;54,71;55,84;220.012
2016-11-17;55,93;57,89;55,35;57,71;302.458
2016-11-18;58,00;58,21;56,26;56,40;313.531
2016-11-21;56,65;56,89;55,25;55,85;220.348
2016-11-22;56,00;56,19;54,60;54,91;293.639
2016-11-23;56,05;56,10;54,18;54,66;382.671
2016-11-24;55,50;55,69;54,80;55,43;235.848
2016-11-25;55,61;56,00;55,11;55,98;253.991
2016-11-28;56,00;56,10;55,32;55,73;188.026
2016-11-29;56,00;56,24;55,40;55,68;278.792
2016-11-30;56,00;56,38;55,57;56,07;270.846
2016-12-01;55,80;55,83;55,05;55,23;245.805
2016-12-02;55,00;55,44;54,14;55,08;214.925
2016-12-05;55,00;56,50;55,00;56,41;258.340
2016-12-06;56,38;56,41;55,41;55,78;237.401
2016-12-07;56,25;56,25;54,13;54,41;333.939
2016-12-08;54,39;55,25;53,84;55,25;264.989
2016-12-09;55,40;56,48;55,40;55,93;259.275
2016-12-12;56,10;56,18;55,39;55,60;196.271
2016-12-13;55,74;55,90;55,25;55,72;165.217
2016-12-14;55,70;55,70;55,11;55,22;178.377
2016-12-15;55,58;58,15;54,64;57,96;689.565
2016-12-16;58,26;58,92;57,70;57,94;595.959
2016-12-19;58,00;58,32;57,60;57,84;163.517
2016-12-20;57,77;58,94;57,60;58,40;242.429
2016-12-21;58,75;60,60;58,72;59,39;617.473
2016-12-22;59,52;59,87;58,85;59,25;217.977
2016-12-23;59,12;59,39;58,75;59,20;172.946
2016-12-27;59,80;61,15;59,60;60,99;273.950
2016-12-28;60,79;61,94;60,25;61,38;222.712
2016-12-29;61,20;61,77;60,93;61,01;172.954
2016-12-30;61,10;61,44;60,91;60,94;153.522
2017-01-02;60,98;62,20;60,85;62,09;189.288
2017-01-03;62,18;62,89;62,10;62,37;234.172
2017-01-04;62,65;62,93;62,16;62,76;193.074
2017-01-05;63,23;65,93;63,06;65,00;649.359
2017-01-06;65,14;66,95;65,09;65,68;605.850
2017-01-09;65,71;66,33;64,05;64,82;290.604
2017-01-10;64,98;65,50;64,53;64,83;258.713
2017-01-11;65,19;66,95;64,71;65,85;480.243
2017-01-12;64,80;65,00;63,75;64,01;419.428
2017-01-13;64,36;65,80;64,36;65,48;329.055
2017-01-16;65,51;66,29;64,75;64,84;171.740
2017-01-17;65,30;65,45;63,81;63,92;285.197
2017-01-18;64,01;64,37;63,16;63,96;244.095
2017-01-19;64,30;64,59;62,44;62,50;321.131
2017-01-20;62,50;62,88;62,00;62,51;335.983
2017-01-23;62,01;62,49;61,14;61,48;267.775
2017-01-24;61,70;62,02;59,81;60,28;276.065
2017-01-25;60,88;61,60;60,34;61,10;255.847
2017-01-26;61,50;62,69;61,50;62,20;337.047
2017-01-27;62,19;62,40;61,44;62,20;145.513
2017-01-30;62,24;62,74;60,43;60,66;234.121
2017-01-31;60,40;60,56;59,13;59,95;359.781
2017-02-01;60,41;62,38;60,41;62,03;368.464
2017-02-02;62,10;62,11;60,83;61,89;305.582
2017-02-03;62,51;62,84;62,24;62,31;328.482
2017-02-06;62,67;62,80;61,25;61,57;208.959
2017-02-07;61,86;62,78;61,57;62,75;280.551
2017-02-08;62,65;63,13;61,54;62,25;213.901
2017-02-09;62,25;63,95;62,25;63,56;316.287
2017-02-10;64,00;64,24;63,21;63,84;237.237
2017-02-13;64,30;64,80;64,16;64,48;281.401
2017-02-14;64,34;64,38;63,57;63,99;182.087
2017-02-15;64,13;64,83;63,77;64,78;277.336
2017-02-16;64,98;65,62;64,55;64,89;275.442
2017-02-17;65,05;65,49;64,45;65,17;360.566
2017-02-20;65,45;65,50;64,85;65,04;173.424
2017-02-21;65,06;66,20;64,66;65,80;210.453
2017-02-22;65,81;66,22;65,55;66,06;224.966
2017-02-23;66,05;66,35;65,47;65,70;217.706
2017-02-24;67,00;67,90;62,28;64,86;924.243
2017-02-27;65,45;65,45;64,70;65,43;377.555
2017-02-28;65,95;66,75;65,27;66,64;407.942
2017-03-01;66,70;67,61;66,45;67,51;325.678
2017-03-02;65,61;68,70;65,00;68,68;645.766
2017-03-03;68,50;68,86;68,10;68,21;312.261
2017-03-06;68,25;68,90;67,80;68,65;321.187
2017-03-07;69,00;69,08;68,23;68,99;322.924
2017-03-08;69,00;69,86;68,30;69,75;289.896
2017-03-09;69,74;70,71;69,50;70,68;328.407
2017-03-10;71,23;72,93;71,14;72,57;486.393
2017-03-13;72,89;73,35;72,45;73,21;285.141
2017-03-14;73,19;73,75;72,89;73,73;260.180
2017-03-15;73,87;74,66;73,87;74,57;252.245
2017-03-16;74,99;75,64;74,80;75,50;401.595
2017-03-17;75,00;76,15;74,90;76,15;325.957
2017-03-20;76,15;76,75;75,66;76,36;235.862
2017-03-21;76,36;76,41;74,34;74,65;378.452
2017-03-22;74,25;76,63;73,31;76,32;457.418
2017-03-23;76,18;76,60;74,94;75,18;305.427
2017-03-24;75,00;76,44;74,68;76,13;347.280
2017-03-27;75,60;76,50;75,50;76,50;212.696
2017-03-28;76,81;79,70;76,77;78,49;431.353
2017-03-29;78,67;80,87;78,29;80,87;394.048
2017-03-30;80,40;81,69;79,90;81,12;460.423
2017-03-31;80,65;81,81;80,55;81,58;277.985
2017-04-03;81,32;82,44;81,31;81,45;306.925
2017-04-04;82,00;83,80;81,99;82,99;372.911
2017-04-05;82,82;83,08;82,30;82,51;326.241
2017-04-06;82,80;84,68;82,28;84,60;430.679
2017-04-07;84,29;84,29;82,60;83,06;545.741
2017-04-10;83,50;85,10;83,03;84,11;327.651
2017-04-11;83,74;85,16;83,65;84,09;418.445
2017-04-12;84,47;85,07;84,27;84,94;259.236
2017-04-13;84,57;85,23;84,08;85,10;332.920
2017-04-18;86,64;89,75;81,29;83,30;1.392.635
2017-04-19;83,70;85,66;83,58;84,20;566.066
2017-04-20;84,33;84,58;83,53;83,69;377.881
2017-04-21;83,74;83,90;80,68;81,34;660.210
2017-04-24;82,65;83,41;78,40;79,40;1.062.071
2017-04-25;79,00;79,84;78,11;78,85;729.799
2017-04-26;79,00;80,08;78,73;79,37;444.078
2017-04-27;79,56;80,50;79,08;79,94;349.927
2017-04-28;80,00;80,70;78,90;80,46;421.784
2017-05-02;81,39;83,81;81,23;81,90;781.500
2017-05-03;81,85;81,98;78,25;78,32;651.437
2017-05-04;78,98;80,87;78,70;80,63;594.816
2017-05-05;80,23;80,69;79,21;79,80;444.263
2017-05-08;80,16;80,41;79,36;79,96;362.065
2017-05-09;79,77;80,76;79,70;80,27;289.545
2017-05-10;80,00;80,91;79,80;80,05;260.143
2017-05-11;80,07;80,67;79,38;79,51;304.049
2017-05-12;79,43;80,20;78,34;78,99;381.246
2017-05-15;80,00;80,70;79,60;80,09;473.031
2017-05-16;80,75;81,38;80,14;81,24;513.125
2017-05-17;80,62;81,66;77,95;77,96;524.476
2017-05-18;77,80;77,80;74,50;76,28;789.253
2017-05-19;76,84;78,67;76,75;77,13;439.850
2017-05-22;76,80;76,82;75,52;76,03;404.384
2017-05-23;76,13;76,37;75,31;76,15;377.970
2017-05-24;76,01;76,29;74,25;74,41;368.720
2017-05-25;74,74;75,13;73,37;75,01;335.614
2017-05-26;75,06;75,13;74,14;74,82;250.843
2017-05-29;74,62;75,05;74,20;74,66;189.106
2017-05-30;74,35;74,52;73,25;73,38;363.177
2017-05-31;73,16;75,35;72,97;74,08;434.253
2017-06-01;73,72;74,93;73,60;74,51;496.681
2017-06-02;74,99;76,94;74,99;76,04;521.561
2017-06-05;76,31;76,37;73,91;73,99;318.419
2017-06-06;73,82;73,89;69,83;71,04;861.946
2017-06-07;70,51;71,49;68,85;70,21;726.930
2017-06-08;69,90;70,19;68,85;69,70;490.800
2017-06-09;69,50;70,94;69,50;69,74;482.385
2017-06-12;70,42;70,42;68,84;69,55;510.212
2017-06-13;69,69;70,87;69,14;69,72;433.642
2017-06-14;70,03;70,45;69,38;69,65;476.346
2017-06-15;69,65;69,82;68,55;69,52;527.360
2017-06-16;69,90;70,24;69,30;70,00;631.718
2017-06-19;70,45;73,36;70,16;72,79;583.281
2017-06-20;74,21;74,31;70,14;70,66;1.136.138
2017-06-21;70,45;70,45;68,75;69,15;510.434
2017-06-22;69,75;70,81;69,15;69,98;645.195
2017-06-23;70,51;70,75;69,32;69,76;484.136
2017-06-26;70,33;70,60;68,44;68,67;458.997
2017-06-27;68,47;68,57;67,01;67,84;624.593
2017-06-28;66,80;67,34;65,20;66,69;702.020
2017-06-29;67,09;68,56;66,01;66,16;782.773
2017-06-30;66,25;67,37;65,59;66,86;562.303
2017-07-03;67,01;67,86;66,41;66,90;395.817
2017-07-04;66,90;67,07;66,05;66,05;313.471
2017-07-05;66,45;67,92;65,64;67,72;497.314
2017-07-06;67,96;68,02;65,55;65,79;494.500
2017-07-07;66,00;67,12;64,63;67,12;507.200
2017-07-10;67,20;67,24;65,94;66,39;323.447
2017-07-11;66,50;66,84;65,33;66,40;331.227
2017-07-12;66,50;67,65;66,34;67,61;306.092
2017-07-13;67,95;67,95;66,02;66,60;421.883
2017-07-14;67,06;67,47;66,68;67,25;332.730
2017-07-17;67,45;67,45;66,48;66,50;352.944
2017-07-18;66,30;67,19;65,91;66,79;489.999
2017-07-19;65,86;65,86;61,88;64,50;1.793.985
2017-07-20;65,43;68,07;65,43;67,69;1.123.222
2017-07-21;68,71;70,32;68,53;70,22;992.600
2017-07-24;70,48;70,48;69,18;69,47;430.510
2017-07-25;69,75;71,19;69,16;69,95;603.194
2017-07-26;70,15;70,73;69,83;70,60;424.982
2017-07-27;70,88;71,45;69,96;70,11;358.151
2017-07-28;69,65;70,82;68,53;68,99;526.027
2017-07-31;68,86;69,21;67,29;67,30;439.261
2017-08-01;67,56;67,62;65,18;65,60;551.246
2017-08-02;65,68;65,91;64,91;65,36;438.605
2017-08-03;65,59;65,59;64,68;65,00;347.412
2017-08-04;65,13;65,13;63,66;64,44;344.897
2017-08-07;64,20;64,68;63,88;64,22;295.745
2017-08-08;64,32;64,32;63,28;63,82;311.851
2017-08-09;63,43;63,43;62,24;62,63;444.619
2017-08-10;70,31;78,25;66,63;67,83;3.764.454
2017-08-11;68,99;73,00;67,93;71,06;1.432.272
2017-08-14;71,55;73,68;71,50;73,57;736.838
2017-08-15;74,00;74,60;73,31;74,60;662.887
2017-08-16;74,60;75,40;74,05;74,90;450.086
2017-08-17;74,66;75,47;74,05;75,20;464.701
2017-08-18;74,60;74,94;73,90;74,65;437.486
2017-08-21;74,50;74,50;73,46;74,06;371.032
2017-08-22;74,50;76,34;74,47;76,12;441.401
2017-08-23;76,12;76,55;75,37;75,53;244.337
2017-08-24;75,50;75,87;74,95;75,30;241.626
2017-08-25;75,65;76,49;75,41;75,70;222.499
2017-08-28;75,50;76,12;74,90;75,81;213.822
2017-08-29;75,30;76,13;74,32;76,08;342.792
2017-08-30;76,43;76,78;76,15;76,52;316.038
2017-08-31;76,68;77,73;76,65;77,27;282.092
2017-09-01;77,56;78,34;77,25;78,27;318.757
2017-09-04;78,12;78,55;77,46;78,20;286.711
2017-09-05;78,32;79,93;78,32;79,80;333.889
2017-09-06;80,00;81,14;79,55;80,77;361.255
2017-09-07;81,10;82,49;80,56;82,49;331.550
2017-09-08;82,50;83,32;82,04;82,92;410.987
2017-09-11;83,30;84,46;83,09;84,00;335.230
2017-09-12;84,50;84,63;83,51;84,01;298.651
2017-09-13;84,00;85,57;83,34;85,38;426.373
2017-09-14;85,04;86,76;85,04;86,61;397.058
2017-09-15;86,47;86,50;84,29;84,78;560.626
2017-09-18;84,78;85,53;82,94;83,56;493.709
2017-09-19;83,47;84,77;83,45;84,32;265.417
2017-09-20;84,56;85,29;83,87;85,09;277.377
2017-09-21;85,11;85,61;84,57;84,62;205.186
2017-09-22;83,96;84,00;82,88;83,25;366.485
2017-09-25;83,05;84,39;83,02;83,44;332.434
2017-09-26;83,35;83,84;83,02;83,04;222.831
2017-09-27;84,50;86,25;83,58;85,59;837.576
2017-09-28;86,08;87,30;85,83;87,08;435.928
2017-09-29;87,18;87,35;85,85;86,19;276.008
2017-10-02;86,11;88,01;86,05;87,45;379.536
2017-10-03;87,60;87,95;87,19;87,55;183.874
2017-10-04;87,86;88,10;87,13;87,90;263.858
2017-10-05;87,79;87,87;86,73;87,06;243.720
2017-10-06;87,15;87,70;86,72;86,74;207.422
2017-10-09;86,75;87,48;86,30;87,22;230.180
2017-10-10;87,29;88,16;87,20;87,45;244.407
2017-10-11;87,60;87,90;87,25;87,58;142.424
2017-10-12;87,84;87,85;87,02;87,70;194.315
2017-10-13;87,59;87,69;86,05;86,08;268.510
2017-10-16;86,06;87,39;86,05;86,75;166.012
2017-10-17;86,77;87,29;85,35;86,06;241.969
2017-10-18;86,10;86,92;85,81;85,94;206.366
2017-10-19;86,00;86,19;84,26;84,50;307.230
2017-10-20;84,85;86,07;84,85;86,07;315.841
2017-10-23;86,26;86,72;85,76;85,98;205.765
2017-10-24;85,51;85,89;83,07;84,20;391.637
2017-10-25;84,50;85,64;83,25;83,25;437.601
2017-10-26;83,83;83,83;82,37;82,75;408.376
2017-10-27;83,77;84,14;81,65;83,26;282.172
2017-10-30;83,50;84,00;82,84;83,51;222.582
2017-10-31;83,45;84,20;82,79;83,29;239.293
2017-11-01;84,37;86,90;83,78;86,64;516.799
2017-11-02;87,00;87,20;84,83;85,22;427.901
2017-11-03;85,38;85,63;84,65;84,70;311.595
2017-11-06;84,89;85,72;83,42;85,37;462.449
2017-11-07;85,67;85,67;83,93;84,11;264.781
2017-11-08;84,40;84,57;82,91;83,09;248.222
2017-11-09;82,75;82,90;78,70;78,85;640.217
2017-11-10;78,90;79,95;77,32;77,79;575.612
2017-11-13;78,00;79,01;76,93;77,35;337.213
2017-11-14;77,55;78,04;76,88;77,28;240.395
2017-11-15;77,13;77,22;76,25;76,78;499.422
2017-11-16;77,00;77,98;76,95;77,80;325.370
2017-11-17;77,85;77,99;76,92;77,33;322.739
2017-11-20;78,10;80,89;77,86;80,33;561.507
2017-11-21;80,30;80,30;78,15;79,28;449.657
2017-11-22;79,75;79,84;77,40;77,57;387.134
2017-11-23;77,51;77,94;76,99;77,53;259.007
2017-11-24;77,62;77,62;75,23;77,03;381.097
2017-11-27;77,00;77,08;76,17;76,34;187.731
2017-11-28;76,40;76,62;75,47;76,54;299.262
2017-11-29;76,94;76,94;74,45;74,45;392.005
2017-11-30;73,95;73,95;72,72;73,43;477.622
2017-12-01;73,80;74,52;73,06;73,23;393.511
2017-12-04;73,86;74,16;73,08;73,38;230.877
2017-12-05;73,30;73,46;71,88;72,98;311.687
2017-12-06;72,18;72,69;71,29;72,69;319.799
2017-12-07;72,98;73,06;71,62;72,01;249.474
2017-12-08;72,40;73,59;72,20;73,44;400.437
2017-12-11;74,59;76,35;74,05;76,04;543.425
2017-12-12;76,36;76,36;73,71;73,75;603.562
2017-12-13;73,70;73,88;72,01;72,71;379.633
2017-12-14;73,01;73,01;71,32;71,32;417.905
2017-12-15;76,00;78,39;74,55;77,69;1.505.291
2017-12-18;79,24;79,81;77,78;78,09;792.284
2017-12-19;78,10;78,80;74,95;77,07;914.060
2017-12-20;77,30;77,45;75,66;75,87;449.365
2017-12-21;76,00;76,28;74,95;75,19;372.921
2017-12-22;75,50;78,48;74,89;78,48;591.746
2017-12-27;78,50;79,45;78,37;79,21;312.787
2017-12-28;79,22;79,24;78,70;79,23;238.056
2017-12-29;79,34;79,34;78,70;78,98;185.908
2018-01-02;79,58;79,84;77,32;77,88;376.843
2018-01-03;79,78;81,88;78,84;80,60;833.413
2018-01-04;81,10;81,12;79,54;80,58;406.767
2018-01-05;81,10;81,70;80,80;81,20;415.568
2018-01-08;83,00;85,62;82,56;84,88;845.690
2018-01-09;85,22;86,16;84,22;86,00;465.000
2018-01-10;86,32;86,64;85,52;86,08;422.927
2018-01-11;86,48;86,84;85,88;86,52;324.060
2018-01-12;86,60;88,96;86,40;88,96;540.459
2018-01-15;89,14;92,40;88,16;92,26;722.934
2018-01-16;92,50;94,36;91,36;91,72;694.451
2018-01-17;90,50;90,78;88,28;90,02;531.603
2018-01-18;90,54;90,56;88,82;89,26;396.858
2018-01-19;89,28;92,12;89,24;91,20;540.411
2018-01-22;91,20;92,38;91,20;92,06;359.819
2018-01-23;93,06;94,34;92,56;93,24;574.924
2018-01-24;93,42;93,86;92,68;92,72;312.001
2018-01-25;92,50;93,26;91,42;92,78;361.699
2018-01-26;92,74;95,26;92,70;94,34;496.554
2018-01-29;94,70;98,82;94,26;97,24;618.306
2018-01-30;97,30;97,80;95,28;96,80;444.328
2018-01-31;96,00;97,72;95,30;96,18;363.066
2018-02-01;95,60;96,40;94,54;95,30;515.681
2018-02-02;95,14;96,40;93,18;96,18;584.220
2018-02-05;94,82;94,82;91,72;92,32;601.568
2018-02-06;88,66;91,00;86,16;89,28;942.010
2018-02-07;91,00;94,54;90,70;94,18;519.491
2018-02-08;93,66;94,60;91,28;91,64;428.004
2018-02-09;90,30;91,26;88,24;88,78;578.245
2018-02-12;90,78;93,06;90,30;92,70;651.221
2018-02-13;92,96;93,16;90,98;90,98;323.080
2018-02-14;91,62;92,70;89,84;92,08;335.941
2018-02-15;93,00;93,62;91,98;92,50;279.167
2018-02-16;93,34;94,10;92,54;93,48;279.078
2018-02-19;94,42;94,92;92,88;93,18;225.984
2018-02-20;93,30;94,36;92,84;94,32;182.165
2018-02-21;93,76;95,10;93,22;94,64;258.513
2018-02-22;94,00;94,80;93,20;94,22;257.406
2018-02-23;93,00;93,96;89,90;90,74;616.323
2018-02-26;91,50;93,10;90,98;91,08;361.062
2018-02-27;0,00;0,00;0,00;88,88;0
2018-02-28;87,86;87,86;86,10;86,58;482.824
2018-03-01;86,00;86,20;83,00;83,86;683.122
2018-03-02;82,70;82,80;80,64;81,84;570.427
2018-03-05;81,08;83,54;80,82;82,46;532.868
2018-03-06;83,38;83,40;81,26;81,64;398.293
2018-03-07;81,20;81,46;79,34;80,80;586.442
2018-03-08;80,80;81,38;79,90;80,90;382.702
2018-03-09;81,00;83,24;81,00;83,20;412.131
2018-03-12;84,00;87,66;83,58;85,66;780.796
2018-03-13;85,76;86,72;83,50;83,90;474.246
2018-03-14;85,40;86,00;83,66;84,12;515.626
2018-03-15;85,16;86,20;84,84;85,86;443.759
2018-03-16;0,00;0,00;0,00;84,74;0
2018-03-19;0,00;0,00;0,00;83,32;0
2018-03-20;0,00;0,00;0,00;83,72;0
2018-03-21;0,00;0,00;0,00;83,78;0
2018-03-22;0,00;0,00;0,00;82,20;0
2018-03-23;80,88;82,36;80,60;82,12;338.237
2018-03-26;82,50;82,62;80,42;80,74;305.372
2018-03-27;82,58;83,28;81,30;81,54;268.890
2018-03-28;80,70;81,94;79,38;81,16;408.735
2018-03-29;81,20;82,00;80,84;81,30;267.203
2018-04-03;80,00;80,58;78,78;79,82;461.482
2018-04-04;80,20;80,50;75,54;76,78;559.246
2018-04-05;79,16;80,22;78,48;79,46;290.467
2018-04-06;79,00;79,16;78,12;78,38;287.168
2018-04-09;79,00;79,36;77,58;78,46;273.966
2018-04-10;79,20;79,74;78,40;79,74;403.320
2018-04-11;79,66;79,66;77,96;78,20;267.320
2018-04-12;78,10;80,30;77,92;79,78;279.624
2018-04-13;82,74;83,86;81,72;83,00;582.531
2018-04-16;82,98;83,18;77,04;78,12;1.170.265
2018-04-17;78,30;79,32;77,48;78,46;572.088
2018-04-18;79,02;79,88;78,00;78,28;407.812
2018-04-19;78,52;78,92;77,70;77,90;276.977
2018-04-20;78,26;79,20;77,94;78,92;387.767
2018-04-23;79,14;79,14;78,08;78,64;244.012
2018-04-24;79,00;79,30;76,80;77,30;459.544
2018-04-25;77,00;77,00;74,36;76,10;538.824
2018-04-26;75,36;75,90;74,08;74,88;393.627
2018-04-27;75,54;77,00;75,28;75,60;362.956
2018-04-30;75,54;77,00;73,80;74,82;427.898
2018-05-02;74,50;78,08;74,12;77,84;485.347
2018-05-03;77,50;78,74;75,60;75,60;392.309
2018-05-04;76,06;77,42;75,86;76,36;330.527
2018-05-07;76,86;77,96;76,66;77,56;242.770
2018-05-08;77,82;78,90;77,38;78,32;307.275
2018-05-09;78,54;78,70;76,70;77,18;333.709
2018-05-10;77,00;77,34;76,48;76,68;151.106
2018-05-11;76,50;77,00;75,88;76,66;240.799
2018-05-14;77,40;79,72;77,34;79,70;429.952
2018-05-15;79,78;80,98;79,24;80,00;387.287
2018-05-16;80,10;81,10;80,00;81,08;223.206
2018-05-17;81,18;83,12;80,66;82,68;394.656
2018-05-18;82,78;83,18;82,26;82,56;271.843
2018-05-21;83,50;87,02;83,50;85,96;530.171
2018-05-22;86,10;86,82;84,48;84,88;327.849
2018-05-23;84,70;85,20;83,34;84,82;323.534
2018-05-24;84,90;85,92;84,44;85,32;282.667
2018-05-25;85,60;86,76;85,38;86,42;302.286
2018-05-28;87,14;87,66;86,30;86,56;219.831
2018-05-29;85,80;85,96;83,60;85,50;470.774
2018-05-30;85,40;85,84;84,84;85,84;191.107
2018-05-31;88,84;90,20;86,62;86,92;1.067.916
2018-06-01;87,44;87,76;86,50;87,06;522.894
2018-06-04;87,66;88,50;87,36;87,58;362.879
2018-06-05;87,70;89,28;87,48;88,72;570.223
2018-06-06;89,10;89,58;87,88;88,90;382.818
2018-06-07;89,44;89,56;86,92;87,62;319.439
2018-06-08;86,50;87,72;84,02;86,82;505.786
2018-06-11;87,28;87,80;86,06;86,96;387.549
2018-06-12;87,40;87,40;85,42;85,92;316.818
2018-06-13;86,00;86,86;85,54;86,62;379.630
2018-06-14;86,46;88,76;86,04;88,08;406.384
2018-06-15;88,50;88,84;86,20;86,20;535.903
2018-06-18;86,00;86,10;83,58;84,88;528.372
2018-06-19;83,80;83,82;81,16;83,38;489.234
2018-06-20;83,94;85,12;83,62;85,00;286.735
2018-06-21;85,60;86,46;84,48;84,72;283.726
2018-06-22;84,72;85,88;84,68;85,52;217.908
2018-06-25;85,00;86,00;83,62;83,68;220.705
2018-06-26;84,10;84,18;82,54;83,40;234.768
2018-06-27;84,52;85,00;82,96;84,24;308.042
2018-06-28;83,50;85,40;81,50;82,56;447.205
2018-06-29;74,50;79,88;70,64;78,94;2.498.562
2018-07-02;78,50;80,32;76,84;78,40;633.471
2018-07-03;78,80;80,16;78,66;79,94;429.200
2018-07-04;79,56;80,14;78,48;78,76;290.392
2018-07-05;78,60;80,18;78,60;79,48;280.899
2018-07-06;79,92;82,52;79,50;82,34;357.427
2018-07-09;82,62;83,18;81,82;82,30;277.258
2018-07-10;82,26;83,90;81,52;83,72;296.186
2018-07-11;83,00;84,00;82,68;83,50;215.186
2018-07-12;84,02;85,46;83,82;85,44;229.021
2018-07-13;85,98;87,16;85,86;86,36;242.621
2018-07-16;87,00;87,28;86,56;87,08;174.425
2018-07-17;86,72;88,04;86,48;87,84;208.483
2018-07-18;88,04;88,84;87,84;87,92;295.223
2018-07-19;90,20;91,40;88,88;89,74;699.357
2018-07-20;89,66;91,78;89,66;91,34;580.341
2018-07-23;91,30;92,28;90,78;92,24;314.419
2018-07-24;92,36;93,66;92,24;93,18;378.992
2018-07-25;93,00;94,42;92,60;94,40;329.104
2018-07-26;94,54;96,02;94,26;95,72;502.074
2018-07-27;96,00;96,62;94,76;94,90;410.042
2018-07-30;95,50;97,70;95,40;96,00;660.476
2018-07-31;96,00;96,86;93,40;94,22;575.428
2018-08-01;94,00;95,14;93,62;94,16;351.856
2018-08-02;93,66;94,52;90,06;92,22;440.508
2018-08-03;92,50;93,40;87,64;89,90;820.204
2018-08-06;89,94;94,46;89,90;94,14;593.988
2018-08-07;95,00;97,94;95,00;97,20;603.971
2018-08-08;97,08;98,50;95,68;96,96;585.947
2018-08-09;96,62;98,32;96,38;98,04;359.596
2018-08-10;96,48;96,94;93,38;95,34;635.466
2018-08-13;94,00;95,58;93,00;95,08;238.769
2018-08-14;95,50;96,26;93,60;93,90;318.714
2018-08-15;94,20;94,40;90,44;90,76;463.956
2018-08-16;90,80;91,56;89,62;89,94;402.251
2018-08-17;90,00;90,66;88,20;88,72;339.233
2018-08-20;88,94;89,52;88,68;89,12;333.673
2018-08-21;89,00;89,00;87,78;88,22;273.004
2018-08-22;88,06;89,04;87,82;88,40;223.989
2018-08-23;88,00;89,60;87,96;89,06;189.856
2018-08-24;89,34;91,08;89,32;90,06;256.299
2018-08-27;90,30;90,98;89,94;90,38;141.064
2018-08-28;90,44;90,74;89,56;89,74;154.121
2018-08-29;89,72;89,74;89,06;89,26;166.734
2018-08-30;89,24;89,24;87,34;87,74;377.463
2018-08-31;87,32;87,96;86,66;87,16;290.718
2018-09-03;87,10;87,44;86,34;86,50;189.978
2018-09-04;86,60;86,72;84,34;85,58;351.866
2018-09-05;85,32;85,58;83,48;83,48;304.807
2018-09-06;84,60;85,22;80,50;80,50;724.593
2018-09-07;80,58;83,54;79,42;82,66;619.109
2018-09-10;83,00;84,60;82,60;84,34;428.371
2018-09-11;86,16;90,88;85,92;88,92;842.007
2018-09-12;102,00;105,00;100,55;104,55;2.586.133
2018-09-13;103,65;105,35;98,94;102,00;1.342.690
2018-09-14;102,60;104,05;100,55;102,15;589.075
2018-09-17;101,00;101,00;98,54;99,68;582.173
2018-09-18;99,50;101,35;98,50;100,15;420.364
2018-09-19;99,98;101,65;99,40;99,46;331.287
2018-09-20;99,32;99,32;96,42;97,84;524.741
2018-09-21;97,50;98,76;96,24;96,76;537.673
2018-09-24;96,78;97,78;95,50;96,34;389.628
2018-09-25;95,50;96,60;95,48;95,78;222.595
2018-09-26;95,50;96,04;94,36;96,00;360.633
2018-09-27;95,50;96,18;95,16;95,70;199.847
2018-09-28;95,68;97,80;95,30;97,42;420.504
2018-10-01;97,96;98,44;96,24;96,26;352.325
2018-10-02;95,70;95,82;94,60;94,74;302.508
2018-10-03;94,60;95,00;93,70;94,32;248.703
2018-10-04;93,82;94,30;91,34;92,54;434.836
2018-10-05;91,98;92,26;90,52;91,00;377.961
2018-10-08;90,80;90,80;87,70;87,80;377.925
2018-10-09;88,00;88,54;84,66;87,82;664.780
2018-10-10;87,80;87,84;85,08;85,08;447.472
2018-10-11;83,90;85,90;82,48;84,26;591.999
2018-10-12;86,00;87,34;84,78;85,88;475.668
2018-10-15;86,00;86,02;83,70;84,74;361.669
2018-10-16;84,74;87,20;83,94;87,20;316.954
2018-10-17;89,86;90,50;87,76;89,34;582.468
2018-10-18;90,68;92,16;89,80;91,60;578.171
2018-10-19;91,76;95,14;90,68;93,68;698.858
2018-10-22;95,60;96,42;93,96;94,66;530.898
2018-10-23;93,74;93,76;90,50;90,50;478.194
2018-10-24;90,50;92,40;89,56;90,00;476.180
2018-10-25;88,42;89,76;84,42;86,04;586.450
2018-10-26;85,22;86,32;83,12;85,60;508.249
2018-10-29;85,64;89,00;85,14;88,58;359.489
2018-10-30;88,80;89,26;86,60;88,08;382.189
2018-10-31;89,20;92,60;88,96;90,70;580.582
2018-11-01;91,24;93,36;91,00;93,36;418.671
2018-11-02;94,00;95,78;92,76;93,74;362.013
2018-11-05;93,90;95,92;93,20;93,64;340.622
2018-11-06;93,66;94,40;91,64;92,24;297.508
2018-11-07;92,16;95,30;92,16;95,18;397.727
2018-11-08;95,50;96,04;94,60;94,86;299.664
2018-11-09;94,00;95,90;93,88;94,10;299.476
2018-11-12;94,30;94,60;89,70;90,00;416.277
2018-11-13;91,08;92,70;90,24;92,14;363.151
2018-11-14;91,06;92,88;90,22;91,12;324.798
2018-11-15;92,98;93,32;88,74;90,32;433.723
2018-11-16;91,10;92,58;89,40;91,38;448.717
2018-11-19;92,00;92,36;88,62;88,62;302.512
2018-11-20;88,10;89,02;85,32;86,84;548.901
2018-11-21;87,06;87,76;86,18;87,52;395.452
2018-11-22;87,20;87,64;86,14;86,56;175.064
2018-11-23;86,86;88,96;85,88;88,90;229.039
2018-11-26;89,86;90,58;88,00;88,04;295.676
2018-11-27;88,26;88,90;86,10;86,70;337.825
2018-11-28;89,02;89,20;86,76;87,92;351.744
2018-11-29;88,80;90,56;88,80;89,30;491.018
2018-11-30;89,28;90,10;88,24;89,26;314.471
2018-12-03;90,54;92,06;90,34;91,94;368.735
2018-12-04;91,60;92,54;90,92;92,10;259.673
2018-12-05;89,90;92,06;89,10;90,88;323.220
2018-12-06;89,98;89,98;86,78;87,42;498.330
2018-12-07;88,00;91,10;88,00;89,82;490.738
2018-12-10;88,80;91,04;87,32;88,54;455.528
2018-12-11;90,00;91,52;89,34;90,88;349.918
2018-12-12;91,48;94,28;89,46;94,02;450.703
2018-12-13;94,70;98,00;94,22;95,88;822.845
2018-12-14;94,20;94,30;92,30;93,58;390.457
2018-12-17;93,00;93,24;89,62;91,86;430.542
2018-12-18;90,34;90,48;86,78;86,78;775.686
2018-12-19;87,00;88,66;85,96;87,10;485.180
2018-12-20;85,42;85,46;83,36;84,08;481.725
2018-12-21;83,12;83,38;79,54;80,66;1.158.713
2018-12-24;80,02;81,32;77,26;77,98;239.690
2018-12-27;80,02;80,40;74,48;75,60;715.087
2018-12-28;77,16;77,52;75,80;76,86;369.699
2018-12-31;78,04;80,88;77,58;80,56;212.740
2019-01-02;79,02;79,88;77,84;79,38;371.469
2019-01-03;78,68;80,46;77,16;79,26;476.449
2019-01-04;80,40;84,88;80,10;84,50;637.765
2019-01-07;87,50;89,90;86,52;87,76;800.971
2019-01-08;88,00;91,78;87,90;90,40;672.919
2019-01-09;92,00;93,58;90,54;90,92;672.971
2019-01-10;90,00;92,04;88,54;91,88;416.686
2019-01-11;92,48;92,66;90,80;91,02;326.050
2019-01-14;90,74;91,34;87,52;87,54;473.979
2019-01-15;87,64;90,38;87,22;89,84;388.533
2019-01-16;90,44;92,34;90,44;92,00;508.606
2019-01-17;91,56;93,24;91,10;92,98;371.974
2019-01-18;93,52;94,00;91,70;92,18;363.230
2019-01-21;92,12;93,56;91,78;92,88;211.149
2019-01-22;93,26;93,56;91,04;91,82;293.203
2019-01-23;91,10;91,88;90,24;90,76;290.475
2019-01-24;90,20;91,18;89,10;89,24;392.216
2019-01-25;90,14;90,76;88,90;89,40;386.573
2019-01-28;90,00;92,50;89,94;90,56;404.551
2019-01-29;90,14;92,04;89,80;90,64;321.433
2019-01-30;91,00;91,58;88,04;88,22;431.160
2019-01-31;89,06;89,98;87,64;89,80;399.480
2019-02-01;90,50;90,70;89,02;89,50;285.262
2019-02-04;88,64;88,80;87,34;87,66;434.574
2019-02-05;87,70;89,16;86,62;89,16;407.815
2019-02-06;88,50;89,00;87,26;87,72;341.987
2019-02-07;87,62;89,46;87,28;88,96;449.195
2019-02-08;88,48;89,74;88,12;89,18;269.197
2019-02-11;89,72;89,80;88,20;89,22;185.438
2019-02-12;89,72;91,08;89,66;90,10;283.146
2019-02-13;90,70;91,40;89,84;89,84;296.438
2019-02-14;90,36;91,42;90,36;91,00;250.373
2019-02-15;90,72;90,84;89,66;90,70;279.349
2019-02-18;90,50;91,58;89,96;91,20;234.291
2019-02-19;90,86;91,50;90,26;90,90;233.337
2019-02-20;90,68;90,86;89,18;90,20;344.886
2019-02-21;90,00;90,20;87,22;87,22;490.535
2019-02-22;90,00;92,14;84,82;86,26;912.994
2019-02-25;87,72;88,44;86,28;87,60;474.233
2019-02-26;87,44;87,44;84,28;85,08;701.383
2019-02-27;85,50;86,14;84,24;85,72;418.932
2019-02-28;85,00;86,44;84,52;86,24;301.114
2019-03-01;86,80;89,30;86,58;89,30;513.371
2019-03-04;90,00;92,26;89,66;90,80;533.651
2019-03-05;90,60;91,90;89,66;90,50;349.227
2019-03-06;90,14;90,68;88,80;88,88;407.995
2019-03-07;88,40;88,40;86,72;87,54;355.600
2019-03-08;86,50;88,14;86,20;86,48;305.345
2019-03-11;86,84;87,64;86,34;87,54;275.797
2019-03-12;88,66;88,66;86,82;87,32;230.723
2019-03-13;86,90;87,74;86,36;87,30;272.717
2019-03-14;87,50;88,90;87,50;88,22;349.077
2019-03-15;88,30;88,56;86,82;86,82;1.223.660
2019-03-18;87,46;88,92;86,88;88,74;342.470
2019-03-19;88,80;91,50;88,44;89,08;514.165
2019-03-20;89,08;90,78;88,46;90,32;369.896
2019-03-21;90,00;90,74;89,06;89,74;353.268
2019-03-22;89,94;90,74;88,80;88,80;311.495
2019-03-25;88,00;88,04;84,30;84,66;828.036
2019-03-26;84,98;87,38;78,22;87,12;881.728
2019-03-27;87,00;87,00;84,20;84,54;428.105
2019-03-28;84,50;86,24;83,38;85,06;384.741
2019-03-29;98,34;103,90;95,24;103,90;2.971.645
2019-04-01;105,00;107,45;100,60;104,95;1.196.956
2019-04-02;102,00;106,40;101,60;106,40;749.752
2019-04-03;107,05;109,10;106,00;109,00;716.915
2019-04-04;109,00;109,85;106,15;109,60;609.259
2019-04-05;109,60;111,80;109,00;111,00;634.465
2019-04-08;110,80;111,60;109,85;111,20;414.157
2019-04-09;110,45;111,00;107,55;111,00;600.040
2019-04-10;110,00;110,75;109,20;109,75;276.355
2019-04-11;108,60;109,90;108,20;109,60;402.201
2019-04-12;108,50;110,20;108,50;108,95;297.738
2019-04-15;108,95;109,25;106,00;106,50;437.579
2019-04-16;106,00;107,60;105,20;105,20;283.528
2019-04-17;104,50;104,80;101,20;101,70;634.586
2019-04-18;100,85;102,70;99,20;101,70;495.328
2019-04-23;102,85;103,70;101,95;102,40;363.075
2019-04-24;102,50;103,50;100,75;101,00;306.451
2019-04-25;101,20;101,75;99,90;100,85;268.639
2019-04-26;102,50;102,50;99,60;100,55;339.701
2019-04-29;100,50;102,30;100,00;102,30;347.955
2019-04-30;103,00;104,25;101,75;102,05;376.978
2019-05-02;102,35;102,90;100,70;101,10;339.314
2019-05-03;101,50;102,65;100,35;101,85;217.116
2019-05-06;100,70;101,55;98,70;101,50;320.435
2019-05-07;101,50;102,95;100,90;101,40;283.017
2019-05-08;101,10;103,80;100,55;103,70;269.024
2019-05-09;103,20;103,50;100,70;101,35;336.470
2019-05-10;102,45;103,30;101,45;101,80;186.407
2019-05-13;102,40;102,65;98,50;99,62;422.570
2019-05-14;99,50;101,40;99,00;101,10;193.793
2019-05-15;101,50;101,65;99,64;101,05;189.594
2019-05-16;101,30;103,00;100,60;102,90;254.768
2019-05-17;102,40;102,40;100,90;101,50;173.244
2019-05-20;101,40;102,05;100,60;101,80;241.395
2019-05-21;101,65;105,05;101,45;104,60;400.783
2019-05-22;104,70;107,40;104,10;106,60;434.953
2019-05-23;106,10;106,45;104,95;105,40;255.762
2019-05-24;106,00;107,10;105,40;106,30;157.886
2019-05-27;106,80;107,25;104,95;105,45;107.159
2019-05-28;105,15;105,90;104,60;105,50;216.935
2019-05-29;104,60;104,60;102,65;102,90;234.812
2019-05-30;103,75;103,75;102,40;103,30;145.785
2019-05-31;102,50;102,85;101,20;102,20;208.602
2019-06-03;101,05;102,60;100,35;102,60;283.784
2019-06-04;102,60;103,00;101,55;102,45;248.138
2019-06-05;103,50;104,60;103,10;103,40;302.033
2019-06-06;103,50;104,70;103,35;103,60;187.310
2019-06-07;103,60;104,90;103,00;103,00;222.264
2019-06-10;104,30;108,00;104,20;107,45;402.508
2019-06-11;108,80;110,50;107,95;109,50;601.820
2019-06-12;108,50;110,00;107,70;109,40;263.973
2019-06-13;109,00;110,00;108,25;109,05;216.055
2019-06-14;109,80;109,95;108,50;108,60;223.880
2019-06-17;108,30;108,70;106,20;107,80;322.034
2019-06-18;107,75;112,25;106,90;111,75;529.661
2019-06-19;112,15;112,55;109,55;111,30;430.293
2019-06-20;112,25;114,50;112,05;113,55;490.361
2019-06-21;113,05;113,45;111,65;112,70;398.523
2019-06-24;112,95;113,55;112,20;112,80;224.171
2019-06-25;112,00;112,75;111,50;112,10;197.571
2019-06-26;111,50;112,30;110,90;111,05;254.022
2019-06-27;111,25;112,20;110,55;112,00;192.387
2019-06-28;112,20;114,00;112,00;113,45;246.006
2019-07-01;114,20;115,65;113,90;114,60;350.807
2019-07-02;118,80;122,50;117,80;120,50;1.087.718
2019-07-03;120,30;121,90;120,00;121,15;342.568
2019-07-04;121,65;121,75;120,25;121,20;206.064
2019-07-05;121,75;121,85;120,70;121,70;250.644
2019-07-08;121,10;121,45;120,05;120,95;273.382
2019-07-09;121,00;122,15;120,60;122,15;343.559
2019-07-10;122,45;122,85;121,20;121,90;261.911
2019-07-11;122,60;128,05;122,45;125,20;698.613
2019-07-12;126,00;128,15;124,00;128,15;657.214
2019-07-15;145,40;154,60;145,00;152,20;2.555.856
2019-07-16;151,80;154,55;150,70;153,95;746.735
2019-07-17;153,90;155,50;152,75;152,75;541.923
2019-07-18;151,50;154,50;151,50;154,00;507.156
2019-07-19;155,20;165,95;155,00;162,70;1.269.037
2019-07-22;162,80;170,90;161,20;168,85;946.190
2019-07-23;169,75;171,20;160,65;161,85;1.079.954
2019-07-24;162,50;166,25;159,45;160,10;534.888
2019-07-25;159,60;160,90;157,30;160,00;463.891
2019-07-26;161,50;163,65;159,65;159,90;504.222
2019-07-29;159,50;161,55;158,60;159,30;343.766
2019-07-30;160,35;161,15;156,65;158,30;440.469
2019-07-31;159,00;160,05;157,90;157,90;366.560
2019-08-01;156,55;159,35;155,60;159,10;345.342
2019-08-02;156,60;158,35;153,85;154,00;432.967
2019-08-05;153,00;156,30;148,85;153,60;453.165
2019-08-06;152,00;156,05;152,00;154,10;376.179
2019-08-07;155,85;160,10;154,45;156,40;489.886
2019-08-08;159,00;159,00;154,55;157,50;312.713
2019-08-09;157,70;159,05;155,90;157,30;255.870
2019-08-12;157,50;159,10;156,55;156,55;275.745
2019-08-13;155,70;156,55;153,65;156,45;291.538
2019-08-14;156,40;156,60;150,90;152,05;332.175
2019-08-15;151,60;153,65;148,80;152,40;330.438
2019-08-16;157,95;158,60;154,40;154,85;427.072
2019-08-19;155,70;155,70;150,55;150,70;403.498
2019-08-20;150,60;152,15;150,10;151,65;329.465
2019-08-21;151,20;153,55;150,85;153,30;209.478
2019-08-22;153,00;153,80;148,90;149,95;241.921
2019-08-23;149,30;151,10;147,60;148,90;277.804
2019-08-26;148,00;149,35;146,80;148,80;213.467
2019-08-27;149,00;152,75;148,20;152,00;243.734
2019-08-28;152,15;153,40;150,90;153,10;181.350
2019-08-29;152,40;154,10;151,80;152,35;196.762
2019-08-30;152,25;153,75;152,10;153,50;176.544
2019-09-02;153,10;155,65;152,75;154,35;185.463
2019-09-03;154,35;154,45;152,45;153,00;203.092
2019-09-04;153,50;154,35;151,30;151,30;214.590
2019-09-05;152,05;152,35;148,50;149,40;305.206
2019-09-06;149,00;149,55;147,80;148,15;238.972
2019-09-09;148,00;149,90;142,95;143,70;426.251
2019-09-10;142,85;146,15;140,40;145,45;475.882
2019-09-11;146,00;147,90;145,55;146,40;215.520
2019-09-12;147,90;148,80;145,40;145,40;279.321
2019-09-13;145,00;146,80;143,25;146,80;220.573
2019-09-16;145,20;147,25;144,40;144,40;191.914
2019-09-17;144,00;145,35;142,30;143,50;208.034
2019-09-18;143,80;145,65;143,60;144,00;190.005
2019-09-19;144,25;145,25;143,30;145,25;144.854
2019-09-20;144,90;146,85;144,35;146,85;381.286
2019-09-23;146,55;147,85;145,10;145,10;166.035
2019-09-24;145,00;145,70;142,55;143,00;230.235
2019-09-25;142,10;142,40;138,95;141,80;379.369
2019-09-26;141,80;145,10;141,40;142,85;165.940
2019-09-27;143,00;143,50;140,40;141,90;195.404
2019-09-30;141,50;141,80;139,60;139,80;242.011
2019-10-01;140,50;140,50;133,65;133,65;683.885
2019-10-02;134,15;135,20;131,55;132,70;603.990
2019-10-03;132,75;136,85;132,20;136,35;302.294
2019-10-04;137,20;138,70;136,90;138,05;242.579
2019-10-07;139,00;139,55;136,90;137,70;194.324
2019-10-08;138,10;139,00;136,85;138,55;255.892
2019-10-09;138,15;143,05;138,05;141,60;319.082
2019-10-10;142,00;143,70;140,10;143,70;397.488
2019-10-11;146,00;147,55;141,40;141,65;421.175
2019-10-14;143,15;143,35;138,95;142,00;334.604
2019-10-15;142,00;147,00;141,80;146,65;381.165
2019-10-16;147,30;149,25;146,40;146,90;347.549
2019-10-17;146,55;150,15;145,50;147,70;345.873
2019-10-18;146,05;147,00;141,70;141,70;560.508
2019-10-21;141,40;142,90;138,40;140,45;299.851
2019-10-22;141,10;142,60;139,40;140,25;248.124
2019-10-23;140,25;141,00;138,35;140,20;265.321
2019-10-24;140,20;146,40;140,20;145,90;439.755
2019-10-25;147,50;149,20;138,45;148,40;1.126.858
2019-10-28;149,00;158,00;148,00;158,00;972.293
2019-10-29;154,75;159,80;153,60;159,70;873.835
2019-10-30;159,00;165,20;158,50;165,20;901.252
2019-10-31;166,00;167,15;161,60;164,80;811.741
2019-11-01;165,80;169,10;165,80;168,45;736.083
2019-11-04;168,95;170,55;164,65;164,65;785.310
2019-11-05;164,60;165,65;162,35;165,15;488.541
2019-11-06;165,30;170,75;165,00;170,75;618.209
2019-11-07;170,25;171,00;167,10;168,80;491.504
2019-11-08;167,85;171,55;166,35;169,50;577.137
2019-11-11;172,30;175,85;171,50;171,60;783.170
2019-11-12;172,45;174,10;171,50;173,55;596.914
2019-11-13;173,00;175,15;172,70;173,50;465.197
2019-11-14;173,90;175,20;165,75;166,80;836.491
2019-11-15;167,40;168,50;164,05;166,25;777.585
2019-11-18;167,00;169,80;167,00;169,05;615.993
2019-11-19;169,65;170,25;164,55;165,10;846.060
2019-11-20;165,35;169,20;164,30;168,75;891.095
2019-11-21;167,10;169,25;165,10;168,70;475.319
2019-11-22;169,85;171,00;169,25;169,50;479.045
2019-11-25;170,80;173,75;170,25;172,95;560.154
2019-11-26;173,50;173,85;169,50;172,90;3.431.085
2019-11-27;173,00;175,00;169,75;175,00;548.092
2019-11-28;174,05;175,75;172,45;175,30;370.986
2019-11-29;174,25;180,00;173,70;178,85;555.468
2019-12-02;178,55;180,80;176,00;176,00;578.189
2019-12-03;177,10;181,40;177,10;181,20;742.870
2019-12-04;182,00;184,55;180,50;184,55;767.813
2019-12-05;185,05;189,25;184,90;188,70;694.805
2019-12-06;189,00;192,85;189,00;192,10;727.765
2019-12-09;193,05;196,20;193,05;196,00;606.511
2019-12-10;196,00;196,85;191,05;194,05;703.191
2019-12-11;194,60;198,40;193,60;193,60;715.540
2019-12-12;194,85;195,25;191,55;192,25;508.645
2019-12-13;194,80;194,80;187,10;188,05;754.451
2019-12-16;188,00;191,20;185,05;191,20;414.875
2019-12-17;189,20;191,40;188,65;190,75;422.914
2019-12-18;188,50;189,65;183,55;184,55;641.680
2019-12-19;184,05;186,75;183,45;186,50;323.415
2019-12-20;187,10;189,70;181,50;186,60;993.079
2019-12-23;186,55;188,40;184,70;188,15;217.145
2019-12-24;189,00;191,20;188,95;189,95;178.204
2019-12-27;189,50;191,20;187,45;188,00;276.979
2019-12-30;188,15;188,70;185,85;186,00;188.487
2019-12-31;185,20;187,20;185,10;186,50;105.500
2020-01-02;187,00;190,30;185,65;188,55;257.866
2020-01-03;187,50;188,50;185,60;188,40;266.520
2020-01-06;185,00;186,50;180,95;183,40;444.818
2020-01-07;183,95;186,70;183,65;185,25;264.922
2020-01-08;184,35;186,55;183,15;186,00;277.511
2020-01-09;188,40;190,95;187,60;190,60;436.607
2020-01-10;191,20;193,15;190,60;191,90;299.759
2020-01-13;192,00;193,60;188,10;188,25;342.714
2020-01-14;187,95;189,70;185,05;189,65;314.988
2020-01-15;189,80;195,15;189,50;195,15;480.998
2020-01-16;195,55;204,00;195,15;203,20;827.503
2020-01-17;203,10;207,20;201,50;206,50;551.071
2020-01-20;207,00;212,30;204,60;212,20;482.254
2020-01-21;211,20;218,40;210,60;217,80;646.440
2020-01-22;217,40;218,20;212,20;214,20;545.969
2020-01-23;212,10;214,50;211,00;211,20;337.486
2020-01-24;210,90;216,20;210,70;213,00;355.859
2020-01-27;208,30;210,60;204,60;206,00;460.479
2020-01-28;206,70;210,80;206,40;209,20;336.076
2020-01-29;211,10;211,70;206,60;208,00;345.058
2020-01-30;206,50;208,60;204,90;205,80;331.974
2020-01-31;205,80;207,40;201,20;202,10;406.159
2020-02-03;201,00;210,40;200,50;209,20;487.618
2020-02-04;212,70;225,00;211,80;224,80;843.229
2020-02-05;226,50;231,50;218,60;219,30;758.721
2020-02-06;224,00;227,20;221,60;227,10;521.677
2020-02-07;227,20;228,00;223,00;225,50;337.961
2020-02-10;225,50;230,80;224,60;230,80;316.179
2020-02-11;232,50;238,60;232,40;235,30;535.531
2020-02-12;235,50;236,80;231,40;235,30;379.604
2020-02-13;235,20;238,20;232,40;238,20;327.014
2020-02-14;237,20;240,10;236,90;239,60;341.900
2020-02-17;240,10;242,30;238,50;242,10;291.488
2020-02-18;240,20;243,10;238,90;242,80;315.217
2020-02-19;244,50;250,50;243,60;247,30;523.407
2020-02-20;248,70;252,90;242,70;242,70;545.299
2020-02-21;238,50;250,50;231,20;249,50;783.260
2020-02-24;243,60;244,40;226,30;227,60;1.108.045
2020-02-25;230,00;237,90;221,60;223,40;878.372
2020-02-26;215,80;220,40;199,15;217,00;1.230.846
2020-02-27;209,50;209,50;189,40;198,55;1.061.274
2020-02-28;182,00;191,80;177,00;187,30;1.445.601
2020-03-02;195,00;201,10;186,90;191,45;1.263.064
2020-03-03;204,10;204,80;197,65;198,20;1.023.788
2020-03-04;199,05;200,90;193,80;197,20;578.001
2020-03-05;201,30;201,60;190,30;193,80;582.990
2020-03-06;188,00;190,75;180,30;182,60;757.191
2020-03-09;168,00;175,10;162,00;172,10;1.233.654
2020-03-10;175,55;182,40;167,70;168,35;1.095.870
2020-03-11;172,15;174,45;164,80;166,00;738.277
2020-03-12;155,00;157,35;141,05;143,65;1.384.668
2020-03-13;148,00;162,00;142,50;146,10;1.160.333
2020-03-16;140,00;149,80;131,40;145,00;1.004.379
2020-03-17;152,40;155,00;133,50;141,40;1.163.738
2020-03-18;137,80;138,80;132,50;134,00;873.581
2020-03-19;135,00;141,10;130,80;136,05;1.092.546
2020-03-20;143,70;148,10;139,50;144,70;1.034.446
2020-03-23;136,40;141,05;132,50;134,55;1.019.719
2020-03-24;142,90;144,50;139,00;144,50;779.109
2020-03-25;152,00;165,85;150,25;159,45;1.110.742
2020-03-26;157,00;170,20;153,75;170,20;848.018
2020-03-27;168,75;170,20;161,05;163,80;843.204
2020-03-30;168,00;176,00;164,30;174,45;816.616
2020-03-31;177,00;185,95;176,60;181,00;884.048
2020-04-01;174,00;175,95;168,20;173,50;539.296
2020-04-02;173,50;175,00;168,50;174,50;482.707
2020-04-03;174,50;176,35;171,90;174,50;273.360
2020-04-06;183,10;185,80;180,45;185,10;603.637
2020-04-07;192,00;193,30;178,55;180,00;675.223
2020-04-08;179,00;185,00;177,45;185,00;370.914
2020-04-09;188,00;188,45;182,75;186,95;331.943
2020-04-14;191,60;194,35;190,35;193,50;558.374
2020-04-15;192,50;193,00;184,00;184,20;459.582
2020-04-16;188,00;190,60;186,05;188,40;338.804
2020-04-17;194,90;196,55;191,70;193,55;393.364
2020-04-20;195,10;199,90;193,65;199,90;454.873
2020-04-21;198,30;199,05;192,00;192,00;431.324
2020-04-22;194,40;197,75;193,05;194,05;265.424
2020-04-23;195,15;198,90;191,25;196,80;319.169
2020-04-24;193,25;195,30;191,55;194,75;274.587
2020-04-27;197,80;199,45;195,90;196,45;282.151
2020-04-28;195,75;196,35;191,95;194,45;341.355
2020-04-29;193,20;197,60;191,50;196,20;242.067
2020-04-30;198,00;205,40;197,30;201,50;527.379
2020-05-04;195,15;196,45;187,60;193,05;478.787
2020-05-05;198,00;204,70;196,90;204,20;571.457
2020-05-06;204,70;207,90;202,00;204,40;386.451
2020-05-07;207,90;212,20;206,90;209,70;366.038
2020-05-08;212,00;213,90;201,00;201,40;488.483
2020-05-11;203,00;209,30;200,80;209,30;419.821
2020-05-12;211,00;216,10;209,80;213,10;455.244
2020-05-13;208,60;210,20;204,80;206,50;331.069
2020-05-14;203,50;203,70;194,05;194,90;531.317
2020-05-15;199,05;203,80;197,35;200,90;531.031
2020-05-18;205,20;206,80;200,40;202,20;395.484
2020-05-19;205,10;208,20;200,20;205,50;481.828
2020-05-20;204,10;205,30;201,10;201,50;305.999
2020-05-21;187,00;190,50;182,45;185,40;1.217.427
2020-05-22;185,00;187,45;182,45;185,00;536.575
2020-05-25;186,15;194,15;185,90;194,00;366.472
2020-05-26;196,55;197,70;188,10;188,10;459.369
2020-05-27;188,20;189,20;177,90;177,90;770.057
2020-05-28;180,20;189,15;179,50;186,60;482.435
2020-05-29;184,10;188,05;181,40;183,35;622.517
2020-06-01;185,00;185,00;179,65;180,55;328.637
2020-06-02;182,00;182,40;176,40;177,05;431.479
2020-06-03;178,80;180,10;173,85;178,00;631.080
2020-06-04;180,50;186,00;172,85;173,90;792.418
2020-06-05;176,25;178,35;172,75;176,80;589.748
2020-06-08;180,50;181,15;173,70;176,75;495.422
2020-06-09;177,45;182,50;175,95;180,75;643.163
2020-06-10;181,60;181,60;177,10;178,50;366.019
2020-06-11;176,45;176,50;173,05;174,65;346.065
2020-06-12;172,00;175,25;169,70;172,20;411.901
2020-06-15;168,90;175,90;165,00;174,25;437.950
2020-06-16;178,10;180,75;177,10;178,95;413.959
2020-06-17;179,85;185,40;179,65;183,20;407.663
2020-06-18;183,25;184,50;176,80;179,65;321.931
2020-06-19;181,10;186,95;181,00;186,55;593.723
2020-06-22;185,80;191,75;185,50;186,50;434.661
2020-06-23;189,00;189,50;183,95;186,80;309.892
2020-06-24;185,60;186,70;178,05;178,05;260.982
2020-06-25;178,00;184,85;176,60;184,15;339.286
2020-06-26;183,70;185,35;176,60;177,50;338.901
2020-06-29;175,10;179,00;173,60;176,45;306.880
2020-06-30;175,60;177,75;173,80;175,05;270.959
2020-07-01;175,50;179,40;175,25;178,40;287.670
2020-07-02;180,00;180,20;176,40;177,20;243.764
2020-07-03;177,55;181,90;177,00;178,00;234.175
2020-07-06;180,95;181,45;176,50;179,90;239.077
2020-07-07;179,00;180,70;176,50;180,50;234.888
2020-07-08;179,00;180,50;175,10;175,50;260.862
2020-07-09;177,45;180,65;176,40;177,85;323.050
2020-07-10;176,50;177,60;171,55;171,60;368.296
2020-07-13;171,00;173,00;167,85;172,60;333.451
2020-07-14;168,50;169,35;162,75;165,55;616.447
2020-07-15;168,45;175,70;167,55;175,35;497.038
2020-07-16;175,00;176,85;171,25;172,90;261.819
2020-07-17;173,30;177,65;172,55;177,55;241.870
2020-07-20;176,50;186,50;174,60;185,85;464.154
2020-07-21;187,50;188,50;183,10;183,40;481.629
2020-07-22;180,80;183,85;178,10;178,50;206.580
2020-07-23;179,00;179,70;175,20;176,85;217.627
2020-07-24;172,30;175,00;165,70;167,60;720.633
2020-07-27;169,00;169,50;163,25;165,60;283.327
2020-07-28;166,65;167,85;163,70;164,95;208.354
2020-07-29;163,80;164,95;157,60;158,55;407.788
2020-07-30;158,55;159,45;152,05;157,85;496.022
2020-07-31;158,40;162,45;156,90;157,60;340.433
2020-08-03;157,00;164,40;155,95;164,05;287.425
2020-08-04;165,90;166,10;160,55;161,40;306.924
2020-08-05;162,25;163,50;159,95;160,20;273.890
2020-08-06;162,80;162,80;158,25;158,50;207.250
2020-08-07;160,00;161,65;152,95;161,30;516.063
2020-08-10;161,80;161,95;153,90;154,75;417.441
2020-08-11;156,50;159,35;154,75;159,35;465.512
2020-08-12;158,25;161,00;155,90;161,00;303.477
2020-08-13;161,05;164,80;158,55;164,50;298.597
2020-08-14;164,50;164,75;157,55;157,95;356.788
2020-08-17;158,45;162,45;156,00;161,40;399.233
2020-08-18;161,50;162,20;156,45;156,70;258.482
2020-08-19;117,65;122,00;105,30;118,55;2.879.022
2020-08-20;118,95;125,75;115,50;121,95;1.113.506
2020-08-21;122,20;122,55;114,45;117,30;673.748
2020-08-24;117,20;119,60;113,65;114,50;600.200
2020-08-25;112,50;113,75;108,55;110,80;820.651
2020-08-26;110,15;115,00;110,15;113,50;442.865
2020-08-27;114,05;114,05;109,95;111,40;377.027
2020-08-28;110,95;111,30;107,85;110,85;463.902
2020-09-01;114,40;115,10;109,85;110,50;369.872
2020-09-02;111,20;112,30;109,05;110,60;594.208
2020-09-03;111,95;112,15;107,05;107,25;504.374
2020-09-04;106,40;107,10;99,86;102,45;1.092.660
2020-09-07;104,15;106,35;103,65;106,00;522.394
2020-09-08;106,90;106,95;100,40;103,45;575.370
2020-09-09;103,00;109,10;102,65;108,65;636.019
2020-09-10;109,90;109,90;106,90;107,95;444.604
2020-09-11;110,60;116,75;110,15;115,50;1.022.430
2020-09-14;116,75;116,75;110,50;114,50;552.809
2020-09-15;114,10;116,70;112,90;115,55;335.845
2020-09-16;115,60;116,80;114,00;116,35;319.840
2020-09-17;115,10;119,45;114,15;119,15;381.108
2020-09-18;119,65;119,80;117,10;117,70;448.493
2020-09-21;117,05;118,70;115,45;118,70;445.754
2020-09-22;118,20;118,20;115,95;116,25;342.520
2020-09-23;117,40;119,70;117,00;118,70;314.192
2020-09-24;116,85;116,85;113,50;114,95;596.234
2020-09-25;115,95;118,95;115,75;118,30;563.796
2020-09-28;126,90;127,70;121,85;121,85;691.704
2020-09-29;122,10;124,50;119,00;121,95;467.508
2020-09-30;121,00;121,75;117,55;121,20;438.878
2020-10-01;122,65;123,05;120,25;120,65;333.806
2020-10-02;119,90;121,35;117,75;121,30;275.519
2020-10-05;122,70;124,10;120,35;123,30;413.607
2020-10-06;124,10;124,10;122,15;122,40;301.784
2020-10-07;122,10;122,20;116,65;118,00;522.080
2020-10-08;119,00;121,65;118,60;121,10;390.762
