2014-01-02;48,90;49,13;48,13;48,13;930.169
2014-01-03;48,24;48,50;47,94;48,15;802.939
2014-01-06;48,20;48,56;47,64;47,64;627.624
2014-01-07;48,00;48,00;47,43;47,55;822.002
2014-01-08;47,76;47,76;47,19;47,31;762.025
2014-01-09;47,28;47,51;47,07;47,21;999.931
2014-01-10;47,38;47,46;47,02;47,14;817.000
2014-01-13;47,29;47,45;46,91;47,12;687.279
2014-01-14;46,96;47,93;46,85;47,88;857.894
2014-01-15;47,84;48,07;47,64;47,80;686.410
2014-01-16;47,85;48,78;47,80;48,40;760.814
2014-01-17;48,44;48,58;47,95;48,01;680.811
2014-01-20;48,15;48,26;48,01;48,09;491.720
2014-01-21;47,98;48,46;47,62;47,95;1.172.420
2014-01-22;48,11;48,34;47,82;47,97;761.043
2014-01-23;47,99;48,41;47,90;48,20;711.214
2014-01-24;48,26;48,30;47,21;47,41;1.004.015
2014-01-27;47,54;47,64;46,45;46,56;839.778
2014-01-28;46,69;46,69;46,10;46,52;969.264
2014-01-29;46,88;47,30;46,00;46,27;1.351.969
2014-01-30;45,97;46,00;44,14;44,96;2.516.476
2014-01-31;44,95;45,46;44,79;45,26;1.441.909
2014-02-03;45,24;45,85;45,19;45,34;932.093
2014-02-04;45,25;45,31;44,66;45,19;889.829
2014-02-05;45,20;45,30;44,96;45,21;662.527
2014-02-06;45,47;45,91;45,12;45,77;1.550.299
2014-02-07;45,94;46,35;45,68;46,08;1.174.959
2014-02-10;46,25;46,69;46,20;46,68;534.826
2014-02-11;46,85;47,12;46,57;47,11;992.293
2014-02-12;48,50;49,25;47,15;47,31;2.697.922
2014-02-13;47,33;47,40;46,36;46,84;1.478.127
2014-02-14;47,01;47,07;46,37;46,61;1.535.740
2014-02-17;46,94;48,19;46,88;47,94;1.518.084
2014-02-18;48,01;48,25;47,59;48,20;1.072.135
2014-02-19;48,19;48,71;48,10;48,66;930.819
2014-02-20;48,46;48,93;48,14;48,93;943.496
2014-02-21;49,04;49,39;48,76;49,07;836.135
2014-02-24;48,98;49,42;48,90;49,08;949.186
2014-02-25;49,00;49,11;48,67;48,87;851.792
2014-02-26;48,83;49,01;48,52;48,67;743.926
2014-02-27;48,65;49,08;48,12;48,60;701.604
2014-02-28;48,48;49,08;48,48;48,99;964.370
2014-03-03;48,40;48,44;47,37;47,81;989.045
2014-03-04;48,35;48,92;48,17;48,81;811.689
2014-03-05;48,80;48,81;48,15;48,43;731.524
2014-03-06;48,61;48,92;48,42;48,83;786.960
2014-03-07;48,86;49,08;48,35;48,58;775.321
2014-03-10;48,50;48,75;48,17;48,39;588.399
2014-03-11;48,52;48,52;47,93;48,36;563.944
2014-03-12;48,13;48,13;47,25;47,54;835.539
2014-03-13;47,93;48,11;47,25;47,29;824.671
2014-03-14;46,95;47,17;46,58;47,00;1.135.567
2014-03-17;46,82;47,07;46,11;46,89;665.901
2014-03-18;46,68;47,42;46,23;47,12;787.421
2014-03-19;47,11;47,12;46,41;46,56;859.846
2014-03-20;46,26;46,32;45,90;46,32;890.211
2014-03-21;46,50;47,06;46,40;46,74;1.464.243
2014-03-24;46,77;46,84;46,47;46,80;473.923
2014-03-25;46,93;47,99;46,92;47,99;1.064.004
2014-03-26;47,72;48,17;47,47;48,14;844.219
2014-03-27;48,13;49,06;47,73;49,05;1.371.604
2014-03-28;49,35;50,47;49,35;50,24;1.562.845
2014-03-31;50,50;50,64;50,20;50,52;1.133.658
2014-04-01;50,62;50,80;50,03;50,80;685.271
2014-04-02;50,70;50,85;50,30;50,40;935.521
2014-04-03;50,50;50,92;50,23;50,82;748.873
2014-04-04;51,00;51,41;50,83;51,40;839.720
2014-04-07;51,22;51,60;50,80;51,50;682.021
2014-04-08;51,65;52,05;51,32;51,90;1.018.698
2014-04-09;52,00;52,04;51,60;51,68;656.304
2014-04-10;51,72;51,98;51,33;51,84;603.349
2014-04-11;51,35;51,56;50,69;50,80;859.875
2014-04-14;50,63;51,67;50,62;51,20;1.058.640
2014-04-15;51,05;51,94;50,93;51,54;1.008.182
2014-04-16;51,85;51,95;50,76;51,74;839.436
2014-04-17;51,48;51,68;51,00;51,48;824.880
2014-04-22;51,85;51,99;51,56;51,65;683.912
2014-04-23;51,46;51,63;51,08;51,17;848.492
2014-04-24;51,56;52,07;50,13;50,53;1.312.053
2014-04-25;50,40;50,65;49,70;49,79;809.823
2014-04-28;49,90;50,20;49,31;50,04;1.116.889
2014-04-29;50,34;50,50;50,15;50,26;762.912
2014-04-30;50,01;50,28;49,78;50,00;1.169.491
2014-05-02;50,00;50,06;49,66;49,70;830.951
2014-05-05;49,55;49,63;48,96;49,45;647.161
2014-05-06;49,67;49,70;48,84;48,85;723.751
2014-05-07;48,80;50,21;48,66;50,21;981.759
2014-05-08;50,30;50,35;49,77;50,02;804.506
2014-05-09;50,09;50,31;49,88;49,99;593.401
2014-05-12;50,30;50,43;50,18;50,37;905.576
2014-05-13;50,50;50,99;50,37;50,96;752.227
2014-05-14;51,10;51,50;50,91;51,37;525.100
2014-05-15;51,23;52,12;51,23;52,12;1.149.225
2014-05-16;52,24;52,83;51,85;52,20;1.050.540
2014-05-19;52,31;52,60;51,97;52,13;998.903
2014-05-20;52,09;52,18;51,46;51,49;736.668
2014-05-21;51,45;51,62;51,17;51,55;721.012
2014-05-22;51,55;51,81;51,37;51,64;841.051
2014-05-23;51,63;51,63;51,20;51,43;481.424
2014-05-26;51,75;51,77;51,32;51,49;281.884
2014-05-27;51,41;51,50;50,96;51,35;611.605
2014-05-28;51,42;51,42;50,74;50,88;633.563
2014-05-29;50,88;51,40;50,77;51,24;767.342
2014-05-30;51,24;51,81;50,84;51,71;1.050.156
2014-06-02;51,90;52,03;51,48;51,65;713.646
2014-06-03;51,35;51,62;50,95;51,60;839.778
2014-06-04;51,42;51,74;51,19;51,39;559.391
2014-06-05;51,31;51,55;51,10;51,28;739.585
2014-06-06;51,30;51,33;50,68;50,69;776.696
2014-06-09;50,78;51,18;50,43;51,18;370.698
2014-06-10;51,18;51,63;50,97;51,63;768.380
2014-06-11;51,71;52,77;51,57;52,61;1.310.434
2014-06-12;52,62;53,14;52,50;53,10;1.154.935
2014-06-13;52,96;53,47;52,69;53,39;876.946
2014-06-16;53,29;53,71;52,88;53,44;888.608
2014-06-17;53,54;53,66;53,17;53,48;630.786
2014-06-18;53,43;53,47;52,79;52,80;736.985
2014-06-19;52,89;53,30;52,74;52,86;779.372
2014-06-20;52,90;53,19;52,65;52,78;2.245.677
2014-06-23;52,79;52,94;52,25;52,48;646.137
2014-06-24;52,47;53,22;52,35;53,00;619.904
2014-06-25;52,76;52,84;51,86;51,88;920.029
2014-06-26;52,02;52,24;51,68;51,94;646.266
2014-06-27;52,07;52,11;51,66;52,00;561.985
2014-06-30;52,20;52,68;52,01;52,43;576.367
2014-07-01;52,65;53,45;52,63;53,42;1.013.422
2014-07-02;53,34;53,93;53,28;53,43;977.936
2014-07-03;53,55;53,93;53,35;53,86;724.468
2014-07-04;53,79;54,00;53,36;53,80;448.975
2014-07-07;53,80;53,87;53,30;53,30;503.787
2014-07-08;53,47;54,54;53,40;53,99;1.182.505
2014-07-09;53,96;54,16;53,79;53,96;908.436
2014-07-10;54,09;54,09;53,05;53,21;1.000.148
2014-07-11;53,13;53,57;52,99;53,34;525.260
2014-07-14;53,28;53,83;53,16;53,52;611.599
2014-07-15;53,39;53,75;53,33;53,43;589.444
2014-07-16;53,46;54,16;53,44;54,15;802.550
2014-07-17;53,89;54,26;53,80;53,88;669.855
2014-07-18;53,57;53,93;53,27;53,48;711.549
2014-07-21;53,90;54,02;53,53;53,76;491.179
2014-07-22;54,03;54,39;53,75;54,38;551.134
2014-07-23;54,40;54,71;54,25;54,69;668.009
2014-07-24;54,70;54,91;54,37;54,57;646.998
2014-07-25;54,46;54,54;53,55;53,72;564.177
2014-07-28;53,93;54,03;53,38;53,71;400.618
2014-07-29;53,72;54,37;53,42;54,29;617.329
2014-07-30;54,80;54,82;53,40;53,48;879.424
2014-07-31;53,45;53,77;52,41;52,56;920.608
2014-08-01;52,43;52,96;51,63;52,05;888.458
2014-08-04;52,26;52,58;51,90;52,09;620.749
2014-08-05;52,16;53,00;52,08;52,39;632.536
2014-08-06;52,25;52,80;51,80;52,59;724.162
2014-08-07;52,54;52,64;52,05;52,29;655.228
2014-08-08;51,72;51,83;50,85;50,97;941.898
2014-08-11;51,50;52,15;51,30;51,88;847.560
2014-08-12;51,96;52,03;51,52;51,78;529.380
2014-08-13;52,13;52,37;51,81;51,98;592.920
2014-08-14;51,93;52,40;51,73;52,28;428.514
2014-08-15;52,38;52,94;52,01;52,29;827.977
2014-08-18;52,84;52,98;52,50;52,80;497.740
2014-08-19;52,86;53,00;52,76;52,90;616.837
2014-08-20;55,65;57,50;55,30;57,31;3.087.262
2014-08-21;57,20;57,83;57,15;57,34;1.236.430
2014-08-22;57,27;57,34;56,56;56,67;905.026
2014-08-25;56,94;57,67;56,94;57,67;536.297
2014-08-26;57,63;57,68;57,04;57,30;542.483
2014-08-27;57,32;57,78;57,14;57,64;679.403
2014-08-28;57,59;57,85;57,39;57,59;686.545
2014-08-29;57,82;57,90;57,38;57,90;699.158
2014-09-01;58,08;58,51;57,82;58,51;642.631
2014-09-02;58,82;58,82;57,91;58,29;686.812
2014-09-03;58,25;58,45;57,91;58,30;961.324
2014-09-04;58,19;58,67;57,55;58,56;1.196.262
2014-09-05;58,46;58,76;58,19;58,67;853.664
2014-09-08;58,61;59,19;58,55;59,19;731.685
2014-09-09;59,02;60,03;58,92;59,94;1.255.477
2014-09-10;59,65;60,10;59,15;59,87;1.177.662
2014-09-11;60,09;60,92;59,65;60,75;1.902.276
2014-09-12;60,89;60,89;59,18;59,43;1.773.301
2014-09-15;61,32;61,98;60,08;60,18;3.201.024
2014-09-16;60,31;60,43;59,83;60,00;1.271.993
2014-09-17;60,15;60,15;58,84;58,84;1.257.751
2014-09-18;58,85;59,25;58,71;58,83;886.963
2014-09-19;59,15;59,16;58,15;58,43;1.527.876
2014-09-22;58,33;58,44;57,94;58,24;679.757
2014-09-23;58,05;58,38;57,55;57,92;868.344
2014-09-24;58,01;58,96;57,85;58,86;1.113.086
2014-09-25;58,94;59,35;58,05;58,10;724.414
2014-09-26;58,04;58,80;57,75;58,65;685.303
2014-09-29;58,65;59,00;58,21;58,44;784.564
2014-09-30;58,51;59,28;58,31;59,24;881.542
2014-10-01;59,21;59,55;58,46;58,50;651.882
2014-10-02;58,37;58,53;57,68;57,72;882.114
2014-10-03;58,01;58,25;57,46;58,17;717.685
2014-10-06;58,32;58,88;58,17;58,29;756.281
2014-10-07;58,14;58,29;57,62;57,94;617.953
2014-10-08;57,65;58,12;57,36;58,10;815.267
2014-10-09;58,71;59,91;58,48;58,71;1.169.056
2014-10-10;58,41;58,84;57,76;57,79;965.589
2014-10-13;57,51;57,51;56,37;56,60;1.129.669
2014-10-14;56,23;56,51;55,43;56,34;1.103.368
2014-10-17;54,90;56,77;54,46;56,65;1.432.052
2014-10-20;56,42;56,74;55,98;56,60;912.590
2014-10-21;56,48;58,26;56,14;58,16;1.199.830
2014-10-22;56,99;57,73;56,56;57,60;1.407.224
2014-10-23;57,10;57,62;56,56;57,05;913.390
2014-10-24;56,90;57,04;56,35;56,90;599.847
2014-10-27;57,89;57,94;57,15;57,69;808.081
2014-10-28;57,90;58,32;57,83;58,08;493.237
2014-10-29;58,37;59,18;58,00;59,00;926.145
2014-10-30;59,00;59,47;58,56;59,32;752.009
2014-10-31;59,90;59,99;59,44;59,59;835.398
2014-11-03;59,70;59,84;58,79;59,22;523.927
2014-11-04;59,22;59,44;58,96;58,99;642.891
2014-11-05;59,44;60,39;59,44;60,35;1.010.652
2014-11-06;60,08;60,49;59,68;59,90;820.971
2014-11-07;60,00;60,00;59,19;59,30;532.700
2014-11-10;59,26;59,71;59,18;59,62;494.085
2014-11-11;59,72;60,92;59,62;60,45;649.590
2014-11-12;60,25;60,68;60,23;60,50;600.509
2014-11-13;60,63;61,41;60,10;61,18;871.744
2014-11-14;61,45;61,60;60,45;60,65;560.682
2014-11-17;60,25;60,93;60,15;60,77;429.206
2014-11-18;60,82;61,31;60,72;61,06;345.435
2014-11-19;60,98;61,18;60,63;60,92;447.720
2014-11-20;60,86;61,64;60,73;61,47;555.557
2014-11-21;61,47;61,82;61,08;61,71;999.403
2014-11-24;61,80;62,39;61,63;61,70;626.582
2014-11-25;61,77;62,18;61,59;61,69;769.302
2014-11-26;61,69;62,04;61,58;61,68;358.587
2014-11-27;61,85;62,83;61,83;62,74;659.956
2014-11-28;62,68;63,29;62,67;63,25;496.138
2014-12-01;62,99;64,00;62,99;63,38;831.688
2014-12-02;63,40;63,71;62,82;63,19;760.528
2014-12-03;62,97;63,29;62,50;62,57;496.041
2014-12-04;62,51;63,21;62,29;62,67;978.828
2014-12-05;62,93;63,34;62,72;63,21;477.556
2014-12-08;63,05;63,25;62,35;62,39;474.252
2014-12-09;61,62;62,09;60,44;60,47;1.009.547
2014-12-10;60,39;61,24;60,24;60,92;1.036.318
2014-12-11;60,70;60,88;60,36;60,48;884.834
2014-12-12;60,26;60,37;58,25;58,39;899.863
2014-12-15;58,35;58,98;57,43;57,56;831.078
2014-12-16;57,63;57,90;56,15;57,78;1.176.636
2014-12-17;57,51;57,94;56,72;57,50;958.712
2014-12-18;57,99;59,09;57,47;58,94;946.792
2014-12-19;59,27;59,58;58,58;59,39;1.183.694
2014-12-22;59,53;60,11;59,50;59,77;549.608
2014-12-23;60,04;60,23;59,12;59,45;615.682
2014-12-24;59,31;59,75;59,18;59,51;72.071
2014-12-29;59,42;59,84;59,00;59,49;377.984
2014-12-30;59,44;59,44;58,24;58,31;391.824
2014-12-31;58,66;59,00;58,41;58,95;108.634
2015-01-02;58,88;59,17;57,51;57,72;477.340
2015-01-05;57,49;58,40;56,65;56,83;741.601
2015-01-06;56,90;57,51;56,14;56,81;787.914
2015-01-07;57,16;57,88;56,73;57,47;802.940
2015-01-08;57,98;59,26;57,95;59,03;840.169
2015-01-09;58,92;59,11;57,16;57,48;999.970
2015-01-12;57,68;59,25;57,58;58,93;889.869
2015-01-13;58,91;60,22;58,80;59,86;762.635
2015-01-14;59,22;61,93;59,11;60,72;1.525.496
2015-01-15;61,09;61,42;59,22;61,17;1.951.242
2015-01-16;61,30;62,97;61,23;62,69;1.497.137
2015-01-19;63,74;63,91;63,04;63,84;1.012.339
2015-01-20;63,99;64,18;62,94;63,19;1.037.710
2015-01-21;62,56;62,98;62,11;62,98;1.160.862
2015-01-22;62,87;63,17;62,00;62,68;1.218.992
2015-01-23;62,98;65,31;62,81;65,16;1.569.565
2015-01-26;65,15;66,25;65,07;65,66;1.153.990
2015-01-27;65,77;66,42;64,90;65,37;801.185
2015-01-28;65,86;66,18;64,68;65,83;703.471
2015-01-29;65,55;66,89;65,38;66,81;1.021.066
2015-01-30;66,99;67,00;65,40;66,28;1.007.837
2015-02-02;66,61;67,14;65,99;66,93;952.575
2015-02-03;67,15;67,28;66,09;66,15;732.609
2015-02-04;66,01;66,44;65,10;66,03;1.233.356
2015-02-05;65,76;66,76;65,66;66,19;623.219
2015-02-06;65,93;66,33;65,66;65,77;798.762
2015-02-09;65,34;65,46;63,71;64,17;1.562.817
2015-02-10;64,17;65,48;63,95;64,60;915.507
2015-02-11;65,90;66,76;64,80;66,39;1.163.846
2015-02-12;67,05;67,40;65,96;66,44;1.355.836
2015-02-13;66,86;67,13;65,58;65,72;781.038
2015-02-16;65,55;65,67;64,62;64,97;797.743
2015-02-17;65,09;66,30;64,44;66,30;722.385
2015-02-18;66,62;66,62;65,29;65,61;664.525
2015-02-19;65,54;67,35;65,54;67,16;832.562
2015-02-20;67,13;67,30;66,58;67,22;864.915
2015-02-23;67,60;68,02;67,00;67,77;588.398
2015-02-24;67,91;68,48;67,72;68,28;499.657
2015-02-25;68,28;68,47;67,53;68,02;562.289
2015-02-26;67,92;69,89;67,74;69,72;647.925
2015-02-27;69,82;70,04;69,21;69,84;623.418
2015-03-02;69,90;70,44;69,57;69,87;670.845
2015-03-03;70,04;70,71;69,80;70,22;677.433
2015-03-04;70,37;71,02;69,51;71,02;817.014
2015-03-05;70,96;72,86;70,96;72,50;1.044.408
2015-03-06;72,70;74,00;72,57;72,99;1.076.670
2015-03-09;72,56;72,97;71,71;72,68;783.656
2015-03-10;72,39;72,69;71,71;72,33;858.746
2015-03-11;72,58;74,25;72,11;73,86;812.647
2015-03-12;73,58;73,83;73,16;73,57;636.499
2015-03-13;73,63;73,81;72,71;73,66;802.102
2015-03-16;73,75;75,16;73,73;74,82;627.218
2015-03-17;74,33;74,39;73,07;73,47;887.113
2015-03-18;73,47;73,98;72,92;73,58;770.628
2015-03-19;73,73;74,06;72,09;72,51;833.819
2015-03-20;72,72;73,30;72,47;72,91;995.944
2015-03-23;72,42;72,86;71,83;72,66;561.676
2015-03-24;72,43;73,44;72,37;72,49;703.427
2015-03-25;72,18;72,48;70,51;70,67;1.046.458
2015-03-26;70,15;71,24;69,56;71,24;970.137
2015-03-27;71,77;71,98;70,69;71,35;575.618
2015-03-30;71,88;72,78;71,70;72,29;534.945
2015-03-31;72,05;72,50;70,44;71,03;993.503
2015-04-01;70,80;72,46;70,37;71,65;658.409
2015-04-02;71,90;72,50;71,64;72,47;424.570
2015-04-07;73,19;73,51;72,70;73,33;470.123
2015-04-08;73,10;73,44;72,70;73,23;372.861
2015-04-09;73,34;74,06;73,33;74,04;500.526
2015-04-10;74,40;74,81;73,90;74,69;547.770
2015-04-13;74,58;75,24;74,24;75,09;728.604
2015-04-14;74,84;75,33;74,38;74,82;741.959
2015-04-15;74,86;75,33;74,47;74,65;895.554
2015-04-16;74,51;74,94;74,10;74,53;714.559
2015-04-17;74,29;74,63;73,10;73,19;1.255.617
2015-04-20;73,76;74,41;73,56;73,78;588.138
2015-04-21;74,60;76,14;74,42;75,75;1.374.845
2015-04-22;75,00;75,63;73,21;73,47;1.332.637
2015-04-23;73,73;74,28;72,56;73,64;900.898
2015-04-24;73,93;74,16;72,45;73,06;648.777
2015-04-27;72,73;73,48;71,38;72,98;626.759
2015-04-28;72,82;72,91;70,65;71,48;756.392
2015-04-29;71,79;72,01;69,79;69,85;846.930
2015-04-30;69,67;71,19;69,26;70,36;1.054.266
2015-05-04;70,63;71,70;70,36;71,47;779.762
2015-05-05;71,58;72,59;69,93;70,04;1.077.935
2015-05-06;70,21;70,81;69,27;69,81;988.129
2015-05-07;69,63;70,67;68,78;70,22;1.188.318
2015-05-08;70,96;71,88;70,54;71,48;722.204
2015-05-11;71,58;71,71;70,90;71,30;571.875
2015-05-12;70,82;70,86;69,48;70,08;1.105.492
2015-05-13;70,14;71,05;69,34;69,69;724.218
2015-05-14;69,55;70,95;68,82;70,73;575.267
2015-05-15;71,25;71,48;70,41;70,85;652.389
2015-05-18;71,10;71,33;69,83;71,22;600.638
2015-05-19;71,51;73,26;71,45;72,86;860.699
2015-05-20;72,89;73,24;72,27;72,47;787.653
2015-05-21;72,18;72,38;71,69;72,32;651.201
2015-05-22;72,01;72,72;71,94;72,50;484.146
2015-05-25;72,67;72,85;72,22;72,62;91.934
2015-05-26;72,43;73,04;71,89;72,24;537.059
2015-05-27;72,02;72,73;71,81;72,31;694.054
2015-05-28;72,06;72,90;72,00;72,58;471.050
2015-05-29;72,54;72,75;71,19;71,34;885.741
2015-06-01;71,78;71,91;70,00;70,34;1.188.516
2015-06-02;70,46;70,52;68,88;69,18;1.312.670
2015-06-03;69,03;69,77;68,72;68,80;1.369.907
2015-06-04;68,77;69,58;67,31;68,84;1.016.010
2015-06-05;68,05;68,27;66,69;67,24;1.155.592
2015-06-08;67,25;67,74;66,80;67,20;978.845
2015-06-09;66,97;67,58;66,52;67,43;867.632
2015-06-10;67,32;67,96;66,70;67,74;1.130.351
2015-06-11;67,54;69,82;67,44;69,01;1.217.843
2015-06-12;68,80;68,88;67,19;67,78;904.167
2015-06-15;66,96;68,06;66,90;67,63;1.272.277
2015-06-16;67,14;68,58;66,96;68,39;1.097.656
2015-06-17;68,47;68,84;67,27;67,72;1.080.448
2015-06-18;67,49;67,71;66,64;67,62;1.268.646
2015-06-19;67,88;68,74;67,49;67,79;1.398.021
2015-06-22;69,07;69,50;68,50;69,36;1.068.164
2015-06-23;69,77;70,48;69,63;70,36;902.136
2015-06-24;70,22;70,85;69,72;70,13;1.371.946
2015-06-25;69,48;70,87;69,41;70,16;1.096.985
2015-06-26;69,63;71,02;69,30;70,37;630.956
2015-06-29;67,75;69,33;67,28;68,47;1.044.415
2015-06-30;68,16;69,14;67,72;68,07;1.465.726
2015-07-01;68,62;69,71;67,82;68,61;1.264.318
2015-07-02;68,59;69,06;68,10;68,29;695.366
2015-07-03;68,20;68,64;67,59;68,09;591.452
2015-07-06;66,84;68,00;66,51;67,60;785.181
2015-07-07;67,79;67,79;66,99;67,17;1.156.726
2015-07-08;67,54;67,66;66,90;67,26;1.146.327
2015-07-09;67,39;69,11;67,05;68,87;874.908
2015-07-10;70,75;71,39;70,23;71,24;1.161.574
2015-07-13;71,90;72,21;71,24;71,75;1.009.324
2015-07-14;71,75;72,54;71,55;72,46;623.352
2015-07-15;72,30;72,68;72,05;72,44;634.671
2015-07-16;72,95;73,84;72,70;73,38;718.851
2015-07-17;73,49;73,60;72,92;73,41;745.805
2015-07-20;73,46;74,40;73,45;73,92;520.055
2015-07-21;74,10;74,50;73,50;73,78;762.489
2015-07-22;73,46;74,10;73,26;73,47;598.061
2015-07-23;73,90;73,93;71,70;72,45;1.083.562
2015-07-24;72,09;73,53;72,08;72,39;655.638
2015-07-27;71,99;72,17;70,60;70,74;625.696
2015-07-28;71,07;71,65;70,49;71,17;709.051
2015-07-29;71,34;71,99;70,75;71,65;796.434
2015-07-30;71,29;71,72;70,57;71,01;1.298.213
2015-07-31;71,05;71,97;70,78;71,74;977.197
2015-08-03;73,88;75,75;73,10;75,73;1.506.811
2015-08-04;75,65;76,46;75,16;76,23;1.030.693
2015-08-05;77,51;77,77;76,64;77,20;1.166.532
2015-08-06;77,11;77,55;76,89;77,15;613.009
2015-08-07;76,59;76,91;76,18;76,36;923.724
2015-08-10;76,84;77,03;75,97;76,81;664.649
2015-08-11;76,83;76,90;75,98;76,10;791.659
2015-08-12;75,30;75,30;74,53;75,00;1.269.013
2015-08-13;76,22;76,71;75,55;75,77;798.350
2015-08-14;76,00;76,40;75,27;75,91;745.101
2015-08-17;76,43;76,81;75,00;75,61;533.310
2015-08-18;75,52;76,04;75,21;75,79;565.956
2015-08-19;75,13;75,55;74,61;74,91;588.960
2015-08-20;74,63;74,67;73,09;73,39;871.311
2015-08-21;72,44;73,24;70,29;70,29;1.409.112
2015-08-24;68,11;69,18;64,54;67,86;2.371.314
2015-08-25;68,59;70,89;67,98;69,75;1.901.768
2015-08-26;68,89;70,32;67,59;68,79;1.520.160
2015-08-27;70,02;70,52;69,07;70,06;1.289.933
2015-08-28;70,19;70,32;68,93;70,20;884.872
2015-08-31;69,87;70,65;69,71;70,50;656.947
2015-09-01;69,95;69,96;68,08;69,00;865.513
2015-09-02;69,16;69,85;68,64;69,40;567.132
2015-09-03;69,98;71,10;69,55;70,61;656.502
2015-09-04;70,00;70,14;68,24;68,35;1.102.966
2015-09-07;69,05;69,61;68,94;69,16;566.522
2015-09-08;69,51;70,16;68,91;68,91;620.981
2015-09-09;70,40;71,63;70,21;70,34;844.918
2015-09-10;69,98;70,16;68,74;69,60;785.023
2015-09-11;69,69;69,86;68,13;68,69;744.177
2015-09-14;68,93;69,84;68,52;68,66;501.778
2015-09-15;68,71;70,11;68,50;69,66;862.288
2015-09-16;70,38;74,90;70,24;71,95;2.364.933
2015-09-17;72,27;74,28;72,00;74,22;1.290.468
2015-09-18;74,08;74,43;71,76;72,98;1.616.325
2015-09-21;72,51;74,27;72,51;73,68;854.328
2015-09-22;73,57;74,00;71,75;71,94;775.358
2015-09-23;71,77;73,06;71,65;72,50;784.637
2015-09-24;72,38;72,38;69,31;69,75;1.585.484
2015-09-25;70,30;71,89;69,80;71,59;889.876
2015-09-28;71,75;72,35;70,92;71,31;794.226
2015-09-29;70,30;70,45;68,94;69,52;1.179.009
2015-09-30;71,02;72,68;70,80;72,24;1.126.111
2015-10-01;73,50;73,88;71,65;71,87;896.810
2015-10-02;72,66;73,69;71,63;72,74;745.449
2015-10-05;74,23;75,65;73,65;75,25;1.184.471
2015-10-06;75,02;75,41;74,60;74,73;830.390
2015-10-07;75,23;75,47;73,60;73,92;1.026.307
2015-10-08;73,95;74,54;72,71;72,84;1.229.513
2015-10-09;73,30;73,48;72,59;73,25;861.732
2015-10-12;73,40;74,06;72,84;73,64;762.027
2015-10-13;74,22;75,59;73,67;75,29;1.526.456
2015-10-14;74,95;75,23;74,37;74,76;856.833
2015-10-15;75,26;77,28;74,76;77,07;1.172.053
2015-10-16;77,30;77,52;76,29;77,31;1.014.689
2015-10-19;77,45;79,03;77,34;78,57;869.912
2015-10-20;78,45;79,14;78,45;78,93;936.620
2015-10-21;79,27;79,30;78,18;78,25;859.761
2015-10-22;77,93;79,58;77,56;79,21;1.014.450
2015-10-23;79,85;80,89;79,67;80,00;1.070.287
2015-10-26;80,03;80,26;79,60;80,16;877.138
2015-10-27;80,16;80,50;79,68;80,16;713.986
2015-10-28;83,00;83,85;82,20;83,35;1.807.208
2015-10-29;83,19;84,13;82,58;82,88;1.201.818
2015-10-30;83,00;83,59;82,45;83,12;1.081.911
2015-11-02;82,50;83,05;82,04;82,15;1.004.361
2015-11-03;82,18;82,64;81,79;82,29;716.271
2015-11-04;82,31;83,09;82,27;82,51;784.264
2015-11-05;82,59;84,32;82,37;84,00;907.557
2015-11-06;83,99;84,09;82,96;83,48;630.905
2015-11-09;83,60;83,75;82,07;82,17;563.842
2015-11-10;82,62;83,43;81,94;83,25;560.213
2015-11-11;83,40;84,91;83,40;84,71;565.002
2015-11-12;84,87;85,48;84,19;84,36;803.224
2015-11-13;83,96;84,06;81,90;82,20;749.150
2015-11-16;81,21;83,08;81,13;82,74;632.554
2015-11-17;83,30;85,10;83,09;85,01;652.350
2015-11-18;84,52;84,83;84,03;84,76;432.004
2015-11-19;85,37;85,84;84,93;85,23;544.392
2015-11-20;85,72;85,90;84,85;85,14;675.095
2015-11-23;85,35;85,55;84,54;85,13;431.337
2015-11-24;84,95;84,95;82,90;83,02;765.321
2015-11-25;82,90;85,47;82,90;84,89;777.500
2015-11-26;84,90;85,68;84,73;84,84;406.532
2015-11-27;84,43;85,35;84,12;84,97;427.040
2015-11-30;84,56;85,16;84,08;84,16;830.743
2015-12-01;84,42;84,68;83,74;84,23;685.351
2015-12-02;84,38;85,27;84,38;84,72;828.382
2015-12-03;84,49;85,20;81,05;81,05;1.556.412
2015-12-04;81,00;81,05;79,38;80,15;1.068.071
2015-12-07;80,94;82,84;80,50;81,88;738.509
2015-12-08;81,95;82,30;80,72;80,78;590.264
2015-12-09;81,27;81,96;80,61;80,61;619.764
2015-12-10;80,35;81,11;79,52;80,47;666.333
2015-12-11;80,60;80,77;78,79;79,05;624.978
2015-12-14;79,35;79,45;77,47;77,47;852.697
2015-12-15;77,96;79,35;77,77;78,97;832.780
2015-12-16;79,26;79,80;78,88;78,99;636.401
2015-12-17;80,42;81,18;79,57;79,62;703.991
2015-12-18;78,97;79,53;77,96;78,29;795.022
2015-12-21;78,51;79,01;77,11;77,11;629.448
2015-12-22;77,77;78,29;76,82;77,49;538.545
2015-12-23;78,44;79,22;78,06;78,86;391.275
2015-12-24;78,75;79,52;78,66;79,38;82.922
2015-12-28;79,39;79,45;78,27;78,41;129.585
2015-12-29;78,65;80,33;78,65;80,33;325.747
2015-12-30;80,09;80,44;79,66;79,78;256.081
2015-12-31;80,02;80,02;78,66;78,77;119.053
2016-01-04;78,50;78,70;76,53;77,79;649.553
2016-01-05;78,40;78,65;77,12;78,51;484.657
2016-01-06;78,25;78,28;76,80;78,08;682.501
2016-01-07;76,32;76,92;75,26;76,22;841.258
2016-01-08;76,28;76,37;75,12;75,17;626.485
2016-01-11;75,33;76,62;74,95;75,98;734.251
2016-01-12;75,82;77,14;75,29;76,98;625.824
2016-01-13;77,74;78,30;76,84;77,15;760.985
2016-01-14;76,22;76,22;74,80;75,13;857.227
2016-01-15;74,57;75,22;73,78;74,76;1.161.797
2016-01-18;74,74;75,34;74,16;74,95;775.394
2016-01-19;76,08;76,22;75,43;75,83;492.248
2016-01-20;74,31;74,83;73,52;74,18;667.830
2016-01-21;74,39;76,42;74,25;75,93;1.084.120
2016-01-22;77,18;77,34;76,49;76,86;1.066.975
2016-01-25;77,55;78,40;76,94;77,55;743.686
2016-01-26;76,38;77,50;75,98;77,30;722.698
2016-01-27;77,34;78,55;77,00;78,40;650.937
2016-01-28;78,03;78,57;77,17;77,65;546.603
2016-01-29;78,85;80,02;77,95;80,02;860.325
2016-02-01;80,54;80,77;79,84;80,45;717.553
2016-02-02;80,50;80,63;79,44;79,96;663.006
2016-02-03;80,02;80,99;79,60;79,98;1.246.441
2016-02-04;80,56;80,56;76,92;77,00;1.009.607
2016-02-05;76,90;77,42;75,37;75,46;910.136
2016-02-08;75,53;76,10;74,50;74,80;1.050.151
2016-02-09;75,17;75,70;74,28;75,18;1.435.845
2016-02-10;74,64;76,04;72,87;72,87;1.721.625
2016-02-11;72,37;72,37;70,91;71,08;1.029.692
2016-02-12;71,64;71,77;70,84;71,46;870.587
2016-02-15;72,78;74,14;72,50;73,46;524.773
2016-02-16;73,74;74,40;72,93;73,32;531.792
2016-02-17;73,87;74,23;73,58;74,19;578.727
2016-02-18;74,20;74,21;73,58;73,86;312.550
2016-02-19;73,94;74,28;73,41;73,79;646.621
2016-02-22;74,67;75,28;74,46;74,66;622.215
2016-02-23;74,27;75,16;73,86;74,50;469.579
2016-02-24;74,64;74,64;72,95;73,37;631.383
2016-02-25;73,80;74,78;73,49;74,40;394.019
2016-02-26;75,02;75,64;74,24;74,36;626.051
2016-02-29;74,10;74,33;73,67;74,16;631.360
2016-03-01;74,09;76,56;73,64;76,56;838.208
2016-03-02;76,72;76,72;75,32;75,85;814.550
2016-03-03;76,00;76,12;74,71;74,91;643.400
2016-03-04;75,05;76,50;74,89;75,88;686.278
2016-03-07;75,72;76,38;75,46;75,73;405.805
2016-03-08;75,28;76,04;74,64;75,88;378.046
2016-03-09;76,70;78,26;76,33;77,28;841.284
2016-03-10;77,60;79,72;76,39;76,39;1.031.905
2016-03-11;77,50;78,64;77,05;78,03;862.894
2016-03-14;77,70;78,02;76,82;77,51;862.066
2016-03-15;77,14;77,98;76,72;77,62;528.522
2016-03-16;77,85;77,88;76,74;77,08;639.801
2016-03-17;77,47;77,55;75,82;77,06;563.486
2016-03-18;77,03;79,06;76,74;79,03;1.232.304
2016-03-21;78,78;79,02;78,20;78,57;833.777
2016-03-22;78,32;78,32;77,15;78,09;709.994
2016-03-23;78,44;79,91;78,39;79,74;798.596
2016-03-24;79,12;79,45;78,70;78,84;621.879
2016-03-29;78,88;79,97;78,84;79,33;481.617
2016-03-30;79,49;80,99;79,49;80,77;673.698
2016-03-31;80,54;80,62;79,51;79,65;558.499
2016-04-01;79,09;79,09;77,73;78,81;721.987
2016-04-04;78,91;80,32;78,42;79,23;494.201
2016-04-05;78,76;79,45;78,48;79,00;650.261
2016-04-06;79,34;79,34;78,53;79,10;398.410
2016-04-07;79,11;79,71;78,63;78,84;533.421
2016-04-08;79,11;79,24;78,35;79,02;526.512
2016-04-11;78,75;79,07;77,95;78,42;419.765
2016-04-12;78,65;79,04;77,68;78,86;546.272
2016-04-13;79,66;80,02;79,16;79,98;621.499
2016-04-14;80,09;81,11;79,73;80,75;541.407
2016-04-15;80,46;81,55;80,37;81,44;862.132
2016-04-18;81,03;81,95;81,03;81,75;505.721
2016-04-19;81,90;83,20;81,75;83,16;493.730
2016-04-20;86,65;86,95;82,54;83,24;1.522.822
2016-04-21;83,33;83,43;80,98;82,19;800.840
2016-04-22;82,42;82,96;81,63;81,84;659.322
2016-04-25;81,35;81,57;80,63;81,16;635.840
2016-04-26;81,57;81,98;80,81;81,02;548.171
2016-04-27;80,95;82,14;80,44;81,75;612.609
2016-04-28;81,48;82,15;80,05;82,15;808.683
2016-04-29;82,11;82,38;81,32;81,85;1.051.002
2016-05-02;82,01;82,48;81,71;82,05;337.244
2016-05-03;82,05;82,06;81,16;81,65;712.036
2016-05-04;81,45;82,06;80,84;81,00;760.841
2016-05-05;81,31;81,98;81,01;81,61;533.992
2016-05-06;81,46;81,93;80,59;81,92;680.329
2016-05-09;82,55;83,45;82,06;82,87;555.488
2016-05-10;83,40;84,26;82,92;83,20;545.113
2016-05-11;82,99;83,11;82,31;82,73;498.365
2016-05-12;82,68;83,34;81,89;82,57;481.410
2016-05-13;81,95;82,72;81,46;82,38;565.684
2016-05-16;81,88;82,68;81,37;82,60;275.594
2016-05-17;83,25;83,44;81,75;81,98;557.267
2016-05-18;81,56;82,41;81,48;82,22;619.669
2016-05-19;82,01;82,26;80,77;80,96;828.534
2016-05-20;81,50;82,36;81,47;82,04;412.167
2016-05-23;82,08;82,48;81,27;81,43;538.754
2016-05-24;81,36;83,58;81,03;83,08;665.870
2016-05-25;83,30;83,48;82,39;83,30;759.663
2016-05-26;83,15;84,13;83,00;83,91;386.673
2016-05-27;83,87;84,33;83,35;83,86;582.195
2016-05-30;84,09;84,19;83,14;83,93;214.308
2016-05-31;84,17;84,35;83,14;83,47;797.626
2016-06-01;83,48;84,01;83,29;83,61;501.910
2016-06-02;83,91;83,98;83,40;83,61;390.889
2016-06-03;83,96;84,51;83,01;83,59;413.613
2016-06-06;83,85;84,27;83,59;83,89;262.080
2016-06-07;84,01;84,51;83,79;84,02;367.819
2016-06-08;83,65;83,70;83,12;83,33;372.231
2016-06-09;83,26;83,26;82,44;82,50;410.779
2016-06-10;82,36;82,43;80,53;80,89;663.568
2016-06-13;80,14;80,52;79,37;79,37;557.173
2016-06-14;78,66;78,88;77,91;78,60;695.097
2016-06-15;79,34;80,18;78,53;78,53;999.228
2016-06-16;77,74;78,66;77,45;78,36;703.584
2016-06-17;78,79;78,95;78,02;78,34;1.273.558
2016-06-20;79,66;80,80;79,36;80,54;663.380
2016-06-21;80,55;81,30;80,40;80,80;517.763
2016-06-22;81,39;81,42;80,48;80,77;580.576
2016-06-23;80,97;82,48;80,50;81,27;563.532
2016-06-24;77,39;80,84;77,26;79,70;1.405.456
2016-06-27;79,23;80,29;78,80;78,86;1.012.395
2016-06-28;80,47;81,02;79,74;79,75;1.011.407
2016-06-29;79,64;81,36;79,19;81,30;722.590
2016-06-30;81,00;83,00;81,00;82,77;1.152.872
2016-07-01;83,00;84,29;82,84;83,71;744.481
2016-07-04;84,06;84,43;83,43;83,48;375.202
2016-07-05;83,06;83,78;82,78;83,38;605.615
2016-07-06;82,89;83,26;81,60;82,04;860.515
2016-07-07;82,19;83,06;82,14;82,22;553.362
2016-07-08;82,79;83,15;82,10;82,79;507.626
2016-07-11;83,15;83,45;82,60;83,28;441.764
2016-07-12;83,45;83,58;82,86;82,97;386.906
2016-07-13;82,72;83,38;82,40;82,98;580.094
2016-07-14;83,45;84,05;82,95;83,06;627.345
2016-07-15;82,96;83,15;82,51;82,93;504.478
2016-07-18;82,71;83,26;82,71;82,90;410.625
2016-07-19;82,70;82,87;82,22;82,61;361.246
2016-07-20;83,08;83,74;82,75;82,93;563.252
2016-07-21;83,06;83,20;82,29;83,00;609.466
2016-07-22;82,69;84,14;82,66;84,14;570.924
2016-07-25;84,30;84,80;84,02;84,02;448.512
2016-07-26;84,23;84,73;84,01;84,43;406.407
2016-07-27;84,81;84,83;83,62;83,80;480.450
2016-07-28;83,63;84,28;83,22;83,99;501.192
2016-07-29;83,98;84,44;83,41;84,44;834.506
2016-08-01;82,55;83,37;81,09;81,33;1.184.730
2016-08-02;80,99;81,22;80,29;80,58;692.288
2016-08-03;80,07;80,14;79,29;79,32;122.239
2016-08-04;80,07;80,15;79,29;80,05;795.032
2016-08-05;80,36;81,07;80,10;80,52;526.294
2016-08-08;80,93;80,93;80,00;80,20;498.942
2016-08-09;80,20;80,60;80,02;80,17;827.091
2016-08-10;80,01;80,93;80,00;80,60;805.440
2016-08-11;81,08;81,24;80,71;80,89;652.980
2016-08-12;80,80;80,82;80,29;80,41;604.243
2016-08-15;80,74;81,22;80,59;81,09;818.148
2016-08-16;80,63;80,81;79,71;79,92;686.723
2016-08-17;79,69;79,99;79,05;79,66;603.381
2016-08-18;79,88;80,04;78,93;78,93;560.658
2016-08-19;79,00;79,31;78,60;79,17;395.223
2016-08-22;79,88;80,17;79,14;79,51;559.510
2016-08-23;79,70;80,30;79,13;79,13;603.160
2016-08-24;78,70;79,16;78,51;78,70;483.198
2016-08-25;78,52;79,22;78,11;78,92;488.243
2016-08-26;78,96;79,33;78,56;79,17;429.762
2016-08-29;78,96;79,56;78,78;79,53;297.861
2016-08-30;79,88;80,80;79,88;80,65;795.174
2016-08-31;80,68;80,75;80,10;80,10;797.464
2016-09-01;80,35;80,38;78,56;78,92;825.604
2016-09-02;79,08;81,26;79,00;81,23;1.121.247
2016-09-05;81,65;81,75;80,82;81,08;437.638
2016-09-06;81,07;81,50;80,59;80,69;532.187
2016-09-07;80,78;81,00;80,35;80,73;521.436
2016-09-08;80,45;81,04;79,80;80,26;681.234
2016-09-09;80,01;80,04;78,33;78,49;763.080
2016-09-12;78,00;78,43;77,22;78,35;727.293
2016-09-13;78,80;78,96;77,94;77,98;733.936
2016-09-14;78,31;78,33;77,63;78,08;833.285
2016-09-15;78,23;78,43;77,59;77,92;582.092
2016-09-16;77,91;78,50;77,31;77,36;1.259.391
2016-09-19;77,94;78,35;77,66;77,91;533.844
2016-09-20;77,97;79,05;77,86;78,06;711.849
2016-09-21;78,73;78,82;77,72;77,99;573.601
2016-09-22;78,48;79,77;78,30;79,57;535.354
2016-09-23;79,25;79,45;78,92;79,15;423.384
2016-09-26;78,80;78,87;77,66;77,89;605.788
2016-09-27;78,47;78,86;78,14;78,79;702.378
2016-09-28;79,04;79,52;78,74;78,96;672.822
2016-09-29;79,24;79,55;77,71;77,73;628.631
2016-09-30;77,43;78,50;77,08;78,31;778.920
2016-10-03;78,73;80,82;78,31;80,36;1.232.281
2016-10-04;80,49;81,48;80,27;80,65;945.660
2016-10-05;80,36;80,37;79,06;79,06;773.792
2016-10-06;79,41;79,41;78,35;78,44;633.825
2016-10-07;78,53;78,61;77,23;77,23;769.347
2016-10-10;77,47;78,22;77,10;77,93;466.250
2016-10-11;77,94;79,65;77,56;78,73;796.386
2016-10-12;78,81;78,81;77,50;77,51;722.001
2016-10-13;77,36;77,82;76,81;77,25;814.858
2016-10-14;77,56;78,69;77,23;78,37;758.094
2016-10-17;78,01;78,25;77,48;78,02;507.307
2016-10-18;78,14;79,17;78,13;78,70;579.525
2016-10-19;78,72;79,06;78,04;78,73;635.835
2016-10-20;78,85;79,31;78,15;79,16;505.182
2016-10-21;79,63;80,52;79,30;79,66;913.250
2016-10-24;79,87;80,41;79,17;79,17;557.391
2016-10-25;79,08;79,70;79,00;79,00;955.350
2016-10-26;78,89;78,99;75,85;76,17;1.782.398
2016-10-27;76,32;77,27;76,14;76,27;1.183.864
2016-10-28;75,57;76,08;74,00;75,99;914.977
2016-10-31;75,97;75,98;75,00;75,05;657.750
2016-11-01;75,48;75,71;74,61;74,63;778.772
2016-11-02;74,47;74,88;74,15;74,35;675.060
2016-11-03;74,12;74,30;73,22;73,22;665.275
2016-11-04;72,89;73,26;72,65;72,85;600.419
2016-11-07;73,39;73,59;72,73;72,87;621.391
2016-11-08;73,00;73,70;72,90;73,68;472.786
2016-11-09;71,80;72,15;69,93;72,08;2.683.641
2016-11-10;72,91;73,09;70,77;71,21;1.827.692
2016-11-11;71,69;71,97;70,56;70,94;820.160
2016-11-14;71,27;71,30;69,25;69,25;973.285
2016-11-15;69,69;70,77;69,65;70,39;769.449
2016-11-16;70,50;71,03;70,00;70,83;993.922
2016-11-17;70,85;71,11;70,46;70,89;716.498
2016-11-18;71,40;71,59;70,93;71,10;987.816
2016-11-21;71,36;71,36;70,30;70,83;550.970
2016-11-22;71,32;71,32;70,56;70,95;828.210
2016-11-23;70,88;71,48;70,56;70,63;707.386
2016-11-24;71,01;71,20;70,42;70,95;330.778
2016-11-25;70,99;72,36;70,87;71,95;684.930
2016-11-28;71,67;71,82;70,99;71,47;490.468
2016-11-29;71,24;71,30;70,55;71,12;666.294
2016-11-30;71,14;72,17;70,69;70,72;1.215.321
2016-12-01;70,00;70,33;67,89;68,19;1.642.144
2016-12-02;67,80;68,32;67,47;68,05;895.135
2016-12-05;68,01;69,36;67,95;67,97;749.899
2016-12-06;68,01;69,10;68,01;68,58;667.852
2016-12-07;68,93;68,98;68,18;68,73;751.213
2016-12-08;68,90;69,10;68,29;68,84;835.165
2016-12-09;69,04;70,35;69,00;70,01;767.900
2016-12-12;70,08;70,23;69,55;70,05;489.315
2016-12-13;70,26;70,96;70,01;70,87;638.254
2016-12-14;70,65;71,17;70,36;70,86;751.360
2016-12-15;70,80;71,03;69,54;70,34;1.182.996
2016-12-16;70,29;71,00;70,02;70,65;972.692
2016-12-19;70,80;71,50;70,70;71,24;762.465
2016-12-20;70,73;71,94;70,52;71,62;831.170
2016-12-21;71,45;71,62;71,05;71,28;649.845
2016-12-22;71,15;71,15;70,50;71,01;399.457
2016-12-23;71,00;71,37;70,95;71,08;274.962
2016-12-27;71,08;71,46;71,08;71,34;142.182
2016-12-28;71,45;71,45;70,66;71,05;363.413
2016-12-29;70,99;71,48;70,72;71,29;301.516
2016-12-30;71,30;71,72;71,08;71,26;379.468
2017-01-02;71,01;71,36;70,98;71,30;240.538
2017-01-03;71,69;71,72;71,11;71,22;614.980
2017-01-04;71,48;71,75;70,96;71,32;494.388
2017-01-05;71,32;71,88;71,03;71,28;621.986
2017-01-06;71,20;71,47;70,94;71,01;401.977
2017-01-09;71,21;71,35;70,81;71,26;466.268
2017-01-10;71,53;71,98;70,78;70,98;669.731
2017-01-11;70,84;71,20;70,12;70,67;760.036
2017-01-12;70,48;70,70;70,02;70,08;662.542
2017-01-13;70,41;70,63;69,98;70,37;494.418
2017-01-16;70,40;70,84;70,20;70,50;518.084
2017-01-17;69,93;70,31;69,27;69,64;1.005.199
2017-01-18;70,10;70,82;70,03;70,50;829.650
2017-01-19;70,89;71,12;70,32;70,66;704.986
2017-01-20;70,51;71,70;70,44;71,20;1.045.438
2017-01-23;71,01;71,47;70,76;71,04;727.612
2017-01-24;71,21;71,30;70,68;70,88;680.646
2017-01-25;71,14;71,28;70,54;70,59;699.829
2017-01-26;70,74;70,83;70,10;70,75;692.834
2017-01-27;70,64;70,92;70,20;70,23;736.053
2017-01-30;70,14;70,24;69,08;69,61;840.913
2017-01-31;69,61;69,93;69,10;69,23;807.763
2017-02-01;69,38;70,26;69,04;69,93;847.926
2017-02-02;69,67;71,02;69,33;70,51;929.348
2017-02-03;70,83;72,26;70,74;71,95;1.167.725
2017-02-06;71,99;72,01;71,26;71,29;724.474
2017-02-07;71,25;73,03;71,22;72,77;1.083.354
2017-02-08;72,97;73,68;72,38;73,65;1.037.532
2017-02-09;73,76;73,93;73,10;73,70;869.973
2017-02-10;73,95;74,08;73,47;73,67;923.376
2017-02-13;73,73;74,13;73,54;73,66;838.484
2017-02-14;73,50;73,56;72,89;72,95;878.246
2017-02-15;75,01;76,37;74,80;75,63;1.981.510
2017-02-16;76,79;76,80;75,23;76,05;1.049.339
2017-02-17;76,36;77,47;76,04;76,90;1.424.010
2017-02-20;77,38;77,46;76,45;76,90;638.540
2017-02-21;77,01;77,97;76,83;77,97;926.485
2017-02-22;77,91;78,00;77,30;77,84;812.193
2017-02-23;77,82;77,96;77,46;77,78;628.957
2017-02-24;77,42;77,80;77,25;77,71;940.028
2017-02-27;77,94;78,11;77,78;77,93;773.364
2017-02-28;77,99;78,10;77,67;77,90;979.820
2017-03-01;78,20;78,55;78,07;78,44;874.304
2017-03-02;78,14;78,42;77,36;78,40;772.559
2017-03-03;78,50;78,50;77,70;78,21;556.885
2017-03-06;77,82;78,10;77,70;78,10;419.064
2017-03-07;78,10;78,13;77,41;77,62;579.867
2017-03-08;77,68;77,74;76,55;77,67;803.876
2017-03-09;77,61;78,25;77,56;78,05;739.666
2017-03-10;78,20;78,41;77,78;78,00;566.085
2017-03-13;77,99;78,18;77,84;77,94;427.726
2017-03-14;77,97;78,58;77,82;78,33;477.984
2017-03-15;78,43;78,50;78,01;78,30;390.190
2017-03-16;78,75;78,88;78,30;78,87;597.576
2017-03-17;78,61;79,87;78,40;79,87;1.100.260
2017-03-20;79,50;79,92;79,47;79,64;523.903
2017-03-21;79,88;79,88;79,47;79,83;614.842
2017-03-22;79,61;80,09;79,22;79,38;782.229
2017-03-23;79,35;79,39;78,45;78,97;805.961
2017-03-24;78,86;79,05;78,27;78,30;709.012
2017-03-27;77,90;79,27;77,87;79,27;936.752
2017-03-28;79,13;79,19;78,51;78,96;508.520
2017-03-29;79,12;79,40;78,57;79,19;561.270
2017-03-30;79,20;79,47;78,96;79,45;500.843
2017-03-31;79,34;79,83;79,20;79,80;703.241
2017-04-03;79,85;80,63;79,73;79,92;557.934
2017-04-04;79,75;80,28;79,59;80,00;505.196
2017-04-05;80,30;80,43;79,88;80,17;529.632
2017-04-06;79,95;80,37;79,69;80,25;404.011
2017-04-07;80,20;80,41;79,56;80,12;480.393
2017-04-10;80,47;80,82;80,03;80,82;439.006
2017-04-11;80,65;81,20;80,53;81,05;660.689
2017-04-12;81,14;81,57;81,01;81,50;473.796
2017-04-13;81,59;81,59;81,14;81,15;445.066
2017-04-18;81,38;81,47;80,51;80,52;928.942
2017-04-19;82,42;82,42;80,86;81,45;881.454
2017-04-20;81,46;82,82;81,14;81,58;856.647
2017-04-21;81,61;81,98;81,27;81,93;824.980
2017-04-24;82,13;82,45;81,51;82,35;963.672
2017-04-25;82,56;82,62;82,06;82,20;634.661
2017-04-26;82,31;82,82;82,08;82,77;653.274
2017-04-27;82,55;82,79;82,34;82,50;650.245
2017-04-28;82,30;82,46;81,85;81,85;882.403
2017-05-02;82,14;83,34;82,01;83,34;793.215
2017-05-03;83,14;83,47;82,86;83,05;482.968
2017-05-04;83,44;84,37;83,04;84,37;989.573
2017-05-05;84,00;84,42;83,64;84,41;591.701
2017-05-08;84,50;84,79;84,05;84,79;576.476
2017-05-09;84,80;85,36;84,65;85,36;501.623
2017-05-10;84,95;85,14;84,50;84,87;653.993
2017-05-11;84,88;85,41;84,63;85,27;591.496
2017-05-12;85,31;85,76;85,19;85,76;378.346
2017-05-15;85,65;85,76;85,10;85,55;404.597
2017-05-16;85,65;86,48;85,55;86,42;577.168
2017-05-17;86,11;86,88;86,04;86,27;803.292
2017-05-18;86,31;86,57;85,43;85,88;1.103.491
2017-05-19;85,76;86,57;85,49;86,25;530.804
2017-05-22;86,33;86,89;86,05;86,80;537.053
2017-05-23;86,76;87,18;86,44;87,00;543.149
2017-05-24;86,88;87,20;86,56;87,20;481.376
2017-05-25;87,43;87,84;86,81;87,62;403.918
2017-05-26;87,34;87,61;86,98;87,30;542.399
2017-05-29;87,20;87,43;86,77;87,03;266.023
2017-05-30;86,75;87,22;86,40;86,87;732.057
2017-05-31;86,91;87,94;86,91;87,67;811.293
2017-06-01;87,98;88,41;87,75;87,90;633.328
2017-06-02;88,17;88,79;87,92;88,12;550.294
2017-06-05;88,26;88,47;87,78;87,92;299.971
2017-06-06;88,02;88,61;87,85;88,20;566.609
2017-06-07;88,16;89,06;87,93;88,40;692.359
2017-06-08;88,09;88,42;87,23;87,32;690.896
2017-06-09;87,19;88,06;87,09;87,27;620.388
2017-06-12;86,85;87,06;86,45;86,60;734.133
2017-06-13;86,79;86,79;86,19;86,44;800.532
2017-06-14;86,42;87,15;86,41;86,80;856.530
2017-06-15;86,62;86,95;86,22;86,80;663.715
2017-06-16;87,15;87,75;87,04;87,56;1.009.200
2017-06-19;87,98;88,46;87,79;87,89;415.614
2017-06-20;88,10;88,65;88,04;88,36;501.455
2017-06-21;88,07;88,11;87,15;87,88;471.128
2017-06-22;87,82;87,91;87,30;87,87;472.214
2017-06-23;87,19;87,52;86,02;86,25;713.159
2017-06-26;86,49;87,67;86,39;87,18;604.702
2017-06-27;87,15;87,59;86,85;87,05;653.683
2017-06-28;87,09;87,09;85,89;85,89;773.253
2017-06-29;86,00;86,37;84,14;84,71;832.412
2017-06-30;84,83;86,25;84,69;85,13;854.360
2017-07-03;85,51;86,24;85,04;86,09;625.411
2017-07-04;85,90;86,02;85,46;85,62;376.821
2017-07-05;85,54;85,91;85,06;85,73;459.555
2017-07-06;85,50;85,99;84,31;84,81;706.144
2017-07-07;84,61;84,94;84,29;84,73;528.033
2017-07-10;85,14;85,47;84,61;85,20;334.891
2017-07-11;85,04;85,16;84,45;84,75;556.781
2017-07-12;85,01;86,01;84,74;85,71;607.006
2017-07-13;86,00;86,17;85,63;85,95;462.997
2017-07-14;86,10;86,69;85,81;86,69;425.898
2017-07-17;86,86;87,22;86,64;87,00;342.298
2017-07-18;87,00;87,37;86,81;86,89;488.258
2017-07-19;87,40;87,90;87,23;87,82;501.446
2017-07-20;87,50;88,63;87,46;88,01;692.406
2017-07-21;87,98;88,33;87,69;87,86;654.414
2017-07-24;87,87;88,02;86,90;87,08;585.321
2017-07-25;87,09;88,14;86,99;87,23;593.778
2017-07-26;87,40;88,92;87,20;88,31;677.739
2017-07-27;88,83;89,71;88,51;89,20;731.004
2017-07-28;88,84;89,00;87,98;88,35;672.188
2017-07-31;89,55;89,60;86,88;88,17;1.132.174
2017-08-01;88,83;88,83;86,86;87,22;827.811
2017-08-02;87,46;87,56;86,70;87,01;737.258
2017-08-03;86,81;87,43;86,42;87,37;535.579
2017-08-04;87,37;88,31;87,09;88,23;459.037
2017-08-07;88,21;88,40;87,66;88,09;344.166
2017-08-08;88,15;88,42;87,72;88,26;424.606
2017-08-09;87,75;88,07;87,09;87,34;663.894
2017-08-10;87,32;87,32;86,70;87,14;464.660
2017-08-11;86,93;87,35;86,56;86,64;534.731
2017-08-14;87,11;87,29;86,63;87,16;305.383
2017-08-15;87,42;87,84;87,01;87,40;274.002
2017-08-16;87,70;88,16;87,58;87,88;308.158
2017-08-17;87,80;88,03;87,47;87,71;304.193
2017-08-18;87,01;87,17;86,37;86,85;472.294
2017-08-21;86,61;87,29;86,21;86,52;531.802
2017-08-22;86,64;87,34;86,64;87,19;239.805
2017-08-23;86,93;87,61;86,93;87,22;285.624
2017-08-24;87,47;87,52;86,96;86,97;372.471
2017-08-25;86,86;87,28;86,71;86,88;220.746
2017-08-28;86,70;86,82;86,04;86,40;231.105
2017-08-29;85,91;86,17;85,06;86,10;461.898
2017-08-30;86,43;87,12;86,38;86,95;352.728
2017-08-31;87,35;88,48;86,85;88,13;698.943
2017-09-01;88,21;88,90;87,97;88,01;356.504
2017-09-04;87,70;87,99;87,49;87,55;248.374
2017-09-05;87,62;87,91;87,12;87,21;376.460
2017-09-06;87,02;87,52;86,73;87,37;501.200
2017-09-07;87,40;87,86;86,95;87,42;455.530
2017-09-08;87,31;87,93;87,27;87,93;322.524
2017-09-11;88,15;88,94;88,07;88,73;419.270
2017-09-12;88,89;89,12;88,16;88,48;413.393
2017-09-13;88,22;88,84;87,97;88,65;287.022
2017-09-14;88,48;89,29;88,43;88,52;298.283
2017-09-15;88,50;88,81;87,64;87,64;851.455
2017-09-18;87,81;88,25;87,26;87,59;325.923
2017-09-19;84,40;84,65;83,84;84,29;3.844.600
2017-09-20;84,12;84,87;84,09;84,50;1.273.568
2017-09-21;84,50;84,66;83,73;83,82;2.901.112
2017-09-22;83,94;84,35;83,70;83,70;980.325
2017-09-25;83,88;84,33;83,68;83,83;709.779
2017-09-26;83,71;84,08;83,24;83,75;740.591
2017-09-27;83,98;83,98;82,78;82,91;1.061.924
2017-09-28;83,12;83,50;82,74;83,07;794.607
2017-09-29;83,01;83,66;82,93;83,65;911.735
2017-10-02;84,00;84,38;83,55;84,38;938.719
2017-10-03;84,28;84,43;83,88;84,20;405.867
2017-10-04;84,31;84,50;84,10;84,30;609.023
2017-10-05;84,41;84,70;84,16;84,70;666.844
2017-10-06;84,65;84,87;84,20;84,50;568.101
2017-10-09;84,50;85,30;84,45;85,19;507.676
2017-10-10;85,25;85,70;85,21;85,41;447.369
2017-10-11;85,79;85,91;85,38;85,85;529.081
2017-10-12;85,56;85,91;85,32;85,58;555.212
2017-10-13;85,59;85,90;85,44;85,76;518.809
2017-10-16;85,89;86,09;85,69;85,92;506.310
2017-10-17;86,18;86,26;85,24;85,70;770.155
2017-10-18;85,55;86,43;85,55;86,43;1.188.619
2017-10-19;86,30;86,36;85,84;86,28;851.093
2017-10-20;86,41;86,60;85,98;86,22;709.419
2017-10-23;86,25;86,30;85,66;85,83;493.804
2017-10-24;85,93;86,18;84,85;84,97;723.205
2017-10-25;84,38;84,39;81,60;82,10;1.499.610
2017-10-26;82,15;82,45;81,63;82,37;1.136.969
2017-10-27;83,04;83,80;82,79;83,33;1.028.109
2017-10-30;82,85;83,26;82,69;83,20;627.382
2017-10-31;83,46;83,94;83,28;83,66;490.950
2017-11-01;83,98;84,32;83,88;83,92;477.487
2017-11-02;83,84;84,46;83,58;83,84;606.523
2017-11-03;84,24;84,80;83,95;84,80;556.608
2017-11-06;84,57;84,99;84,28;84,47;405.683
2017-11-07;84,67;84,74;83,67;83,88;596.219
2017-11-08;83,88;84,99;83,77;84,88;570.092
2017-11-09;85,00;85,74;84,53;85,31;860.037
2017-11-10;85,40;85,60;84,80;84,80;604.455
2017-11-13;85,20;85,65;84,54;84,87;502.178
2017-11-14;85,03;85,22;84,39;84,72;497.917
2017-11-15;84,66;84,94;83,76;84,02;562.850
2017-11-16;84,41;84,50;83,91;83,91;416.858
2017-11-17;84,36;84,48;83,41;83,84;578.985
2017-11-20;83,62;84,58;83,59;84,04;451.483
2017-11-21;83,94;84,82;83,89;84,52;524.653
2017-11-22;84,64;85,74;84,54;84,87;731.809
2017-11-23;84,71;85,43;84,56;85,35;458.161
2017-11-24;85,65;85,99;85,18;85,42;507.629
2017-11-27;85,35;85,65;84,68;84,68;475.925
2017-11-28;84,61;85,92;84,59;85,61;473.108
2017-11-29;85,79;85,95;85,28;85,49;493.071
2017-11-30;85,38;86,38;85,31;85,59;854.472
2017-12-01;85,54;85,84;84,70;84,90;530.983
2017-12-04;85,74;85,85;85,26;85,66;440.394
2017-12-05;85,55;86,45;85,55;86,13;451.475
2017-12-06;85,76;86,53;85,28;86,33;610.751
2017-12-07;86,42;86,62;86,00;86,13;436.439
2017-12-08;86,54;86,54;85,28;85,58;408.001
2017-12-11;85,91;86,07;85,08;85,08;449.085
2017-12-12;85,26;86,36;85,23;86,36;551.610
2017-12-13;86,18;86,28;85,50;85,84;631.548
2017-12-14;85,87;86,26;85,68;85,99;577.079
2017-12-15;85,71;86,39;85,34;86,39;891.290
2017-12-18;86,60;87,98;85,75;87,71;711.231
2017-12-19;88,00;89,08;87,89;88,57;985.822
2017-12-20;88,57;88,77;87,35;87,40;596.096
2017-12-21;87,09;87,62;86,60;87,52;401.711
2017-12-22;87,48;88,10;87,36;87,70;404.419
2017-12-27;87,60;88,04;87,27;87,86;305.148
2017-12-28;87,59;87,81;87,13;87,26;263.699
2017-12-29;87,02;87,30;86,72;86,93;375.959
2018-01-02;86,80;86,88;86,14;86,20;417.775
2018-01-03;86,40;87,02;85,96;86,86;580.576
2018-01-04;87,10;87,28;86,88;87,22;608.028
2018-01-05;87,50;88,34;87,32;88,34;503.308
2018-01-08;88,58;88,76;88,22;88,26;525.868
2018-01-09;88,20;89,94;88,08;89,78;771.647
2018-01-10;89,66;89,66;87,74;88,04;677.873
2018-01-11;89,00;89,00;87,84;87,84;886.911
2018-01-12;87,78;88,00;87,54;87,92;503.299
2018-01-15;87,72;88,02;87,30;87,56;336.135
2018-01-16;87,50;87,86;86,84;87,02;590.585
2018-01-17;86,80;87,54;86,54;87,50;638.355
2018-01-18;88,00;88,10;87,00;88,10;884.178
2018-01-19;87,96;88,92;87,78;88,74;726.486
2018-01-22;88,54;88,98;88,54;88,92;457.556
2018-01-23;89,36;89,86;89,02;89,84;555.591
2018-01-24;89,80;89,90;89,30;89,32;788.541
2018-01-25;88,74;89,64;88,70;89,38;909.857
2018-01-26;89,54;90,58;89,36;90,38;573.639
2018-01-29;90,30;90,30;89,88;89,94;537.868
2018-01-30;89,74;90,08;89,68;89,86;527.501
2018-01-31;90,30;90,80;90,14;90,56;599.873
2018-02-01;90,90;91,42;90,66;91,02;802.766
2018-02-02;90,96;91,04;90,14;90,30;1.006.652
2018-02-05;89,60;89,62;88,14;88,28;785.347
2018-02-06;85,66;87,06;84,06;85,62;1.474.145
2018-02-07;86,96;86,96;85,26;85,84;993.165
2018-02-08;85,30;85,42;84,16;84,30;910.688
2018-02-09;83,98;84,54;83,20;83,84;1.376.719
2018-02-12;81,90;82,48;79,60;82,14;1.764.078
2018-02-13;82,20;82,94;81,44;82,80;960.768
2018-02-14;83,12;84,72;83,12;84,08;1.153.803
2018-02-15;84,30;84,70;83,68;84,58;1.078.306
2018-02-16;84,92;86,38;84,68;85,96;850.163
2018-02-19;85,92;85,92;85,10;85,36;417.997
2018-02-20;85,02;85,52;84,90;85,00;545.720
2018-02-21;84,98;85,40;84,72;85,00;574.597
2018-02-22;84,34;84,70;83,74;84,56;846.648
2018-02-23;84,70;85,34;83,78;85,10;645.079
2018-02-26;85,90;86,98;85,62;86,10;789.243
2018-02-27;86,10;86,42;85,50;85,52;708.729
2018-02-28;85,00;85,62;84,78;85,54;815.728
2018-03-01;85,24;85,74;84,54;85,48;761.216
2018-03-02;85,00;85,38;84,16;84,30;1.319.219
2018-03-05;84,18;85,38;84,18;85,32;735.825
2018-03-06;85,82;85,82;84,48;84,64;812.699
2018-03-07;84,36;85,30;84,34;85,30;540.369
2018-03-08;85,36;87,64;85,28;87,58;950.227
2018-03-09;87,66;88,22;87,30;87,54;596.185
2018-03-12;87,90;88,04;87,52;87,72;382.354
2018-03-13;87,96;87,96;86,02;86,52;607.562
2018-03-14;86,42;87,02;86,32;86,86;576.800
2018-03-15;87,00;87,56;86,60;87,46;513.327
2018-03-16;0,00;0,00;0,00;86,36;0
2018-03-19;0,00;0,00;0,00;85,52;0
2018-03-20;0,00;0,00;0,00;86,12;0
2018-03-21;0,00;0,00;0,00;85,32;0
2018-03-22;0,00;0,00;0,00;85,60;0
2018-03-23;85,08;85,34;84,06;84,82;733.097
2018-03-26;85,10;85,90;84,36;85,18;945.376
2018-03-27;85,86;85,88;84,92;85,14;738.655
2018-03-28;84,70;86,84;84,48;86,84;706.202
2018-03-29;86,90;87,90;86,72;87,30;600.029
2018-04-03;86,86;87,14;86,58;86,58;634.143
2018-04-04;86,70;87,86;86,42;87,66;820.838
2018-04-05;88,56;89,58;88,38;89,34;760.894
2018-04-06;89,24;90,32;89,08;90,20;665.523
2018-04-09;90,20;90,34;89,88;90,10;728.562
2018-04-10;90,52;90,58;89,92;90,08;838.300
2018-04-11;89,78;90,16;89,20;89,94;512.068
2018-04-12;89,76;89,88;88,52;88,94;700.595
2018-04-13;88,86;89,62;88,60;89,10;604.152
2018-04-16;89,32;89,44;88,34;88,64;492.348
2018-04-17;88,62;89,98;87,46;89,66;1.319.975
2018-04-18;87,38;88,44;86,46;88,34;1.511.870
2018-04-19;87,92;89,12;87,82;88,54;839.521
2018-04-20;88,14;88,70;88,12;88,56;888.931
2018-04-23;87,16;87,22;85,62;86,66;873.758
2018-04-24;86,70;87,66;85,72;86,06;920.619
2018-04-25;85,72;86,28;85,60;85,96;633.293
2018-04-26;86,28;87,12;85,98;87,00;606.907
2018-04-27;87,26;87,72;86,80;87,42;503.246
2018-04-30;87,26;87,72;87,04;87,30;515.948
2018-05-02;87,30;87,52;86,50;86,94;860.194
2018-05-03;86,82;87,36;86,12;86,40;737.112
2018-05-04;86,52;86,88;86,46;86,60;387.611
2018-05-07;86,76;87,08;86,32;86,86;281.554
2018-05-08;86,88;87,72;86,84;87,72;454.652
2018-05-09;87,66;88,14;87,48;87,78;621.685
2018-05-10;87,74;87,82;87,36;87,62;351.898
2018-05-11;87,48;87,64;87,22;87,44;345.949
2018-05-14;87,56;87,82;87,26;87,48;519.674
2018-05-15;87,40;87,84;86,70;87,18;464.007
2018-05-16;87,02;87,44;86,36;86,64;583.255
2018-05-17;86,58;86,68;85,66;85,84;750.335
2018-05-18;85,76;86,28;85,56;85,82;686.127
2018-05-21;86,18;86,34;85,82;85,84;274.252
2018-05-22;86,22;86,38;85,32;85,76;752.143
2018-05-23;85,76;87,00;85,64;86,24;664.518
2018-05-24;86,30;87,48;86,04;86,44;504.335
2018-05-25;86,88;87,86;86,74;87,64;620.065
2018-05-28;88,00;88,40;87,74;88,22;345.676
2018-05-29;87,94;88,40;86,68;86,98;508.875
2018-05-30;0,00;86,90;86,16;86,54;596.782
2018-05-31;86,74;87,22;85,44;85,64;1.044.977
2018-06-01;85,90;86,36;85,04;85,46;509.054
2018-06-04;85,76;88,00;85,72;87,88;757.066
2018-06-05;87,62;88,44;87,14;87,14;584.754
2018-06-06;87,12;87,24;84,82;85,48;947.192
2018-06-07;85,54;85,76;84,60;84,96;554.396
2018-06-08;84,38;85,42;84,06;85,42;673.382
2018-06-11;85,92;86,74;85,80;86,62;571.360
2018-06-12;87,14;87,70;86,88;87,40;633.851
2018-06-13;87,78;88,64;87,64;87,98;785.326
2018-06-14;87,54;88,22;86,38;88,02;748.242
2018-06-15;87,98;89,62;87,98;88,60;1.340.466
2018-06-18;88,42;88,52;86,54;86,70;528.832
2018-06-19;86,46;86,90;85,52;85,68;725.056
2018-06-20;86,06;86,20;85,58;86,04;631.103
2018-06-21;86,06;86,42;85,42;85,44;616.331
2018-06-22;85,76;86,58;85,48;86,58;441.418
2018-06-25;86,32;86,84;85,76;85,76;399.850
2018-06-26;86,04;86,38;85,60;85,60;619.996
2018-06-27;85,20;85,84;84,46;85,50;780.911
2018-06-28;85,32;85,94;85,30;85,48;791.653
2018-06-29;86,10;86,88;85,86;86,02;729.400
2018-07-02;85,38;86,04;85,26;85,60;737.531
2018-07-03;85,92;87,14;85,44;87,14;762.064
2018-07-04;86,98;87,64;86,78;87,44;453.157
2018-07-05;87,54;87,54;86,78;87,18;567.385
2018-07-06;87,58;88,20;87,36;87,62;636.939
2018-07-09;88,32;88,42;87,68;87,88;436.680
2018-07-10;87,96;87,98;87,10;87,74;568.068
2018-07-11;87,42;88,50;87,42;88,34;482.377
2018-07-12;88,46;89,68;88,28;89,56;742.979
2018-07-13;89,48;90,70;89,30;90,32;907.239
2018-07-16;90,48;91,20;90,32;91,00;729.691
2018-07-17;91,06;91,06;89,78;90,56;644.784
2018-07-18;90,40;92,08;90,40;91,82;659.159
2018-07-19;91,90;91,90;91,22;91,88;491.577
2018-07-20;91,58;93,54;91,56;93,54;994.248
2018-07-23;92,56;93,20;91,82;92,02;849.504
2018-07-24;92,46;92,58;91,14;91,42;762.452
2018-07-25;91,44;92,40;91,36;92,32;647.120
2018-07-26;92,00;92,22;91,26;91,66;764.712
2018-07-27;91,52;92,36;91,32;92,36;811.997
2018-07-30;87,50;89,18;86,74;87,50;1.886.686
2018-07-31;87,02;87,30;86,10;86,54;1.257.331
2018-08-01;86,22;87,68;86,10;86,80;1.013.792
2018-08-02;86,46;87,82;86,46;86,84;922.356
2018-08-03;88,00;89,26;87,60;88,84;1.199.487
2018-08-06;89,28;89,32;88,08;88,64;519.396
2018-08-07;88,70;88,94;88,10;88,20;423.382
2018-08-08;88,20;88,44;87,84;88,16;380.852
2018-08-09;87,82;88,10;87,24;88,00;382.095
2018-08-10;87,56;87,98;87,04;87,28;467.612
2018-08-13;87,12;87,30;86,30;87,08;406.064
2018-08-14;87,10;87,94;87,08;87,22;531.833
2018-08-15;86,50;87,04;85,76;86,44;810.327
2018-08-16;86,70;87,14;86,14;86,90;463.698
2018-08-17;86,98;87,14;85,34;86,00;897.242
2018-08-20;86,30;87,00;85,96;86,64;437.255
2018-08-21;86,66;86,80;85,78;86,06;546.032
2018-08-22;85,66;86,34;85,52;86,04;493.157
2018-08-23;86,16;86,64;85,94;86,04;431.327
2018-08-24;86,16;86,36;85,80;85,80;379.358
2018-08-27;86,00;86,12;85,78;85,90;244.310
2018-08-28;86,20;86,20;85,52;85,52;478.466
2018-08-29;85,58;86,00;85,22;85,88;434.399
2018-08-30;86,00;86,42;85,56;85,74;546.927
2018-08-31;85,50;85,68;84,60;85,14;791.611
2018-09-03;85,20;85,68;84,96;85,48;415.832
2018-09-04;85,74;86,04;84,88;85,64;727.892
2018-09-05;85,18;85,36;83,22;83,38;982.418
2018-09-06;83,20;83,22;82,20;82,76;830.756
2018-09-07;83,02;83,70;82,58;83,36;693.994
2018-09-10;83,56;83,62;83,10;83,32;535.925
2018-09-11;82,00;82,82;81,60;82,12;1.092.378
2018-09-12;82,06;82,64;81,52;82,24;673.158
2018-09-13;82,08;82,40;81,74;82,02;566.148
2018-09-14;82,06;82,56;81,88;82,52;569.135
2018-09-17;82,18;82,54;81,84;82,10;384.552
2018-09-18;82,24;82,38;81,68;81,86;624.743
2018-09-19;81,90;81,90;80,86;81,06;604.161
2018-09-20;81,02;81,40;80,44;81,40;963.179
2018-09-21;81,80;82,38;81,64;82,26;857.813
2018-09-24;81,88;82,42;81,64;81,88;443.249
2018-09-25;81,74;82,10;81,44;81,62;541.427
2018-09-26;81,66;81,86;81,28;81,72;636.524
2018-09-27;81,42;81,88;81,38;81,66;508.916
2018-09-28;81,64;81,78;80,76;80,76;769.992
2018-10-01;80,36;81,74;79,80;81,24;832.193
2018-10-02;80,78;80,86;79,66;80,74;822.107
2018-10-03;81,22;81,78;80,62;81,22;613.626
2018-10-04;80,90;81,12;79,14;79,24;925.994
2018-10-05;79,24;79,56;78,72;78,84;658.883
2018-10-08;78,70;79,14;77,74;78,00;989.826
2018-10-09;78,30;78,32;76,80;78,30;951.977
2018-10-10;78,06;78,22;77,06;77,06;961.195
2018-10-11;76,40;76,70;75,58;75,58;1.081.583
2018-10-12;76,04;76,20;75,38;76,00;994.348
2018-10-15;76,04;76,18;75,34;75,98;570.962
2018-10-16;76,14;77,62;75,88;77,62;819.873
2018-10-17;77,62;77,76;76,66;76,76;725.623
2018-10-18;77,14;78,58;77,00;78,50;812.243
2018-10-19;78,60;80,06;78,48;79,80;1.225.381
2018-10-22;80,30;80,48;79,54;79,60;709.564
2018-10-23;78,94;79,02;78,30;78,42;714.335
2018-10-24;78,84;78,84;76,88;77,96;1.099.949
2018-10-25;77,66;79,16;77,42;77,96;1.047.869
2018-10-26;77,64;77,86;76,52;77,74;922.985
2018-10-29;77,80;79,58;77,80;79,14;760.272
2018-10-30;79,12;79,12;77,62;78,40;567.825
2018-10-31;79,68;80,16;79,06;79,60;948.746
2018-11-01;79,36;80,00;78,68;79,96;672.889
2018-11-02;80,64;80,64;79,16;79,40;734.077
2018-11-05;79,60;80,12;79,18;79,84;505.725
2018-11-06;80,36;80,36;78,98;79,08;556.256
2018-11-07;79,40;80,18;79,12;79,40;516.858
2018-11-08;79,64;79,98;78,90;79,00;592.533
2018-11-09;79,04;79,50;78,72;79,50;658.210
2018-11-12;79,62;79,74;79,12;79,68;492.305
2018-11-13;79,96;80,68;79,44;80,00;715.024
2018-11-14;79,56;80,78;79,46;80,08;702.158
2018-11-15;80,58;80,76;79,34;79,86;578.925
2018-11-16;79,70;80,36;79,16;80,06;766.516
2018-11-19;80,20;81,46;79,98;80,38;814.510
2018-11-20;80,26;80,46;79,52;79,92;646.417
2018-11-21;80,00;80,74;79,56;80,74;736.490
2018-11-22;80,74;81,06;80,10;80,28;411.575
2018-11-23;80,34;80,82;79,88;80,76;368.436
2018-11-26;81,02;81,38;80,70;81,38;584.775
2018-11-27;81,22;81,66;80,84;81,64;571.144
2018-11-28;81,52;81,84;80,28;80,42;634.873
2018-11-29;80,84;81,22;79,54;79,72;823.849
2018-11-30;79,94;81,32;79,32;80,82;939.655
2018-12-03;81,70;81,70;79,16;79,40;776.425
2018-12-04;79,32;81,24;79,30;81,16;787.092
2018-12-05;80,62;81,36;80,04;80,80;611.634
2018-12-06;80,42;80,68;77,66;78,12;886.960
2018-12-07;78,38;79,10;78,06;78,56;767.151
2018-12-10;78,10;78,46;77,28;77,64;688.986
2018-12-11;77,94;79,62;77,76;79,22;739.891
2018-12-12;79,70;80,94;79,62;80,52;602.806
2018-12-13;80,72;81,50;80,14;80,94;610.197
2018-12-14;80,56;81,02;80,04;80,32;547.345
2018-12-17;80,30;80,30;78,84;79,00;542.603
2018-12-18;78,96;79,24;78,30;78,48;647.637
2018-12-19;78,50;80,20;78,30;80,10;905.972
2018-12-20;79,16;80,54;78,90;79,72;852.506
2018-12-21;79,24;79,34;76,94;77,84;1.661.253
2018-12-24;76,96;77,44;76,20;76,38;196.935
2018-12-27;77,46;77,66;75,28;75,82;573.522
2018-12-28;75,00;76,80;75,00;76,52;393.403
2018-12-31;76,00;77,26;75,66;77,20;157.785
2019-01-02;76,48;77,20;75,76;76,78;345.240
2019-01-03;76,46;76,84;75,16;76,00;546.278
2019-01-04;76,36;77,74;75,62;77,74;437.644
2019-01-07;75,82;76,86;75,38;75,76;854.589
2019-01-08;75,54;76,78;75,50;76,28;862.722
2019-01-09;76,90;76,98;75,70;76,08;822.596
2019-01-10;75,62;77,12;75,62;77,12;558.745
2019-01-11;77,14;78,04;76,92;77,50;737.648
2019-01-14;75,48;76,24;74,80;75,08;1.086.119
2019-01-15;75,60;76,64;75,30;76,48;782.439
2019-01-16;76,32;76,62;75,04;75,12;690.245
2019-01-17;75,02;75,88;74,74;75,50;1.095.163
2019-01-18;75,00;76,68;74,28;75,80;1.370.566
2019-01-21;75,56;76,72;75,34;75,96;613.980
2019-01-22;75,80;76,66;75,78;76,00;621.875
2019-01-23;75,48;77,14;75,48;76,20;810.087
2019-01-24;76,70;76,88;76,08;76,40;855.919
2019-01-25;77,02;77,04;75,74;75,74;600.282
2019-01-28;75,70;75,82;75,34;75,66;470.414
2019-01-29;76,06;77,66;75,76;77,04;850.701
2019-01-30;77,58;77,92;77,00;77,92;637.916
2019-01-31;78,26;78,38;77,66;78,38;859.541
2019-02-01;79,00;79,34;78,32;79,20;563.542
2019-02-04;79,42;80,38;79,04;79,64;793.161
2019-02-05;79,94;80,92;79,30;80,78;614.434
2019-02-06;80,52;81,10;80,36;80,40;427.494
2019-02-07;80,10;80,86;79,68;79,68;766.721
2019-02-08;79,70;80,86;79,06;80,42;894.460
2019-02-11;80,92;82,08;80,52;81,26;676.408
2019-02-12;81,92;81,92;81,16;81,36;746.320
2019-02-13;84,48;87,66;84,22;86,24;2.400.660
2019-02-14;86,62;88,50;86,54;87,22;1.222.087
2019-02-15;87,40;88,06;86,74;87,62;779.229
2019-02-18;87,66;87,92;87,04;87,72;475.383
2019-02-19;87,72;88,16;87,24;87,78;638.890
2019-02-20;87,82;88,22;87,06;87,92;651.489
2019-02-21;87,86;88,36;87,56;88,12;739.246
2019-02-22;87,70;88,68;87,64;88,02;465.761
2019-02-25;88,50;88,50;87,46;87,88;485.814
2019-02-26;87,44;88,46;87,22;88,08;463.638
2019-02-27;88,26;88,40;87,38;87,76;682.739
2019-02-28;87,44;88,78;87,44;88,60;847.276
2019-03-01;89,50;89,92;89,08;89,88;701.997
2019-03-04;89,38;89,96;89,16;89,16;632.303
2019-03-05;89,30;90,26;88,60;89,60;664.331
2019-03-06;89,50;90,42;89,40;90,06;617.178
2019-03-07;90,10;91,00;90,08;90,50;622.872
2019-03-08;90,28;90,94;90,26;90,60;503.158
2019-03-11;90,90;91,08;90,58;90,92;539.873
2019-03-12;91,16;91,16;90,68;90,80;461.049
2019-03-13;90,84;91,52;90,84;91,00;610.724
2019-03-14;90,80;92,12;90,80;91,98;593.114
2019-03-15;91,82;93,22;91,74;93,10;1.423.472
2019-03-18;93,22;93,22;92,00;92,12;673.405
2019-03-19;92,48;92,98;92,04;92,22;687.905
2019-03-20;92,24;93,22;92,24;92,56;625.675
2019-03-21;92,46;93,30;92,32;93,30;575.710
2019-03-22;93,74;93,74;92,74;92,74;806.015
2019-03-25;92,18;92,78;92,02;92,46;476.773
2019-03-26;92,78;93,62;92,24;93,60;566.212
2019-03-27;93,88;93,94;92,96;93,42;586.381
2019-03-28;93,66;94,42;93,44;93,94;443.623
2019-03-29;94,08;94,40;93,66;94,08;511.521
2019-04-01;94,68;94,68;93,22;93,34;551.753
2019-04-02;93,76;94,68;92,72;94,68;538.614
2019-04-03;94,78;94,82;93,50;94,64;711.339
2019-04-04;94,10;95,58;94,10;95,24;543.653
2019-04-05;95,00;95,28;94,80;94,92;481.565
2019-04-08;94,80;95,44;94,40;94,86;468.941
2019-04-09;94,60;95,18;94,48;94,50;505.983
2019-04-10;94,54;94,88;94,40;94,70;641.408
2019-04-11;95,00;95,20;94,34;94,34;465.330
2019-04-12;94,02;94,80;93,08;94,06;746.659
2019-04-15;94,40;94,70;93,88;94,50;352.838
2019-04-16;94,60;94,94;93,72;93,72;399.439
2019-04-17;93,76;94,18;92,52;94,18;1.000.345
2019-04-18;94,08;94,94;93,80;94,18;493.703
2019-04-23;94,02;95,70;93,76;95,54;703.687
2019-04-24;96,00;96,02;94,32;95,06;759.638
2019-04-25;95,74;95,84;94,62;95,52;477.412
2019-04-26;95,22;96,90;95,22;96,30;761.344
2019-04-29;96,20;96,20;94,86;95,74;434.007
2019-04-30;95,78;96,44;95,50;96,24;481.433
2019-05-02;99,80;99,80;96,10;96,30;760.214
2019-05-03;96,02;97,00;95,98;96,42;366.663
2019-05-06;95,52;96,44;95,12;96,28;264.149
2019-05-07;96,02;96,96;95,42;95,68;618.329
2019-05-08;95,52;96,30;94,90;96,28;651.532
2019-05-09;95,76;96,10;95,02;95,16;464.881
2019-05-10;95,44;95,96;95,14;95,90;526.972
2019-05-13;95,86;96,24;94,40;94,72;498.351
2019-05-14;95,30;96,50;94,96;96,50;636.084
2019-05-15;96,58;96,98;95,54;96,98;645.396
2019-05-16;97,06;98,14;96,58;98,14;623.412
2019-05-17;97,74;97,94;97,14;97,38;435.415
2019-05-20;97,26;97,32;96,12;96,92;564.496
2019-05-21;97,18;97,64;96,28;96,94;584.518
2019-05-22;96,54;97,38;96,32;97,38;412.845
2019-05-23;97,16;97,50;96,00;96,62;541.090
2019-05-24;96,68;97,86;96,60;97,82;667.250
2019-05-27;98,06;98,34;97,84;98,02;180.068
2019-05-28;97,82;97,92;97,00;97,36;585.075
2019-05-29;96,72;97,12;95,60;96,18;550.287
2019-05-30;96,14;96,92;95,84;96,90;344.152
2019-05-31;95,72;95,94;93,24;94,02;1.183.029
2019-06-03;93,58;95,20;93,58;95,20;557.790
2019-06-04;95,08;96,04;94,48;95,14;763.700
2019-06-05;95,14;96,10;94,84;96,10;469.440
2019-06-06;95,78;97,20;95,78;96,28;464.833
2019-06-07;96,18;97,86;96,18;97,10;500.391
2019-06-10;97,82;98,44;97,54;98,08;390.668
2019-06-11;98,24;98,34;97,78;97,78;353.498
2019-06-12;97,44;99,12;97,24;98,60;674.495
2019-06-13;98,44;99,00;98,14;98,56;547.504
2019-06-14;98,20;98,32;95,72;96,42;774.172
2019-06-17;96,84;97,14;96,26;96,76;408.226
2019-06-18;96,70;97,94;96,18;97,24;561.332
2019-06-19;97,18;97,76;96,54;97,76;559.515
2019-06-20;98,00;98,98;97,94;98,70;548.384
2019-06-21;99,00;99,82;98,62;99,40;837.096
2019-06-24;99,18;99,80;99,14;99,76;490.948
2019-06-25;99,22;99,74;98,98;99,68;421.804
2019-06-26;99,30;99,64;98,16;98,52;633.833
2019-06-27;97,88;98,74;96,56;96,86;667.813
2019-06-28;96,78;98,34;96,78;98,14;576.139
2019-07-01;97,52;98,58;97,50;98,30;556.794
2019-07-02;98,50;99,34;98,00;99,26;476.218
2019-07-03;99,64;100,90;99,52;100,55;536.249
2019-07-04;100,60;100,85;100,20;100,20;284.522
2019-07-05;100,20;100,75;99,40;99,72;393.363
2019-07-08;99,54;100,80;99,54;100,70;490.969
2019-07-09;100,20;100,65;99,92;100,55;430.684
2019-07-10;99,82;99,94;98,76;99,00;552.569
2019-07-11;99,32;99,70;98,80;99,00;401.768
2019-07-12;99,00;99,32;98,50;99,32;489.515
2019-07-15;99,16;99,60;98,60;99,22;465.580
2019-07-16;99,20;100,05;98,90;100,05;530.583
2019-07-17;100,05;100,65;99,62;100,10;433.367
2019-07-18;99,44;99,94;99,24;99,70;396.684
2019-07-19;99,90;100,65;99,68;100,10;339.090
2019-07-22;99,64;100,05;99,38;100,05;317.636
2019-07-23;100,50;101,15;100,05;101,00;467.614
2019-07-24;101,00;101,65;100,85;101,65;529.601
2019-07-25;102,20;102,90;101,65;102,35;679.033
2019-07-26;102,95;104,00;102,55;103,05;690.768
2019-07-29;98,40;98,90;96,32;96,52;1.665.755
2019-07-30;97,20;97,20;95,68;97,06;876.588
2019-07-31;96,44;97,62;95,44;97,12;825.667
2019-08-01;96,72;98,24;96,48;98,14;590.413
2019-08-02;97,30;98,02;96,42;96,44;962.592
2019-08-05;95,98;96,44;93,32;93,38;867.325
2019-08-06;93,10;94,24;92,68;93,14;700.042
2019-08-07;93,64;94,36;92,86;94,30;804.735
2019-08-08;94,78;95,68;94,32;95,68;939.467
2019-08-09;95,42;96,20;94,62;94,76;541.859
2019-08-12;95,20;96,18;94,28;94,54;319.882
2019-08-13;94,12;94,66;93,04;93,94;498.518
2019-08-14;94,14;94,62;92,22;92,76;748.333
2019-08-15;93,24;93,74;91,68;92,42;625.174
2019-08-16;92,62;94,28;92,44;94,20;636.194
2019-08-19;94,54;95,16;94,26;94,66;411.082
2019-08-20;94,52;95,38;94,10;94,62;619.748
2019-08-21;94,62;96,32;94,62;96,32;461.330
2019-08-22;96,00;96,46;95,18;95,20;493.682
2019-08-23;95,44;95,66;94,50;94,52;403.642
2019-08-26;94,10;94,58;93,62;94,22;297.029
2019-08-27;94,20;95,10;93,74;94,88;484.408
2019-08-28;94,60;95,36;94,32;95,36;526.084
2019-08-29;95,14;96,72;95,06;96,10;430.007
2019-08-30;95,90;97,52;95,84;96,76;551.591
2019-09-02;96,52;98,14;96,52;97,56;303.838
2019-09-03;97,88;98,34;97,22;98,34;450.785
2019-09-04;99,00;99,58;98,66;98,68;522.196
2019-09-05;99,50;100,05;97,96;98,14;480.894
2019-09-06;97,64;98,42;97,48;98,02;497.654
2019-09-09;97,80;97,86;95,80;95,80;708.024
2019-09-10;96,28;96,42;95,04;96,20;857.995
2019-09-11;96,32;97,82;95,86;97,24;554.569
2019-09-12;97,54;98,94;97,24;98,02;545.602
2019-09-13;97,72;97,90;96,40;97,02;742.393
2019-09-16;96,62;97,28;95,74;96,10;666.843
2019-09-17;96,38;97,98;96,06;97,58;575.427
2019-09-18;97,54;98,00;96,92;97,40;679.450
2019-09-19;97,20;97,40;96,26;96,78;666.105
2019-09-20;96,60;97,96;96,46;97,02;967.072
2019-09-23;97,02;97,88;96,84;97,14;388.150
2019-09-24;97,34;98,38;97,06;98,10;487.368
2019-09-25;97,90;98,20;97,24;98,18;625.147
2019-09-26;98,02;99,52;97,82;99,30;403.750
2019-09-27;99,46;100,15;98,74;99,20;494.625
2019-09-30;98,82;99,16;98,20;99,16;402.005
2019-10-01;99,58;99,88;97,26;97,26;660.821
2019-10-02;97,50;97,56;94,76;94,76;733.909
2019-10-03;95,16;95,36;94,28;95,06;423.042
2019-10-04;95,20;96,18;94,88;96,18;354.563
2019-10-07;96,06;97,46;95,84;97,42;347.049
2019-10-08;97,16;97,54;96,40;96,40;353.913
2019-10-09;96,72;97,70;96,44;96,98;350.013
2019-10-10;97,30;97,36;95,96;96,44;382.580
2019-10-11;96,44;96,98;95,78;96,78;490.834
2019-10-14;97,04;97,98;96,56;97,54;377.033
2019-10-15;97,94;97,94;97,04;97,26;505.918
2019-10-16;97,16;98,24;97,08;97,76;512.750
2019-10-17;97,32;98,56;97,20;98,38;563.360
2019-10-18;98,40;98,40;97,32;97,66;568.300
2019-10-21;97,50;97,74;96,16;96,76;532.341
2019-10-22;97,00;97,16;96,18;96,72;476.926
2019-10-23;95,10;95,86;93,64;93,68;1.100.657
2019-10-24;93,70;94,40;92,02;94,40;977.557
2019-10-25;93,42;93,90;91,96;92,00;919.728
2019-10-28;91,98;92,08;90,40;90,40;1.361.395
2019-10-29;90,68;90,96;90,10;90,90;632.412
2019-10-30;90,90;91,98;90,36;91,56;745.930
2019-10-31;91,72;92,46;91,38;91,46;633.221
2019-11-01;92,06;92,06;90,98;91,62;469.598
2019-11-04;91,84;91,84;90,50;90,50;838.597
2019-11-05;90,58;90,62;89,82;89,82;1.091.658
2019-11-06;89,84;90,80;89,56;90,74;804.550
2019-11-07;90,76;91,04;90,00;90,90;646.232
2019-11-08;90,90;91,70;90,76;91,00;526.730
2019-11-11;90,90;91,78;90,90;91,46;497.576
2019-11-12;91,72;92,22;91,50;91,60;520.715
2019-11-13;91,62;92,64;91,56;92,40;521.639
2019-11-14;92,14;93,18;91,96;92,60;404.964
2019-11-15;92,96;92,98;92,38;92,90;344.274
2019-11-18;93,10;93,62;92,66;93,62;512.258
2019-11-19;93,80;93,98;93,26;93,78;502.849
2019-11-20;93,70;94,02;93,16;93,16;538.423
2019-11-21;92,70;93,00;92,22;92,62;567.434
2019-11-22;92,88;93,26;92,50;92,74;322.961
2019-11-25;93,02;94,02;92,72;93,80;407.906
2019-11-26;93,76;94,58;93,44;94,46;677.955
2019-11-27;94,44;94,58;93,78;94,46;448.544
2019-11-28;94,04;94,40;93,88;94,28;191.150
2019-11-29;94,00;94,90;93,68;94,04;467.260
2019-12-02;94,12;94,72;93,46;93,54;991.310
2019-12-03;93,68;94,36;93,52;93,80;633.489
2019-12-04;93,88;94,62;93,62;94,20;462.080
2019-12-05;94,48;94,78;93,94;93,94;286.691
2019-12-06;94,28;95,90;93,96;95,68;604.000
2019-12-09;95,68;95,84;94,94;95,50;362.134
2019-12-10;95,28;95,30;93,68;95,00;521.433
2019-12-11;95,00;95,26;94,52;95,22;421.868
2019-12-12;95,26;95,36;92,94;93,46;801.085
2019-12-13;93,96;94,00;92,48;93,26;722.369
2019-12-16;93,32;95,00;93,28;94,66;565.776
2019-12-17;94,42;94,84;93,88;94,58;735.651
2019-12-18;94,56;96,22;94,52;94,98;772.216
2019-12-19;95,30;95,30;93,68;94,52;741.307
2019-12-20;94,70;95,98;94,12;95,98;756.579
2019-12-23;95,96;96,60;95,64;96,46;314.127
2019-12-24;96,06;96,20;95,34;95,94;111.665
2019-12-27;96,40;96,60;95,52;96,60;301.460
2019-12-30;96,66;96,72;95,60;95,78;248.071
2019-12-31;95,50;95,70;94,92;94,92;149.553
2020-01-02;95,68;95,98;94,96;95,82;382.782
2020-01-03;95,26;96,14;95,22;96,00;327.670
2020-01-06;96,30;97,66;95,62;97,52;666.897
2020-01-07;97,90;98,82;97,48;97,48;536.847
2020-01-08;97,10;98,48;97,04;98,04;579.833
2020-01-09;98,48;99,52;98,40;98,46;542.027
2020-01-10;98,32;98,84;97,62;97,98;371.554
2020-01-13;98,10;98,36;97,44;98,16;334.987
2020-01-14;98,54;99,26;97,54;99,00;633.800
2020-01-15;99,00;100,75;98,86;100,50;718.757
2020-01-16;100,55;101,70;100,50;101,40;651.330
2020-01-17;101,55;103,95;101,55;103,65;767.247
2020-01-20;103,65;103,85;102,75;102,80;516.551
2020-01-21;100,90;101,05;97,94;99,86;1.043.373
2020-01-22;100,30;100,50;99,78;100,50;622.707
2020-01-23;100,00;100,55;99,90;99,94;484.021
2020-01-24;99,46;101,10;99,44;100,50;436.495
2020-01-27;99,76;99,76;98,18;98,40;534.859
2020-01-28;98,62;98,62;97,14;98,26;545.840
2020-01-29;98,16;99,18;98,02;99,02;398.939
2020-01-30;98,64;99,38;98,42;98,52;552.278
2020-01-31;98,76;98,86;98,04;98,32;499.410
2020-02-03;97,84;98,72;97,46;98,28;601.227
2020-02-04;98,74;99,18;98,56;98,78;674.379
2020-02-05;98,64;99,52;98,40;98,78;714.906
2020-02-06;99,18;99,20;98,62;99,08;666.457
2020-02-07;99,10;99,18;97,34;97,56;845.717
2020-02-10;97,34;98,00;97,28;97,40;599.674
2020-02-11;97,50;97,86;96,68;97,76;707.986
2020-02-12;100,70;104,55;100,05;102,85;1.373.417
2020-02-13;103,00;104,45;102,30;102,80;735.138
2020-02-14;103,10;104,00;102,50;103,85;534.570
2020-02-17;104,00;104,35;103,10;103,40;480.508
2020-02-18;102,90;104,00;102,85;103,70;431.663
2020-02-19;103,80;105,00;103,75;104,95;445.414
2020-02-20;104,30;104,80;104,00;104,00;440.401
2020-02-21;103,65;104,10;103,30;103,85;558.861
2020-02-24;101,75;101,85;99,62;100,35;913.642
2020-02-25;100,50;100,75;98,12;98,40;574.041
2020-02-26;98,00;98,30;95,46;97,66;821.662
2020-02-27;96,00;96,24;92,34;93,30;1.043.187
2020-02-28;91,18;91,18;88,64;90,22;1.510.632
2020-03-02;92,50;92,82;89,62;91,06;1.246.692
2020-03-03;92,92;93,04;91,02;91,54;1.254.485
2020-03-04;91,58;93,48;91,24;92,78;862.308
2020-03-05;93,58;93,90;91,52;92,70;919.918
2020-03-06;90,96;91,56;88,46;89,70;1.047.629
2020-03-09;86,00;86,88;84,02;84,38;1.352.689
2020-03-10;85,24;86,40;81,28;81,32;1.459.218
2020-03-11;82,62;83,20;80,46;80,74;1.719.453
2020-03-12;76,60;77,08;71,86;73,26;2.683.406
2020-03-13;75,00;79,50;73,34;76,18;2.620.193
2020-03-16;72,76;75,98;68,82;75,02;3.297.979
2020-03-17;77,58;78,00;69,00;74,52;1.817.743
2020-03-18;72,00;74,36;71,66;72,62;1.543.260
2020-03-19;73,34;75,44;71,44;74,84;1.517.341
2020-03-20;78,56;79,32;74,72;75,02;1.673.459
2020-03-23;71,60;74,74;70,02;70,92;1.299.498
2020-03-24;72,42;74,40;68,90;71,44;1.186.204
2020-03-25;71,98;74,30;70,98;73,00;1.069.129
2020-03-26;71,80;73,94;71,42;73,94;1.379.941
2020-03-27;71,72;73,34;71,34;72,14;1.264.429
2020-03-30;72,50;73,34;70,20;73,02;1.220.757
2020-03-31;73,28;76,16;72,86;76,16;1.120.587
2020-04-01;74,26;74,62;72,78;73,42;818.700
2020-04-02;73,14;73,86;71,68;72,62;801.020
2020-04-03;72,62;72,80;70,58;70,78;1.479.039
2020-04-06;72,66;73,52;72,14;72,70;1.847.290
2020-04-07;73,92;75,02;73,02;73,60;897.384
2020-04-08;73,10;73,34;71,46;72,92;1.086.904
2020-04-09;73,32;75,64;73,18;75,10;984.103
2020-04-14;75,50;75,98;74,14;74,88;770.385
2020-04-15;75,02;75,72;74,12;75,72;1.131.212
2020-04-16;76,10;77,20;75,12;76,72;960.462
2020-04-17;78,04;79,24;77,46;78,44;957.699
2020-04-20;78,92;79,58;78,16;78,88;597.658
2020-04-21;78,68;78,68;77,06;77,36;793.102
2020-04-22;77,12;77,50;74,24;75,00;1.099.086
2020-04-23;75,00;76,46;74,50;76,32;660.622
2020-04-24;75,00;76,26;74,22;75,28;750.428
2020-04-27;75,96;77,68;75,50;76,52;683.470
2020-04-28;76,48;77,80;76,20;77,80;668.087
2020-04-29;77,74;78,44;76,90;77,96;519.500
2020-04-30;78,50;78,98;77,46;77,62;788.217
2020-05-04;75,76;75,90;73,48;73,62;1.792.247
2020-05-05;74,00;74,36;73,20;73,82;1.014.930
2020-05-06;73,88;74,20;73,50;73,54;708.162
2020-05-07;73,92;74,24;73,72;74,02;734.376
2020-05-08;74,60;75,00;73,98;75,00;538.279
2020-05-11;75,14;75,58;73,90;75,58;565.682
2020-05-12;75,28;76,58;75,20;75,62;904.180
2020-05-13;75,00;75,32;74,14;74,56;969.959
2020-05-14;73,64;73,78;71,26;71,64;909.553
2020-05-15;72,00;72,70;71,86;72,50;804.520
2020-05-18;73,26;76,00;73,24;76,00;588.647
2020-05-19;76,44;76,50;74,50;75,90;990.703
2020-05-20;75,98;76,98;75,22;76,60;677.105
2020-05-21;76,52;76,94;75,82;76,60;547.517
2020-05-22;75,90;76,42;74,86;76,34;576.128
2020-05-25;77,02;78,22;76,66;77,82;317.761
2020-05-26;78,40;79,48;77,92;79,20;862.717
2020-05-27;79,20;83,66;79,06;83,46;1.037.359
2020-05-28;83,70;84,62;83,24;84,06;715.975
2020-05-29;83,90;83,98;82,20;82,48;943.890
2020-06-01;83,10;84,16;82,44;83,96;454.832
2020-06-02;84,48;85,18;83,78;84,10;651.517
2020-06-03;84,48;86,50;84,20;86,06;805.677
2020-06-04;85,46;86,48;85,26;86,00;664.995
2020-06-05;86,50;87,12;86,20;86,60;656.697
2020-06-08;86,08;86,98;85,42;86,78;476.367
2020-06-09;86,72;87,18;84,92;85,84;772.866
2020-06-10;85,86;86,88;85,00;85,00;692.094
2020-06-11;83,84;84,00;81,04;81,04;920.339
2020-06-12;80,50;82,32;79,70;81,46;692.485
2020-06-15;80,78;82,36;80,02;81,16;526.398
2020-06-16;82,14;85,04;81,86;84,02;954.175
2020-06-17;84,02;85,02;83,78;84,40;616.868
2020-06-18;84,20;85,04;83,56;84,16;532.574
2020-06-19;84,42;86,66;84,42;86,60;1.587.966
2020-06-22;86,00;86,00;84,66;84,80;512.370
2020-06-23;84,80;86,54;84,80;86,00;518.316
2020-06-24;85,82;85,88;83,20;83,20;458.854
2020-06-25;83,08;83,52;82,16;83,12;498.532
2020-06-26;83,68;84,48;83,48;83,56;407.052
2020-06-29;82,98;83,26;81,50;82,10;867.734
2020-06-30;82,28;82,98;81,84;82,06;663.326
2020-07-01;81,64;81,86;79,66;81,56;909.157
2020-07-02;81,12;82,68;80,32;82,50;941.991
2020-07-03;82,76;83,02;82,18;82,56;446.347
2020-07-06;83,44;83,84;82,92;83,64;459.822
2020-07-07;83,52;84,06;82,78;83,58;658.493
2020-07-08;83,42;84,44;83,20;83,66;614.873
2020-07-09;83,74;84,10;83,00;83,00;554.295
2020-07-10;82,62;84,50;82,62;84,50;602.824
2020-07-13;85,84;86,86;85,00;85,00;683.234
2020-07-14;84,66;84,72;83,70;84,54;399.845
2020-07-15;85,12;87,30;84,88;86,62;542.309
2020-07-16;82,40;85,46;81,52;84,92;1.123.184
2020-07-17;84,50;84,76;83,36;83,84;658.142
2020-07-20;83,58;84,76;83,04;84,32;407.129
2020-07-21;84,70;85,52;84,30;84,96;577.793
2020-07-22;84,56;84,86;83,28;83,54;433.904
2020-07-23;84,10;84,80;83,46;83,94;497.870
2020-07-24;83,44;83,44;82,36;82,88;430.249
2020-07-27;82,62;82,68;81,88;82,16;467.254
2020-07-28;82,30;84,10;82,02;84,10;510.574
2020-07-29;84,18;85,60;84,10;85,50;611.672
2020-07-30;85,32;85,84;82,70;83,68;826.620
2020-07-31;83,98;84,62;82,24;82,24;705.600
2020-08-03;82,10;82,22;78,32;80,56;937.750
2020-08-04;80,60;80,76;79,28;79,44;622.972
2020-08-05;79,62;80,12;78,28;78,46;656.004
2020-08-06;78,06;78,10;76,68;76,72;536.743
2020-08-07;76,50;76,82;75,96;76,50;452.953
2020-08-10;77,00;77,32;76,40;77,32;455.361
2020-08-11;77,64;79,20;77,62;78,46;628.403
2020-08-12;78,48;79,58;78,02;79,54;486.168
2020-08-13;79,30;79,64;78,82;79,34;375.695
2020-08-14;79,30;79,30;77,30;77,90;462.200
2020-08-17;78,12;78,60;77,10;77,96;456.397
2020-08-18;77,80;78,50;77,30;78,00;636.704
2020-08-19;77,90;78,58;77,60;78,58;388.462
2020-08-20;77,68;78,02;77,16;77,66;480.537
2020-08-21;77,80;78,24;76,80;77,08;540.739
2020-08-24;77,74;79,20;77,50;79,12;522.418
2020-08-25;79,40;80,22;78,38;78,38;528.445
2020-08-26;78,64;78,94;78,26;78,64;328.400
2020-08-27;78,84;79,78;78,68;79,04;416.656
2020-08-28;79,16;79,44;78,24;78,42;410.257
2020-09-01;77,72;77,96;75,88;75,88;566.499
2020-09-02;76,22;77,84;75,96;77,28;665.622
2020-09-03;77,80;79,70;77,76;78,24;815.981
2020-09-04;77,62;78,34;76,50;76,76;536.765
2020-09-07;76,88;77,36;76,28;76,44;430.877
2020-09-08;76,50;76,84;75,98;76,32;506.975
2020-09-09;76,22;77,46;76,08;76,98;443.409
2020-09-10;77,18;78,40;77,06;77,50;560.627
2020-09-11;77,60;77,70;76,66;77,44;509.427
2020-09-14;78,00;78,46;77,58;77,78;410.814
2020-09-15;77,46;78,58;77,22;77,98;529.619
2020-09-16;77,90;78,34;77,60;77,70;607.787
2020-09-17;77,12;79,00;76,72;78,36;622.720
2020-09-18;77,82;79,24;77,62;79,10;1.112.504
2020-09-21;78,62;78,62;76,00;76,12;723.647
2020-09-22;76,34;76,52;75,58;75,68;601.873
2020-09-23;76,26;77,42;75,70;75,70;566.489
2020-09-24;75,10;76,36;75,00;75,16;801.911
2020-09-25;75,38;75,40;74,26;74,72;544.072
2020-09-28;75,56;77,26;75,38;77,24;699.292
2020-10-01;76,14;76,74;75,60;75,60;553.905
2020-10-02;75,28;76,22;74,82;76,04;728.314
2020-10-05;76,26;76,92;75,88;76,48;504.385
2020-10-06;76,54;77,30;76,06;77,02;528.563
2020-10-07;77,68;79,72;77,52;79,72;956.360
2020-10-08;80,00;81,44;79,70;81,44;769.080
2020-10-09;81,52;81,68;80,70;80,92;504.595
2020-10-12;81,24;81,72;80,84;81,32;325.699
2020-10-13;81,04;81,64;80,08;80,78;460.308
2020-10-14;80,82;80,84;79,26;79,74;477.324
2020-10-15;78,30;79,02;77,40;78,14;655.290
2020-10-16;78,32;79,08;77,68;78,98;436.675
2020-10-19;79,20;80,06;78,48;78,84;296.013
2020-10-20;79,02;79,74;78,44;79,30;548.574
2020-10-21;79,14;79,30;77,90;78,16;616.646
2020-10-22;78,58;79,48;77,58;79,48;733.882
2020-10-23;79,36;81,22;79,18;81,16;925.829
2020-11-02;76,42;77,34;75,52;76,66;656.983
2020-11-03;77,12;78,26;76,96;77,76;538.450
2020-11-04;76,18;79,46;76,16;79,26;708.287
2020-11-05;79,44;82,58;79,18;82,32;1.194.300
2020-11-06;81,70;82,42;80,86;81,24;647.762
2020-11-09;82,36;91,68;81,96;90,28;1.914.777
2020-11-10;89,48;93,80;88,70;93,14;1.593.778
2020-11-11;92,86;94,34;91,18;91,18;1.000.579
2020-11-12;90,10;92,46;89,78;90,54;1.004.935
2020-11-13;90,16;91,36;90,08;90,42;584.850
2020-11-16;91,22;94,48;90,84;92,76;994.727
2020-11-17;92,48;92,94;91,58;92,30;565.585
2020-11-18;91,70;92,34;91,26;92,00;474.406
2020-11-19;91,00;91,42;90,20;90,20;419.951
2020-11-20;90,20;90,46;89,10;89,10;611.363
2020-11-23;89,58;90,42;89,36;89,42;488.918
2020-11-24;90,02;90,40;89,32;89,88;402.327
2020-11-25;90,16;90,34;88,78;88,96;510.218
2020-11-26;88,80;89,10;88,12;88,46;336.008
2020-11-27;88,46;89,46;88,42;89,24;526.096
2020-11-30;88,52;89,28;87,90;88,52;907.815
2020-12-01;89,12;89,64;88,78;89,54;449.042
2020-12-02;90,02;91,94;89,64;90,12;791.764
2020-12-03;90,10;90,44;89,42;89,90;476.241
2020-12-04;90,06;91,50;90,00;91,16;557.323
2020-12-07;90,84;91,02;89,98;91,02;390.187
2020-12-08;90,62;91,18;89,50;89,96;451.069
2020-12-09;89,96;90,92;89,36;90,64;463.150
2020-12-10;90,88;92,90;90,78;91,84;888.347
2020-12-11;91,32;91,64;90,30;90,94;529.576
