2014-06-27;22,00;22,62;21,85;22,37;3.809.195
2014-06-30;22,31;22,70;22,31;22,70;187.108
2014-07-01;22,99;23,99;22,72;23,32;237.632
2014-07-02;23,50;23,81;23,26;23,45;161.354
2014-07-03;23,15;23,80;23,02;23,50;208.654
2014-07-04;23,70;23,70;23,50;23,60;17.186
2014-07-07;23,67;23,67;23,50;23,50;30.737
2014-07-08;23,51;23,53;22,72;23,21;33.535
2014-07-09;23,30;23,31;22,50;23,14;34.749
2014-07-10;22,71;23,04;22,50;22,64;68.803
2014-07-11;22,63;22,66;22,50;22,60;27.458
2014-07-14;22,80;22,92;22,70;22,80;19.606
2014-07-15;22,80;23,13;22,40;22,56;19.579
2014-07-16;22,66;23,02;22,65;23,01;107.600
2014-07-17;23,00;23,06;22,90;23,00;6.677
2014-07-18;23,00;23,10;22,85;23,03;36.592
2014-07-21;23,00;23,05;22,80;23,01;42.391
2014-07-22;22,93;23,35;22,93;23,35;41.481
2014-07-23;23,06;23,43;23,06;23,39;120.938
2014-07-24;23,49;23,65;23,45;23,50;5.471
2014-07-25;23,55;23,73;23,37;23,56;4.552
2014-07-28;23,50;23,52;23,31;23,38;4.528
2014-07-29;23,37;23,49;23,04;23,15;1.476
2014-07-30;23,36;23,36;23,00;23,00;386.554
2014-07-31;23,00;23,04;22,95;23,00;29.723
2014-08-01;22,82;22,95;22,32;22,45;372.998
2014-08-04;22,60;22,64;22,00;22,00;115.349
2014-08-05;22,00;22,00;21,50;21,75;263.634
2014-08-06;21,51;21,98;21,51;21,63;4.147
2014-08-07;21,80;21,80;21,50;21,50;72.047
2014-08-08;21,79;21,80;21,51;21,79;20.515
2014-08-11;22,11;22,20;21,60;21,74;8.901
2014-08-12;22,00;22,00;21,63;21,66;9.946
2014-08-13;21,85;22,25;20,69;22,25;129.921
2014-08-14;22,75;23,03;22,23;22,80;57.423
2014-08-15;23,11;23,33;22,83;22,83;4.848
2014-08-18;23,00;23,55;23,00;23,38;65.361
2014-08-19;23,40;23,40;23,18;23,35;80.086
2014-08-20;23,30;25,00;23,06;24,50;116.368
2014-08-21;24,50;24,70;24,16;24,30;84.283
2014-08-22;24,33;24,48;24,00;24,29;13.772
2014-08-25;24,60;24,60;23,42;23,54;10.491
2014-08-26;23,75;24,00;23,28;23,75;14.278
2014-08-27;23,95;23,95;23,08;23,36;63.558
2014-08-28;23,50;23,50;23,01;23,10;9.237
2014-08-29;23,49;23,79;22,84;23,23;50.451
2014-09-01;23,26;23,67;22,10;22,58;39.669
2014-09-02;22,98;22,98;22,50;22,85;22.075
2014-09-03;22,49;23,40;22,49;23,01;70.820
2014-09-04;23,17;23,99;23,06;23,82;16.329
2014-09-05;23,82;24,25;23,30;23,48;9.558
2014-09-08;23,98;23,98;23,14;23,27;11.667
2014-09-09;23,68;23,68;22,78;22,95;18.689
2014-09-10;23,10;23,10;22,80;23,00;14.692
2014-09-11;23,43;23,75;23,08;23,39;7.499
2014-09-12;23,80;24,42;23,30;24,06;22.551
2014-09-15;24,46;24,46;24,04;24,24;10.416
2014-09-16;24,04;24,20;24,00;24,09;97.919
2014-09-17;24,28;24,28;23,35;23,65;7.790
2014-09-18;23,72;23,72;23,01;23,21;9.783
2014-09-19;23,65;23,65;22,81;23,40;11.566
2014-09-22;23,71;23,90;23,30;23,90;9.513
2014-09-23;24,00;24,10;23,30;24,00;46.273
2014-09-24;23,91;24,00;23,69;23,70;4.440
2014-09-25;23,08;24,18;23,08;23,31;45.478
2014-09-26;23,47;23,49;23,09;23,30;3.839
2014-09-29;23,60;23,83;23,16;23,20;5.992
2014-09-30;23,03;23,03;22,66;22,73;139.127
2014-10-01;22,64;22,91;22,63;22,86;2.152
2014-10-02;22,93;22,93;22,69;22,80;1.964
2014-10-03;22,77;22,77;22,19;22,20;4.754
2014-10-06;22,55;22,56;21,53;22,00;8.318
2014-10-07;22,00;22,00;21,53;21,80;9.386
2014-10-08;22,00;22,00;21,50;21,50;2.918
2014-10-09;21,81;21,81;21,25;21,25;43.861
2014-10-10;21,31;21,31;20,40;21,06;36.403
2014-10-13;20,62;21,56;20,61;21,15;9.628
2014-10-14;21,00;21,43;20,45;20,81;8.827
2014-10-17;20,66;21,45;20,66;21,45;4.562
2014-10-20;21,37;21,81;21,02;21,57;4.111
2014-10-21;21,34;22,00;21,31;22,00;5.871
2014-10-22;22,00;22,00;21,42;21,42;8.297
2014-10-23;21,80;22,00;21,03;21,41;18.675
2014-10-24;21,80;21,80;21,33;21,41;1.012
2014-10-27;21,98;21,98;20,89;21,00;6.924
2014-10-28;21,49;21,98;21,26;21,75;60.702
2014-10-29;21,85;22,00;21,50;22,00;16.569
2014-10-30;22,00;22,00;21,51;22,00;39.357
2014-10-31;22,00;22,43;21,94;22,00;62.166
2014-11-03;22,60;22,60;22,03;22,45;11.385
2014-11-04;22,70;22,70;22,26;22,34;8.030
2014-11-05;22,75;22,75;22,00;22,40;13.329
2014-11-06;21,81;22,49;21,81;22,44;1.668
2014-11-07;22,75;22,80;22,29;22,79;71.134
2014-11-10;22,24;22,80;22,21;22,70;78.095
2014-11-11;22,66;22,82;22,44;22,75;24.992
2014-11-12;22,21;22,73;22,16;22,16;18.018
2014-11-13;22,80;23,85;22,20;23,35;113.148
2014-11-14;23,05;24,48;23,00;24,31;47.582
2014-11-17;23,24;24,45;23,24;24,00;71.798
2014-11-18;23,80;24,15;23,80;24,15;160.078
2014-11-19;23,50;24,15;23,50;24,13;27.943
2014-11-20;23,50;24,19;23,50;24,15;58.358
2014-11-21;24,00;24,28;23,63;24,15;15.618
2014-11-24;24,40;24,66;24,00;24,25;45.677
2014-11-25;24,50;24,50;23,81;23,90;388.888
2014-11-26;24,00;24,22;23,15;23,27;32.229
2014-11-27;23,27;23,69;23,25;23,31;22.783
2014-11-28;23,30;23,70;22,50;23,34;81.110
2014-12-01;23,26;23,90;23,26;23,72;16.042
2014-12-02;23,90;24,39;23,20;24,16;37.474
2014-12-03;23,87;24,40;23,87;24,19;14.259
2014-12-04;24,40;25,77;24,05;25,01;40.805
2014-12-05;24,70;25,33;24,50;25,11;11.965
2014-12-08;25,00;25,06;24,26;25,00;31.159
2014-12-09;24,34;24,97;24,27;24,40;11.293
2014-12-10;24,07;25,04;24,07;24,60;11.583
2014-12-11;24,83;24,99;24,30;24,67;16.856
2014-12-12;24,67;25,00;24,44;24,90;12.444
2014-12-15;24,99;24,99;24,52;24,65;6.795
2014-12-16;24,35;24,70;24,22;24,22;23.295
2014-12-17;24,00;24,50;24,00;24,11;10.117
2014-12-18;24,13;25,77;24,10;25,30;56.355
2014-12-19;25,50;26,40;25,50;26,21;30.784
2014-12-22;25,70;27,49;25,55;26,30;20.663
2014-12-23;26,37;26,95;25,98;26,20;26.274
2014-12-24;26,99;27,29;26,50;27,01;8.650
2014-12-29;26,20;27,50;26,20;27,49;40.867
2014-12-30;27,50;28,17;27,17;28,17;9.164
2014-12-31;28,50;29,45;27,72;28,20;26.834
2015-01-02;29,99;29,99;27,69;27,71;13.334
2015-01-05;27,79;27,98;25,86;26,59;30.432
2015-01-06;27,00;27,00;26,43;26,60;11.907
2015-01-07;26,80;26,80;25,80;26,43;9.938
2015-01-08;27,00;27,00;26,16;26,20;4.594
2015-01-09;26,25;26,67;25,93;26,14;5.394
2015-01-12;26,00;26,10;25,60;25,66;10.527
2015-01-13;25,90;25,90;24,87;25,00;11.877
2015-01-14;25,50;25,50;24,75;25,09;86.908
2015-01-15;24,78;25,45;24,77;25,22;6.803
2015-01-16;25,00;26,41;25,00;26,15;14.224
2015-01-19;26,25;26,50;26,19;26,47;6.279
2015-01-20;26,50;27,97;26,03;27,59;30.630
2015-01-21;27,51;27,85;27,12;27,72;26.893
2015-01-22;27,10;27,60;27,10;27,44;7.151
2015-01-23;27,01;27,73;27,00;27,65;17.165
2015-01-26;27,75;27,75;26,97;27,40;57.754
2015-01-27;27,84;27,84;26,94;27,39;29.513
2015-01-28;27,05;27,75;27,05;27,54;10.432
2015-01-29;27,49;28,50;27,00;28,00;60.802
2015-01-30;28,00;28,15;27,76;28,10;87.847
2015-02-02;28,10;29,51;28,00;28,85;63.799
2015-02-03;29,00;29,59;28,80;29,30;21.432
2015-02-04;28,80;29,89;28,80;29,60;57.681
2015-02-05;29,75;29,75;29,36;29,65;274.102
2015-02-06;29,15;29,85;29,15;29,84;292.798
2015-02-09;29,40;31,47;29,04;29,90;25.822
2015-02-10;29,70;30,33;29,24;29,75;35.757
2015-02-11;29,51;29,83;29,50;29,70;11.161
2015-02-12;29,50;30,18;29,50;29,85;42.077
2015-02-13;30,20;30,58;29,53;29,99;37.911
2015-02-16;30,46;30,46;29,60;29,77;4.607
2015-02-17;29,56;29,99;29,10;29,31;17.224
2015-02-18;30,00;30,00;29,00;29,20;14.448
2015-02-19;30,00;30,00;28,80;29,25;6.180
2015-02-20;29,40;29,48;29,16;29,25;13.097
2015-02-23;29,30;29,74;28,84;29,50;74.229
2015-02-24;29,99;30,50;29,57;30,19;26.564
2015-02-25;30,18;30,50;29,94;30,13;40.569
2015-02-26;30,73;30,73;30,02;30,20;2.019
2015-02-27;30,20;30,86;30,16;30,53;15.013
2015-03-02;30,54;30,65;29,68;30,23;10.062
2015-03-03;30,00;30,50;29,45;29,92;15.368
2015-03-04;29,51;30,20;29,51;30,08;7.874
2015-03-05;30,05;32,13;30,05;32,13;30.138
2015-03-06;31,25;33,99;31,25;32,27;16.431
2015-03-09;32,28;33,13;32,00;32,50;15.821
2015-03-10;32,10;32,50;31,02;32,25;18.814
2015-03-11;32,00;32,49;30,51;31,00;54.446
2015-03-12;31,00;31,31;30,70;30,71;25.076
2015-03-13;31,46;32,49;30,70;32,24;61.506
2015-03-16;32,45;32,98;31,67;32,50;27.654
2015-03-17;32,40;32,49;31,67;32,00;36.847
2015-03-18;31,80;32,86;31,80;32,50;21.514
2015-03-19;32,50;33,20;32,50;33,20;19.326
2015-03-20;32,80;34,50;32,56;33,80;266.576
2015-03-23;33,80;34,20;33,09;33,33;16.037
2015-03-24;33,98;33,98;32,66;33,00;15.498
2015-03-25;33,50;33,50;32,15;32,21;19.052
2015-03-26;32,26;32,31;30,70;31,70;20.149
2015-03-27;32,03;32,40;31,21;31,50;18.902
2015-03-30;31,20;31,83;31,20;31,59;20.648
2015-03-31;31,42;31,49;31,01;31,33;46.849
2015-04-01;31,11;31,44;30,74;30,83;6.894
2015-04-02;30,84;31,29;30,56;31,23;7.028
2015-04-07;31,20;31,40;30,87;30,98;34.851
2015-04-08;31,37;31,37;30,27;31,00;50.274
2015-04-09;31,85;32,79;31,83;32,29;96.801
2015-04-10;32,75;33,45;32,56;33,45;40.205
2015-04-13;33,75;34,49;33,52;34,49;30.811
2015-04-14;34,49;34,50;33,60;34,49;15.111
2015-04-15;34,50;36,56;34,06;36,56;35.909
2015-04-16;35,64;36,52;35,01;36,52;56.815
2015-04-17;36,05;36,30;35,78;36,11;37.839
2015-04-20;36,15;37,19;35,62;35,80;38.311
2015-04-21;35,74;35,74;34,92;35,00;27.576
2015-04-22;35,46;35,46;34,54;34,56;15.014
2015-04-23;34,50;34,50;34,00;34,34;20.764
2015-04-24;34,50;34,80;34,04;34,50;12.281
2015-04-27;34,90;34,90;34,03;34,25;17.881
2015-04-28;34,00;34,07;33,02;33,81;30.494
2015-04-29;35,30;36,00;33,85;33,85;35.285
2015-04-30;33,86;34,50;33,00;33,36;27.240
2015-05-04;33,75;33,98;33,00;33,20;24.171
2015-05-05;33,00;33,03;31,91;32,55;15.105
2015-05-06;31,85;32,75;31,50;32,36;12.527
2015-05-07;31,94;32,30;31,08;31,86;18.753
2015-05-08;31,69;32,94;31,69;32,90;14.964
2015-05-11;33,20;33,20;32,78;32,79;10.016
2015-05-12;32,65;33,70;31,82;33,00;93.125
2015-05-13;33,20;33,22;32,87;33,10;42.692
2015-05-14;33,30;33,30;32,79;32,79;82.076
2015-05-15;33,20;33,20;32,78;32,87;38.686
2015-05-18;33,50;34,45;32,79;33,00;95.780
2015-05-19;33,00;33,50;32,82;33,15;144.570
2015-05-20;33,49;33,80;32,91;33,60;76.072
2015-05-21;33,60;34,00;33,45;33,80;39.941
2015-05-22;33,85;34,12;33,64;33,75;74.832
2015-05-25;33,80;33,95;33,45;33,75;12.844
2015-05-26;33,45;33,91;33,45;33,60;23.448
2015-05-27;33,56;33,60;32,80;33,60;22.119
2015-05-28;33,60;34,13;33,02;33,85;56.912
2015-05-29;34,20;35,00;33,54;35,00;119.406
2015-06-01;34,50;34,95;34,13;34,50;56.311
2015-06-02;34,49;34,68;33,87;34,00;12.324
2015-06-03;34,00;34,35;33,61;33,98;23.792
2015-06-04;33,90;34,25;33,00;34,25;16.706
2015-06-05;34,25;34,30;33,45;33,70;28.982
2015-06-08;33,50;34,00;33,50;33,83;24.000
2015-06-09;33,92;34,00;32,75;33,40;35.065
2015-06-10;33,50;33,86;32,97;33,73;17.116
2015-06-11;33,21;33,95;33,21;33,56;32.043
2015-06-12;33,49;33,49;32,88;33,15;8.705
2015-06-15;33,15;33,20;32,54;32,92;15.516
2015-06-16;32,90;33,29;32,52;33,23;14.140
2015-06-17;33,42;33,42;32,86;33,00;22.700
2015-06-18;32,55;33,00;32,55;32,65;29.443
2015-06-19;32,55;33,27;32,55;32,80;97.137
2015-06-22;33,23;33,23;32,72;32,96;9.035
2015-06-23;33,02;33,13;32,79;33,05;13.717
2015-06-24;33,11;33,11;32,74;33,11;12.482
2015-06-25;32,85;33,11;32,68;32,85;13.243
2015-06-26;32,85;33,30;32,84;33,12;13.374
2015-06-29;32,40;33,05;31,59;32,78;21.438
2015-06-30;32,95;32,95;32,25;32,50;25.752
2015-07-01;32,50;32,91;32,25;32,46;20.074
2015-07-02;32,00;32,74;32,00;32,40;11.649
2015-07-03;33,12;33,12;32,30;32,65;7.905
2015-07-06;32,50;32,66;32,33;32,61;51.796
2015-07-07;32,96;32,96;32,50;32,65;55.279
2015-07-08;32,88;32,88;32,46;32,55;15.275
2015-07-09;32,65;32,70;32,45;32,47;8.254
2015-07-10;32,62;32,84;32,23;32,33;21.893
2015-07-13;32,11;32,52;32,11;32,40;7.543
2015-07-14;32,41;32,41;31,74;32,03;16.876
2015-07-15;32,30;32,30;31,22;31,30;22.948
2015-07-16;31,57;33,08;31,50;33,08;57.181
2015-07-17;33,10;35,41;33,10;33,90;54.759
2015-07-20;34,32;34,47;33,70;34,19;25.601
2015-07-21;34,29;34,29;33,57;33,76;12.208
2015-07-22;33,88;34,09;33,43;33,54;16.674
2015-07-23;33,75;33,75;33,38;33,54;5.759
2015-07-24;33,12;33,68;33,12;33,50;12.500
2015-07-27;33,21;33,49;31,98;32,86;14.803
2015-07-28;32,61;33,31;32,26;32,59;21.994
2015-07-29;33,00;33,10;32,60;33,10;13.896
2015-07-30;33,09;33,34;32,77;33,34;4.551
2015-07-31;33,40;33,70;33,23;33,45;37.430
2015-08-03;33,64;33,64;33,33;33,39;18.159
2015-08-04;33,68;33,68;33,27;33,56;11.122
2015-08-05;33,45;33,52;33,05;33,50;72.646
2015-08-06;33,80;34,15;33,12;33,75;39.999
2015-08-07;34,00;34,01;33,51;33,60;21.759
2015-08-10;33,75;33,75;32,91;33,29;29.869
2015-08-11;33,42;33,43;32,93;33,05;10.574
2015-08-12;33,70;33,70;31,72;31,88;19.955
2015-08-13;32,00;32,59;31,56;32,09;21.229
2015-08-14;32,30;33,00;32,10;32,73;31.230
2015-08-17;33,00;33,10;32,09;32,29;22.950
2015-08-18;32,15;32,87;31,64;32,87;71.645
2015-08-19;32,95;33,30;32,74;32,90;35.885
2015-08-20;32,80;32,80;32,10;32,42;18.973
2015-08-21;32,38;32,53;31,49;31,70;34.703
2015-08-24;31,00;31,32;29,70;30,28;107.085
2015-08-25;31,87;31,87;30,29;31,08;28.082
2015-08-26;31,18;31,36;30,12;31,36;33.942
2015-08-27;32,05;33,13;31,84;33,13;160.683
2015-08-28;33,69;33,69;32,34;32,81;76.027
2015-08-31;32,94;33,20;32,68;33,20;40.915
2015-09-01;32,65;33,05;32,50;32,86;44.986
2015-09-02;32,75;32,90;32,01;32,81;26.672
2015-09-03;32,77;33,21;32,58;32,67;25.962
2015-09-04;32,74;33,27;32,52;32,56;74.454
2015-09-07;33,18;33,18;32,47;32,75;12.400
2015-09-08;32,57;33,00;32,53;32,74;27.745
2015-09-09;31,20;31,80;31,10;31,50;307.034
2015-09-10;31,50;31,51;31,10;31,28;70.658
2015-09-11;31,36;31,50;31,22;31,25;111.806
2015-09-14;31,45;31,79;31,03;31,25;23.376
2015-09-15;31,07;31,40;30,95;31,19;57.013
2015-09-16;31,57;31,65;31,03;31,30;24.616
2015-09-17;31,35;31,59;31,30;31,43;12.831
2015-09-18;31,50;31,50;30,91;31,09;58.788
2015-09-21;31,10;31,41;31,10;31,30;72.028
2015-09-22;31,27;31,31;30,48;30,75;23.152
2015-09-23;30,49;30,86;30,44;30,46;119.776
2015-09-24;30,31;30,52;29,17;29,17;105.796
2015-09-25;29,39;31,56;29,32;31,30;117.557
2015-09-28;31,20;31,20;29,56;30,01;26.725
2015-09-29;29,99;30,16;29,66;30,00;68.240
2015-09-30;30,04;31,00;29,82;30,83;147.286
2015-10-01;31,09;31,50;30,58;30,78;150.986
2015-10-02;30,79;31,33;30,30;30,46;72.931
2015-10-05;30,93;31,20;30,56;31,02;50.287
2015-10-06;31,13;31,33;30,99;30,99;28.457
2015-10-07;31,20;31,24;30,46;30,62;30.374
2015-10-08;30,40;30,43;29,87;30,00;114.575
2015-10-09;30,32;30,83;29,99;30,53;39.390
2015-10-12;30,67;31,10;30,67;30,98;33.854
2015-10-13;30,75;31,00;30,54;31,00;26.925
2015-10-14;30,50;31,09;30,50;30,86;22.628
2015-10-15;30,78;31,43;30,78;31,30;23.698
2015-10-16;31,40;31,70;31,40;31,51;28.647
2015-10-19;31,63;31,74;31,50;31,58;12.306
2015-10-20;31,75;32,23;31,50;32,02;45.712
2015-10-21;32,10;32,86;32,10;32,68;45.321
2015-10-22;32,60;33,98;32,55;33,87;53.543
2015-10-23;34,00;34,86;33,99;34,58;195.248
2015-10-26;34,55;35,09;34,32;34,52;60.435
2015-10-27;34,32;34,55;34,26;34,26;32.797
2015-10-28;34,19;34,45;33,89;33,90;23.584
2015-10-29;34,00;34,32;33,85;34,20;70.352
2015-10-30;34,19;34,43;33,51;34,02;197.577
2015-11-02;34,20;34,58;33,29;34,12;144.280
2015-11-03;34,20;34,48;33,82;33,90;34.376
2015-11-04;34,00;34,05;32,96;32,96;35.235
2015-11-05;34,00;34,00;32,70;32,99;48.897
2015-11-06;33,94;33,94;32,40;32,78;28.653
2015-11-09;32,95;33,11;32,65;32,74;31.313
2015-11-10;32,79;32,79;31,79;32,00;41.207
2015-11-11;33,46;34,50;31,40;32,62;70.850
2015-11-12;32,64;32,91;32,02;32,46;45.962
2015-11-13;32,09;32,76;32,00;32,45;56.817
2015-11-16;32,00;32,66;31,90;32,51;28.274
2015-11-17;33,00;33,42;32,99;33,25;29.140
2015-11-18;33,22;33,22;32,78;33,15;19.891
2015-11-19;33,50;33,77;33,08;33,51;53.729
2015-11-20;33,68;33,71;33,37;33,54;71.383
2015-11-23;33,08;33,80;33,08;33,64;31.029
2015-11-24;33,51;34,00;33,30;33,50;87.612
2015-11-25;33,48;33,94;33,48;33,79;13.707
2015-11-26;33,66;34,07;33,53;33,81;325.955
2015-11-27;33,73;34,30;33,73;34,28;42.225
2015-11-30;34,39;34,60;34,10;34,60;161.972
2015-12-01;34,50;35,50;34,38;35,38;150.722
2015-12-02;33,86;34,01;33,35;33,80;317.218
2015-12-03;33,69;33,90;33,48;33,64;159.414
2015-12-04;33,50;33,95;33,50;33,87;25.020
2015-12-07;34,00;34,07;33,83;33,90;27.077
2015-12-08;33,81;33,88;33,61;33,61;65.583
2015-12-09;33,51;33,66;33,26;33,62;26.367
2015-12-10;33,56;33,74;33,28;33,74;38.765
2015-12-11;33,51;35,00;32,82;33,54;61.347
2015-12-14;33,66;34,40;32,65;33,41;53.946
2015-12-15;33,38;33,80;32,94;33,37;31.862
2015-12-16;33,31;33,67;33,31;33,64;43.355
2015-12-17;33,88;34,42;33,30;33,48;107.007
2015-12-18;33,22;33,39;32,98;32,98;55.260
2015-12-21;32,92;33,20;32,20;32,48;53.718
2015-12-22;32,70;32,77;32,28;32,65;34.493
2015-12-23;32,94;33,40;32,92;33,10;42.487
2015-12-24;33,08;33,64;32,17;33,25;23.864
2015-12-28;33,01;33,46;33,00;33,25;16.434
2015-12-29;33,44;33,96;33,11;33,32;12.837
2015-12-30;33,36;33,45;33,13;33,30;13.114
2015-12-31;34,40;34,40;33,04;34,07;16.426
2016-01-04;34,00;34,00;33,11;33,62;39.022
2016-01-05;33,94;33,94;33,05;33,80;72.234
2016-01-06;33,42;33,46;32,26;32,90;55.927
2016-01-07;32,60;32,65;31,75;32,45;101.847
2016-01-08;32,78;33,44;32,56;33,07;41.701
2016-01-11;33,03;33,15;32,77;32,82;14.050
2016-01-12;33,17;33,32;32,56;32,61;74.317
2016-01-13;33,17;33,25;32,87;33,00;27.651
2016-01-14;33,19;33,19;32,38;32,75;33.460
2016-01-15;33,10;33,10;31,27;32,00;177.727
2016-01-18;31,44;32,25;30,76;31,22;93.212
2016-01-19;31,94;32,00;30,70;31,76;113.994
2016-01-20;31,77;31,77;31,02;31,54;111.402
2016-01-21;31,51;31,92;31,06;31,42;102.643
2016-01-22;31,86;32,97;31,82;32,84;160.444
2016-01-25;32,72;33,00;32,59;32,64;19.355
2016-01-26;32,50;32,50;31,81;31,99;27.400
2016-01-27;32,41;32,41;31,38;32,26;22.632
2016-01-28;32,29;32,79;31,55;31,87;19.477
2016-01-29;31,82;32,85;31,70;32,75;23.492
2016-02-01;33,27;33,30;32,95;33,30;25.431
2016-02-02;33,09;33,26;32,88;33,10;22.327
2016-02-03;33,00;33,17;32,76;32,92;34.677
2016-02-04;32,93;33,29;32,45;32,95;36.331
2016-02-05;33,16;33,23;32,88;33,06;17.404
2016-02-08;32,80;33,00;32,30;32,47;41.278
2016-02-09;32,80;32,80;30,74;31,17;53.928
2016-02-10;31,42;31,98;30,88;30,88;23.924
2016-02-11;31,02;31,21;30,00;30,76;29.497
2016-02-12;31,27;31,27;30,33;30,61;52.270
2016-02-15;31,50;31,58;31,00;31,39;19.334
2016-02-16;31,51;31,93;31,07;31,50;19.862
2016-02-17;30,25;32,61;30,01;32,61;12.715
2016-02-18;32,65;33,00;32,18;32,91;5.298
2016-02-19;33,37;33,37;32,13;32,33;10.782
2016-02-22;32,33;32,81;32,33;32,69;13.373
2016-02-23;32,61;33,16;32,40;32,42;11.984
2016-02-24;32,75;32,75;32,00;32,29;10.129
2016-02-25;32,75;33,08;32,50;33,08;10.928
2016-02-26;33,21;33,21;32,32;33,10;52.924
2016-02-29;33,05;33,65;32,13;33,65;160.476
2016-03-01;34,00;34,18;33,26;33,64;24.364
2016-03-02;34,00;34,00;33,40;33,51;15.190
2016-03-03;33,52;33,90;33,00;33,57;19.458
2016-03-04;33,48;34,11;33,35;33,93;18.070
2016-03-07;33,62;34,09;33,27;34,09;73.942
2016-03-08;34,01;34,24;33,70;33,99;11.985
2016-03-09;33,89;34,09;33,48;34,09;8.526
2016-03-10;33,50;34,37;33,50;33,57;16.639
2016-03-11;33,98;34,13;33,40;33,91;6.999
2016-03-14;34,25;34,25;33,55;33,73;20.255
2016-03-15;34,35;34,35;33,34;33,70;30.503
2016-03-16;33,70;33,70;32,90;32,90;25.023
2016-03-17;33,10;33,29;32,26;32,58;33.693
2016-03-18;33,39;33,39;32,26;32,74;91.499
2016-03-21;32,26;32,85;32,26;32,68;101.464
2016-03-22;31,01;32,15;31,00;31,90;394.320
2016-03-23;31,83;31,95;31,69;31,94;77.250
2016-03-24;31,90;31,98;31,67;31,79;128.682
2016-03-29;32,00;32,00;31,42;31,43;31.837
2016-03-30;31,45;31,91;31,45;31,79;65.130
2016-03-31;32,02;32,95;31,89;32,87;145.533
2016-04-01;33,00;33,01;32,57;32,98;110.627
2016-04-04;34,00;34,50;33,75;34,00;181.847
2016-04-05;33,95;34,10;33,76;34,00;63.885
2016-04-06;34,20;34,25;33,86;34,10;38.402
2016-04-07;34,00;34,30;34,00;34,25;36.298
2016-04-08;34,39;34,91;34,30;34,80;39.812
2016-04-11;34,80;35,00;34,61;34,83;143.936
2016-04-12;34,93;34,99;34,38;34,94;27.139
2016-04-13;35,00;35,27;34,90;35,06;37.496
2016-04-14;35,17;35,46;34,70;35,46;45.785
2016-04-15;35,55;35,55;35,15;35,37;30.378
2016-04-18;35,20;35,47;34,91;35,42;29.170
2016-04-19;35,60;35,60;35,14;35,29;20.293
2016-04-20;35,28;35,29;34,96;34,97;28.493
2016-04-21;35,20;35,48;34,71;35,00;27.595
2016-04-22;34,78;35,07;34,46;34,84;32.514
2016-04-25;34,14;35,07;32,75;34,80;33.885
2016-04-26;34,80;34,99;34,49;34,80;37.375
2016-04-27;34,94;35,30;34,81;35,29;29.998
2016-04-28;35,06;35,52;34,81;35,29;34.141
2016-04-29;34,26;35,70;34,26;35,26;40.770
2016-05-02;35,19;35,25;34,79;34,96;29.254
2016-05-03;35,17;35,17;34,62;34,65;46.233
2016-05-04;34,79;34,87;34,20;34,32;23.526
2016-05-05;34,71;34,71;34,17;34,32;11.774
2016-05-06;34,16;35,30;34,16;35,15;21.288
2016-05-09;35,02;35,30;34,41;34,51;22.607
2016-05-10;34,51;34,66;34,43;34,50;11.236
2016-05-11;34,31;35,01;34,09;34,52;14.479
2016-05-12;35,94;36,60;35,00;35,30;70.986
2016-05-13;35,99;35,99;35,01;35,05;40.307
2016-05-16;35,25;35,25;34,66;35,00;16.837
2016-05-17;35,00;35,16;34,88;35,05;12.321
2016-05-18;35,61;35,61;34,88;35,58;38.655
2016-05-19;35,55;35,55;35,00;35,50;37.659
2016-05-20;35,57;36,03;35,51;35,93;16.732
2016-05-23;36,43;36,62;36,17;36,48;44.044
2016-05-24;36,30;37,28;36,30;37,24;28.208
2016-05-25;36,86;37,50;36,58;36,78;22.330
2016-05-26;36,99;36,99;36,66;36,66;16.125
2016-05-27;36,61;37,13;36,55;37,13;22.409
2016-05-30;37,00;37,38;36,95;37,01;13.487
2016-05-31;37,04;37,27;37,00;37,27;41.396
2016-06-01;37,06;37,46;37,00;37,26;26.466
2016-06-02;37,08;37,43;37,00;37,42;16.862
2016-06-03;37,47;37,98;37,00;37,14;38.467
2016-06-06;37,24;37,62;37,10;37,51;28.134
2016-06-07;37,49;38,12;37,44;38,01;23.597
2016-06-08;37,68;38,06;37,60;37,84;29.410
2016-06-09;38,10;38,10;37,35;37,70;225.111
2016-06-10;37,48;37,58;37,00;37,32;53.908
2016-06-13;37,10;37,11;36,65;36,80;43.543
2016-06-14;36,57;36,71;35,81;36,27;43.504
2016-06-15;36,50;36,82;36,39;36,55;28.954
2016-06-16;36,46;36,46;35,41;35,41;33.633
2016-06-17;35,25;35,80;35,25;35,79;67.487
2016-06-20;37,00;37,33;36,48;37,01;15.570
2016-06-21;37,64;37,70;36,88;37,52;75.961
2016-06-22;38,00;38,54;37,45;38,43;50.982
2016-06-23;38,00;38,70;37,47;37,85;55.086
2016-06-24;35,55;36,70;35,12;35,48;143.294
2016-06-27;36,97;36,97;33,09;33,19;59.044
2016-06-28;36,50;36,50;33,00;33,84;62.698
2016-06-29;34,46;35,26;34,06;35,26;37.004
2016-06-30;34,21;35,83;34,20;35,58;112.389
2016-07-01;35,86;35,86;35,07;35,79;26.444
2016-07-04;35,95;35,95;34,79;34,87;22.858
2016-07-05;34,75;34,75;34,03;34,51;84.388
2016-07-06;34,41;34,81;34,25;34,55;60.992
2016-07-07;34,55;36,31;34,55;36,31;51.316
2016-07-08;36,14;37,03;36,02;37,03;39.677
2016-07-11;37,18;38,29;36,96;38,05;113.698
2016-07-12;37,88;38,47;37,88;38,04;40.457
2016-07-13;37,74;39,17;37,70;38,38;48.955
2016-07-14;38,52;38,85;38,47;38,58;29.263
2016-07-15;38,36;38,54;37,80;38,30;25.895
2016-07-18;38,75;39,06;38,40;38,81;33.687
2016-07-19;38,81;38,81;38,17;38,40;26.899
2016-07-20;38,87;39,14;38,44;38,88;36.224
2016-07-21;39,26;39,26;38,51;38,76;29.993
2016-07-22;38,85;38,85;38,45;38,45;22.319
2016-07-25;38,69;38,69;38,44;38,55;21.371
2016-07-26;38,40;38,62;38,32;38,40;9.735
2016-07-27;38,47;38,53;38,21;38,50;21.801
2016-07-28;38,40;38,57;38,17;38,25;19.067
2016-07-29;38,45;38,45;37,90;37,93;10.647
2016-08-01;38,23;39,13;38,21;38,80;33.602
2016-08-02;38,73;38,80;38,42;38,49;14.772
2016-08-03;38,63;38,66;38,57;38,57;183
2016-08-04;38,63;38,66;38,19;38,19;15.306
2016-08-05;38,49;38,81;38,34;38,45;28.981
2016-08-08;38,61;39,06;38,61;38,93;6.444
2016-08-09;39,22;39,66;38,95;39,52;21.208
2016-08-10;39,46;39,78;39,21;39,40;9.436
2016-08-11;39,90;39,90;39,09;39,09;47.619
2016-08-12;38,90;39,72;38,90;39,50;16.057
2016-08-15;39,14;39,97;38,98;39,63;20.833
2016-08-16;39,63;39,80;39,12;39,12;47.115
2016-08-17;39,00;39,00;38,41;38,58;36.373
2016-08-18;38,60;39,50;38,55;39,27;33.739
2016-08-19;39,32;39,37;39,09;39,20;31.393
2016-08-22;39,00;39,28;38,59;38,85;21.709
2016-08-23;39,10;39,20;37,05;38,20;34.002
2016-08-24;38,00;38,60;37,92;38,02;266.497
2016-08-25;37,92;38,13;37,83;37,95;34.812
2016-08-26;37,88;37,99;37,75;37,80;26.411
2016-08-29;37,75;37,99;37,26;37,85;53.843
2016-08-30;37,79;37,99;37,79;37,82;37.096
2016-08-31;37,89;37,89;36,77;36,99;92.676
2016-09-01;36,70;37,07;36,70;37,00;54.871
2016-09-02;36,90;37,02;36,59;36,84;43.131
2016-09-05;37,00;37,22;36,87;37,21;21.744
2016-09-06;37,50;37,51;37,15;37,18;44.163
2016-09-07;37,42;37,42;37,02;37,28;22.281
2016-09-08;37,37;37,66;37,05;37,36;22.885
2016-09-09;37,43;37,43;36,60;36,60;54.826
2016-09-12;36,25;36,52;35,89;36,19;27.662
2016-09-13;36,30;36,38;36,01;36,08;36.974
2016-09-14;36,08;36,89;36,08;36,78;48.301
2016-09-15;36,61;36,89;36,43;36,84;46.951
2016-09-16;36,85;37,33;36,21;36,21;470.055
2016-09-19;36,26;36,88;36,26;36,62;65.511
2016-09-20;36,75;37,31;36,64;37,11;59.755
2016-09-21;37,45;37,58;37,27;37,47;61.018
2016-09-22;37,61;38,27;37,61;38,17;38.539
2016-09-23;38,21;39,30;38,05;39,30;90.628
2016-09-26;39,09;39,68;38,67;39,68;193.849
2016-09-27;39,52;39,55;38,88;39,37;95.960
2016-09-28;39,67;39,68;38,80;39,32;45.046
2016-09-29;39,25;39,64;38,86;39,07;33.344
2016-09-30;38,99;39,13;38,52;39,10;98.493
2016-10-03;39,46;39,74;39,12;39,51;33.489
2016-10-04;39,51;40,13;39,43;39,95;112.492
2016-10-05;39,58;39,83;39,46;39,79;40.126
2016-10-06;39,92;39,94;39,61;39,66;33.561
2016-10-07;39,71;39,78;39,36;39,78;170.066
2016-10-10;39,32;39,49;39,18;39,49;94.504
2016-10-11;39,49;39,56;39,00;39,34;59.483
2016-10-12;39,34;39,92;39,23;39,40;44.093
2016-10-13;39,51;39,51;39,02;39,40;29.269
2016-10-14;39,30;40,36;39,30;40,36;46.303
2016-10-17;40,36;40,42;39,99;40,41;41.915
2016-10-18;40,59;40,88;40,18;40,50;75.257
2016-10-19;40,51;40,63;40,15;40,40;55.107
2016-10-20;40,72;40,72;40,30;40,45;45.366
2016-10-21;40,40;40,95;40,39;40,63;47.663
2016-10-24;40,75;40,84;40,37;40,41;42.266
2016-10-25;40,52;40,52;39,74;39,84;38.390
2016-10-26;39,85;39,85;39,12;39,42;51.425
2016-10-27;39,50;39,64;39,28;39,38;32.381
2016-10-28;39,10;39,58;38,92;39,51;43.170
2016-10-31;39,88;39,88;39,11;39,41;25.801
2016-11-01;39,47;40,00;39,35;39,85;58.586
2016-11-02;39,94;39,94;39,25;39,46;61.825
2016-11-03;39,22;39,33;38,47;38,55;40.514
2016-11-04;38,82;38,82;38,05;38,53;43.304
2016-11-07;38,89;39,14;38,59;38,93;40.851
2016-11-08;39,08;39,36;38,48;38,67;32.383
2016-11-09;38,17;38,92;37,63;38,50;86.862
2016-11-10;38,76;38,76;37,47;37,50;51.832
2016-11-11;38,21;38,24;35,70;35,76;157.062
2016-11-14;36,23;36,65;35,21;35,27;76.168
2016-11-15;35,30;35,74;35,11;35,60;82.224
2016-11-16;37,14;37,71;34,51;37,50;118.716
2016-11-17;37,52;37,52;36,97;37,49;69.897
2016-11-18;37,58;37,76;37,34;37,73;38.874
2016-11-21;37,90;37,90;37,44;37,81;43.442
2016-11-22;37,92;38,62;37,62;38,18;46.828
2016-11-23;37,93;38,30;37,51;37,86;37.500
2016-11-24;37,60;38,30;37,60;38,30;43.890
2016-11-25;38,25;38,25;37,79;38,07;38.032
2016-11-28;38,00;38,05;37,75;38,03;34.172
2016-11-29;37,79;37,97;37,39;37,75;39.587
2016-11-30;38,10;38,31;37,66;38,17;52.364
2016-12-01;38,26;38,26;37,55;37,57;30.736
2016-12-02;37,38;37,43;36,73;37,02;60.409
2016-12-05;36,72;37,90;36,72;37,78;43.210
2016-12-06;37,86;38,83;37,70;38,83;74.590
2016-12-07;38,90;39,00;38,34;39,00;57.114
2016-12-08;39,31;40,15;39,27;40,10;62.321
2016-12-09;40,19;40,58;39,96;40,20;147.701
2016-12-12;40,12;40,16;39,71;39,97;61.888
2016-12-13;39,86;40,00;39,56;39,81;36.318
2016-12-14;39,84;39,90;39,58;39,71;71.224
2016-12-15;39,53;39,86;39,47;39,70;40.841
2016-12-16;39,68;40,09;39,57;39,92;96.551
2016-12-19;39,95;40,02;39,75;39,85;62.378
2016-12-20;39,82;40,00;39,72;39,89;36.307
2016-12-21;39,89;40,05;39,42;39,69;64.666
2016-12-22;39,83;40,04;39,57;39,92;26.442
2016-12-23;39,95;39,95;39,48;39,85;21.161
2016-12-27;39,86;40,00;39,64;39,91;27.435
2016-12-28;39,92;40,41;39,92;40,16;40.674
2016-12-29;39,93;40,38;39,93;40,38;32.152
2016-12-30;40,39;40,57;40,27;40,49;17.067
2017-01-02;40,49;40,85;40,18;40,76;21.800
2017-01-03;40,97;41,25;40,80;41,10;53.697
2017-01-04;41,00;41,39;40,94;41,00;73.220
2017-01-05;41,04;41,09;40,71;40,83;40.009
2017-01-06;40,83;41,01;40,66;40,90;22.669
2017-01-09;41,00;41,14;40,73;40,95;29.308
2017-01-10;41,03;41,19;40,73;40,85;33.092
2017-01-11;40,89;41,45;40,89;41,28;36.670
2017-01-12;41,07;41,16;40,50;40,56;41.228
2017-01-13;40,56;41,41;40,50;41,33;50.347
2017-01-16;40,94;41,28;40,80;41,06;18.832
2017-01-17;40,99;41,06;40,45;40,59;32.841
2017-01-18;40,61;41,14;40,58;40,92;29.730
2017-01-19;41,00;41,15;40,80;40,90;39.843
2017-01-20;40,90;41,11;40,73;40,90;35.702
2017-01-23;40,80;41,17;40,80;41,03;49.899
2017-01-24;41,10;41,19;40,88;41,19;25.773
2017-01-25;41,40;41,69;40,99;41,30;49.695
2017-01-26;41,49;41,63;41,15;41,54;27.240
2017-01-27;41,47;41,85;41,36;41,85;23.933
2017-01-30;41,76;41,76;40,93;41,16;48.469
2017-01-31;41,19;41,76;41,06;41,57;53.243
2017-02-01;41,60;42,16;41,55;42,16;45.625
2017-02-02;42,10;42,49;42,07;42,47;20.112
2017-02-03;42,48;42,67;42,29;42,64;25.078
2017-02-06;42,47;42,61;42,15;42,22;29.725
2017-02-07;42,15;42,61;42,15;42,48;28.965
2017-02-08;42,52;42,86;42,19;42,85;39.754
2017-02-09;42,80;42,99;42,73;42,97;31.815
2017-02-10;43,30;43,52;42,98;43,17;39.466
2017-02-13;43,42;43,61;43,22;43,55;17.476
2017-02-14;43,60;43,99;43,28;43,97;58.448
2017-02-15;44,00;45,08;43,86;45,05;59.216
2017-02-16;45,00;45,00;44,22;44,41;36.636
2017-02-17;44,40;44,60;44,03;44,20;39.332
2017-02-20;44,21;44,83;44,20;44,73;31.279
2017-02-21;44,30;44,77;44,30;44,63;35.219
2017-02-22;44,63;44,76;44,51;44,74;26.822
2017-02-23;44,54;45,52;44,54;45,09;43.591
2017-02-24;46,90;48,17;45,31;45,48;207.033
2017-02-27;45,52;45,69;44,78;45,00;36.559
2017-02-28;45,42;45,42;44,78;44,78;60.133
2017-03-01;45,04;45,86;44,88;45,67;72.042
2017-03-02;45,56;45,77;45,24;45,50;57.724
2017-03-03;45,24;45,51;44,89;45,23;53.031
2017-03-06;45,10;45,67;45,10;45,27;26.684
2017-03-07;45,29;45,60;45,19;45,21;32.158
2017-03-08;44,86;45,10;43,74;44,00;82.996
2017-03-09;44,19;44,24;43,75;43,75;59.142
2017-03-10;44,00;44,00;43,43;43,47;167.666
2017-03-13;43,50;43,70;43,46;43,50;164.169
2017-03-14;43,32;43,69;43,30;43,50;63.354
2017-03-15;43,50;43,53;43,26;43,40;57.113
2017-03-16;43,40;43,73;43,36;43,54;63.194
2017-03-17;43,54;43,91;43,38;43,67;141.940
2017-03-20;43,87;44,48;43,81;44,46;76.698
2017-03-21;44,83;45,09;44,27;44,27;79.154
2017-03-22;44,17;44,31;43,67;44,31;48.856
2017-03-23;46,07;46,64;45,63;45,71;108.518
2017-03-24;45,51;45,75;45,00;45,30;59.966
2017-03-27;44,95;45,21;44,84;45,21;57.207
2017-03-28;45,41;45,69;45,25;45,66;43.507
2017-03-29;45,90;45,90;45,60;45,73;37.586
2017-03-30;45,73;46,02;45,64;46,02;53.201
2017-03-31;46,11;46,15;45,70;46,08;87.126
2017-04-03;46,20;46,70;46,17;46,50;67.826
2017-04-04;46,50;47,07;46,40;47,07;58.327
2017-04-05;47,00;47,45;46,85;47,00;49.736
2017-04-06;47,19;47,87;46,90;47,58;69.148
2017-04-07;47,78;47,79;47,16;47,34;41.630
2017-04-10;47,70;47,70;47,25;47,25;66.423
2017-04-11;47,25;47,78;47,20;47,68;67.403
2017-04-12;47,68;47,96;47,62;47,85;97.463
2017-04-13;47,73;48,00;47,43;47,92;43.873
2017-04-18;47,82;48,06;47,58;47,71;144.242
2017-04-19;47,99;48,62;47,82;48,08;77.203
2017-04-20;47,77;48,30;47,77;48,00;42.160
2017-04-21;48,07;48,10;47,75;48,08;66.440
2017-04-24;48,27;49,36;48,27;49,05;82.036
2017-04-25;49,15;49,56;49,00;49,30;54.405
2017-04-26;49,32;50,39;49,10;50,22;50.177
2017-04-27;50,00;50,12;49,43;49,75;68.747
2017-04-28;49,58;49,75;49,04;49,45;60.718
2017-05-02;49,45;50,21;49,41;50,14;88.659
2017-05-03;50,00;50,31;49,71;50,17;73.783
2017-05-04;50,19;50,96;50,09;50,86;46.291
2017-05-05;50,90;51,31;50,71;50,95;68.068
2017-05-08;51,00;51,29;50,52;50,99;74.617
2017-05-09;50,74;51,34;50,56;50,80;55.791
2017-05-10;51,00;52,06;50,83;52,06;72.177
2017-05-11;52,25;53,00;51,89;52,67;102.210
2017-05-12;52,50;52,50;50,86;50,87;83.633
2017-05-15;50,49;50,76;49,64;50,53;118.790
2017-05-16;50,55;50,76;49,73;49,80;60.852
2017-05-17;49,90;49,90;48,16;48,38;79.967
2017-05-18;48,44;48,91;47,81;48,84;53.675
2017-05-19;49,45;49,50;48,80;49,25;72.985
2017-05-22;49,22;49,61;49,13;49,13;48.707
2017-05-23;49,39;49,41;48,92;49,28;46.360
2017-05-24;49,40;49,41;49,00;49,25;43.584
2017-05-25;49,35;49,57;48,87;49,31;32.140
2017-05-26;49,28;49,65;49,14;49,37;30.711
2017-05-29;49,37;49,54;49,02;49,17;15.790
2017-05-30;49,24;49,44;48,91;49,38;40.043
2017-05-31;49,41;49,57;48,94;48,98;84.123
2017-06-01;49,17;49,53;48,94;49,12;50.802
2017-06-02;49,40;49,58;48,99;49,05;69.720
2017-06-05;49,05;49,30;49,04;49,07;38.135
2017-06-06;49,15;49,21;48,68;48,90;48.813
2017-06-07;48,66;49,16;48,58;48,93;50.870
2017-06-08;48,95;48,96;48,39;48,65;44.271
2017-06-09;48,19;48,73;47,12;48,73;84.465
2017-06-12;48,51;48,52;47,65;47,76;46.952
2017-06-13;47,83;48,31;47,83;48,13;51.545
2017-06-14;48,20;48,98;48,20;48,47;70.536
2017-06-15;48,27;48,31;46,99;47,15;73.384
2017-06-16;47,21;47,91;47,20;47,65;218.770
2017-06-19;48,04;48,38;47,99;48,30;38.466
2017-06-20;48,28;48,39;47,59;47,61;49.936
2017-06-21;47,43;47,52;47,10;47,47;44.153
2017-06-22;47,41;47,55;47,09;47,27;28.189
2017-06-23;47,27;47,70;46,72;46,90;41.433
2017-06-26;47,02;47,90;46,93;47,75;56.952
2017-06-27;47,86;47,86;47,31;47,42;52.387
2017-06-28;47,24;47,52;46,64;47,38;51.247
2017-06-29;47,64;47,75;46,74;46,93;59.082
2017-06-30;46,83;48,01;46,77;47,46;66.605
2017-07-03;47,55;48,08;47,48;47,86;76.943
2017-07-04;47,78;47,78;46,93;47,28;30.945
2017-07-05;47,41;47,52;47,03;47,23;25.498
2017-07-06;47,37;47,37;46,53;46,69;31.315
2017-07-07;46,59;46,77;46,31;46,63;31.426
2017-07-10;46,56;47,59;46,56;47,53;119.012
2017-07-11;47,50;47,86;47,11;47,15;26.837
2017-07-12;47,14;47,50;46,99;47,50;31.578
2017-07-13;47,50;47,80;47,42;47,64;38.458
2017-07-14;47,68;47,81;47,38;47,81;18.783
2017-07-17;47,80;48,33;47,80;48,17;37.123
2017-07-18;48,20;48,33;47,44;47,81;39.864
2017-07-19;47,76;48,00;47,65;48,00;20.244
2017-07-20;48,17;48,28;47,66;47,80;35.881
2017-07-21;48,00;48,15;47,47;47,62;58.054
2017-07-24;47,62;47,84;47,35;47,56;23.363
2017-07-25;47,43;48,05;47,43;47,58;19.041
2017-07-26;47,66;47,91;47,55;47,81;52.950
2017-07-27;47,65;48,01;47,48;47,80;24.005
2017-07-28;47,72;47,72;47,28;47,45;24.940
2017-07-31;47,45;47,79;47,28;47,34;27.827
2017-08-01;47,95;47,95;46,64;47,69;40.371
2017-08-02;47,70;48,00;47,70;47,95;49.220
2017-08-03;48,00;48,17;47,79;48,01;22.318
2017-08-04;48,31;51,22;48,31;51,17;99.942
2017-08-07;51,31;52,04;50,90;51,99;70.164
2017-08-08;52,06;52,06;51,08;51,22;41.389
2017-08-09;51,22;51,28;50,61;50,67;51.706
2017-08-10;50,77;50,77;49,96;50,00;42.096
2017-08-11;49,95;50,20;49,67;50,19;47.726
2017-08-14;50,21;51,14;50,21;50,78;45.746
2017-08-15;50,70;51,30;50,67;50,72;31.207
2017-08-16;50,74;51,27;50,70;50,76;59.192
2017-08-17;50,51;51,06;50,51;50,58;30.398
2017-08-18;50,12;50,40;49,86;50,34;33.077
2017-08-21;50,17;50,58;50,02;50,33;24.063
2017-08-22;50,33;50,87;50,00;50,46;55.019
2017-08-23;50,31;50,68;49,66;49,66;40.525
2017-08-24;49,65;49,82;49,07;49,48;44.395
2017-08-25;51,30;52,14;50,07;50,44;76.396
2017-08-28;50,36;50,36;49,57;49,68;30.959
2017-08-29;49,74;49,82;48,76;49,59;64.689
2017-08-30;50,01;50,10;49,51;49,51;42.745
2017-08-31;49,88;49,88;49,04;49,41;64.339
2017-09-01;50,00;50,00;49,53;49,95;82.514
2017-09-04;49,98;49,98;49,66;49,70;23.718
2017-09-05;49,66;50,05;49,61;50,00;38.769
2017-09-06;50,00;50,00;49,53;49,80;34.713
2017-09-07;50,00;50,17;49,73;50,17;69.000
2017-09-08;50,14;51,17;50,14;51,09;66.206
2017-09-11;51,32;51,82;51,12;51,59;81.689
2017-09-12;51,90;52,17;51,51;52,09;64.956
2017-09-13;51,90;52,02;51,56;51,59;52.103
2017-09-14;51,63;51,77;51,28;51,70;59.218
2017-09-15;51,74;52,33;51,69;52,09;79.503
2017-09-18;52,20;52,61;51,98;52,55;47.731
2017-09-19;52,71;52,82;52,42;52,62;35.714
2017-09-20;52,82;52,82;52,22;52,56;37.079
2017-09-21;52,54;52,87;52,41;52,47;66.744
2017-09-22;52,30;52,61;52,30;52,55;46.159
2017-09-25;52,55;52,59;52,16;52,16;39.828
2017-09-26;52,30;52,35;51,44;51,45;53.467
2017-09-27;51,50;51,95;51,30;51,40;58.273
2017-09-28;51,37;52,02;50,94;51,99;81.060
2017-09-29;52,05;52,15;51,17;51,88;90.777
2017-10-02;51,95;52,21;51,58;52,11;69.633
2017-10-03;52,12;52,52;51,62;51,84;43.050
2017-10-04;52,11;52,11;51,11;51,50;71.672
2017-10-05;51,21;51,55;51,01;51,31;53.472
2017-10-06;51,00;51,41;50,86;51,07;44.038
2017-10-09;50,99;51,17;50,71;50,91;41.113
2017-10-10;50,71;51,12;50,42;50,75;43.763
2017-10-11;50,72;51,35;50,64;51,35;46.956
2017-10-12;51,62;51,62;51,17;51,42;22.688
2017-10-13;51,19;51,79;51,19;51,78;26.259
2017-10-16;51,89;52,02;51,40;52,02;39.966
2017-10-17;52,18;52,52;51,91;52,16;62.399
2017-10-18;52,07;52,25;51,73;51,93;44.562
2017-10-19;52,00;52,00;51,10;51,41;35.854
2017-10-20;51,49;51,88;51,44;51,72;29.715
2017-10-23;51,84;52,10;51,51;51,99;32.164
2017-10-24;51,97;52,21;51,78;51,90;37.473
2017-10-25;52,20;52,58;51,75;52,38;53.187
2017-10-26;52,11;53,45;52,11;53,45;72.787
2017-10-27;53,52;54,14;53,08;53,85;61.332
2017-10-30;54,06;54,36;53,22;53,45;44.356
2017-10-31;53,50;54,10;53,34;54,00;47.389
2017-11-01;54,16;54,36;53,77;53,77;37.003
2017-11-02;53,84;54,24;53,58;54,13;50.340
2017-11-03;54,28;55,19;54,12;55,14;48.850
2017-11-06;54,85;55,14;54,66;55,01;34.538
2017-11-07;55,00;55,12;54,60;54,76;53.848
2017-11-08;55,30;55,87;53,81;53,95;96.471
2017-11-09;53,06;54,28;53,06;53,69;51.677
2017-11-10;53,75;53,80;53,20;53,20;165.029
2017-11-13;53,50;53,50;52,28;52,60;58.642
2017-11-14;52,80;53,18;52,56;52,56;149.682
2017-11-15;52,79;52,79;51,65;51,85;706.869
2017-11-16;52,10;52,10;51,64;51,90;57.141
2017-11-17;51,80;52,02;51,59;51,62;38.458
2017-11-20;51,75;52,05;51,53;51,80;47.760
2017-11-21;51,80;52,43;51,64;52,43;54.245
2017-11-22;52,50;52,85;52,23;52,25;71.278
2017-11-23;51,91;52,50;51,77;52,16;18.576
2017-11-24;52,10;52,54;51,69;52,10;25.099
2017-11-27;52,12;52,34;51,83;51,92;43.489
2017-11-28;52,06;52,73;51,91;52,50;34.675
2017-11-29;52,83;52,83;51,95;51,98;32.327
2017-11-30;52,02;52,37;51,87;51,94;78.901
2017-12-01;52,05;52,65;51,81;51,96;61.668
2017-12-04;52,45;53,53;51,76;53,53;90.865
2017-12-05;53,66;53,66;52,54;53,11;69.215
2017-12-06;53,21;55,57;52,34;54,21;135.072
2017-12-07;54,21;54,40;52,93;53,16;37.357
2017-12-08;53,55;53,55;52,72;52,82;63.638
2017-12-11;53,00;53,11;52,66;53,09;50.222
2017-12-12;53,33;53,33;52,56;52,94;61.664
2017-12-13;53,00;53,01;52,39;52,83;86.287
2017-12-14;52,95;52,95;52,51;52,59;48.704
2017-12-15;52,30;52,36;52,03;52,12;100.725
2017-12-18;52,49;53,00;52,35;52,88;58.197
2017-12-19;53,00;53,19;52,44;52,54;48.706
2017-12-20;52,53;52,64;51,92;52,00;46.807
2017-12-21;52,00;52,08;51,52;51,90;48.230
2017-12-22;52,00;52,04;51,56;51,79;29.876
2017-12-27;52,07;52,07;51,40;51,91;56.992
2017-12-28;51,65;52,75;51,65;52,66;56.793
2017-12-29;52,78;53,16;52,24;52,43;37.788
2018-01-02;52,95;53,00;51,80;51,85;58.584
2018-01-03;52,20;52,35;51,85;52,00;37.674
2018-01-04;51,85;52,65;51,85;52,50;54.350
2018-01-05;52,35;53,35;52,25;53,05;101.477
2018-01-08;53,10;53,35;52,35;52,50;88.751
2018-01-09;52,55;53,00;52,50;53,00;64.301
2018-01-10;53,05;53,30;52,30;52,70;75.883
2018-01-11;52,50;53,35;52,30;53,05;64.316
2018-01-12;53,10;53,55;52,65;52,80;49.203
2018-01-15;52,65;53,25;52,60;53,15;32.547
2018-01-16;53,05;53,65;52,90;53,25;114.317
2018-01-17;53,10;53,55;53,00;53,10;62.783
2018-01-18;53,30;53,70;53,30;53,70;70.445
2018-01-19;53,65;54,55;53,65;54,55;75.516
2018-01-22;54,65;55,15;54,15;54,65;54.118
2018-01-23;54,60;55,10;54,25;54,85;47.620
2018-01-24;54,80;54,95;54,10;54,60;61.167
2018-01-25;54,25;54,60;54,15;54,55;51.720
2018-01-26;54,35;55,55;54,25;55,50;52.106
2018-01-29;55,40;55,40;54,60;54,80;53.314
2018-01-30;54,40;54,55;53,40;53,80;57.696
2018-01-31;53,60;54,10;53,60;53,80;77.400
2018-02-01;55,60;57,55;54,15;54,15;223.363
2018-02-02;54,05;54,10;52,55;52,55;63.956
2018-02-05;52,25;52,30;51,05;51,75;69.628
2018-02-06;50,25;51,90;49,30;51,55;114.995
2018-02-07;52,00;52,35;51,20;52,00;92.299
2018-02-08;51,80;51,80;50,20;50,40;59.678
2018-02-09;50,10;50,70;49,30;49,56;99.193
2018-02-12;50,60;50,90;49,88;50,30;57.590
2018-02-13;50,40;50,50;49,66;49,72;36.006
2018-02-14;49,90;50,70;49,24;50,55;87.258
2018-02-15;50,90;51,80;50,60;51,70;113.337
2018-02-16;51,90;52,70;51,75;52,50;100.245
2018-02-19;52,70;52,70;52,30;52,55;50.518
2018-02-20;52,35;53,35;52,05;53,20;77.612
2018-02-21;53,00;53,35;52,55;53,20;89.910
2018-02-22;52,80;53,35;52,75;53,25;62.921
2018-02-23;53,30;53,60;53,05;53,50;40.683
2018-02-26;53,70;53,75;53,30;53,30;29.157
2018-02-27;0,00;0,00;0,00;52,90;0
2018-02-28;52,60;52,95;52,50;52,70;43.882
2018-03-01;52,50;52,75;51,50;51,75;93.370
2018-03-02;50,85;51,55;50,40;51,00;145.960
2018-03-05;51,10;51,50;50,50;50,50;81.773
2018-03-06;50,75;51,55;50,75;51,15;86.822
2018-03-07;51,20;51,70;50,80;51,35;62.252
2018-03-08;51,65;52,45;51,60;51,65;76.155
2018-03-09;51,80;52,45;51,65;52,10;52.906
2018-03-12;52,25;52,45;51,75;51,85;45.468
2018-03-13;51,90;52,60;51,90;52,10;58.119
2018-03-14;52,20;52,20;51,25;51,45;56.576
2018-03-15;51,50;52,20;51,20;52,00;57.684
2018-03-16;0,00;0,00;0,00;51,50;0
2018-03-19;0,00;0,00;0,00;52,00;0
2018-03-20;0,00;0,00;0,00;51,65;0
2018-03-21;0,00;0,00;0,00;51,55;0
2018-03-22;0,00;0,00;0,00;50,50;0
2018-03-23;50,35;50,50;49,90;50,35;107.679
2018-03-26;50,75;50,75;49,28;49,54;88.663
2018-03-27;50,05;50,50;49,64;50,40;155.363
2018-03-28;50,15;50,30;49,44;50,00;81.992
2018-03-29;49,88;50,30;49,74;49,92;45.329
2018-04-03;49,72;50,10;49,38;49,58;69.467
2018-04-04;49,88;49,88;48,68;48,86;75.641
2018-04-05;49,72;49,72;49,30;49,46;85.917
2018-04-06;49,46;49,76;49,18;49,36;54.524
2018-04-09;49,26;49,78;49,22;49,46;64.374
2018-04-10;49,86;49,86;48,82;49,00;83.588
2018-04-11;49,00;49,64;48,78;48,82;78.499
2018-04-12;48,70;49,22;48,70;49,00;65.582
2018-04-13;49,18;49,64;49,08;49,50;107.702
2018-04-16;49,74;49,76;49,22;49,52;65.051
2018-04-17;49,50;50,10;49,50;49,92;68.443
2018-04-18;50,00;50,40;49,72;50,25;79.887
2018-04-19;50,50;50,75;50,05;50,45;69.532
2018-04-20;50,50;50,70;50,30;50,40;60.966
2018-04-23;50,25;50,70;50,15;50,65;34.650
2018-04-24;50,75;51,00;50,15;50,65;60.496
2018-04-25;50,70;50,70;50,10;50,55;85.117
2018-04-26;50,75;51,15;50,60;50,85;65.688
2018-04-27;50,80;51,50;50,50;51,00;60.693
2018-04-30;50,80;51,50;50,70;51,05;57.106
2018-05-02;50,95;51,45;50,80;51,30;59.844
2018-05-03;51,40;51,80;51,05;51,65;46.938
2018-05-04;51,90;51,95;51,45;51,65;46.194
2018-05-07;51,95;52,20;51,70;51,85;43.085
2018-05-08;51,85;52,20;51,30;51,50;62.149
2018-05-09;53,20;56,80;53,20;54,65;222.571
2018-05-10;54,55;54,85;53,65;53,75;105.799
2018-05-11;53,25;54,50;53,25;53,70;97.331
2018-05-14;53,95;54,25;53,75;54,10;78.286
2018-05-15;54,10;54,15;53,70;54,00;57.015
2018-05-16;54,20;54,65;54,00;54,25;79.240
2018-05-17;54,65;54,70;54,30;54,45;74.327
2018-05-18;54,70;54,70;54,05;54,20;68.898
2018-05-21;54,00;54,55;54,00;54,10;60.860
2018-05-22;54,10;54,50;54,10;54,45;98.598
2018-05-23;54,40;54,40;53,70;53,80;86.873
2018-05-24;53,70;54,25;53,50;53,65;41.358
2018-05-25;53,40;54,05;53,40;53,85;36.695
2018-05-28;54,00;54,15;53,50;53,50;35.455
2018-05-29;53,45;53,45;52,70;52,75;69.837
2018-05-30;0,00;53,55;0,00;53,25;71.775
2018-05-31;53,05;53,70;52,95;53,05;88.536
2018-06-01;53,45;54,00;53,30;53,95;71.169
2018-06-04;54,35;54,55;53,90;54,30;86.434
2018-06-05;54,40;54,90;54,30;54,30;72.322
2018-06-06;54,60;54,75;54,35;54,75;74.542
2018-06-07;54,55;55,30;54,55;54,85;52.698
2018-06-08;54,55;55,15;54,25;55,00;62.943
2018-06-11;55,30;56,10;55,10;55,80;66.679
2018-06-12;56,15;59,25;56,15;57,50;126.553
2018-06-13;57,15;58,20;57,05;57,20;80.839
2018-06-14;57,20;57,75;56,40;57,45;125.820
2018-06-15;57,30;57,65;56,95;57,00;79.724
2018-06-18;57,15;57,15;56,35;56,95;70.013
2018-06-19;56,55;56,70;56,00;56,00;72.863
2018-06-20;56,30;56,40;55,90;55,95;76.306
2018-06-21;56,35;57,55;56,15;56,45;109.554
2018-06-22;56,80;57,85;56,50;57,60;117.721
2018-06-25;57,15;57,65;56,60;56,80;45.798
2018-06-26;57,10;57,15;56,30;56,30;38.710
2018-06-27;56,30;57,65;55,95;57,20;57.061
2018-06-28;57,20;57,40;56,00;56,30;60.727
2018-06-29;56,60;57,75;56,60;57,50;51.750
2018-07-02;57,10;57,10;56,30;56,75;59.839
2018-07-03;57,20;57,80;56,90;57,55;48.410
2018-07-04;57,80;57,80;56,55;56,85;44.311
2018-07-05;56,75;57,45;56,75;57,20;43.257
2018-07-06;57,70;58,85;57,25;58,85;109.457
2018-07-09;59,35;59,85;58,95;59,75;58.269
2018-07-10;59,95;60,80;59,50;60,70;63.514
2018-07-11;60,40;61,85;60,40;61,55;108.343
2018-07-12;62,10;62,90;61,30;62,30;103.642
2018-07-13;62,35;63,60;62,25;63,00;107.275
2018-07-16;62,75;63,70;62,55;62,70;67.691
2018-07-17;62,75;62,85;62,25;62,40;77.633
2018-07-18;62,50;63,25;62,40;62,40;88.408
2018-07-19;62,40;62,70;61,80;62,00;81.910
2018-07-20;62,10;62,65;61,85;62,35;60.881
2018-07-23;62,75;62,75;61,35;61,85;44.914
2018-07-24;62,05;62,50;61,85;62,40;55.193
2018-07-25;62,40;62,60;62,10;62,50;64.877
2018-07-26;63,00;63,40;62,45;62,70;60.927
2018-07-27;62,50;62,90;62,45;62,75;38.342
2018-07-30;62,25;62,65;62,25;62,35;32.723
2018-07-31;62,25;62,45;62,00;62,15;44.184
2018-08-01;62,30;63,15;62,30;62,95;72.340
2018-08-02;62,45;63,00;62,40;62,95;44.359
2018-08-03;62,85;63,15;62,80;62,90;29.597
2018-08-06;63,05;63,75;62,70;62,95;56.260
2018-08-07;63,20;63,85;62,95;63,15;128.182
2018-08-08;63,25;63,50;62,95;63,25;43.816
2018-08-09;63,45;63,90;63,20;63,55;47.400
2018-08-10;63,30;63,30;62,30;62,65;41.509
2018-08-13;62,55;62,80;62,00;62,70;31.173
2018-08-14;62,60;62,85;62,35;62,50;39.145
2018-08-15;62,45;62,70;61,55;61,80;34.974
2018-08-16;62,25;62,30;61,55;61,85;41.482
2018-08-17;63,00;65,80;62,40;64,35;187.065
2018-08-20;65,10;65,95;65,10;65,35;88.818
2018-08-21;65,45;65,80;64,90;64,90;53.135
2018-08-22;65,00;65,25;64,00;64,35;69.862
2018-08-23;64,50;64,60;64,05;64,10;37.800
2018-08-24;64,30;64,45;63,35;63,35;48.927
2018-08-27;64,00;64,05;63,55;63,95;27.883
2018-08-28;64,30;64,50;63,60;63,60;41.831
2018-08-29;65,25;65,30;63,80;64,90;38.731
2018-08-30;65,30;66,40;64,45;66,20;118.722
2018-08-31;66,45;66,45;64,40;64,40;102.851
2018-09-03;64,95;67,45;64,95;66,65;70.412
2018-09-04;66,90;67,95;66,00;66,15;108.624
2018-09-05;66,25;66,80;64,95;64,95;542.445
2018-09-06;65,30;65,30;64,40;64,45;56.825
2018-09-07;64,45;64,60;63,70;64,20;107.367
2018-09-10;64,50;64,75;64,10;64,75;46.122
2018-09-11;65,00;66,00;64,55;65,95;101.962
2018-09-12;65,95;66,95;65,95;66,15;92.772
2018-09-13;66,55;66,55;65,95;66,00;36.411
2018-09-14;65,65;66,85;65,50;66,60;74.307
2018-09-17;66,40;66,70;66,20;66,20;43.239
2018-09-18;66,00;66,30;65,85;66,00;76.940
2018-09-19;66,40;66,40;65,90;66,05;70.460
2018-09-20;66,20;66,55;65,85;66,20;78.275
2018-09-21;66,60;66,80;66,10;66,20;115.557
2018-09-24;65,80;66,45;65,50;65,65;46.524
2018-09-25;65,95;66,70;65,55;66,65;111.153
2018-09-26;66,85;67,80;66,35;66,95;73.275
2018-09-27;67,10;67,25;66,50;67,05;51.035
2018-09-28;67,00;67,15;66,45;67,05;96.238
2018-10-01;67,35;68,40;67,35;67,95;71.640
2018-10-02;67,95;68,00;66,65;66,75;66.206
2018-10-03;67,05;67,20;66,55;66,70;53.089
2018-10-04;66,80;66,80;64,95;65,10;59.569
2018-10-05;65,00;65,65;64,80;65,00;52.796
2018-10-08;64,55;65,20;64,35;64,50;67.271
2018-10-09;64,25;64,65;62,50;62,75;124.978
2018-10-10;62,75;62,75;60,05;60,15;370.333
2018-10-11;58,00;60,00;57,40;59,30;217.068
2018-10-12;60,00;60,35;58,95;59,85;145.376
2018-10-15;60,35;60,35;58,95;60,10;98.473
2018-10-16;60,10;61,65;59,85;61,65;64.858
2018-10-17;62,00;62,60;60,85;60,85;91.322
2018-10-18;60,25;61,90;60,25;61,10;53.628
2018-10-19;61,60;61,60;60,10;60,45;47.765
2018-10-22;60,90;61,10;59,55;59,70;82.434
2018-10-23;58,80;59,05;57,40;57,55;117.666
2018-10-24;58,00;59,15;57,50;58,15;106.902
2018-10-25;57,95;58,35;57,25;58,10;96.053
2018-10-26;57,90;58,15;56,70;58,10;82.796
2018-10-29;55,20;58,95;55,20;58,60;46.696
2018-10-30;58,80;58,90;57,70;58,65;39.754
2018-10-31;58,95;60,40;58,85;59,95;127.517
2018-11-01;60,00;60,65;59,75;60,55;71.842
2018-11-02;61,15;61,85;60,65;61,00;52.487
2018-11-05;61,00;61,65;60,35;60,55;77.807
2018-11-06;60,55;60,65;60,00;60,10;81.686
2018-11-07;62,50;63,00;60,35;62,00;147.019
2018-11-08;61,35;62,45;60,85;61,05;79.196
2018-11-09;61,20;61,85;60,30;61,25;83.086
2018-11-12;61,40;61,70;60,10;60,30;53.046
2018-11-13;60,20;61,50;60,20;61,30;61.217
2018-11-14;60,70;61,60;59,80;60,90;73.190
2018-11-15;61,35;61,50;59,95;60,40;44.391
2018-11-16;60,85;61,15;59,65;60,00;45.746
2018-11-19;60,20;61,00;59,35;59,45;70.681
2018-11-20;58,90;59,15;57,40;58,20;82.778
2018-11-21;58,55;58,75;57,75;58,50;73.060
2018-11-22;59,20;59,20;57,80;57,95;54.663
2018-11-23;58,15;58,85;57,35;58,65;75.126
2018-11-26;59,10;59,25;58,40;58,80;46.634
2018-11-27;58,70;59,00;58,15;58,45;50.653
2018-11-28;58,10;58,70;57,75;57,95;32.199
2018-11-29;58,30;59,45;58,30;58,65;45.000
2018-11-30;59,20;59,20;58,40;58,40;82.350
2018-12-03;59,40;59,95;59,20;59,20;69.372
2018-12-04;58,90;59,70;58,15;59,35;97.120
2018-12-05;58,75;58,75;57,80;57,80;69.770
2018-12-06;57,25;57,25;55,85;56,50;114.705
2018-12-07;57,85;58,15;57,30;57,35;75.490
2018-12-10;57,00;57,20;55,95;56,00;63.731
2018-12-11;57,00;57,00;55,95;56,25;75.036
2018-12-12;55,95;57,75;55,95;57,65;77.209
2018-12-13;57,35;58,65;57,05;58,65;70.476
2018-12-14;58,00;58,00;57,20;58,00;64.469
2018-12-17;58,05;58,05;56,90;57,15;53.932
2018-12-18;56,50;57,60;56,45;57,40;106.198
2018-12-19;57,00;57,35;56,80;57,20;104.378
2018-12-20;56,50;56,55;55,40;55,80;79.699
2018-12-21;55,30;55,70;54,65;55,15;111.938
2018-12-24;54,60;55,40;54,60;54,90;12.502
2018-12-27;54,85;55,55;53,95;54,50;56.989
2018-12-28;55,00;56,10;55,00;55,70;60.747
2018-12-31;56,10;56,40;55,85;56,00;13.399
2019-01-02;55,50;56,70;55,10;56,70;78.348
2019-01-03;56,10;56,10;54,55;54,60;86.944
2019-01-04;55,15;57,20;54,85;57,20;88.480
2019-01-07;57,75;58,45;57,45;58,25;58.783
2019-01-08;58,00;59,50;58,00;59,30;60.236
2019-01-09;59,30;60,75;59,30;60,50;73.614
2019-01-10;60,55;60,55;59,45;60,35;56.822
2019-01-11;60,50;60,65;59,65;59,75;54.599
2019-01-14;59,40;59,65;58,30;58,45;62.958
2019-01-15;59,05;59,50;58,60;59,10;113.703
2019-01-16;58,85;59,15;58,40;58,75;41.606
2019-01-17;58,35;59,65;58,30;59,65;49.500
2019-01-18;59,60;60,90;59,60;60,45;55.704
2019-01-21;60,55;61,40;60,35;61,20;31.583
2019-01-22;61,05;61,55;60,65;60,95;29.951
2019-01-23;61,25;61,25;60,25;61,05;49.350
2019-01-24;60,45;61,60;60,45;61,55;74.862
2019-01-25;62,00;63,00;61,80;63,00;76.218
2019-01-28;62,90;63,05;62,25;62,80;61.225
2019-01-29;63,05;63,30;62,40;63,00;53.270
2019-01-30;62,75;64,30;62,75;64,25;64.562
2019-01-31;64,25;64,55;63,55;63,90;112.070
2019-02-01;64,35;64,55;63,60;63,80;64.610
2019-02-04;64,20;64,35;63,75;64,25;51.114
2019-02-05;64,85;65,60;64,20;65,40;59.319
2019-02-06;65,30;65,80;65,15;65,75;64.674
2019-02-07;65,90;66,20;65,60;65,70;96.814
2019-02-08;65,70;66,00;64,55;65,70;73.560
2019-02-11;66,10;66,75;65,75;65,75;55.960
2019-02-12;66,25;66,70;65,90;66,20;56.555
2019-02-13;66,35;67,35;66,20;66,25;77.183
2019-02-14;66,20;67,70;65,80;67,45;53.623
2019-02-15;67,45;68,60;67,20;68,00;76.179
2019-02-18;68,15;68,60;68,00;68,30;55.360
2019-02-19;68,75;68,75;67,70;68,05;37.763
2019-02-20;67,95;68,30;67,70;68,05;49.540
2019-02-21;67,75;68,45;67,70;68,10;71.812
2019-02-22;67,90;68,85;67,90;68,85;58.005
2019-02-25;68,95;69,60;68,85;69,20;85.324
2019-02-26;69,30;69,65;68,80;69,30;99.497
2019-02-27;69,00;69,80;68,40;69,00;101.974
2019-02-28;68,65;69,05;68,10;69,00;143.081
2019-03-01;69,00;70,90;66,35;69,00;254.974
2019-03-04;69,50;70,30;69,20;69,40;100.576
2019-03-05;69,30;70,05;68,90;69,50;147.522
2019-03-06;69,40;70,10;69,30;69,80;121.165
2019-03-07;69,50;69,90;69,15;69,30;63.236
2019-03-08;69,20;69,25;67,30;67,55;79.139
2019-03-11;68,00;68,50;67,70;68,45;73.625
2019-03-12;68,65;69,70;68,65;69,55;84.938
2019-03-13;69,05;70,20;69,05;70,00;81.503
2019-03-14;69,90;70,35;69,15;69,15;74.032
2019-03-15;69,50;70,30;68,75;69,60;850.316
2019-03-18;68,95;69,70;67,90;69,25;169.523
2019-03-19;69,60;69,80;69,35;69,55;88.909
2019-03-20;69,15;69,75;68,45;68,45;84.656
2019-03-21;68,45;68,65;67,35;67,90;116.322
2019-03-22;67,70;68,65;67,15;67,30;138.758
2019-03-25;67,00;67,45;66,65;67,05;102.848
2019-03-26;67,45;68,15;67,20;67,70;73.372
2019-03-27;67,70;68,15;67,20;67,40;120.709
2019-03-28;67,30;68,35;67,25;67,85;95.180
2019-03-29;68,00;68,55;67,60;67,85;140.212
2019-04-01;68,70;69,20;68,20;69,00;105.778
2019-04-02;69,40;69,80;68,75;69,80;117.901
2019-04-03;70,00;70,70;69,95;70,55;112.584
2019-04-04;70,50;70,65;69,90;70,10;68.504
2019-04-05;69,85;70,90;69,85;70,90;93.373
2019-04-08;70,50;71,25;70,50;71,20;78.289
2019-04-09;71,20;71,80;70,55;70,55;148.468
2019-04-10;70,90;71,05;70,45;70,85;132.504
2019-04-11;70,75;71,80;70,45;71,80;134.059
2019-04-12;71,95;72,70;71,65;72,15;113.559
2019-04-15;72,10;73,00;72,00;72,95;100.208
2019-04-16;73,25;73,25;72,45;73,15;69.403
2019-04-17;70,70;72,30;70,00;71,70;163.007
2019-04-18;71,25;72,20;71,25;71,70;80.424
2019-04-23;71,80;71,95;71,05;71,60;134.830
2019-04-24;71,75;72,10;71,25;71,40;112.864
2019-04-25;71,70;71,70;71,20;71,35;83.049
2019-04-26;70,95;71,55;70,60;71,00;94.526
2019-04-29;71,25;71,70;70,70;71,35;54.624
2019-04-30;70,95;72,00;70,95;72,00;101.315
2019-05-02;71,95;71,95;70,65;71,10;96.747
2019-05-03;70,85;71,85;70,85;71,85;93.927
2019-05-06;71,00;71,00;69,95;70,70;55.071
2019-05-07;70,85;71,10;69,35;69,65;102.357
2019-05-08;71,20;72,00;70,45;71,70;228.247
2019-05-09;71,85;72,75;70,70;71,25;210.269
2019-05-10;71,65;73,95;71,60;73,20;184.076
2019-05-13;73,80;74,20;72,90;72,95;147.378
2019-05-14;73,65;74,55;73,10;74,30;138.831
2019-05-15;74,20;75,15;73,90;75,10;113.460
2019-05-16;75,00;76,55;74,55;76,20;118.023
2019-05-17;76,20;76,20;75,35;75,35;85.594
2019-05-20;75,60;75,75;74,65;74,85;89.327
2019-05-21;75,00;76,40;75,00;76,00;113.251
2019-05-22;75,70;76,65;75,35;75,85;90.780
2019-05-23;75,90;75,90;73,95;73,95;105.250
2019-05-24;74,75;74,95;74,35;74,70;133.348
2019-05-27;74,70;75,55;74,70;75,35;56.612
2019-05-28;74,90;75,65;74,65;74,95;91.193
2019-05-29;74,75;75,05;73,70;73,70;122.182
2019-05-30;73,80;74,20;73,45;73,95;84.182
2019-05-31;73,40;73,40;72,55;73,05;88.154
2019-06-03;72,55;73,20;72,20;73,20;126.106
2019-06-04;73,00;73,45;72,50;73,10;104.717
2019-06-05;73,50;74,15;72,90;73,60;141.569
2019-06-06;73,85;74,75;73,45;73,95;131.799
2019-06-07;73,70;75,35;73,70;75,05;84.179
2019-06-10;75,45;75,45;73,15;74,25;108.569
2019-06-11;74,05;75,85;74,05;75,65;102.002
2019-06-12;75,40;76,20;75,05;76,05;95.481
2019-06-13;76,20;76,45;75,85;76,35;106.198
2019-06-14;76,50;76,95;76,25;76,85;117.867
2019-06-17;77,35;78,25;76,95;77,75;146.273
2019-06-18;77,85;79,55;76,90;79,45;198.697
2019-06-19;79,45;80,50;79,15;79,65;233.549
2019-06-20;79,90;80,85;79,90;80,25;106.839
2019-06-21;80,40;81,30;80,30;80,40;167.009
2019-06-24;80,30;81,20;80,30;80,95;145.113
2019-06-25;80,55;80,95;80,30;80,60;143.404
2019-06-26;80,40;80,60;79,60;80,10;117.167
2019-06-27;80,50;80,50;78,95;79,30;133.636
2019-06-28;79,15;80,60;79,15;80,60;136.878
2019-07-01;80,90;81,35;80,70;81,30;160.588
2019-07-02;81,35;81,90;80,85;81,35;106.709
2019-07-03;81,70;82,75;81,55;81,90;135.216
2019-07-04;82,40;82,40;81,05;81,40;95.347
2019-07-05;81,35;81,50;79,20;79,50;192.870
2019-07-08;79,20;79,90;79,20;79,30;106.152
2019-07-09;78,80;79,55;78,50;79,40;113.686
2019-07-10;79,35;79,35;78,65;78,65;103.566
2019-07-11;79,10;79,10;78,30;78,55;93.133
2019-07-12;78,05;79,45;78,05;79,45;89.432
2019-07-15;79,60;80,50;79,35;79,55;141.598
2019-07-16;79,80;80,70;79,55;80,55;92.207
2019-07-17;79,90;80,25;77,80;77,90;152.737
2019-07-18;77,45;77,45;74,95;75,40;322.198
2019-07-19;76,15;78,85;76,15;77,60;384.249
2019-07-22;77,70;78,30;76,25;78,10;187.245
2019-07-23;78,80;78,80;77,55;78,50;151.097
2019-07-24;78,90;80,40;78,80;79,75;171.414
2019-07-25;80,35;80,90;79,50;79,80;112.369
2019-07-26;79,90;81,10;79,90;80,60;103.132
2019-07-29;80,80;81,20;80,15;80,35;70.788
2019-07-30;80,85;80,85;79,20;79,60;105.093
2019-07-31;79,50;80,10;79,25;79,90;119.301
2019-08-01;79,45;81,15;79,45;81,00;103.270
2019-08-02;80,00;80,00;76,95;77,45;221.371
2019-08-05;77,50;77,50;75,40;75,75;118.553
2019-08-06;75,50;76,85;75,50;76,25;119.830
2019-08-07;76,90;77,70;76,05;77,25;164.085
2019-08-08;77,80;78,55;77,70;78,50;123.811
2019-08-09;78,15;78,65;76,90;76,90;141.418
2019-08-12;77,50;78,45;76,35;76,60;124.002
2019-08-13;76,15;76,50;73,25;75,00;248.365
2019-08-14;75,00;75,40;73,70;74,05;159.770
2019-08-15;73,80;74,45;72,85;73,05;128.400
2019-08-16;65,00;65,70;59,80;62,00;1.083.833
2019-08-19;61,70;62,10;58,95;60,75;765.840
2019-08-20;60,80;63,35;60,25;62,10;514.496
2019-08-21;62,00;63,45;61,90;63,10;403.013
2019-08-22;63,15;63,15;61,10;61,50;365.721
2019-08-23;61,55;63,15;61,55;61,75;281.250
2019-08-26;61,40;61,65;59,80;60,40;281.579
2019-08-27;60,05;61,80;59,85;61,75;258.268
2019-08-28;61,50;61,50;59,80;61,25;284.395
2019-08-29;60,65;62,20;60,00;62,20;206.726
2019-08-30;62,65;64,10;62,45;63,80;313.367
2019-09-02;64,10;65,10;63,90;64,00;256.103
2019-09-03;63,55;64,05;63,15;63,40;181.956
2019-09-04;64,05;65,15;63,95;64,15;187.537
2019-09-05;64,95;65,70;64,50;65,40;227.398
2019-09-06;65,40;66,05;65,10;65,70;166.450
2019-09-09;65,95;66,65;65,45;66,30;201.505
2019-09-10;66,20;67,80;66,00;67,60;204.519
2019-09-11;68,20;69,90;68,10;69,50;365.458
2019-09-12;70,30;70,50;69,65;70,15;307.215
2019-09-13;70,00;71,55;69,60;70,95;236.522
2019-09-16;70,20;70,20;69,05;69,15;171.746
2019-09-17;69,25;69,60;68,00;68,50;161.283
2019-09-18;68,35;69,35;67,90;68,90;132.151
2019-09-19;69,00;69,95;68,45;69,05;225.041
2019-09-20;69,20;69,20;67,50;67,50;282.127
2019-09-23;67,15;67,55;66,35;67,15;173.924
2019-09-24;67,00;68,05;66,65;66,65;166.791
2019-09-25;66,00;66,25;64,65;65,85;221.565
2019-09-26;65,90;67,45;65,40;65,95;140.197
2019-09-27;66,75;68,20;66,10;67,30;174.210
2019-09-30;67,05;68,10;66,65;67,85;187.473
2019-10-01;68,15;68,60;66,80;66,80;182.088
2019-10-02;66,50;66,85;65,45;65,50;218.030
2019-10-03;65,10;66,80;64,85;66,45;186.812
2019-10-04;66,10;67,80;66,10;67,80;206.305
2019-10-07;67,70;68,25;67,25;68,10;199.989
2019-10-08;68,15;68,60;67,50;68,50;270.137
2019-10-09;68,65;69,15;68,10;68,80;278.796
2019-10-10;69,05;70,05;68,50;69,90;322.653
2019-10-11;69,50;70,75;69,30;70,75;243.960
2019-10-14;70,40;70,65;69,95;70,30;152.156
2019-10-15;71,00;71,60;70,50;70,95;204.673
2019-10-16;69,90;70,10;66,65;67,25;581.668
2019-10-17;66,75;69,60;66,00;69,30;245.192
2019-10-18;69,35;70,20;69,05;69,05;152.178
2019-10-21;69,05;69,75;68,80;69,00;152.038
2019-10-22;69,50;69,50;68,50;68,50;102.453
2019-10-23;68,75;69,95;68,00;69,85;151.104
2019-10-24;69,75;70,85;69,55;70,50;137.172
2019-10-25;70,15;71,20;69,25;70,00;199.432
2019-10-28;69,85;72,55;68,90;71,75;298.475
2019-10-29;72,00;72,00;70,05;70,10;147.283
2019-10-30;70,35;70,35;68,90;69,25;150.174
2019-10-31;69,65;70,50;69,00;69,90;271.320
2019-11-01;70,65;70,85;70,25;70,45;151.877
2019-11-04;70,75;71,85;70,65;70,90;191.054
2019-11-05;70,60;71,00;69,40;70,40;181.448
2019-11-06;70,70;72,00;70,45;71,90;172.375
2019-11-07;71,80;73,30;71,80;73,30;179.042
2019-11-08;73,50;73,55;71,70;72,35;259.624
2019-11-11;71,95;72,90;71,70;71,95;207.246
2019-11-12;69,20;74,25;66,60;72,90;596.904
2019-11-13;72,00;73,10;70,85;73,10;336.778
2019-11-14;73,30;74,10;72,65;73,40;187.406
2019-11-15;74,00;75,15;73,40;74,90;191.843
2019-11-18;75,20;75,35;74,05;74,20;122.654
2019-11-19;74,70;76,15;74,50;74,70;195.633
2019-11-20;74,80;74,95;72,70;72,70;214.967
2019-11-21;72,15;72,35;70,80;71,70;233.217
2019-11-22;72,00;73,35;71,70;73,15;241.788
2019-11-25;73,50;76,10;73,20;75,75;186.269
2019-11-26;75,75;77,00;75,55;76,55;214.561
2019-11-27;76,95;76,95;75,20;75,35;110.940
2019-11-28;74,80;75,65;74,10;75,45;87.016
2019-11-29;74,70;76,30;74,70;75,50;97.710
2019-12-02;75,50;76,05;73,45;73,85;173.869
2019-12-03;71,40;74,80;70,30;73,40;173.237
2019-12-04;74,05;75,80;73,85;75,80;153.784
2019-12-05;75,65;76,95;75,50;76,45;196.529
2019-12-06;77,20;78,55;76,65;78,25;182.277
2019-12-09;78,00;78,85;77,45;78,50;232.338
2019-12-10;77,70;79,60;77,70;79,35;229.155
2019-12-11;79,75;79,85;78,55;78,95;108.387
2019-12-12;79,45;79,55;77,95;79,10;158.041
2019-12-13;80,00;80,45;78,95;78,95;138.326
2019-12-16;79,90;79,95;78,90;79,35;122.166
2019-12-17;79,80;79,85;79,00;79,30;129.045
2019-12-18;79,30;79,60;79,05;79,25;119.097
2019-12-19;79,55;79,60;78,65;78,80;134.311
2019-12-20;79,40;79,75;78,50;78,65;244.810
2019-12-23;78,65;79,30;78,30;78,60;121.061
2019-12-24;79,05;79,05;78,10;79,00;51.212
2019-12-27;78,80;79,65;78,40;79,00;120.945
2019-12-30;79,00;79,35;78,20;78,25;123.770
2019-12-31;78,45;78,45;77,70;77,80;24.527
2020-01-02;77,95;79,45;77,90;78,75;304.211
2020-01-03;78,40;78,60;77,50;78,20;130.070
2020-01-06;77,40;78,35;76,85;78,25;100.046
2020-01-07;77,95;79,05;77,80;78,30;97.978
2020-01-08;77,70;78,25;77,70;78,00;139.134
2020-01-09;78,75;79,15;78,15;78,70;190.881
2020-01-10;78,40;78,85;77,85;77,95;76.888
2020-01-13;77,85;77,95;76,80;77,15;100.677
2020-01-14;77,55;77,90;76,40;77,50;126.961
2020-01-15;77,25;78,75;77,25;78,40;139.579
2020-01-16;78,10;79,20;77,95;79,20;97.355
2020-01-17;79,10;80,35;79,05;79,75;106.107
2020-01-20;79,55;80,30;79,25;79,40;50.247
2020-01-21;78,80;79,60;78,40;78,80;51.147
2020-01-22;80,00;80,60;79,00;80,45;138.475
2020-01-23;79,95;80,15;77,60;77,60;105.839
2020-01-24;77,40;79,20;77,40;78,90;80.244
2020-01-27;79,40;79,60;78,15;78,50;186.760
2020-01-28;79,60;79,75;78,35;79,30;129.259
2020-01-29;79,65;80,15;79,05;79,80;105.331
2020-01-30;79,00;79,85;77,80;78,20;84.847
2020-01-31;78,15;79,10;77,90;78,05;126.673
2020-02-03;78,10;79,40;77,75;79,20;79.384
2020-02-04;80,25;81,65;79,80;81,65;110.579
2020-02-05;81,05;82,80;81,05;82,55;119.225
2020-02-06;83,20;83,60;82,50;83,45;91.746
2020-02-07;83,45;83,45;80,90;81,05;125.964
2020-02-10;81,35;82,35;80,80;81,80;82.153
2020-02-11;82,10;82,90;81,90;82,40;71.975
2020-02-12;81,95;83,45;81,95;82,95;93.264
2020-02-13;82,30;82,80;81,65;82,30;131.422
2020-02-14;82,00;82,85;81,90;82,65;87.637
2020-02-17;82,65;83,15;81,95;83,15;84.187
2020-02-18;82,50;83,05;82,25;83,05;50.352
2020-02-19;83,80;85,05;83,40;84,30;155.412
2020-02-20;84,20;84,70;82,20;82,20;132.768
2020-02-21;82,00;82,15;80,95;81,25;145.111
2020-02-24;79,00;79,05;75,95;78,25;310.351
2020-02-25;78,25;78,85;75,85;76,00;224.785
2020-02-26;75,10;76,40;72,85;75,65;227.919
2020-02-27;78,00;79,85;74,80;76,60;356.608
2020-02-28;73,00;74,40;71,60;73,95;437.816
2020-03-02;75,15;76,15;71,65;73,45;351.994
2020-03-03;74,50;76,55;73,95;75,85;297.026
2020-03-04;76,10;77,75;75,35;76,50;229.712
2020-03-05;76,95;77,25;74,25;74,85;218.313
2020-03-06;73,30;73,55;70,85;71,80;231.300
2020-03-09;67,55;69,55;65,25;65,35;555.555
2020-03-10;66,25;68,35;64,10;64,15;531.280
2020-03-11;64,80;65,45;61,75;62,35;452.882
2020-03-12;58,30;61,15;56,90;58,10;650.279
2020-03-13;59,30;65,35;57,65;60,95;618.306
2020-03-16;57,40;58,15;52,85;57,45;471.323
2020-03-17;60,25;60,45;55,30;58,65;450.498
2020-03-18;56,80;60,45;55,10;56,25;370.393
2020-03-19;56,20;57,95;51,65;57,00;397.006
2020-03-20;59,00;61,60;57,85;58,60;241.230
2020-03-23;55,70;59,15;55,05;57,00;153.727
2020-03-24;58,90;60,45;58,35;60,30;210.437
2020-03-25;61,30;64,25;59,20;62,00;157.700
2020-03-26;61,00;65,50;60,50;63,40;249.904
2020-03-27;62,10;63,30;61,15;62,45;146.392
2020-03-30;63,40;63,75;61,20;62,70;174.642
2020-03-31;63,40;65,55;63,40;64,75;185.871
2020-04-01;63,30;63,78;61,54;62,48;151.630
2020-04-02;62,54;62,90;60,58;62,22;153.180
2020-04-03;61,28;62,92;60,96;62,50;139.985
2020-04-06;64,60;65,32;63,42;64,70;179.309
2020-04-07;66,40;70,42;66,00;66,86;359.235
2020-04-08;66,00;69,72;65,80;69,62;219.751
2020-04-09;71,44;72,44;69,82;70,00;224.785
2020-04-14;70,00;72,52;69,94;72,48;230.612
2020-04-15;71,74;72,68;71,50;71,78;342.689
2020-04-16;72,62;73,16;71,40;72,02;214.750
2020-04-17;73,84;74,66;73,04;73,24;324.848
2020-04-20;75,02;77,34;73,32;76,76;321.776
2020-04-21;76,58;78,00;75,56;76,06;198.956
2020-04-22;76,26;78,26;75,26;77,28;184.635
2020-04-23;77,80;78,28;76,08;77,12;192.856
2020-04-24;75,50;78,82;75,50;77,28;121.781
2020-04-27;78,62;79,34;78,00;78,72;89.431
2020-04-28;79,48;80,34;78,50;80,16;147.044
2020-04-29;80,38;82,26;79,76;81,46;191.246
2020-04-30;82,28;82,84;80,72;80,72;179.542
2020-05-04;77,96;78,68;76,88;77,52;188.454
2020-05-05;78,80;79,10;77,60;78,94;159.732
2020-05-06;78,50;79,74;78,04;79,30;201.929
2020-05-07;78,50;80,88;78,50;80,48;89.985
2020-05-08;81,00;83,06;80,88;83,06;99.798
2020-05-11;83,10;83,10;81,32;81,48;141.289
2020-05-12;82,40;82,94;80,46;80,76;147.617
2020-05-13;79,96;81,26;79,20;80,00;157.089
2020-05-14;78,56;81,20;77,54;78,86;208.512
2020-05-15;79,00;80,28;78,64;78,98;157.417
2020-05-18;81,00;81,82;79,88;81,24;140.371
2020-05-19;82,00;82,20;80,50;81,16;160.286
2020-05-20;80,44;82,58;80,44;82,58;179.502
2020-05-21;82,88;82,96;81,78;82,18;73.983
2020-05-22;80,70;83,30;80,00;83,06;80.388
2020-05-25;83,78;85,40;83,00;84,96;89.138
2020-05-26;85,90;86,02;84,36;84,88;143.158
2020-05-27;86,38;86,38;83,42;84,44;168.364
2020-05-28;86,00;86,60;84,62;86,02;230.211
2020-05-29;85,08;86,22;84,72;84,82;238.215
2020-06-01;85,20;85,90;84,24;85,02;147.023
2020-06-02;84,96;85,84;84,26;84,72;199.581
2020-06-03;85,96;85,96;83,74;85,48;181.874
2020-06-04;84,00;86,96;84,00;85,72;173.691
2020-06-05;86,26;86,26;84,22;84,40;244.667
2020-06-08;83,20;83,52;81,96;82,42;234.550
2020-06-09;81,82;82,34;80,38;81,18;248.762
2020-06-10;81,16;81,94;80,32;81,64;208.703
2020-06-11;80,48;80,82;77,44;77,44;176.727
2020-06-12;76,34;79,72;76,10;78,76;203.180
2020-06-15;77,20;79,70;77,00;79,44;178.342
2020-06-16;81,02;83,76;80,54;83,76;250.424
2020-06-17;84,08;84,12;82,86;83,48;160.305
2020-06-18;82,96;84,20;82,38;83,26;111.714
2020-06-19;83,98;84,20;82,98;83,72;272.598
2020-06-22;82,04;84,20;81,36;83,80;112.980
2020-06-23;83,48;85,36;83,48;85,02;121.900
2020-06-24;84,02;84,84;82,56;82,56;112.500
2020-06-25;81,20;84,08;81,18;84,08;140.134
2020-06-26;85,08;85,12;83,16;83,16;132.414
2020-06-29;82,36;84,22;82,36;84,22;93.524
2020-06-30;84,70;84,82;83,12;83,68;130.624
2020-07-01;84,50;84,50;82,40;83,68;180.111
2020-07-02;83,00;84,48;82,82;84,48;124.326
2020-07-03;84,60;85,52;83,52;83,72;66.328
2020-07-06;83,72;84,76;83,50;84,54;79.215
2020-07-07;84,96;84,96;83,76;84,50;78.169
2020-07-08;83,30;85,14;83,28;83,66;93.691
2020-07-09;84,06;85,30;84,04;84,32;112.326
2020-07-10;83,44;84,94;83,44;84,22;138.162
2020-07-13;84,80;85,76;84,12;85,76;135.042
2020-07-14;85,70;85,70;83,22;84,66;151.861
2020-07-15;85,50;88,36;85,34;88,36;166.906
2020-07-16;87,50;88,44;87,02;87,70;112.849
2020-07-17;87,70;88,46;87,28;88,22;96.724
2020-07-20;88,20;90,64;87,92;90,00;164.003
2020-07-21;90,56;90,96;89,04;89,30;131.811
2020-07-22;89,82;89,96;88,84;89,24;77.503
2020-07-23;89,04;89,88;88,80;89,42;77.725
2020-07-24;88,70;90,18;87,28;88,32;121.158
2020-07-27;89,86;89,86;88,26;89,10;83.684
2020-07-28;90,14;90,48;88,22;88,72;110.342
2020-07-29;88,90;89,78;88,64;88,90;89.717
2020-07-30;89,22;89,44;86,92;87,50;97.359
2020-07-31;87,96;89,26;87,56;87,56;144.841
2020-08-03;88,12;89,80;87,58;89,52;126.386
2020-08-04;89,04;89,98;87,40;87,98;86.602
2020-08-05;86,68;89,68;86,62;89,62;106.846
2020-08-06;88,36;90,54;88,36;88,92;100.225
2020-08-07;88,90;90,20;88,56;90,04;59.207
2020-08-10;90,52;90,82;89,26;89,26;70.813
2020-08-11;91,74;91,74;89,56;90,62;100.079
2020-08-12;90,28;91,76;90,14;91,66;83.716
2020-08-13;91,36;92,10;90,76;91,48;83.406
2020-08-14;91,14;91,32;89,14;89,50;65.610
2020-08-17;89,52;90,96;89,24;90,96;82.523
2020-08-18;93,00;93,10;89,00;90,68;152.318
2020-08-19;89,42;92,56;89,42;92,28;110.301
2020-08-20;90,56;91,34;89,08;89,30;121.451
2020-08-21;89,02;89,74;87,06;89,08;81.818
2020-08-24;90,72;92,30;89,80;91,26;145.945
2020-08-25;91,96;92,06;89,76;89,80;119.247
