2014-01-02;2,35;2,39;2,34;2,37;13.217.602
2014-01-03;2,36;2,44;2,36;2,42;16.046.633
2014-01-06;2,41;2,47;2,41;2,47;15.558.520
2014-01-07;2,47;2,48;2,46;2,48;15.950.944
2014-01-08;2,50;2,56;2,49;2,55;24.115.917
2014-01-09;2,55;2,58;2,52;2,55;23.341.825
2014-01-10;2,58;2,61;2,55;2,59;25.857.205
2014-01-13;2,59;2,66;2,59;2,64;21.650.889
2014-01-14;2,62;2,72;2,60;2,72;25.782.590
2014-01-15;2,73;2,74;2,69;2,71;21.012.059
2014-01-16;2,75;2,78;2,68;2,73;35.560.161
2014-01-17;2,72;2,73;2,68;2,70;19.921.239
2014-01-20;2,70;2,71;2,68;2,71;10.046.402
2014-01-21;2,71;2,72;2,68;2,68;9.978.122
2014-01-22;2,68;2,72;2,68;2,72;16.896.371
2014-01-23;2,72;2,76;2,72;2,74;15.313.565
2014-01-24;2,73;2,74;2,68;2,70;23.678.947
2014-01-27;2,68;2,71;2,67;2,69;17.520.538
2014-01-28;2,70;2,71;2,68;2,70;10.344.022
2014-01-29;2,71;2,73;2,66;2,73;18.914.378
2014-01-30;2,73;2,81;2,72;2,81;30.021.081
2014-01-31;2,79;2,79;2,73;2,77;17.237.738
2014-02-03;2,76;2,78;2,68;2,69;21.724.387
2014-02-04;2,58;2,67;2,52;2,57;67.443.132
2014-02-05;2,58;2,64;2,54;2,63;22.368.951
2014-02-06;2,64;2,74;2,64;2,72;19.410.001
2014-02-07;2,74;2,74;2,71;2,72;14.468.636
2014-02-10;2,73;2,74;2,69;2,69;13.512.027
2014-02-11;2,71;2,71;2,65;2,67;13.373.823
2014-02-12;2,65;2,65;2,55;2,61;56.514.422
2014-02-13;2,61;2,65;2,60;2,63;19.695.054
2014-02-14;2,62;2,64;2,59;2,59;13.252.721
2014-02-17;2,60;2,64;2,60;2,62;11.537.088
2014-02-18;2,62;2,71;2,62;2,71;14.077.345
2014-02-19;2,68;2,70;2,64;2,67;16.940.832
2014-02-20;2,65;2,70;2,65;2,70;13.664.940
2014-02-21;2,71;2,72;2,69;2,71;12.220.025
2014-02-24;2,68;2,74;2,67;2,71;16.831.939
2014-02-25;2,70;2,70;2,64;2,66;10.269.929
2014-02-26;2,65;2,66;2,60;2,61;13.650.653
2014-02-27;2,62;2,62;2,54;2,59;16.346.579
2014-02-28;2,61;2,61;2,58;2,59;10.679.011
2014-03-03;2,56;2,57;2,52;2,53;17.065.166
2014-03-04;2,54;2,59;2,54;2,58;16.632.655
2014-03-05;2,58;2,61;2,56;2,59;12.543.955
2014-03-06;2,60;2,65;2,59;2,64;17.965.219
2014-03-07;2,64;2,67;2,59;2,62;13.954.540
2014-03-10;2,61;2,63;2,60;2,63;15.393.073
2014-03-11;2,63;2,67;2,63;2,66;11.391.249
2014-03-12;2,64;2,68;2,64;2,67;13.306.017
2014-03-13;2,67;2,71;2,66;2,67;13.687.634
2014-03-14;2,64;2,65;2,57;2,60;21.365.703
2014-03-17;2,59;2,65;2,58;2,64;12.840.338
2014-03-18;2,62;2,69;2,61;2,69;10.584.793
2014-03-19;2,70;2,71;2,68;2,68;12.292.806
2014-03-20;2,67;2,67;2,63;2,65;14.390.313
2014-03-21;2,65;2,69;2,65;2,66;46.217.172
2014-03-24;2,63;2,65;2,52;2,55;28.896.247
2014-03-25;2,55;2,57;2,49;2,54;22.618.838
2014-03-26;2,54;2,54;2,48;2,51;18.833.792
2014-03-27;2,52;2,52;2,46;2,49;20.029.588
2014-03-28;2,51;2,60;2,50;2,57;19.120.897
2014-03-31;2,57;2,58;2,52;2,57;14.549.112
2014-04-01;2,60;2,61;2,58;2,59;30.938.601
2014-04-02;2,59;2,64;2,58;2,61;23.102.727
2014-04-03;2,61;2,61;2,51;2,53;24.615.364
2014-04-04;2,53;2,56;2,52;2,52;20.153.208
2014-04-07;2,51;2,54;2,49;2,52;13.222.615
2014-04-08;2,53;2,53;2,47;2,48;17.707.744
2014-04-09;2,48;2,52;2,47;2,51;14.606.047
2014-04-10;2,52;2,52;2,48;2,49;10.420.049
2014-04-11;2,47;2,48;2,43;2,44;20.628.539
2014-04-14;2,43;2,43;2,36;2,42;26.416.735
2014-04-15;2,42;2,44;2,36;2,36;21.170.604
2014-04-16;2,38;2,42;2,38;2,41;15.734.481
2014-04-17;2,42;2,48;2,41;2,47;19.120.942
2014-04-22;2,51;2,51;2,46;2,50;16.752.012
2014-04-23;2,49;2,51;2,49;2,50;11.572.709
2014-04-24;2,50;2,55;2,49;2,51;17.552.960
2014-04-25;2,50;2,50;2,45;2,46;18.942.312
2014-04-28;2,47;2,47;2,43;2,45;11.383.333
2014-04-29;2,46;2,51;2,46;2,51;11.478.121
2014-04-30;2,50;2,57;2,50;2,56;19.349.067
2014-05-02;2,57;2,69;2,57;2,64;27.256.495
2014-05-05;2,62;2,62;2,57;2,61;14.646.981
2014-05-06;2,63;2,66;2,57;2,60;17.664.326
2014-05-07;2,59;2,61;2,58;2,60;12.503.187
2014-05-08;2,60;2,60;2,55;2,57;15.128.206
2014-05-09;2,58;2,59;2,56;2,58;10.193.638
2014-05-12;2,60;2,66;2,57;2,64;13.874.864
2014-05-13;2,65;2,66;2,61;2,64;11.990.438
2014-05-14;2,64;2,66;2,62;2,66;13.061.564
2014-05-15;2,66;2,68;2,61;2,62;15.645.570
2014-05-16;2,62;2,66;2,61;2,65;16.800.048
2014-05-19;2,64;2,69;2,63;2,67;9.711.159
2014-05-20;2,66;2,70;2,65;2,65;13.498.286
2014-05-21;2,65;2,67;2,63;2,63;10.396.561
2014-05-22;2,63;2,68;2,63;2,64;10.717.711
2014-05-23;2,65;2,67;2,63;2,67;12.604.991
2014-05-26;2,68;2,69;2,66;2,69;5.602.812
2014-05-27;2,71;2,75;2,70;2,73;25.796.178
2014-05-28;2,74;2,74;2,72;2,73;12.053.184
2014-05-29;2,72;2,73;2,70;2,70;10.862.435
2014-05-30;2,72;2,73;2,70;2,71;19.580.258
2014-06-02;2,72;2,73;2,67;2,67;14.810.270
2014-06-03;2,67;2,69;2,63;2,63;11.943.154
2014-06-04;2,63;2,66;2,62;2,64;10.649.977
2014-06-05;2,64;2,66;2,62;2,63;17.770.443
2014-06-06;2,67;2,77;2,67;2,76;39.061.177
2014-06-09;2,77;2,78;2,73;2,74;13.249.452
2014-06-10;2,73;2,76;2,72;2,76;13.738.003
2014-06-11;2,75;2,76;2,72;2,74;13.742.637
2014-06-12;2,72;2,73;2,71;2,72;7.331.842
2014-06-13;2,72;2,75;2,70;2,75;12.858.784
2014-06-16;2,72;2,76;2,71;2,72;15.532.806
2014-06-17;2,75;2,77;2,73;2,77;17.414.413
2014-06-18;2,77;2,78;2,76;2,76;16.234.667
2014-06-19;2,78;2,78;2,73;2,74;16.050.260
2014-06-20;2,74;2,75;2,71;2,72;20.345.241
2014-06-23;2,70;2,72;2,68;2,68;8.726.157
2014-06-24;2,70;2,70;2,67;2,68;8.700.727
2014-06-25;2,69;2,71;2,65;2,68;12.315.317
2014-06-26;2,69;2,69;2,60;2,60;19.355.685
2014-06-27;2,61;2,66;2,60;2,66;13.602.912
2014-06-30;2,66;2,68;2,62;2,66;14.289.915
2014-07-01;2,66;2,67;2,61;2,64;10.669.194
2014-07-02;2,63;2,75;2,56;2,59;46.365.491
2014-07-03;2,59;2,60;2,52;2,59;24.406.969
2014-07-04;2,60;2,61;2,53;2,53;14.803.489
2014-07-07;2,54;2,55;2,46;2,46;22.040.334
2014-07-08;2,46;2,46;2,41;2,42;16.694.863
2014-07-09;2,41;2,46;2,41;2,45;15.521.235
2014-07-10;2,46;2,46;2,38;2,38;22.796.640
2014-07-11;2,39;2,39;2,32;2,37;21.105.660
2014-07-14;2,35;2,38;2,32;2,37;16.019.469
2014-07-15;2,37;2,38;2,29;2,32;20.717.530
2014-07-16;2,34;2,43;2,32;2,41;23.255.178
2014-07-17;2,40;2,40;2,38;2,39;20.248.309
2014-07-18;2,37;2,38;2,36;2,37;27.473.174
2014-07-21;2,39;2,44;2,39;2,40;13.898.373
2014-07-22;2,42;2,45;2,39;2,40;14.891.807
2014-07-23;2,40;2,42;2,36;2,37;15.481.034
2014-07-24;2,37;2,39;2,34;2,39;12.419.499
2014-07-25;2,39;2,41;2,35;2,36;13.644.117
2014-07-28;2,35;2,35;2,30;2,32;16.862.114
2014-07-29;2,28;2,30;2,27;2,28;19.811.570
2014-07-30;2,35;2,43;2,33;2,39;33.030.027
2014-07-31;2,40;2,40;2,37;2,38;14.952.051
2014-08-01;2,37;2,38;2,35;2,35;14.112.509
2014-08-04;2,35;2,40;2,35;2,38;13.469.997
2014-08-05;2,38;2,47;2,38;2,45;19.144.730
2014-08-06;2,45;2,50;2,44;2,49;19.482.511
2014-08-07;2,49;2,53;2,47;2,53;17.039.024
2014-08-08;2,49;2,52;2,48;2,52;13.741.237
2014-08-11;2,53;2,55;2,50;2,54;10.953.050
2014-08-12;2,53;2,55;2,47;2,48;9.989.003
2014-08-13;2,49;2,53;2,48;2,51;8.515.535
2014-08-14;2,50;2,53;2,46;2,47;9.247.950
2014-08-15;2,47;2,50;2,44;2,44;10.953.094
2014-08-18;2,47;2,48;2,45;2,45;5.634.831
2014-08-19;2,47;2,48;2,46;2,48;5.895.621
2014-08-20;2,48;2,50;2,47;2,49;6.668.919
2014-08-21;2,50;2,52;2,49;2,51;6.379.093
2014-08-22;2,52;2,55;2,49;2,49;7.055.559
2014-08-25;2,51;2,53;2,50;2,52;3.261.598
2014-08-26;2,51;2,53;2,49;2,50;7.479.778
2014-08-27;2,49;2,54;2,48;2,52;8.427.813
2014-08-28;2,51;2,52;2,48;2,48;6.567.106
2014-08-29;2,49;2,53;2,49;2,53;13.406.943
2014-09-01;2,52;2,55;2,51;2,55;10.551.869
2014-09-02;2,55;2,58;2,54;2,55;10.075.322
2014-09-03;2,55;2,57;2,54;2,57;10.169.615
2014-09-04;2,55;2,59;2,54;2,58;10.726.326
2014-09-05;2,57;2,63;2,55;2,56;12.824.053
2014-09-08;2,56;2,57;2,55;2,56;6.568.396
2014-09-09;2,56;2,60;2,55;2,56;10.539.093
2014-09-10;2,55;2,55;2,51;2,53;11.599.174
2014-09-11;2,54;2,55;2,50;2,53;5.727.464
2014-09-12;2,53;2,53;2,49;2,50;5.620.843
2014-09-15;2,49;2,49;2,43;2,45;7.598.179
2014-09-16;2,45;2,46;2,41;2,46;10.413.613
2014-09-17;2,46;2,49;2,46;2,48;10.565.932
2014-09-18;2,48;2,48;2,45;2,46;9.499.757
2014-09-19;2,47;2,51;2,46;2,50;17.574.382
2014-09-22;2,50;2,51;2,49;2,50;7.533.509
2014-09-23;2,49;2,50;2,44;2,44;8.599.538
2014-09-24;2,45;2,46;2,41;2,43;11.228.123
2014-09-25;2,44;2,49;2,42;2,43;11.618.198
2014-09-26;2,44;2,52;2,42;2,49;13.118.234
2014-09-29;2,48;2,52;2,47;2,52;10.780.304
2014-09-30;2,53;2,55;2,50;2,54;11.049.673
2014-10-01;2,54;2,54;2,49;2,49;10.638.293
2014-10-02;2,48;2,49;2,41;2,42;11.942.568
2014-10-03;2,45;2,50;2,44;2,49;15.720.404
2014-10-06;2,49;2,54;2,49;2,51;8.719.350
2014-10-07;2,50;2,51;2,47;2,47;7.542.675
2014-10-08;2,45;2,46;2,39;2,40;15.417.809
2014-10-09;2,42;2,44;2,38;2,38;13.721.638
2014-10-10;2,37;2,39;2,30;2,35;15.112.215
2014-10-13;2,32;2,34;2,29;2,29;12.383.257
2014-10-14;2,30;2,37;2,30;2,33;16.688.455
2014-10-17;2,18;2,25;2,18;2,23;21.490.537
2014-10-20;2,22;2,27;2,21;2,27;16.097.756
2014-10-21;2,28;2,32;2,26;2,32;17.743.160
2014-10-22;2,33;2,33;2,27;2,28;14.632.838
2014-10-23;2,27;2,33;2,26;2,31;13.848.928
2014-10-24;2,30;2,40;2,30;2,39;21.599.153
2014-10-27;2,42;2,42;2,36;2,40;15.907.735
2014-10-28;2,44;2,52;2,43;2,51;27.021.517
2014-10-29;2,51;2,60;2,51;2,55;26.564.413
2014-10-30;2,56;2,61;2,52;2,59;21.208.081
2014-10-31;2,63;2,66;2,61;2,62;26.358.983
2014-11-03;2,62;2,64;2,60;2,60;16.051.601
2014-11-04;2,60;2,63;2,55;2,55;14.797.833
2014-11-05;2,56;2,60;2,54;2,60;15.079.280
2014-11-06;2,57;2,60;2,55;2,55;14.626.369
2014-11-07;2,55;2,59;2,54;2,56;9.707.456
2014-11-10;2,56;2,57;2,52;2,55;10.549.800
2014-11-11;2,57;2,64;2,57;2,60;21.784.842
2014-11-12;2,60;2,62;2,57;2,59;17.865.084
2014-11-13;2,61;2,63;2,60;2,60;20.290.675
2014-11-14;2,61;2,62;2,56;2,59;11.709.353
2014-11-17;2,57;2,64;2,56;2,63;10.237.017
2014-11-18;2,63;2,70;2,63;2,68;14.462.851
2014-11-19;2,70;2,72;2,68;2,69;17.948.621
2014-11-20;2,69;2,71;2,67;2,68;12.850.003
2014-11-21;2,68;2,70;2,68;2,69;19.086.369
2014-11-24;2,68;2,69;2,58;2,59;22.653.842
2014-11-25;2,58;2,63;2,58;2,62;20.646.420
2014-11-26;2,64;2,66;2,63;2,65;13.707.958
2014-11-27;2,65;2,71;2,65;2,71;12.347.782
2014-11-28;2,71;2,74;2,65;2,67;16.760.210
2014-12-01;2,66;2,67;2,64;2,64;11.382.893
2014-12-02;2,64;2,68;2,64;2,65;13.511.545
2014-12-03;2,66;2,68;2,64;2,65;9.702.578
2014-12-04;2,65;2,65;2,61;2,62;14.154.339
2014-12-05;2,65;2,66;2,64;2,66;13.966.891
2014-12-08;2,65;2,68;2,62;2,63;10.563.477
2014-12-09;2,60;2,62;2,58;2,58;14.838.934
2014-12-10;2,59;2,60;2,54;2,56;15.323.211
2014-12-11;2,56;2,59;2,56;2,56;8.724.832
2014-12-12;2,56;2,56;2,49;2,49;14.550.675
2014-12-15;2,49;2,54;2,48;2,48;14.746.175
2014-12-16;2,49;2,53;2,45;2,53;19.461.842
2014-12-17;2,50;2,52;2,49;2,51;11.527.922
2014-12-18;2,55;2,61;2,54;2,61;20.054.926
2014-12-19;2,63;2,64;2,60;2,63;25.304.117
2014-12-22;2,63;2,67;2,63;2,65;10.330.696
2014-12-23;2,65;2,67;2,64;2,66;6.724.776
2014-12-24;2,64;2,66;2,64;2,64;1.394.192
2014-12-29;2,63;2,65;2,62;2,64;4.933.167
2014-12-30;2,62;2,63;2,61;2,61;5.831.279
2014-12-31;2,63;2,64;2,61;2,63;1.654.595
2015-01-02;2,63;2,65;2,58;2,59;7.426.023
2015-01-05;2,57;2,61;2,51;2,52;14.117.404
2015-01-06;2,53;2,55;2,49;2,52;15.392.012
2015-01-07;2,54;2,56;2,52;2,53;10.042.479
2015-01-08;2,55;2,59;2,52;2,57;13.077.506
2015-01-09;2,57;2,61;2,52;2,54;12.458.585
2015-01-12;2,54;2,58;2,53;2,53;12.524.817
2015-01-13;2,52;2,56;2,51;2,52;15.341.519
2015-01-14;2,50;2,54;2,47;2,48;15.936.010
2015-01-15;2,52;2,52;2,43;2,49;16.185.919
2015-01-16;2,47;2,64;2,46;2,58;39.558.331
2015-01-19;2,61;2,66;2,59;2,64;14.674.247
2015-01-20;2,66;2,68;2,63;2,67;12.475.294
2015-01-21;2,67;2,69;2,64;2,68;18.378.473
2015-01-22;2,68;2,73;2,68;2,71;19.025.664
2015-01-23;2,73;2,80;2,73;2,77;28.842.151
2015-01-26;2,75;2,76;2,70;2,71;15.691.699
2015-01-27;2,71;2,72;2,67;2,70;10.310.318
2015-01-28;2,71;2,72;2,67;2,69;11.194.131
2015-01-29;2,68;2,78;2,68;2,75;16.686.031
2015-01-30;2,77;2,82;2,73;2,75;24.365.672
2015-02-02;2,74;2,76;2,71;2,76;16.227.747
2015-02-03;2,77;2,82;2,75;2,80;24.632.255
2015-02-04;2,79;2,90;2,75;2,85;45.786.072
2015-02-05;2,85;2,87;2,80;2,83;21.190.210
2015-02-06;2,83;2,86;2,79;2,85;20.870.277
2015-02-09;2,83;2,86;2,80;2,84;14.860.055
2015-02-10;2,85;2,98;2,84;2,98;31.600.818
2015-02-11;3,00;3,05;2,98;3,02;25.512.796
2015-02-12;3,03;3,07;3,01;3,02;26.607.638
2015-02-13;3,03;3,08;3,02;3,07;26.772.643
2015-02-16;3,07;3,08;3,05;3,08;10.322.476
2015-02-17;3,08;3,09;3,06;3,07;18.446.607
2015-02-18;3,07;3,07;3,00;3,02;31.735.986
2015-02-19;3,02;3,05;3,02;3,04;12.434.303
2015-02-20;3,04;3,04;2,99;3,01;16.648.406
2015-02-23;3,02;3,03;2,96;2,99;13.675.108
2015-02-24;2,99;3,01;2,97;2,99;12.093.313
2015-02-25;2,99;3,04;2,98;3,04;12.952.518
2015-02-26;3,04;3,05;3,01;3,04;9.185.892
2015-02-27;3,06;3,07;3,03;3,05;14.919.255
2015-03-02;3,06;3,09;3,05;3,07;11.597.461
2015-03-03;3,09;3,10;3,04;3,04;11.018.051
2015-03-04;3,06;3,10;3,03;3,09;23.135.408
2015-03-05;3,09;3,10;3,07;3,08;11.302.064
2015-03-06;3,08;3,09;3,05;3,07;17.498.358
2015-03-09;3,05;3,08;3,04;3,06;14.051.606
2015-03-10;3,05;3,06;3,00;3,01;13.156.613
2015-03-11;3,02;3,10;3,02;3,08;11.187.251
2015-03-12;3,09;3,09;3,07;3,08;8.196.341
2015-03-13;3,09;3,10;3,06;3,07;7.963.325
2015-03-16;3,05;3,08;3,04;3,05;10.330.962
2015-03-17;3,05;3,06;3,02;3,03;15.835.804
2015-03-18;3,03;3,04;3,00;3,01;10.519.382
2015-03-19;3,01;3,04;2,99;3,00;10.347.870
2015-03-20;3,01;3,05;3,00;3,05;16.617.215
2015-03-23;3,05;3,06;3,02;3,06;6.077.601
2015-03-24;3,06;3,13;3,05;3,12;13.075.457
2015-03-25;3,12;3,21;3,12;3,18;22.117.515
2015-03-26;3,15;3,23;3,12;3,23;20.792.168
2015-03-27;3,25;3,28;3,20;3,27;27.373.730
2015-03-30;3,27;3,30;3,26;3,28;15.239.905
2015-03-31;3,29;3,29;3,16;3,16;25.079.905
2015-04-01;3,15;3,26;3,15;3,24;21.462.466
2015-04-02;3,28;3,35;3,26;3,33;21.082.783
2015-04-07;3,36;3,38;3,34;3,35;15.336.610
2015-04-08;3,34;3,35;3,29;3,29;13.600.618
2015-04-09;3,30;3,35;3,29;3,33;10.663.450
2015-04-10;3,34;3,36;3,31;3,35;13.172.834
2015-04-13;3,38;3,43;3,38;3,42;15.051.348
2015-04-14;3,43;3,44;3,37;3,39;14.800.740
2015-04-15;3,41;3,41;3,36;3,37;15.303.525
2015-04-16;3,35;3,36;3,27;3,27;17.351.108
2015-04-17;3,24;3,25;3,17;3,17;19.171.120
2015-04-20;3,27;3,28;3,22;3,27;19.627.003
2015-04-21;3,30;3,31;3,26;3,30;10.053.435
2015-04-22;3,31;3,33;3,27;3,30;10.006.656
2015-04-23;3,29;3,29;3,24;3,27;13.144.323
2015-04-24;3,36;3,44;3,35;3,43;25.477.813
2015-04-27;3,45;3,46;3,40;3,45;15.505.034
2015-04-28;3,44;3,44;3,32;3,36;19.969.982
2015-04-29;3,37;3,38;3,25;3,26;19.265.544
2015-04-30;3,33;3,39;3,27;3,31;22.857.615
2015-05-04;3,35;3,42;3,33;3,40;16.528.763
2015-05-05;3,41;3,45;3,37;3,37;15.412.848
2015-05-06;3,37;3,39;3,30;3,31;17.452.887
2015-05-07;3,31;3,36;3,27;3,34;17.569.444
2015-05-08;3,38;3,40;3,33;3,40;13.740.888
2015-05-11;3,40;3,42;3,38;3,41;6.959.456
2015-05-12;3,39;3,40;3,33;3,34;9.916.610
2015-05-13;3,36;3,39;3,30;3,32;12.347.334
2015-05-14;3,31;3,34;3,29;3,33;7.127.265
2015-05-15;3,35;3,40;3,34;3,40;14.289.869
2015-05-18;3,40;3,41;3,37;3,41;8.264.598
2015-05-19;3,41;3,49;3,41;3,49;15.028.328
2015-05-20;3,44;3,45;3,31;3,40;42.812.200
2015-05-21;3,40;3,43;3,36;3,40;16.755.206
2015-05-22;3,42;3,43;3,40;3,41;15.873.730
2015-05-25;3,43;3,44;3,34;3,36;5.451.626
2015-05-26;3,35;3,38;3,32;3,33;11.373.050
2015-05-27;3,34;3,38;3,33;3,38;14.018.190
2015-05-28;3,38;3,39;3,35;3,36;10.918.562
2015-05-29;3,36;3,39;3,30;3,30;12.389.056
2015-06-01;3,33;3,35;3,27;3,27;10.474.212
2015-06-02;3,27;3,29;3,22;3,25;11.777.875
2015-06-03;3,25;3,32;3,23;3,25;19.901.841
2015-06-04;3,26;3,40;3,24;3,37;35.680.419
2015-06-05;3,34;3,37;3,32;3,35;18.408.229
2015-06-08;3,35;3,36;3,30;3,31;11.459.466
2015-06-09;3,30;3,31;3,24;3,25;13.151.311
2015-06-10;3,25;3,33;3,20;3,32;14.933.036
2015-06-11;3,32;3,35;3,30;3,31;10.809.891
2015-06-12;3,31;3,34;3,29;3,31;10.241.282
2015-06-15;3,28;3,29;3,24;3,24;12.023.687
2015-06-16;3,21;3,22;3,09;3,19;20.872.822
2015-06-17;3,19;3,22;3,17;3,18;11.528.836
2015-06-18;3,17;3,21;3,12;3,21;13.013.886
2015-06-19;3,21;3,25;3,19;3,20;12.227.268
2015-06-22;3,28;3,39;3,26;3,37;19.875.686
2015-06-23;3,41;3,44;3,37;3,42;17.241.126
2015-06-24;3,41;3,43;3,35;3,38;11.037.003
2015-06-25;3,36;3,50;3,35;3,44;22.621.071
2015-06-26;3,42;3,50;3,42;3,49;17.260.475
2015-06-29;3,35;3,50;3,30;3,44;25.839.291
2015-06-30;3,42;3,52;3,41;3,43;23.262.700
2015-07-01;3,47;3,47;3,40;3,40;19.564.688
2015-07-02;3,40;3,41;3,35;3,36;13.964.091
2015-07-03;3,36;3,41;3,34;3,37;11.758.339
2015-07-06;3,31;3,37;3,27;3,28;14.746.025
2015-07-07;3,29;3,30;3,19;3,20;12.569.964
2015-07-08;3,22;3,26;3,20;3,23;12.739.052
2015-07-09;3,24;3,31;3,23;3,30;8.109.383
2015-07-10;3,37;3,42;3,34;3,42;15.213.416
2015-07-13;3,45;3,48;3,42;3,48;13.107.409
2015-07-14;3,48;3,54;3,47;3,52;14.534.334
2015-07-15;3,52;3,61;3,51;3,56;15.517.607
2015-07-16;3,56;3,58;3,52;3,55;17.091.360
2015-07-17;3,55;3,63;3,55;3,59;17.642.513
2015-07-20;3,57;3,60;3,53;3,56;14.757.414
2015-07-21;3,57;3,59;3,54;3,54;10.987.369
2015-07-22;3,53;3,56;3,52;3,54;9.507.143
2015-07-23;3,56;3,59;3,55;3,57;11.000.923
2015-07-24;3,57;3,58;3,54;3,54;11.550.091
2015-07-27;3,50;3,52;3,45;3,46;11.507.330
2015-07-28;3,46;3,49;3,45;3,47;9.110.586
2015-07-29;3,51;3,61;3,51;3,60;24.902.979
2015-07-30;3,63;3,65;3,61;3,62;19.624.692
2015-07-31;3,60;3,62;3,57;3,60;17.540.487
2015-08-03;3,60;3,65;3,60;3,63;17.581.143
2015-08-04;3,64;3,65;3,60;3,62;14.354.645
2015-08-05;3,64;3,66;3,61;3,64;14.851.496
2015-08-06;3,65;3,65;3,62;3,62;9.090.129
2015-08-07;3,63;3,64;3,58;3,58;8.237.813
2015-08-10;3,61;3,63;3,57;3,62;8.134.851
2015-08-11;3,62;3,63;3,60;3,61;7.980.860
2015-08-12;3,59;3,61;3,54;3,57;13.754.671
2015-08-13;3,61;3,63;3,54;3,55;10.083.419
2015-08-14;3,56;3,56;3,51;3,54;7.393.560
2015-08-17;3,56;3,57;3,49;3,51;9.706.318
2015-08-18;3,51;3,59;3,50;3,57;7.370.661
2015-08-19;3,55;3,56;3,52;3,53;5.997.797
2015-08-20;3,52;3,52;3,40;3,41;11.893.318
2015-08-21;3,36;3,40;3,32;3,32;17.416.609
2015-08-24;3,20;3,24;3,01;3,16;39.975.177
2015-08-25;3,20;3,35;3,19;3,31;21.775.672
2015-08-26;3,27;3,37;3,21;3,31;17.124.696
2015-08-27;3,39;3,46;3,37;3,45;17.505.149
2015-08-28;3,45;3,46;3,40;3,45;12.254.042
2015-08-31;3,42;3,48;3,42;3,47;10.303.795
2015-09-01;3,42;3,44;3,35;3,38;14.993.893
2015-09-02;3,39;3,45;3,37;3,42;11.994.047
2015-09-03;3,45;3,55;3,44;3,53;12.023.648
2015-09-04;3,51;3,53;3,48;3,50;15.423.146
2015-09-07;3,52;3,55;3,50;3,50;8.171.705
2015-09-08;3,52;3,58;3,51;3,52;8.559.039
2015-09-09;3,58;3,59;3,50;3,51;16.245.645
2015-09-10;3,40;3,44;3,28;3,30;69.482.886
2015-09-11;3,31;3,34;3,25;3,26;22.785.631
2015-09-14;3,25;3,31;3,25;3,26;15.196.731
2015-09-15;3,25;3,28;3,20;3,26;15.101.562
2015-09-16;3,28;3,33;3,28;3,32;18.511.040
2015-09-17;3,33;3,34;3,26;3,31;14.509.629
2015-09-18;3,30;3,33;3,26;3,31;30.706.500
2015-09-21;3,33;3,40;3,33;3,39;21.733.194
2015-09-22;3,40;3,40;3,30;3,31;22.848.589
2015-09-23;3,31;3,37;3,30;3,34;15.247.279
2015-09-24;3,34;3,38;3,28;3,30;16.776.133
2015-09-25;3,33;3,45;3,33;3,43;19.737.283
2015-09-28;3,41;3,42;3,34;3,34;13.657.344
2015-09-29;3,30;3,33;3,27;3,27;15.982.212
2015-09-30;3,32;3,37;3,32;3,34;13.284.973
2015-10-01;3,38;3,39;3,18;3,20;20.642.831
2015-10-02;3,24;3,26;3,14;3,21;17.578.951
2015-10-05;3,26;3,32;3,25;3,30;15.255.737
2015-10-06;3,29;3,35;3,28;3,34;14.244.777
2015-10-07;3,35;3,35;3,23;3,24;19.395.423
2015-10-08;3,23;3,25;3,16;3,20;24.059.131
2015-10-09;3,21;3,22;3,14;3,17;19.722.999
2015-10-12;3,18;3,21;3,16;3,21;11.966.414
2015-10-13;3,15;3,17;3,09;3,15;22.836.845
2015-10-14;3,14;3,14;3,05;3,06;20.000.767
2015-10-15;3,08;3,12;3,04;3,06;22.976.044
2015-10-16;3,09;3,16;3,06;3,16;20.277.316
2015-10-19;3,15;3,21;3,15;3,19;12.775.690
2015-10-20;3,21;3,25;3,19;3,22;17.588.562
2015-10-21;3,23;3,23;3,14;3,20;18.034.622
2015-10-22;3,20;3,32;3,20;3,32;20.687.735
2015-10-23;3,34;3,42;3,33;3,39;21.913.841
2015-10-26;3,39;3,41;3,36;3,41;17.016.708
2015-10-27;3,46;3,50;3,31;3,31;29.454.084
2015-10-28;3,30;3,33;3,22;3,26;18.504.368
2015-10-29;3,27;3,32;3,25;3,28;19.000.118
2015-10-30;3,30;3,37;3,30;3,34;18.685.856
2015-11-02;3,31;3,36;3,31;3,35;13.799.788
2015-11-03;3,35;3,38;3,32;3,34;10.235.389
2015-11-04;3,35;3,36;3,30;3,31;10.285.471
2015-11-05;3,31;3,34;3,28;3,28;8.601.277
2015-11-06;3,29;3,29;3,22;3,25;12.506.742
2015-11-09;3,26;3,26;3,18;3,18;13.078.063
2015-11-10;3,24;3,30;3,22;3,28;23.872.015
2015-11-11;3,28;3,45;3,28;3,43;29.762.654
2015-11-12;3,45;3,50;3,35;3,38;19.404.528
2015-11-13;3,37;3,45;3,36;3,44;18.045.757
2015-11-16;3,40;3,49;3,40;3,49;13.860.149
2015-11-17;3,53;3,57;3,52;3,57;15.529.281
2015-11-18;3,55;3,55;3,52;3,53;9.270.594
2015-11-19;3,55;3,59;3,54;3,57;8.442.019
2015-11-20;3,58;3,59;3,55;3,56;10.648.985
2015-11-23;3,56;3,57;3,50;3,51;8.402.749
2015-11-24;3,50;3,52;3,45;3,49;8.803.385
2015-11-25;3,51;3,54;3,49;3,52;10.167.517
2015-11-26;3,52;3,58;3,50;3,58;9.667.571
2015-11-27;3,55;3,61;3,54;3,60;8.890.570
2015-11-30;3,60;3,64;3,56;3,60;17.178.864
2015-12-01;3,64;3,66;3,57;3,58;10.891.323
2015-12-02;3,59;3,61;3,55;3,55;8.730.258
2015-12-03;3,55;3,58;3,43;3,47;15.334.937
2015-12-04;3,45;3,46;3,41;3,44;11.867.784
2015-12-07;3,46;3,52;3,45;3,46;8.068.197
2015-12-08;3,45;3,46;3,37;3,40;10.708.789
2015-12-09;3,46;3,50;3,41;3,42;19.232.445
2015-12-10;3,41;3,42;3,37;3,38;10.158.566
2015-12-11;3,38;3,40;3,35;3,37;13.436.688
2015-12-14;3,38;3,41;3,32;3,32;13.614.903
2015-12-15;3,34;3,44;3,33;3,43;10.898.206
2015-12-16;3,44;3,48;3,42;3,44;7.777.834
2015-12-17;3,49;3,53;3,47;3,48;9.860.220
2015-12-18;3,44;3,46;3,38;3,38;17.740.695
2015-12-21;3,37;3,40;3,31;3,31;7.813.594
2015-12-22;3,34;3,34;3,26;3,30;11.440.091
2015-12-23;3,32;3,41;3,32;3,41;7.174.917
2015-12-24;3,41;3,43;3,40;3,43;1.384.335
2015-12-28;3,44;3,47;3,43;3,46;5.120.336
2015-12-29;3,48;3,51;3,47;3,51;5.560.052
2015-12-30;3,51;3,53;3,49;3,51;5.475.766
2015-12-31;3,50;3,53;3,49;3,49;2.050.509
2016-01-04;3,49;3,49;3,37;3,42;11.882.610
2016-01-05;3,45;3,49;3,42;3,44;11.526.413
2016-01-06;3,44;3,45;3,42;3,45;10.927.970
2016-01-07;3,38;3,43;3,32;3,41;10.437.849
2016-01-08;3,42;3,44;3,34;3,34;11.456.883
2016-01-11;3,34;3,37;3,30;3,33;9.340.476
2016-01-12;3,33;3,47;3,31;3,45;14.514.575
2016-01-13;3,46;3,50;3,38;3,40;12.678.449
2016-01-14;3,36;3,36;3,23;3,30;21.051.866
2016-01-15;3,30;3,33;3,19;3,27;16.066.418
2016-01-18;3,26;3,30;3,21;3,22;11.070.427
2016-01-19;3,27;3,28;3,24;3,25;10.434.040
2016-01-20;3,19;3,20;3,14;3,19;16.731.631
2016-01-21;3,18;3,27;3,18;3,24;14.716.555
2016-01-22;3,29;3,39;3,28;3,38;12.089.187
2016-01-25;3,40;3,41;3,35;3,39;10.556.912
2016-01-26;3,33;3,47;3,32;3,46;18.216.744
2016-01-27;3,48;3,51;3,45;3,49;13.418.300
2016-01-28;3,49;3,50;3,41;3,45;15.985.163
2016-01-29;3,50;3,56;3,48;3,56;15.774.936
2016-02-01;3,58;3,59;3,48;3,51;14.296.472
2016-02-02;3,50;3,53;3,39;3,45;22.554.728
2016-02-03;3,33;3,43;3,27;3,40;26.335.477
2016-02-04;3,44;3,49;3,41;3,45;23.587.352
2016-02-05;3,46;3,51;3,44;3,45;23.052.265
2016-02-08;3,46;3,46;3,30;3,34;25.746.474
2016-02-09;3,35;3,37;3,24;3,28;22.941.373
2016-02-10;3,31;3,34;3,26;3,29;17.200.260
2016-02-11;3,27;3,29;3,17;3,26;20.219.333
2016-02-12;3,30;3,32;3,19;3,27;20.616.563
2016-02-15;3,33;3,35;3,31;3,33;10.209.579
2016-02-16;3,32;3,35;3,28;3,34;14.788.046
2016-02-17;3,35;3,41;3,34;3,39;8.460.039
2016-02-18;3,38;3,43;3,37;3,42;5.326.121
2016-02-19;3,41;3,43;3,36;3,39;9.060.259
2016-02-22;3,41;3,47;3,41;3,46;8.899.559
2016-02-23;3,45;3,47;3,42;3,43;7.387.995
2016-02-24;3,42;3,43;3,31;3,32;11.992.077
2016-02-25;3,36;3,44;3,35;3,39;17.693.818
2016-02-26;3,42;3,44;3,32;3,33;16.232.941
2016-02-29;3,32;3,41;3,30;3,41;13.579.508
2016-03-01;3,42;3,53;3,39;3,53;14.350.930
2016-03-02;3,54;3,55;3,44;3,46;10.360.115
2016-03-03;3,47;3,48;3,39;3,41;8.870.742
2016-03-04;3,43;3,49;3,41;3,42;10.484.656
2016-03-07;3,50;3,51;3,39;3,45;16.439.945
2016-03-08;3,43;3,47;3,40;3,40;15.324.827
2016-03-09;3,41;3,46;3,39;3,42;11.568.744
2016-03-10;3,45;3,55;3,42;3,43;16.243.772
2016-03-11;3,48;3,52;3,47;3,51;13.616.219
2016-03-14;3,54;3,58;3,53;3,58;13.501.998
2016-03-15;3,56;3,62;3,56;3,59;13.784.856
2016-03-16;3,60;3,64;3,60;3,64;16.049.152
2016-03-17;3,66;3,67;3,59;3,66;17.323.146
2016-03-18;3,67;3,69;3,64;3,64;15.025.467
2016-03-21;3,63;3,66;3,60;3,65;7.766.374
2016-03-22;3,64;3,66;3,62;3,66;11.451.312
2016-03-23;3,65;3,71;3,63;3,66;11.394.904
2016-03-24;3,63;3,65;3,57;3,57;9.100.410
2016-03-29;3,57;3,65;3,57;3,65;12.397.334
2016-03-30;3,66;3,70;3,66;3,69;9.508.352
2016-03-31;3,68;3,71;3,65;3,68;10.329.632
2016-04-01;3,66;3,67;3,59;3,64;10.863.413
2016-04-04;3,63;3,68;3,60;3,66;10.665.333
2016-04-05;3,63;3,63;3,54;3,55;12.694.877
2016-04-06;3,55;3,61;3,53;3,60;7.919.283
2016-04-07;3,61;3,63;3,56;3,57;7.612.591
2016-04-08;3,58;3,59;3,45;3,47;18.536.658
2016-04-11;3,47;3,53;3,45;3,48;11.783.651
2016-04-12;3,49;3,53;3,48;3,53;11.184.823
2016-04-13;3,54;3,57;3,44;3,45;21.902.672
2016-04-14;3,47;3,49;3,44;3,45;13.107.882
2016-04-15;3,41;3,49;3,41;3,49;15.110.206
2016-04-18;3,50;3,56;3,48;3,54;12.302.820
2016-04-19;3,54;3,57;3,52;3,56;10.193.442
2016-04-20;3,56;3,59;3,53;3,54;10.495.973
2016-04-21;3,54;3,56;3,45;3,45;13.885.291
2016-04-22;3,45;3,47;3,41;3,43;8.326.907
2016-04-25;3,45;3,46;3,37;3,39;12.805.297
2016-04-26;3,41;3,42;3,35;3,38;10.679.175
2016-04-27;3,38;3,42;3,37;3,40;6.973.838
2016-04-28;3,38;3,39;3,35;3,35;10.550.656
2016-04-29;3,35;3,49;3,34;3,44;20.677.663
2016-05-02;3,44;3,47;3,41;3,41;7.630.638
2016-05-03;3,41;3,47;3,40;3,45;13.050.078
2016-05-04;3,46;3,47;3,39;3,39;11.587.141
2016-05-05;3,39;3,43;3,39;3,41;8.313.335
2016-05-06;3,39;3,40;3,35;3,36;12.233.857
2016-05-09;3,38;3,45;3,37;3,41;7.968.380
2016-05-10;3,44;3,48;3,43;3,46;8.835.912
2016-05-11;3,47;3,51;3,45;3,47;7.359.154
2016-05-12;3,46;3,53;3,45;3,47;6.584.567
2016-05-13;3,46;3,52;3,45;3,50;9.124.509
2016-05-16;3,50;3,50;3,45;3,48;6.915.875
2016-05-17;3,49;3,51;3,46;3,48;8.975.869
2016-05-18;3,46;3,50;3,46;3,49;7.405.362
2016-05-19;3,47;3,49;3,45;3,46;8.982.251
2016-05-20;3,47;3,51;3,47;3,51;7.532.074
2016-05-23;3,50;3,51;3,46;3,47;9.947.356
2016-05-24;3,46;3,50;3,44;3,48;9.157.563
2016-05-25;3,49;3,52;3,48;3,50;8.821.683
2016-05-26;3,48;3,58;3,48;3,57;9.370.116
2016-05-27;3,58;3,60;3,55;3,60;8.732.652
2016-05-30;3,59;3,61;3,56;3,57;4.854.306
2016-05-31;3,56;3,60;3,56;3,57;22.490.562
2016-06-01;3,57;3,59;3,53;3,57;7.997.306
2016-06-02;3,57;3,58;3,55;3,56;5.513.903
2016-06-03;3,58;3,60;3,56;3,58;8.400.368
2016-06-06;3,58;3,60;3,56;3,58;4.541.008
2016-06-07;3,59;3,60;3,54;3,57;7.801.783
2016-06-08;3,56;3,57;3,54;3,56;6.730.682
2016-06-09;3,54;3,55;3,47;3,47;8.103.721
2016-06-10;3,46;3,46;3,35;3,37;12.944.000
2016-06-13;3,35;3,37;3,33;3,33;10.270.198
2016-06-14;3,30;3,31;3,26;3,26;12.967.345
2016-06-15;3,28;3,30;3,26;3,26;12.253.427
2016-06-16;3,24;3,26;3,21;3,26;9.254.801
2016-06-17;3,27;3,30;3,24;3,25;14.671.668
2016-06-20;3,30;3,36;3,29;3,35;10.731.921
2016-06-21;3,32;3,34;3,26;3,27;15.482.794
2016-06-22;3,29;3,31;3,26;3,29;10.260.434
2016-06-23;3,32;3,40;3,30;3,38;17.228.671
2016-06-24;2,70;3,04;2,70;3,02;37.816.485
2016-06-27;3,00;3,06;2,95;2,96;24.262.694
2016-06-28;3,02;3,09;3,01;3,06;13.555.569
2016-06-29;3,10;3,21;3,10;3,20;16.126.158
2016-06-30;3,18;3,26;3,18;3,26;16.917.633
2016-07-01;3,26;3,27;3,21;3,21;12.417.357
2016-07-04;3,25;3,25;3,18;3,20;8.533.361
2016-07-05;3,18;3,20;3,15;3,16;9.613.707
2016-07-06;3,14;3,15;3,05;3,08;11.673.717
2016-07-07;3,09;3,14;3,09;3,11;9.938.766
2016-07-08;3,10;3,13;3,08;3,11;7.931.455
2016-07-11;3,14;3,17;3,12;3,17;8.521.695
2016-07-12;3,17;3,20;3,16;3,20;7.660.782
2016-07-13;3,20;3,22;3,15;3,17;10.801.719
2016-07-14;3,20;3,22;3,18;3,20;8.282.008
2016-07-15;3,20;3,20;3,17;3,19;11.268.208
2016-07-18;3,18;3,22;3,17;3,18;6.792.192
2016-07-19;3,17;3,18;3,15;3,16;6.246.875
2016-07-20;3,18;3,18;3,11;3,12;9.268.429
2016-07-21;3,12;3,13;3,01;3,06;18.437.779
2016-07-22;3,07;3,15;3,06;3,15;11.721.986
2016-07-25;3,15;3,16;3,08;3,10;10.885.537
2016-07-26;3,11;3,13;3,08;3,08;8.574.895
2016-07-27;3,08;3,08;2,91;2,94;26.463.981
2016-07-28;2,95;3,01;2,90;2,90;21.956.227
2016-07-29;2,89;2,94;2,87;2,94;15.854.198
2016-08-01;2,95;2,99;2,92;2,99;14.477.898
2016-08-02;2,98;3,00;2,94;2,95;13.817.487
2016-08-03;2,97;2,97;2,93;2,93;2.413.429
2016-08-04;2,97;2,97;2,90;2,94;16.505.668
2016-08-05;2,93;2,99;2,92;2,97;11.122.844
2016-08-08;2,98;2,99;2,96;2,97;7.332.829
2016-08-09;2,98;3,03;2,96;3,02;9.635.342
2016-08-10;3,01;3,04;3,00;3,02;6.602.470
2016-08-11;3,03;3,06;3,02;3,06;6.085.901
2016-08-12;3,05;3,06;3,03;3,06;6.498.903
2016-08-15;3,06;3,06;3,03;3,05;5.906.363
2016-08-16;3,04;3,07;3,02;3,06;11.215.519
2016-08-17;3,07;3,07;2,98;2,98;9.418.494
2016-08-18;2,99;3,00;2,96;2,99;8.579.044
2016-08-19;2,98;2,99;2,95;2,96;6.481.466
2016-08-22;2,96;3,00;2,96;2,97;7.414.348
2016-08-23;2,98;2,99;2,97;2,98;6.419.195
2016-08-24;2,97;2,98;2,95;2,95;7.130.428
2016-08-25;2,94;2,96;2,93;2,94;6.447.397
2016-08-26;2,94;2,95;2,91;2,93;6.502.233
2016-08-29;2,93;2,93;2,90;2,91;5.111.605
2016-08-30;2,92;2,95;2,91;2,91;9.400.531
2016-08-31;2,91;2,94;2,89;2,93;12.823.991
2016-09-01;2,93;2,93;2,87;2,88;12.805.401
2016-09-02;2,88;2,90;2,84;2,90;17.643.137
2016-09-05;2,91;2,93;2,90;2,91;15.611.796
2016-09-06;2,91;2,93;2,89;2,91;9.488.689
2016-09-07;2,91;2,93;2,90;2,93;8.008.528
2016-09-08;2,93;2,95;2,91;2,94;8.539.466
2016-09-09;2,93;2,93;2,85;2,86;10.521.231
2016-09-12;2,82;2,84;2,79;2,84;9.360.723
2016-09-13;2,84;2,85;2,79;2,79;8.593.514
2016-09-14;2,81;2,82;2,76;2,77;11.386.131
2016-09-15;2,77;2,80;2,75;2,79;11.145.577
2016-09-16;2,80;2,82;2,78;2,80;14.957.976
2016-09-19;2,82;2,85;2,80;2,82;9.445.058
2016-09-20;2,84;2,87;2,82;2,86;9.502.971
2016-09-21;2,89;2,93;2,89;2,92;13.595.547
2016-09-22;2,92;3,00;2,92;3,00;16.204.315
2016-09-23;2,99;3,02;2,99;3,01;10.099.621
2016-09-26;2,99;2,99;2,96;2,97;11.409.396
2016-09-27;2,99;3,00;2,96;2,99;11.566.328
2016-09-28;3,00;3,02;2,97;2,99;12.203.455
2016-09-29;3,01;3,03;2,98;2,98;9.782.061
2016-09-30;2,96;2,96;2,92;2,96;11.075.009
2016-10-03;2,96;2,96;2,92;2,94;6.338.222
2016-10-04;2,95;2,97;2,94;2,97;11.743.896
2016-10-05;2,94;2,94;2,91;2,92;14.331.039
2016-10-06;2,93;2,93;2,82;2,83;16.529.158
2016-10-07;2,86;2,86;2,79;2,79;19.698.696
2016-10-10;2,80;2,87;2,79;2,86;16.380.349
2016-10-11;2,85;2,86;2,83;2,84;8.847.859
2016-10-12;2,84;2,84;2,79;2,79;8.921.517
2016-10-13;2,79;2,83;2,78;2,81;15.477.472
2016-10-14;2,83;2,84;2,82;2,82;12.060.127
2016-10-17;2,81;2,83;2,80;2,81;9.287.686
2016-10-18;2,83;2,84;2,82;2,84;12.762.896
2016-10-19;2,84;2,84;2,81;2,82;11.673.767
2016-10-20;2,82;2,84;2,81;2,84;11.775.013
2016-10-21;2,85;2,86;2,84;2,85;8.354.388
2016-10-24;2,86;2,87;2,83;2,83;8.569.963
2016-10-25;2,83;2,95;2,83;2,94;20.952.395
2016-10-26;2,92;2,96;2,89;2,91;15.900.789
2016-10-27;3,00;3,03;2,93;3,01;31.544.993
2016-10-28;3,01;3,02;2,97;3,01;14.986.700
2016-10-31;3,00;3,00;2,97;2,97;10.519.302
2016-11-01;2,98;2,98;2,92;2,92;11.800.410
2016-11-02;2,89;2,90;2,86;2,87;15.070.204
2016-11-03;2,87;2,89;2,85;2,86;10.249.661
2016-11-04;2,83;2,84;2,82;2,83;10.882.087
2016-11-07;2,87;2,87;2,83;2,85;8.025.631
2016-11-08;2,85;2,86;2,83;2,85;8.923.217
2016-11-09;2,78;2,87;2,76;2,87;20.129.775
2016-11-10;2,88;2,89;2,73;2,74;21.146.404
2016-11-11;2,73;2,74;2,69;2,69;21.656.912
2016-11-14;2,70;2,72;2,62;2,62;23.510.201
2016-11-15;2,63;2,66;2,61;2,62;20.095.472
2016-11-16;2,63;2,65;2,61;2,61;17.980.958
2016-11-17;2,62;2,64;2,59;2,61;18.012.742
2016-11-18;2,62;2,64;2,56;2,57;20.059.164
2016-11-21;2,58;2,61;2,56;2,60;17.233.979
2016-11-22;2,61;2,74;2,61;2,70;39.171.053
2016-11-23;2,70;2,73;2,68;2,68;24.675.352
2016-11-24;2,67;2,69;2,63;2,69;16.863.986
2016-11-25;2,69;2,71;2,67;2,68;7.551.918
2016-11-28;2,68;2,70;2,65;2,68;10.300.820
2016-11-29;2,68;2,72;2,66;2,71;17.186.603
2016-11-30;2,71;2,76;2,71;2,72;22.497.623
2016-12-01;2,71;2,71;2,63;2,63;16.804.258
2016-12-02;2,62;2,62;2,59;2,62;14.868.145
2016-12-05;2,60;2,63;2,56;2,58;21.221.605
2016-12-06;2,58;2,64;2,58;2,64;14.869.291
2016-12-07;2,65;2,66;2,63;2,65;15.554.360
2016-12-08;2,67;2,70;2,65;2,68;19.704.322
2016-12-09;2,69;2,70;2,68;2,69;15.201.260
2016-12-12;2,69;2,70;2,65;2,67;13.391.857
2016-12-13;2,67;2,75;2,67;2,74;21.492.682
2016-12-14;2,73;2,76;2,73;2,75;12.695.201
2016-12-15;2,75;2,76;2,71;2,74;16.511.867
2016-12-16;2,73;2,76;2,73;2,76;17.565.953
2016-12-19;2,75;2,80;2,75;2,80;13.320.355
2016-12-20;2,80;2,84;2,80;2,81;13.398.979
2016-12-21;2,80;2,83;2,80;2,81;6.957.954
2016-12-22;2,81;2,81;2,78;2,79;6.055.503
2016-12-23;2,80;2,80;2,79;2,80;6.145.826
2016-12-27;2,80;2,81;2,79;2,80;3.631.988
2016-12-28;2,81;2,81;2,77;2,78;6.476.793
2016-12-29;2,77;2,83;2,76;2,83;7.076.871
2016-12-30;2,82;2,84;2,80;2,81;4.736.313
2017-01-02;2,82;2,88;2,81;2,87;9.517.743
2017-01-03;2,89;2,90;2,85;2,86;12.824.024
2017-01-04;2,88;2,88;2,83;2,83;14.926.462
2017-01-05;2,84;2,85;2,83;2,84;10.486.260
2017-01-06;2,84;2,86;2,84;2,86;8.339.759
2017-01-09;2,86;2,87;2,82;2,85;9.275.318
2017-01-10;2,89;2,91;2,85;2,86;20.512.093
2017-01-11;2,82;2,85;2,78;2,81;21.578.424
2017-01-12;2,80;2,83;2,77;2,81;14.773.286
2017-01-13;2,83;2,83;2,81;2,83;9.834.437
2017-01-16;2,83;2,84;2,81;2,82;8.079.284
2017-01-17;2,81;2,82;2,79;2,82;8.147.379
2017-01-18;2,82;2,83;2,79;2,80;9.070.988
2017-01-19;2,80;2,80;2,76;2,78;8.878.060
2017-01-20;2,79;2,83;2,78;2,82;12.249.306
2017-01-23;2,79;2,79;2,76;2,77;12.056.749
2017-01-24;2,78;2,78;2,69;2,71;18.528.034
2017-01-25;2,72;2,72;2,68;2,68;17.290.782
2017-01-26;2,70;2,72;2,69;2,72;12.767.257
2017-01-27;2,73;2,73;2,70;2,71;11.479.725
2017-01-30;2,71;2,72;2,66;2,66;12.237.512
2017-01-31;2,66;2,68;2,64;2,66;15.580.319
2017-02-01;2,69;2,72;2,56;2,56;31.731.362
2017-02-02;2,56;2,65;2,51;2,61;34.456.642
2017-02-03;2,61;2,64;2,59;2,64;22.245.784
2017-02-06;2,65;2,66;2,59;2,59;16.232.596
2017-02-07;2,58;2,61;2,57;2,58;14.393.440
2017-02-08;2,59;2,61;2,55;2,61;12.961.589
2017-02-09;2,61;2,65;2,61;2,64;18.659.376
2017-02-10;2,65;2,65;2,60;2,62;12.664.205
2017-02-13;2,62;2,63;2,59;2,60;13.465.723
2017-02-14;2,61;2,62;2,58;2,58;11.680.967
2017-02-15;2,60;2,61;2,58;2,59;12.411.589
2017-02-16;2,60;2,63;2,59;2,63;14.651.305
2017-02-17;2,62;2,63;2,60;2,60;13.544.705
2017-02-20;2,63;2,64;2,62;2,63;11.272.167
2017-02-21;2,63;2,64;2,61;2,62;8.974.388
2017-02-22;2,62;2,66;2,62;2,65;16.126.799
2017-02-23;2,67;2,68;2,65;2,66;15.896.154
2017-02-24;2,65;2,72;2,65;2,69;23.308.419
2017-02-27;2,71;2,71;2,68;2,68;12.266.098
2017-02-28;2,68;2,69;2,65;2,67;13.584.666
2017-03-01;2,68;2,68;2,65;2,67;10.598.296
2017-03-02;2,68;2,69;2,64;2,69;13.043.680
2017-03-03;2,72;2,80;2,71;2,75;26.344.659
2017-03-06;2,75;2,76;2,72;2,75;11.245.973
2017-03-07;2,75;2,75;2,73;2,74;9.372.924
2017-03-08;2,74;2,74;2,69;2,72;11.099.715
2017-03-09;2,72;2,79;2,71;2,78;14.794.929
2017-03-10;2,80;2,80;2,75;2,79;14.096.486
2017-03-13;2,80;2,80;2,76;2,77;9.503.599
2017-03-14;2,78;2,80;2,77;2,78;12.618.259
2017-03-15;2,78;2,79;2,75;2,77;14.413.571
2017-03-16;2,79;2,82;2,78;2,82;17.141.063
2017-03-17;2,82;2,84;2,80;2,83;18.390.287
2017-03-20;2,83;2,85;2,80;2,81;9.118.809
2017-03-21;2,81;2,82;2,79;2,79;12.925.606
2017-03-22;2,78;2,81;2,77;2,80;13.354.640
2017-03-23;2,80;2,83;2,76;2,83;17.219.374
2017-03-24;2,83;2,83;2,80;2,81;9.769.449
2017-03-27;2,80;2,82;2,79;2,79;10.398.982
2017-03-28;2,80;2,80;2,78;2,79;8.976.809
2017-03-29;2,81;2,84;2,80;2,81;14.940.321
2017-03-30;2,81;2,82;2,77;2,80;11.601.620
2017-03-31;2,79;2,83;2,77;2,82;14.659.852
2017-04-03;2,84;2,85;2,81;2,83;12.628.213
2017-04-04;2,82;2,83;2,78;2,80;10.315.154
2017-04-05;2,80;2,81;2,79;2,81;9.317.370
2017-04-06;2,80;2,81;2,77;2,81;10.912.897
2017-04-07;2,79;2,80;2,77;2,78;11.621.952
2017-04-10;2,79;2,81;2,76;2,79;12.326.777
2017-04-11;2,79;2,80;2,77;2,79;13.466.401
2017-04-12;2,79;2,81;2,77;2,79;11.121.371
2017-04-13;2,79;2,80;2,76;2,79;10.362.370
2017-04-18;2,74;2,74;2,70;2,72;17.062.551
2017-04-19;2,73;2,76;2,71;2,76;16.143.311
2017-04-20;2,75;2,76;2,74;2,75;13.046.307
2017-04-21;2,75;2,76;2,72;2,72;13.774.098
2017-04-24;2,76;2,80;2,75;2,79;26.291.390
2017-04-25;2,79;2,80;2,77;2,80;19.242.996
2017-04-26;2,80;2,86;2,74;2,78;30.895.637
2017-04-27;2,79;2,79;2,70;2,72;24.953.780
2017-04-28;2,72;2,72;2,63;2,66;35.410.885
2017-05-02;2,66;2,74;2,65;2,74;25.780.139
2017-05-03;2,73;2,76;2,72;2,75;13.993.400
2017-05-04;2,75;2,78;2,71;2,78;18.513.131
2017-05-05;2,77;2,83;2,76;2,83;19.179.415
2017-05-08;2,84;2,88;2,82;2,87;22.462.233
2017-05-09;2,87;2,88;2,85;2,88;14.979.805
2017-05-10;2,87;2,89;2,85;2,87;19.677.912
2017-05-11;2,89;2,89;2,85;2,85;18.803.477
2017-05-12;2,86;3,00;2,86;2,99;42.186.356
2017-05-15;3,00;3,01;2,91;2,92;22.426.907
2017-05-16;2,92;2,97;2,92;2,96;20.810.881
2017-05-17;2,93;2,96;2,92;2,93;17.317.307
2017-05-18;2,92;2,95;2,88;2,90;23.418.862
2017-05-19;2,91;2,94;2,90;2,94;13.711.783
2017-05-22;2,94;3,01;2,93;3,00;20.000.351
2017-05-23;3,01;3,01;2,96;2,99;16.034.692
2017-05-24;2,99;2,99;2,95;2,98;13.552.334
2017-05-25;2,99;2,99;2,96;2,97;8.128.677
2017-05-26;2,98;3,05;2,96;3,04;17.525.683
2017-05-29;3,03;3,06;3,03;3,05;9.479.860
2017-05-30;3,05;3,06;3,01;3,01;13.908.412
2017-05-31;3,01;3,05;3,01;3,03;19.573.815
2017-06-01;3,04;3,09;3,02;3,05;18.491.178
2017-06-02;3,06;3,07;3,04;3,05;13.565.914
2017-06-05;3,06;3,06;3,04;3,05;7.039.632
2017-06-06;3,04;3,05;3,03;3,05;9.062.465
2017-06-07;3,04;3,06;3,03;3,03;10.972.613
2017-06-08;3,02;3,04;3,01;3,02;11.122.091
2017-06-09;3,02;3,05;3,02;3,02;11.674.621
2017-06-12;3,01;3,01;3,00;3,00;11.280.245
2017-06-13;3,00;3,02;2,99;3,01;11.544.347
2017-06-14;3,00;3,05;3,00;3,03;18.669.509
2017-06-15;3,03;3,03;2,94;2,95;22.621.253
2017-06-16;2,97;2,99;2,94;2,98;20.091.853
2017-06-19;2,99;2,99;2,95;2,97;10.769.088
2017-06-20;2,98;3,00;2,97;2,97;10.908.443
2017-06-21;2,96;2,99;2,94;2,99;12.331.901
2017-06-22;3,02;3,05;2,98;3,03;19.486.965
2017-06-23;3,01;3,01;2,91;2,93;30.406.542
2017-06-26;2,94;2,96;2,90;2,90;18.235.078
2017-06-27;2,89;2,90;2,84;2,85;27.054.674
2017-06-28;2,85;2,86;2,82;2,83;18.905.852
2017-06-29;2,84;2,85;2,79;2,81;18.471.672
2017-06-30;2,80;2,83;2,79;2,80;16.730.277
2017-07-03;2,82;2,84;2,80;2,83;11.083.392
2017-07-04;2,83;2,83;2,80;2,81;9.876.431
2017-07-05;2,81;2,83;2,79;2,80;10.141.725
2017-07-06;2,80;2,85;2,79;2,84;17.718.110
2017-07-07;2,84;2,86;2,83;2,86;11.526.173
2017-07-10;2,87;2,88;2,85;2,87;9.644.945
2017-07-11;2,88;2,89;2,84;2,85;11.114.667
2017-07-12;2,85;2,88;2,85;2,86;13.725.751
2017-07-13;2,87;2,92;2,86;2,89;16.576.833
2017-07-14;2,90;2,90;2,88;2,89;9.480.088
2017-07-17;2,89;2,93;2,89;2,92;11.458.332
2017-07-18;2,92;2,93;2,91;2,92;11.376.157
2017-07-19;2,93;2,96;2,90;2,95;10.933.360
2017-07-20;2,96;2,98;2,94;2,97;13.753.513
2017-07-21;2,97;3,01;2,97;2,99;19.947.961
2017-07-24;2,99;3,00;2,96;2,98;14.320.554
2017-07-25;2,98;2,99;2,95;2,95;17.204.535
2017-07-26;3,01;3,09;2,98;3,07;32.246.749
2017-07-27;3,09;3,15;3,09;3,14;26.669.982
2017-07-28;3,09;3,10;3,05;3,07;18.209.250
2017-07-31;3,07;3,07;3,05;3,06;15.785.243
2017-08-01;3,07;3,09;3,06;3,08;13.004.732
2017-08-02;3,08;3,10;3,07;3,09;12.598.927
2017-08-03;3,07;3,10;3,06;3,09;11.288.277
2017-08-04;3,09;3,11;3,09;3,10;10.057.934
2017-08-07;3,10;3,13;3,10;3,12;10.006.937
2017-08-08;3,12;3,15;3,11;3,14;8.994.706
2017-08-09;3,13;3,14;3,11;3,11;9.823.811
2017-08-10;3,10;3,12;3,09;3,10;8.682.000
2017-08-11;3,09;3,10;3,04;3,05;9.754.731
2017-08-14;3,07;3,09;3,05;3,08;5.643.637
2017-08-15;3,10;3,11;3,08;3,09;6.027.033
2017-08-16;3,10;3,10;3,07;3,07;6.828.828
2017-08-17;3,07;3,09;3,07;3,07;7.299.489
2017-08-18;3,07;3,07;3,03;3,04;9.650.232
2017-08-21;3,03;3,04;2,99;3,00;11.881.146
2017-08-22;3,00;3,02;2,99;3,01;8.250.982
2017-08-23;3,02;3,03;2,99;2,99;8.046.282
2017-08-24;3,00;3,01;2,96;2,97;10.115.967
2017-08-25;2,97;2,98;2,96;2,97;6.655.213
2017-08-28;2,95;2,97;2,94;2,96;7.206.352
2017-08-29;2,94;2,95;2,92;2,95;9.922.518
2017-08-30;2,96;2,97;2,94;2,96;8.930.799
2017-08-31;2,97;2,97;2,94;2,97;10.697.428
2017-09-01;2,97;2,98;2,95;2,96;7.361.435
2017-09-04;2,98;3,00;2,96;2,97;9.167.116
2017-09-05;2,97;2,97;2,93;2,95;9.317.513
2017-09-06;2,93;2,94;2,91;2,93;10.248.444
2017-09-07;2,93;2,94;2,89;2,90;12.468.509
2017-09-08;2,90;2,92;2,88;2,92;11.623.117
2017-09-11;2,93;2,95;2,92;2,94;11.171.121
2017-09-12;2,95;2,96;2,93;2,93;12.152.813
2017-09-13;2,93;2,98;2,93;2,97;12.227.909
2017-09-14;2,98;2,99;2,96;2,98;13.222.265
2017-09-15;2,99;2,99;2,93;2,94;20.496.273
2017-09-18;2,95;2,98;2,95;2,97;8.500.784
2017-09-19;2,97;3,01;2,96;2,99;8.488.944
2017-09-20;2,99;3,04;2,98;3,00;9.859.255
2017-09-21;3,02;3,02;2,92;2,93;13.002.225
2017-09-22;2,91;2,92;2,85;2,86;21.898.153
2017-09-25;2,86;2,90;2,85;2,88;13.374.723
2017-09-26;2,89;2,91;2,88;2,90;9.811.287
2017-09-27;2,90;2,91;2,86;2,87;15.030.835
2017-09-28;2,88;2,88;2,85;2,85;12.309.272
2017-09-29;2,87;2,91;2,86;2,91;15.307.555
2017-10-02;2,91;2,91;2,89;2,90;8.117.601
2017-10-03;2,90;2,92;2,89;2,90;7.133.172
2017-10-04;2,90;2,91;2,89;2,89;11.190.171
2017-10-05;2,90;2,94;2,89;2,92;11.760.805
2017-10-06;2,92;2,95;2,92;2,94;11.631.657
2017-10-09;2,94;2,96;2,93;2,95;7.391.136
2017-10-10;2,95;2,97;2,94;2,96;8.120.578
2017-10-11;2,95;2,99;2,95;2,98;14.557.469
2017-10-12;2,97;2,98;2,95;2,96;10.819.587
2017-10-13;2,97;3,00;2,96;2,96;10.511.465
2017-10-16;2,97;2,98;2,94;2,94;7.422.065
2017-10-17;2,95;2,97;2,94;2,95;9.634.350
2017-10-18;2,97;2,97;2,95;2,95;6.527.355
2017-10-19;2,96;2,98;2,95;2,98;12.715.242
2017-10-20;2,99;3,00;2,95;2,96;9.966.602
2017-10-23;2,97;3,05;2,96;3,02;17.822.961
2017-10-24;3,02;3,03;2,99;2,99;10.940.589
2017-10-25;2,99;2,99;2,96;2,96;9.104.331
2017-10-26;2,96;3,03;2,96;2,99;17.933.821
2017-10-27;3,01;3,01;2,93;2,95;15.473.681
2017-10-30;2,96;2,96;2,93;2,95;12.254.519
2017-10-31;2,95;2,97;2,94;2,96;11.852.073
2017-11-01;2,98;3,01;2,95;2,98;13.683.575
2017-11-02;2,98;3,00;2,96;2,99;13.086.956
2017-11-03;2,98;2,99;2,96;2,97;9.430.178
2017-11-06;2,96;2,97;2,94;2,96;10.841.450
2017-11-07;2,96;2,98;2,95;2,96;10.318.961
2017-11-08;2,96;2,97;2,95;2,95;11.069.835
2017-11-09;2,95;2,96;2,93;2,95;14.750.588
2017-11-10;2,95;2,97;2,94;2,95;9.668.801
2017-11-13;2,95;2,96;2,94;2,95;11.778.745
2017-11-14;2,96;3,00;2,95;3,00;16.118.267
2017-11-15;2,99;3,02;2,97;3,01;16.904.069
2017-11-16;3,01;3,01;2,97;2,99;9.616.553
2017-11-17;2,99;3,00;2,91;2,96;21.989.180
2017-11-20;2,95;3,01;2,95;3,00;11.908.845
2017-11-21;3,01;3,01;2,96;2,97;11.285.504
2017-11-22;2,97;3,01;2,96;3,00;13.429.154
2017-11-23;2,98;3,01;2,97;3,00;7.803.536
2017-11-24;3,00;3,01;2,98;2,98;6.920.550
2017-11-27;2,99;3,02;2,98;3,00;10.239.009
2017-11-28;3,00;3,03;2,98;3,03;12.161.293
2017-11-29;3,03;3,06;3,02;3,05;13.218.607
2017-11-30;3,06;3,11;3,04;3,08;24.300.638
2017-12-01;3,08;3,10;3,05;3,05;13.225.705
2017-12-04;3,07;3,08;3,04;3,04;15.269.908
2017-12-05;3,05;3,07;3,04;3,04;12.645.468
2017-12-06;3,03;3,06;3,01;3,04;8.635.978
2017-12-07;3,05;3,10;2,96;2,99;37.984.289
2017-12-08;2,97;2,98;2,92;2,92;22.989.835
2017-12-11;2,94;2,94;2,90;2,93;20.853.556
2017-12-12;2,93;2,95;2,93;2,94;15.407.986
2017-12-13;2,94;2,95;2,89;2,90;13.035.935
2017-12-14;2,90;2,91;2,88;2,88;14.115.502
2017-12-15;2,91;2,94;2,89;2,93;26.014.104
2017-12-18;2,92;2,95;2,92;2,93;10.761.292
2017-12-19;2,93;2,95;2,93;2,94;10.000.031
2017-12-20;2,94;2,95;2,90;2,91;9.486.653
2017-12-21;2,90;2,93;2,89;2,92;10.018.832
2017-12-22;2,91;2,92;2,90;2,91;5.091.098
2017-12-27;2,90;2,92;2,90;2,91;4.783.985
2017-12-28;2,91;2,92;2,91;2,91;5.092.725
2017-12-29;2,91;2,92;2,90;2,91;6.228.366
2018-01-02;2,91;2,91;2,88;2,91;7.874.055
2018-01-03;2,91;2,91;2,86;2,87;16.397.174
2018-01-04;2,89;2,90;2,85;2,90;15.392.919
2018-01-05;2,92;2,92;2,88;2,91;12.854.885
2018-01-08;2,92;2,93;2,91;2,92;11.218.985
2018-01-09;2,92;2,93;2,89;2,90;12.024.230
2018-01-10;2,90;2,90;2,83;2,85;14.868.922
2018-01-11;2,85;2,86;2,82;2,83;13.458.281
2018-01-12;2,84;2,85;2,83;2,85;9.560.093
2018-01-15;2,85;2,86;2,84;2,84;8.808.935
2018-01-16;2,85;2,87;2,84;2,87;9.984.036
2018-01-17;2,87;2,88;2,84;2,85;8.888.001
2018-01-18;2,85;2,85;2,81;2,82;15.336.174
2018-01-19;2,83;2,84;2,81;2,83;11.026.466
2018-01-22;2,84;2,89;2,83;2,87;12.770.479
2018-01-23;2,88;2,91;2,87;2,89;11.472.082
2018-01-24;2,89;2,90;2,86;2,86;9.290.240
2018-01-25;2,85;2,89;2,85;2,86;10.273.575
2018-01-26;2,87;2,89;2,86;2,89;8.761.861
2018-01-29;2,88;2,89;2,85;2,86;8.451.068
2018-01-30;2,87;2,88;2,84;2,85;10.566.066
2018-01-31;2,80;2,88;2,79;2,82;20.117.452
2018-02-01;2,84;2,86;2,80;2,82;15.606.216
2018-02-02;2,81;2,82;2,77;2,78;14.745.715
2018-02-05;2,77;2,77;2,68;2,69;19.665.586
2018-02-06;2,64;2,67;2,58;2,59;28.548.185
2018-02-07;2,63;2,68;2,62;2,66;22.937.592
2018-02-08;2,66;2,66;2,60;2,61;18.523.181
2018-02-09;2,60;2,60;2,53;2,53;19.595.674
2018-02-12;2,57;2,60;2,54;2,59;16.649.106
2018-02-13;2,59;2,59;2,55;2,57;11.686.792
2018-02-14;2,58;2,61;2,57;2,59;14.379.560
2018-02-15;2,59;2,59;2,55;2,56;13.832.160
2018-02-16;2,57;2,61;2,56;2,59;11.066.235
2018-02-19;2,59;2,59;2,57;2,59;7.200.676
2018-02-20;2,59;2,61;2,59;2,60;7.917.812
2018-02-21;2,60;2,61;2,58;2,59;9.723.233
2018-02-22;2,58;2,60;2,55;2,59;11.231.438
2018-02-23;2,59;2,63;2,57;2,63;10.252.928
2018-02-26;2,64;2,65;2,61;2,64;12.358.279
2018-02-27;2,65;2,65;2,59;2,59;15.233.584
2018-02-28;2,59;2,61;2,57;2,57;14.256.815
2018-03-01;2,57;2,58;2,55;2,56;14.442.712
2018-03-02;2,54;2,56;2,48;2,49;17.357.320
2018-03-05;2,49;2,51;2,49;2,50;15.468.783
2018-03-06;2,54;2,55;2,52;2,54;12.523.066
2018-03-07;2,53;2,54;2,51;2,51;14.025.582
2018-03-08;2,52;2,55;2,51;2,54;15.184.288
2018-03-09;2,54;2,55;2,53;2,55;8.520.225
2018-03-12;2,56;2,56;2,54;2,55;8.436.730
2018-03-13;2,56;2,56;2,53;2,53;10.346.937
2018-03-14;2,53;2,54;2,52;2,52;10.379.285
2018-03-15;2,53;2,53;2,48;2,49;11.288.072
2018-03-16;0,00;0,00;0,00;2,54;0
2018-03-19;0,00;0,00;0,00;2,51;0
2018-03-20;0,00;0,00;0,00;2,47;0
2018-03-21;0,00;0,00;0,00;2,44;0
2018-03-22;0,00;0,00;0,00;2,41;0
2018-03-23;2,39;2,45;2,38;2,43;14.890.130
2018-03-26;2,43;2,43;2,38;2,39;10.165.658
2018-03-27;2,41;2,43;2,39;2,42;14.225.852
2018-03-28;2,40;2,47;2,40;2,46;15.531.047
2018-03-29;2,45;2,46;2,42;2,44;14.994.997
2018-04-03;2,41;2,43;2,40;2,40;15.699.265
2018-04-04;2,40;2,41;2,38;2,40;15.870.010
2018-04-05;2,41;2,42;2,37;2,41;24.642.435
2018-04-06;2,39;2,45;2,39;2,43;18.571.907
2018-04-09;2,44;2,47;2,43;2,46;14.172.839
2018-04-10;2,46;2,46;2,42;2,43;19.320.493
2018-04-11;2,43;2,48;2,43;2,46;16.308.119
2018-04-12;2,46;2,48;2,44;2,48;17.312.573
2018-04-13;2,48;2,50;2,47;2,48;11.062.561
2018-04-16;2,47;2,51;2,46;2,50;12.565.852
2018-04-17;2,49;2,53;2,49;2,52;13.572.181
2018-04-18;2,51;2,52;2,46;2,47;21.004.209
2018-04-19;2,47;2,48;2,46;2,47;11.557.969
2018-04-20;2,42;2,45;2,40;2,42;18.614.986
2018-04-23;2,42;2,46;2,42;2,45;13.055.764
2018-04-24;2,46;2,47;2,43;2,44;11.120.960
2018-04-25;2,43;2,49;2,43;2,49;20.644.953
2018-04-26;2,52;2,60;2,44;2,60;37.540.902
2018-04-27;2,60;2,60;2,54;2,55;20.804.545
2018-04-30;2,60;2,60;2,54;2,58;16.930.274
2018-05-02;2,58;2,58;2,56;2,57;17.659.917
2018-05-03;2,57;2,58;2,55;2,55;9.512.235
2018-05-04;2,55;2,57;2,54;2,54;13.001.292
2018-05-07;2,54;2,55;2,54;2,54;4.513.404
2018-05-08;2,55;2,59;2,54;2,59;16.349.037
2018-05-09;2,60;2,60;2,56;2,60;13.595.982
2018-05-10;2,58;2,59;2,56;2,57;8.994.783
2018-05-11;2,56;2,57;2,54;2,54;13.053.506
2018-05-14;2,54;2,56;2,51;2,51;14.133.522
2018-05-15;2,50;2,50;2,44;2,45;21.299.528
2018-05-16;2,45;2,45;2,41;2,43;18.233.021
2018-05-17;2,43;2,46;2,41;2,46;16.007.444
2018-05-18;2,46;2,46;2,42;2,42;9.650.435
2018-05-21;2,43;2,43;2,41;2,42;7.272.482
2018-05-22;2,39;2,42;2,35;2,42;21.232.545
2018-05-23;2,41;2,42;2,40;2,41;13.722.215
2018-05-24;2,41;2,42;2,37;2,37;16.021.290
2018-05-25;2,36;2,37;2,34;2,35;15.062.608
2018-05-28;2,36;2,37;2,35;2,35;5.097.843
2018-05-29;2,36;2,36;2,30;2,33;15.436.023
2018-05-30;0,00;2,34;2,32;2,32;13.977.455
2018-05-31;2,34;2,36;2,32;2,33;17.829.729
2018-06-01;2,34;2,38;2,32;2,35;14.163.707
2018-06-04;2,36;2,39;2,36;2,37;9.633.035
2018-06-05;2,37;2,39;2,35;2,36;14.895.570
2018-06-06;2,36;2,37;2,33;2,37;12.813.711
2018-06-07;2,38;2,43;2,37;2,42;23.814.319
2018-06-08;2,40;2,41;2,36;2,39;16.198.276
2018-06-11;2,40;2,43;2,40;2,42;15.963.679
2018-06-12;2,43;2,43;2,41;2,43;14.312.258
2018-06-13;2,44;2,45;2,40;2,40;13.264.804
2018-06-14;2,39;2,42;2,38;2,41;14.723.299
2018-06-15;2,41;2,41;2,37;2,40;39.070.415
2018-06-18;2,39;2,42;2,37;2,38;10.038.238
2018-06-19;2,37;2,39;2,35;2,39;12.350.508
2018-06-20;2,40;2,42;2,37;2,39;13.591.320
2018-06-21;2,39;2,40;2,37;2,38;10.685.911
2018-06-22;2,38;2,43;2,38;2,42;13.636.352
2018-06-25;2,43;2,43;2,40;2,40;8.147.657
2018-06-26;2,40;2,41;2,35;2,35;14.362.821
2018-06-27;2,35;2,39;2,31;2,37;13.646.498
2018-06-28;2,36;2,37;2,32;2,34;12.869.461
2018-06-29;2,35;2,36;2,31;2,33;16.697.379
2018-07-02;2,31;2,33;2,29;2,30;15.573.792
2018-07-03;2,31;2,38;2,30;2,37;15.278.424
2018-07-04;2,36;2,42;2,35;2,40;14.542.461
2018-07-05;2,40;2,43;2,39;2,41;17.755.875
2018-07-06;2,43;2,46;2,43;2,46;18.964.987
2018-07-09;2,48;2,49;2,45;2,47;13.080.585
2018-07-10;2,47;2,48;2,45;2,48;10.752.768
2018-07-11;2,46;2,49;2,45;2,46;19.309.519
2018-07-12;2,47;2,48;2,46;2,48;12.493.725
2018-07-13;2,49;2,49;2,46;2,46;8.674.056
2018-07-16;2,47;2,47;2,44;2,46;7.604.835
2018-07-17;2,46;2,46;2,40;2,41;14.989.044
2018-07-18;2,42;2,44;2,40;2,41;11.641.370
2018-07-19;2,42;2,44;2,40;2,44;12.296.085
2018-07-20;2,44;2,50;2,42;2,49;20.972.592
2018-07-23;2,49;2,50;2,47;2,48;9.598.754
2018-07-24;2,49;2,49;2,45;2,46;14.160.914
2018-07-25;2,45;2,47;2,44;2,46;9.500.605
2018-07-26;2,51;2,58;2,50;2,53;29.102.840
2018-07-27;2,54;2,58;2,54;2,56;17.264.503
2018-07-30;2,52;2,53;2,48;2,50;12.830.646
2018-07-31;2,51;2,51;2,47;2,48;17.077.574
2018-08-01;2,47;2,49;2,45;2,46;15.216.327
2018-08-02;2,45;2,47;2,43;2,43;18.776.037
2018-08-03;2,44;2,44;2,42;2,44;16.275.482
2018-08-06;2,45;2,47;2,44;2,46;10.054.785
2018-08-07;2,46;2,48;2,45;2,47;9.688.306
2018-08-08;2,46;2,47;2,43;2,44;13.655.037
2018-08-09;2,44;2,44;2,40;2,42;14.612.505
2018-08-10;2,41;2,42;2,36;2,36;13.669.662
2018-08-13;2,35;2,37;2,35;2,36;7.260.910
2018-08-14;2,36;2,38;2,35;2,35;9.312.305
2018-08-15;2,36;2,37;2,29;2,32;13.704.418
2018-08-16;2,32;2,34;2,31;2,33;16.921.035
2018-08-17;2,33;2,35;2,28;2,29;12.913.616
2018-08-20;2,29;2,30;2,26;2,26;17.421.338
2018-08-21;2,26;2,29;2,25;2,28;11.882.115
2018-08-22;2,27;2,30;2,26;2,26;16.938.024
2018-08-23;2,27;2,29;2,24;2,25;14.812.131
2018-08-24;2,26;2,26;2,23;2,23;11.754.284
2018-08-27;2,24;2,25;2,23;2,24;6.045.819
2018-08-28;2,25;2,25;2,21;2,23;16.391.252
2018-08-29;2,23;2,24;2,20;2,23;11.109.615
2018-08-30;2,20;2,21;2,14;2,20;30.231.650
2018-08-31;2,19;2,21;2,18;2,20;18.718.132
2018-09-03;2,20;2,21;2,18;2,20;8.757.160
2018-09-04;2,20;2,21;2,16;2,19;18.069.762
2018-09-05;2,18;2,21;2,17;2,19;18.978.590
2018-09-06;2,18;2,22;2,16;2,19;14.913.907
2018-09-07;2,20;2,23;2,20;2,21;18.681.055
2018-09-10;2,21;2,27;2,20;2,24;13.808.749
2018-09-11;2,25;2,25;2,21;2,23;14.620.617
2018-09-12;2,23;2,25;2,22;2,24;14.130.471
2018-09-13;2,24;2,28;2,23;2,25;14.322.598
2018-09-14;2,25;2,28;2,24;2,28;20.084.744
2018-09-17;2,26;2,29;2,26;2,27;14.034.861
2018-09-18;2,27;2,29;2,26;2,29;13.472.879
2018-09-19;2,28;2,29;2,27;2,27;13.395.475
2018-09-20;2,27;2,32;2,27;2,32;14.195.510
2018-09-21;2,32;2,35;2,32;2,34;25.219.183
2018-09-24;2,34;2,34;2,29;2,29;13.209.694
2018-09-25;2,29;2,32;2,29;2,31;10.991.918
2018-09-26;2,31;2,31;2,29;2,31;12.230.190
2018-09-27;2,30;2,35;2,28;2,34;12.997.263
2018-09-28;2,33;2,33;2,27;2,27;18.638.558
2018-10-01;2,27;2,31;2,27;2,29;11.252.583
2018-10-02;2,28;2,29;2,25;2,25;11.902.493
2018-10-03;2,26;2,29;2,26;2,27;8.902.399
2018-10-04;2,27;2,28;2,25;2,26;10.681.874
2018-10-05;2,26;2,28;2,25;2,27;9.792.215
2018-10-08;2,26;2,28;2,25;2,26;11.313.688
2018-10-09;2,26;2,26;2,23;2,26;9.828.424
2018-10-10;2,26;2,35;2,26;2,32;25.230.637
2018-10-11;2,30;2,34;2,29;2,32;20.371.409
2018-10-12;2,33;2,33;2,23;2,23;26.375.790
2018-10-15;2,23;2,30;2,23;2,30;16.277.775
2018-10-16;2,30;2,35;2,30;2,33;16.468.893
2018-10-17;2,39;2,43;2,36;2,37;19.905.836
2018-10-18;2,39;2,44;2,37;2,38;19.829.308
2018-10-19;2,38;2,42;2,38;2,41;15.789.701
2018-10-22;2,41;2,42;2,37;2,37;11.993.255
2018-10-23;2,36;2,38;2,31;2,33;14.082.101
2018-10-24;2,35;2,43;2,34;2,39;22.382.419
2018-10-25;2,37;2,40;2,33;2,36;16.999.912
2018-10-26;2,33;2,37;2,27;2,29;17.829.964
2018-10-29;2,29;2,32;2,27;2,31;12.330.898
2018-10-30;2,31;2,32;2,28;2,31;10.737.717
2018-10-31;2,33;2,34;2,30;2,34;17.165.111
2018-11-01;2,34;2,41;2,34;2,36;14.686.748
2018-11-02;2,39;2,39;2,33;2,34;12.516.978
2018-11-05;2,33;2,40;2,33;2,37;14.153.265
2018-11-06;2,43;2,44;2,36;2,37;15.922.306
2018-11-07;2,37;2,41;2,37;2,39;11.415.701
2018-11-08;2,38;2,40;2,37;2,39;7.641.919
2018-11-09;2,38;2,39;2,37;2,39;7.851.457
2018-11-12;2,39;2,40;2,37;2,38;6.508.896
2018-11-13;2,40;2,42;2,38;2,41;12.704.894
2018-11-14;2,41;2,45;2,38;2,43;13.878.620
2018-11-15;2,44;2,45;2,38;2,40;17.273.989
2018-11-16;2,40;2,41;2,38;2,40;10.907.591
2018-11-19;2,40;2,43;2,40;2,41;9.090.419
2018-11-20;2,40;2,42;2,34;2,36;19.785.340
2018-11-21;2,37;2,42;2,36;2,39;14.381.895
2018-11-22;2,38;2,39;2,34;2,34;15.117.326
2018-11-23;2,35;2,39;2,34;2,38;9.587.955
2018-11-26;2,40;2,54;2,39;2,52;34.573.855
2018-11-27;2,53;2,56;2,49;2,50;23.085.149
2018-11-28;2,53;2,57;2,51;2,55;28.628.138
2018-11-29;2,55;2,58;2,52;2,54;14.575.180
2018-11-30;2,53;2,63;2,53;2,61;31.603.706
2018-12-03;2,65;2,65;2,60;2,62;18.946.266
2018-12-04;2,62;2,65;2,62;2,65;20.100.702
2018-12-05;2,62;2,69;2,61;2,65;14.810.604
2018-12-06;2,63;2,65;2,58;2,58;26.695.611
2018-12-07;2,64;2,66;2,61;2,63;18.743.715
2018-12-10;2,60;2,62;2,56;2,57;17.155.627
2018-12-11;2,59;2,64;2,57;2,59;19.344.365
2018-12-12;2,60;2,64;2,60;2,64;18.151.798
2018-12-13;2,66;2,66;2,56;2,56;23.426.019
2018-12-14;2,56;2,63;2,55;2,62;16.764.138
2018-12-17;2,63;2,64;2,61;2,62;11.888.884
2018-12-18;2,64;2,64;2,57;2,60;20.221.271
2018-12-19;2,61;2,63;2,59;2,61;14.363.720
2018-12-20;2,58;2,60;2,54;2,55;21.572.333
2018-12-21;2,54;2,57;2,52;2,55;27.788.276
2018-12-24;2,52;2,53;2,50;2,52;2.691.267
2018-12-27;2,55;2,56;2,46;2,48;15.326.092
2018-12-28;2,46;2,53;2,46;2,52;11.540.667
2018-12-31;2,52;2,56;2,52;2,56;3.598.292
2019-01-02;2,54;2,57;2,50;2,55;8.738.009
2019-01-03;2,52;2,58;2,52;2,57;16.535.304
2019-01-04;2,57;2,60;2,54;2,58;15.652.725
2019-01-07;2,60;2,60;2,54;2,55;12.176.347
2019-01-08;2,53;2,55;2,49;2,50;20.492.610
2019-01-09;2,51;2,52;2,46;2,49;15.605.765
2019-01-10;2,49;2,52;2,48;2,50;16.429.003
2019-01-11;2,49;2,52;2,49;2,51;11.208.648
2019-01-14;2,50;2,51;2,45;2,47;11.574.857
2019-01-15;2,52;2,52;2,45;2,47;14.198.900
2019-01-16;2,49;2,49;2,44;2,47;13.640.391
2019-01-17;2,45;2,50;2,45;2,50;14.307.907
2019-01-18;2,50;2,53;2,47;2,53;15.998.977
2019-01-21;2,52;2,53;2,48;2,49;9.370.983
2019-01-22;2,48;2,51;2,48;2,50;13.081.915
2019-01-23;2,49;2,52;2,48;2,49;13.964.101
2019-01-24;2,48;2,49;2,47;2,48;11.753.978
2019-01-25;2,48;2,53;2,47;2,52;22.602.252
2019-01-28;2,51;2,60;2,51;2,55;24.812.809
2019-01-29;2,55;2,56;2,50;2,51;19.108.530
2019-01-30;2,43;2,53;2,36;2,53;42.062.722
2019-01-31;2,53;2,80;2,47;2,69;80.569.576
2019-02-01;2,70;2,76;2,63;2,75;42.145.480
2019-02-04;2,75;2,75;2,70;2,71;19.536.609
2019-02-05;2,69;2,75;2,68;2,75;20.165.327
2019-02-06;2,73;2,78;2,70;2,71;17.327.210
2019-02-07;2,70;2,71;2,67;2,69;16.617.875
2019-02-08;2,69;2,71;2,67;2,70;20.481.689
2019-02-11;2,71;2,72;2,68;2,68;16.738.143
2019-02-12;2,70;2,71;2,66;2,70;14.277.374
2019-02-13;2,69;2,73;2,69;2,72;11.658.391
2019-02-14;2,73;2,74;2,69;2,72;14.166.631
2019-02-15;2,72;2,74;2,71;2,72;16.473.526
2019-02-18;2,72;2,74;2,72;2,73;7.791.383
2019-02-19;2,75;2,77;2,73;2,73;11.827.432
2019-02-20;2,74;2,74;2,72;2,73;9.902.253
2019-02-21;2,74;2,76;2,72;2,75;16.498.752
2019-02-22;2,74;2,76;2,73;2,76;9.843.493
2019-02-25;2,76;2,77;2,74;2,74;10.530.671
2019-02-26;2,73;2,75;2,71;2,74;9.715.577
2019-02-27;2,73;2,76;2,72;2,74;11.802.122
2019-02-28;2,72;2,73;2,69;2,71;19.926.700
2019-03-01;2,72;2,74;2,70;2,71;13.835.522
2019-03-04;2,72;2,75;2,72;2,73;11.040.855
2019-03-05;2,74;2,77;2,64;2,67;27.935.896
2019-03-06;2,69;2,70;2,66;2,67;15.589.089
2019-03-07;2,68;2,73;2,66;2,73;16.928.458
2019-03-08;2,72;2,78;2,72;2,77;18.445.448
2019-03-11;2,78;2,79;2,75;2,77;11.551.331
2019-03-12;2,76;2,77;2,75;2,76;12.353.873
2019-03-13;2,75;2,78;2,73;2,76;13.083.509
2019-03-14;2,77;2,79;2,76;2,78;12.694.960
2019-03-15;2,78;2,82;2,77;2,82;26.902.572
2019-03-18;2,81;2,85;2,80;2,83;14.475.461
2019-03-19;2,84;2,85;2,83;2,83;13.368.793
2019-03-20;2,84;2,86;2,83;2,84;12.076.896
2019-03-21;2,84;2,85;2,83;2,85;11.706.984
2019-03-22;2,86;2,86;2,83;2,85;11.605.731
2019-03-25;2,84;2,88;2,84;2,86;14.922.214
2019-03-26;2,86;2,88;2,83;2,83;17.073.243
2019-03-27;2,84;2,85;2,81;2,82;15.781.262
2019-03-28;2,83;2,84;2,77;2,78;17.021.487
2019-03-29;2,78;2,83;2,76;2,83;15.583.557
2019-04-01;2,84;2,84;2,79;2,79;13.626.171
2019-04-02;2,78;2,80;2,77;2,79;16.959.098
2019-04-03;2,79;2,81;2,77;2,81;17.136.497
2019-04-04;2,82;2,83;2,80;2,81;10.071.553
2019-04-05;2,81;2,83;2,80;2,81;12.852.652
2019-04-08;2,81;2,82;2,78;2,78;16.803.526
2019-04-09;2,79;2,81;2,79;2,81;12.431.600
2019-04-10;2,81;2,89;2,81;2,88;23.163.541
2019-04-11;2,90;2,91;2,86;2,88;19.082.295
2019-04-12;2,80;2,80;2,71;2,76;19.781.759
2019-04-15;2,77;2,80;2,76;2,79;10.178.985
2019-04-16;2,80;2,80;2,78;2,78;10.528.950
2019-04-17;2,79;2,79;2,75;2,78;18.477.164
2019-04-18;2,77;2,80;2,77;2,77;13.471.158
2019-04-23;2,78;2,79;2,74;2,75;15.057.253
2019-04-24;2,75;2,75;2,70;2,71;21.513.690
2019-04-25;2,70;2,72;2,68;2,69;14.576.333
2019-04-26;2,69;2,78;2,65;2,73;26.445.485
2019-04-29;2,72;2,74;2,70;2,70;12.877.159
2019-04-30;2,70;2,74;2,69;2,74;18.624.185
2019-05-02;2,70;2,73;2,70;2,71;11.827.373
2019-05-03;2,70;2,72;2,68;2,68;10.223.576
2019-05-06;2,66;2,70;2,66;2,68;8.801.316
2019-05-07;2,68;2,74;2,68;2,71;19.771.888
2019-05-08;2,70;2,73;2,69;2,73;15.398.866
2019-05-09;2,71;2,73;2,69;2,70;7.664.223
2019-05-10;2,71;2,72;2,69;2,71;6.794.335
2019-05-13;2,68;2,69;2,64;2,66;9.343.535
2019-05-14;2,67;2,71;2,67;2,68;10.927.625
2019-05-15;2,69;2,69;2,65;2,65;12.326.291
2019-05-16;2,65;2,68;2,63;2,68;9.521.946
2019-05-17;2,66;2,69;2,65;2,67;7.502.166
2019-05-20;2,67;2,72;2,67;2,72;9.300.551
2019-05-21;2,74;2,74;2,71;2,73;11.079.905
2019-05-22;2,72;2,74;2,70;2,73;7.448.274
2019-05-23;2,71;2,72;2,67;2,68;12.751.579
2019-05-24;2,69;2,73;2,68;2,70;10.788.257
2019-05-27;2,70;2,74;2,70;2,73;4.194.627
2019-05-28;2,73;2,74;2,70;2,73;27.261.440
2019-05-29;2,73;2,73;2,68;2,69;10.071.735
2019-05-30;2,75;2,76;2,71;2,72;10.924.536
2019-05-31;2,70;2,74;2,69;2,74;14.227.133
2019-06-03;2,72;2,75;2,70;2,75;12.969.475
2019-06-04;2,75;2,79;2,73;2,77;15.387.789
2019-06-05;2,78;2,84;2,78;2,84;16.787.311
2019-06-06;2,83;2,88;2,82;2,82;15.570.388
2019-06-07;2,83;2,86;2,81;2,85;9.412.631
2019-06-10;2,85;2,86;2,84;2,86;3.458.406
2019-06-11;2,85;2,86;2,84;2,84;13.335.232
2019-06-12;2,84;2,90;2,84;2,90;13.665.352
2019-06-13;2,89;2,91;2,87;2,87;12.524.742
2019-06-14;2,87;2,87;2,83;2,84;11.647.046
2019-06-17;2,84;2,86;2,81;2,81;10.498.098
2019-06-18;2,82;2,85;2,79;2,84;14.330.670
2019-06-19;2,84;2,85;2,82;2,84;10.178.255
2019-06-20;2,85;2,86;2,83;2,83;13.908.840
2019-06-21;2,83;2,84;2,79;2,82;17.636.409
2019-06-24;2,82;2,84;2,81;2,81;6.652.254
2019-06-25;2,79;2,79;2,70;2,76;20.460.332
2019-06-26;2,75;2,77;2,73;2,77;13.504.073
2019-06-27;2,77;2,77;2,72;2,72;12.062.462
2019-06-28;2,72;2,73;2,70;2,70;17.035.045
2019-07-01;2,71;2,72;2,68;2,69;15.698.649
2019-07-02;2,70;2,71;2,68;2,69;19.661.091
2019-07-03;2,69;2,71;2,69;2,70;12.626.815
2019-07-04;2,70;2,73;2,69;2,73;10.790.742
2019-07-05;2,73;2,74;2,70;2,70;10.106.870
2019-07-08;2,70;2,71;2,66;2,66;13.652.004
2019-07-09;2,67;2,71;2,67;2,70;12.953.212
2019-07-10;2,70;2,70;2,67;2,67;12.595.179
2019-07-11;2,68;2,70;2,66;2,66;11.952.832
2019-07-12;2,67;2,69;2,66;2,66;12.789.148
2019-07-15;2,66;2,66;2,63;2,63;14.037.968
2019-07-16;2,63;2,64;2,59;2,62;14.650.645
2019-07-17;2,61;2,69;2,59;2,62;18.200.590
2019-07-18;2,60;2,66;2,60;2,64;15.738.218
2019-07-19;2,64;2,66;2,61;2,62;15.437.955
2019-07-22;2,62;2,62;2,57;2,59;14.246.347
2019-07-23;2,60;2,61;2,58;2,58;16.639.865
2019-07-24;2,65;2,67;2,62;2,65;34.706.264
2019-07-25;2,67;2,69;2,61;2,62;23.527.317
2019-07-26;2,59;2,59;2,52;2,56;24.804.000
2019-07-29;2,57;2,65;2,57;2,63;25.720.736
2019-07-30;2,64;2,64;2,58;2,58;13.261.107
2019-07-31;2,59;2,60;2,56;2,58;15.016.307
2019-08-01;2,58;2,63;2,57;2,62;18.345.176
2019-08-02;2,60;2,67;2,59;2,66;24.924.111
2019-08-05;2,64;2,70;2,64;2,65;22.310.679
2019-08-06;2,66;2,71;2,65;2,69;22.091.133
2019-08-07;2,71;2,71;2,68;2,68;17.429.634
2019-08-08;2,70;2,71;2,68;2,69;17.549.115
2019-08-09;2,68;2,69;2,67;2,68;12.504.066
2019-08-12;2,68;2,71;2,67;2,69;12.009.962
2019-08-13;2,68;2,72;2,67;2,72;18.450.944
2019-08-14;2,71;2,74;2,68;2,70;14.068.821
2019-08-15;2,71;2,73;2,69;2,72;15.115.062
2019-08-16;2,72;2,77;2,72;2,77;15.634.893
2019-08-19;2,78;2,79;2,75;2,76;11.583.752
2019-08-20;2,76;2,78;2,74;2,74;10.700.982
2019-08-21;2,74;2,77;2,74;2,74;9.876.255
2019-08-22;2,73;2,76;2,72;2,72;15.269.743
2019-08-23;2,73;2,75;2,73;2,73;10.670.050
2019-08-26;2,72;2,76;2,72;2,75;5.793.600
2019-08-27;2,74;2,80;2,73;2,80;16.341.102
2019-08-28;2,78;2,82;2,78;2,81;13.594.834
2019-08-29;2,81;2,87;2,80;2,86;21.149.481
2019-08-30;2,86;2,89;2,86;2,88;15.465.061
2019-09-02;2,89;2,90;2,88;2,89;9.233.951
2019-09-03;2,89;2,90;2,87;2,90;19.031.859
2019-09-04;2,91;2,92;2,89;2,90;11.868.234
2019-09-05;2,91;2,93;2,88;2,89;9.994.311
2019-09-06;2,87;2,88;2,80;2,82;26.246.680
2019-09-09;2,82;2,85;2,81;2,83;13.295.958
2019-09-10;2,82;2,83;2,72;2,75;23.092.189
2019-09-11;2,74;2,75;2,72;2,75;14.229.002
2019-09-12;2,75;2,81;2,74;2,77;15.718.366
2019-09-13;2,78;2,78;2,73;2,73;13.863.903
2019-09-16;2,72;2,78;2,72;2,77;16.174.350
2019-09-17;2,77;2,79;2,76;2,78;11.291.914
2019-09-18;2,79;2,80;2,78;2,80;12.027.963
2019-09-19;2,80;2,84;2,79;2,83;10.931.828
2019-09-20;2,83;2,86;2,82;2,85;22.657.003
2019-09-23;2,85;2,87;2,84;2,86;10.679.969
2019-09-24;2,85;2,87;2,85;2,87;8.443.172
2019-09-25;2,87;2,88;2,83;2,84;11.344.984
2019-09-26;2,85;2,89;2,84;2,88;16.944.659
2019-09-27;2,89;2,90;2,86;2,88;7.971.332
2019-09-30;2,82;2,87;2,81;2,86;15.389.689
2019-10-01;2,85;2,87;2,80;2,80;19.558.127
2019-10-02;2,80;2,86;2,80;2,82;18.853.164
2019-10-03;2,81;2,85;2,81;2,81;12.197.458
2019-10-04;2,82;2,87;2,81;2,87;12.553.271
2019-10-07;2,88;2,91;2,87;2,89;9.248.300
2019-10-08;2,89;2,91;2,87;2,89;10.066.893
2019-10-09;2,90;2,96;2,90;2,93;20.057.187
2019-10-10;2,94;2,94;2,89;2,93;8.652.368
2019-10-11;2,94;2,97;2,93;2,95;16.698.127
2019-10-14;2,94;2,94;2,92;2,93;11.237.259
2019-10-15;2,94;2,95;2,92;2,94;10.742.795
2019-10-16;2,94;2,94;2,92;2,93;16.845.074
2019-10-17;2,92;2,96;2,92;2,96;14.424.260
2019-10-18;2,95;2,96;2,94;2,96;10.887.837
2019-10-21;2,96;2,98;2,93;2,93;11.810.364
2019-10-22;2,93;2,94;2,91;2,93;11.490.624
2019-10-23;2,93;2,94;2,91;2,93;11.523.200
2019-10-24;2,92;2,94;2,85;2,87;20.618.099
2019-10-25;2,95;2,96;2,86;2,89;22.905.784
2019-10-28;2,90;2,90;2,86;2,88;13.254.872
2019-10-29;2,89;2,89;2,77;2,78;25.471.881
2019-10-30;2,78;2,79;2,75;2,79;15.900.015
2019-10-31;2,79;2,80;2,77;2,78;13.184.251
2019-11-01;2,78;2,80;2,75;2,75;9.933.965
2019-11-04;2,75;2,79;2,72;2,76;14.643.005
2019-11-05;2,76;2,78;2,73;2,78;16.143.629
2019-11-06;2,78;2,79;2,75;2,78;14.124.123
2019-11-07;2,77;2,78;2,75;2,77;12.387.991
2019-11-08;2,77;2,80;2,77;2,79;9.706.889
2019-11-11;2,78;2,80;2,77;2,79;8.135.956
2019-11-12;2,81;2,85;2,79;2,85;15.091.284
2019-11-13;2,85;2,86;2,84;2,84;11.473.240
2019-11-14;2,84;2,87;2,80;2,81;12.284.383
2019-11-15;2,82;2,84;2,80;2,80;9.263.217
2019-11-18;2,80;2,82;2,77;2,80;14.924.329
2019-11-19;2,80;2,81;2,77;2,78;11.349.203
2019-11-20;2,77;2,80;2,77;2,78;8.329.025
2019-11-21;2,77;2,79;2,76;2,77;11.423.596
2019-11-22;2,78;2,79;2,77;2,79;8.407.418
2019-11-25;2,80;2,80;2,77;2,77;7.081.924
2019-11-26;2,77;2,82;2,76;2,81;35.843.885
2019-11-27;2,82;2,85;2,79;2,85;10.618.370
2019-11-28;2,84;2,86;2,81;2,82;6.989.939
2019-11-29;2,80;2,82;2,80;2,80;8.010.693
2019-12-02;2,81;2,81;2,72;2,73;14.654.090
2019-12-03;2,73;2,74;2,72;2,73;11.737.838
2019-12-04;2,72;2,74;2,71;2,73;14.546.679
2019-12-05;2,72;2,76;2,72;2,74;9.842.986
2019-12-06;2,74;2,76;2,73;2,74;5.805.596
2019-12-09;2,74;2,76;2,74;2,74;9.379.563
2019-12-10;2,74;2,74;2,72;2,72;8.073.304
2019-12-11;2,72;2,72;2,70;2,70;10.054.331
2019-12-12;2,68;2,70;2,60;2,62;24.023.791
2019-12-13;2,63;2,64;2,61;2,61;12.860.636
2019-12-16;2,62;2,65;2,62;2,63;9.732.200
2019-12-17;2,64;2,65;2,62;2,63;11.149.628
2019-12-18;2,63;2,65;2,63;2,64;13.721.173
2019-12-19;2,64;2,67;2,63;2,67;17.588.649
2019-12-20;2,67;2,68;2,65;2,68;17.378.657
2019-12-23;2,67;2,67;2,65;2,66;6.768.652
2019-12-24;2,66;2,66;2,64;2,64;2.498.180
2019-12-27;2,65;2,66;2,63;2,64;6.628.817
2019-12-30;2,63;2,65;2,62;2,63;5.385.857
2019-12-31;2,62;2,64;2,61;2,63;2.905.415
2020-01-02;2,64;2,65;2,63;2,64;8.285.456
2020-01-03;2,63;2,65;2,62;2,64;6.288.087
2020-01-06;2,63;2,65;2,62;2,65;7.927.349
2020-01-07;2,65;2,66;2,64;2,64;11.620.526
2020-01-08;2,62;2,64;2,60;2,64;11.100.633
2020-01-09;2,66;2,68;2,65;2,67;13.904.773
2020-01-10;2,67;2,68;2,66;2,67;7.247.887
2020-01-13;2,67;2,68;2,65;2,67;7.733.603
2020-01-14;2,68;2,69;2,66;2,68;7.629.395
2020-01-15;2,68;2,69;2,67;2,68;8.287.380
2020-01-16;2,68;2,73;2,68;2,73;9.358.696
2020-01-17;2,73;2,75;2,72;2,75;12.740.887
2020-01-20;2,75;2,78;2,75;2,78;7.586.961
2020-01-21;2,77;2,78;2,75;2,77;8.460.741
2020-01-22;2,78;2,79;2,73;2,76;12.306.774
2020-01-23;2,75;2,75;2,72;2,72;8.731.034
2020-01-24;2,73;2,75;2,72;2,74;8.145.715
2020-01-27;2,71;2,72;2,66;2,66;11.759.100
2020-01-28;2,68;2,71;2,66;2,70;12.690.008
2020-01-29;2,55;2,56;2,47;2,55;46.460.384
2020-01-30;2,53;2,56;2,47;2,55;25.736.773
2020-01-31;2,55;2,55;2,51;2,53;17.861.830
2020-02-03;2,53;2,53;2,51;2,52;8.189.289
2020-02-04;2,52;2,53;2,48;2,49;13.671.868
2020-02-05;2,49;2,51;2,48;2,48;17.274.320
2020-02-06;2,48;2,49;2,47;2,49;15.610.084
2020-02-07;2,48;2,50;2,47;2,48;11.862.914
2020-02-10;2,48;2,49;2,46;2,47;11.198.766
2020-02-11;2,47;2,49;2,46;2,46;9.441.152
2020-02-12;2,45;2,48;2,44;2,48;15.890.015
2020-02-13;2,47;2,50;2,45;2,49;11.373.387
2020-02-14;2,49;2,53;2,48;2,50;15.446.358
2020-02-17;2,51;2,52;2,50;2,51;7.945.175
2020-02-18;2,51;2,54;2,50;2,54;10.279.854
2020-02-19;2,54;2,55;2,51;2,52;11.251.371
2020-02-20;2,52;2,54;2,51;2,54;11.358.202
2020-02-21;2,53;2,54;2,51;2,53;9.035.830
2020-02-24;2,49;2,50;2,46;2,50;14.809.476
2020-02-25;2,50;2,51;2,43;2,43;16.554.069
2020-02-26;2,43;2,45;2,39;2,41;29.064.767
2020-02-27;2,38;2,38;2,30;2,30;26.321.441
2020-02-28;2,25;2,26;2,18;2,20;39.784.898
2020-03-02;2,21;2,27;2,21;2,26;27.320.847
2020-03-03;2,29;2,30;2,26;2,26;26.750.778
2020-03-04;2,26;2,32;2,25;2,30;23.257.751
2020-03-05;2,29;2,30;2,21;2,22;27.556.362
2020-03-06;2,20;2,25;2,18;2,21;28.246.361
2020-03-09;2,07;2,17;2,05;2,08;33.626.057
2020-03-10;2,10;2,16;2,05;2,05;28.925.133
2020-03-11;2,07;2,13;2,05;2,05;22.766.330
2020-03-12;1,95;1,98;1,84;1,85;40.444.555
2020-03-13;1,87;1,99;1,80;1,85;46.293.814
2020-03-16;1,78;1,81;1,70;1,77;29.112.792
2020-03-17;1,85;2,17;1,76;2,05;39.231.432
2020-03-18;1,99;2,32;1,95;1,96;37.106.598
2020-03-19;1,97;2,23;1,97;2,18;34.263.924
2020-03-20;2,22;2,27;2,16;2,21;33.456.984
2020-03-23;2,14;2,23;2,14;2,15;29.452.919
2020-03-24;2,22;2,24;2,06;2,11;32.489.189
2020-03-25;2,14;2,16;2,09;2,15;34.182.842
2020-03-26;2,12;2,17;2,08;2,17;26.496.136
2020-03-27;2,13;2,16;2,09;2,11;23.257.865
2020-03-30;2,12;2,16;2,10;2,15;18.954.950
2020-03-31;2,17;2,22;2,14;2,18;19.186.041
2020-04-01;2,11;2,15;2,06;2,09;19.193.606
2020-04-02;2,10;2,19;2,09;2,16;18.232.552
2020-04-03;2,17;2,17;2,11;2,12;16.752.833
2020-04-06;2,16;2,19;2,15;2,16;28.073.492
2020-04-07;2,20;2,22;2,17;2,21;24.422.177
2020-04-08;2,21;2,21;2,15;2,16;16.060.210
2020-04-09;2,17;2,19;2,14;2,19;27.170.784
2020-04-14;2,21;2,21;2,16;2,21;26.314.983
2020-04-15;2,21;2,27;2,20;2,21;20.031.320
2020-04-16;2,22;2,23;2,19;2,20;26.432.816
2020-04-17;2,16;2,17;2,10;2,10;29.051.920
2020-04-20;2,11;2,12;2,06;2,08;14.617.714
2020-04-21;2,05;2,05;1,98;1,99;22.513.246
2020-04-22;1,99;2,00;1,97;2,00;15.890.305
2020-04-23;2,00;2,04;1,98;2,04;20.713.316
2020-04-24;2,01;2,02;1,97;1,97;22.601.164
2020-04-27;2,00;2,02;1,96;1,97;19.610.032
2020-04-28;1,98;2,00;1,95;1,98;25.655.968
2020-04-29;1,98;2,01;1,97;2,01;20.593.612
2020-04-30;2,05;2,12;2,04;2,10;35.918.457
2020-05-04;2,04;2,12;2,04;2,10;37.925.211
2020-05-05;2,11;2,14;2,10;2,13;17.842.622
2020-05-06;2,13;2,13;2,07;2,07;25.615.042
2020-05-07;2,09;2,11;2,05;2,11;12.912.880
2020-05-08;2,13;2,13;2,09;2,12;8.606.466
2020-05-11;2,12;2,13;2,10;2,12;9.841.557
2020-05-12;2,12;2,17;2,11;2,15;14.980.856
2020-05-13;2,14;2,15;2,11;2,13;12.945.851
2020-05-14;2,12;2,12;2,07;2,09;15.947.578
2020-05-15;2,10;2,13;2,08;2,11;14.914.502
2020-05-18;2,13;2,16;2,11;2,14;19.643.315
2020-05-19;2,15;2,15;2,08;2,08;25.662.074
2020-05-20;2,07;2,12;2,06;2,12;11.924.071
2020-05-21;2,10;2,15;2,10;2,13;9.746.214
2020-05-22;2,12;2,14;2,12;2,13;8.831.514
2020-05-25;2,15;2,17;2,13;2,17;5.704.487
2020-05-26;2,17;2,19;2,15;2,18;12.230.533
2020-05-27;2,18;2,21;2,13;2,15;19.254.782
2020-05-28;2,16;2,22;2,15;2,20;13.803.278
2020-05-29;2,18;2,22;2,18;2,20;18.319.608
2020-06-01;2,23;2,26;2,22;2,25;9.719.930
2020-06-02;2,26;2,27;2,23;2,27;13.475.254
2020-06-03;2,28;2,33;2,27;2,32;14.163.695
2020-06-04;2,31;2,34;2,28;2,34;13.696.190
2020-06-05;2,35;2,36;2,31;2,31;16.826.883
2020-06-08;2,30;2,35;2,29;2,34;16.887.469
2020-06-09;2,35;2,35;2,28;2,30;15.796.940
2020-06-10;2,30;2,35;2,30;2,33;22.670.788
2020-06-11;2,31;2,31;2,23;2,24;23.373.259
2020-06-12;2,21;2,26;2,20;2,25;16.624.205
2020-06-15;2,22;2,22;2,19;2,21;17.119.589
2020-06-16;2,23;2,28;2,22;2,27;14.642.137
2020-06-17;2,27;2,31;2,27;2,30;16.550.367
2020-06-18;2,29;2,35;2,28;2,33;17.882.078
2020-06-19;2,35;2,37;2,34;2,36;27.583.077
2020-06-22;2,34;2,36;2,33;2,35;11.146.206
2020-06-23;2,35;2,37;2,34;2,36;11.608.180
2020-06-24;2,36;2,37;2,34;2,34;17.611.575
2020-06-25;2,34;2,36;2,31;2,35;17.930.334
2020-06-26;2,35;2,39;2,33;2,33;13.141.650
2020-06-29;2,34;2,36;2,31;2,35;13.826.940
2020-06-30;2,36;2,38;2,34;2,36;13.175.768
2020-07-01;2,36;2,40;2,35;2,39;12.036.912
2020-07-02;2,40;2,42;2,38;2,41;25.747.065
2020-07-03;2,42;2,43;2,40;2,41;10.722.532
2020-07-06;2,43;2,46;2,42;2,44;11.049.750
2020-07-07;2,43;2,43;2,40;2,41;12.675.397
2020-07-08;2,40;2,44;2,39;2,39;9.815.468
2020-07-09;2,40;2,41;2,37;2,37;10.272.886
2020-07-10;2,36;2,38;2,36;2,38;6.885.417
2020-07-13;2,39;2,42;2,39;2,41;9.972.386
2020-07-14;2,40;2,44;2,39;2,42;21.839.600
2020-07-15;2,42;2,44;2,40;2,43;13.033.063
2020-07-16;2,41;2,46;2,41;2,45;9.661.198
2020-07-17;2,45;2,46;2,43;2,44;6.308.093
2020-07-20;2,44;2,48;2,42;2,46;8.463.302
2020-07-21;2,47;2,49;2,45;2,46;11.449.332
2020-07-22;2,47;2,47;2,45;2,46;10.007.892
2020-07-23;2,47;2,47;2,42;2,42;12.154.988
2020-07-24;2,41;2,42;2,39;2,40;11.473.514
2020-07-27;2,39;2,39;2,28;2,32;21.746.042
2020-07-28;2,30;2,35;2,27;2,31;17.507.855
2020-07-29;2,28;2,28;2,24;2,28;13.010.654
2020-07-30;2,28;2,28;2,21;2,21;16.504.423
2020-07-31;2,21;2,23;2,19;2,19;16.038.854
2020-08-03;2,19;2,23;2,18;2,20;16.041.259
2020-08-04;2,21;2,23;2,20;2,21;9.526.494
2020-08-05;2,21;2,23;2,17;2,17;12.698.665
2020-08-06;2,17;2,18;2,12;2,14;8.887.515
2020-08-07;2,14;2,16;2,12;2,13;10.434.369
2020-08-10;2,14;2,15;2,12;2,15;9.577.324
2020-08-11;2,16;2,21;2,16;2,18;12.823.367
2020-08-12;2,19;2,23;2,19;2,23;13.616.289
2020-08-13;2,23;2,25;2,20;2,20;6.975.756
2020-08-14;2,20;2,22;2,19;2,20;11.934.979
2020-08-17;2,20;2,21;2,18;2,18;6.466.496
2020-08-18;2,18;2,21;2,17;2,19;8.264.867
2020-08-19;2,18;2,24;2,18;2,24;8.489.220
2020-08-20;2,25;2,26;2,22;2,24;11.626.725
2020-08-21;2,23;2,25;2,22;2,24;14.884.004
2020-08-24;2,25;2,28;2,24;2,28;8.512.505
2020-08-25;2,29;2,31;2,25;2,25;9.535.744
2020-08-26;2,24;2,26;2,24;2,25;8.511.441
2020-08-27;2,25;2,28;2,22;2,27;8.382.506
2020-08-28;2,27;2,28;2,23;2,23;6.534.788
2020-09-01;2,21;2,22;2,18;2,18;8.917.919
2020-09-02;2,20;2,24;2,19;2,24;12.811.919
2020-09-03;2,25;2,29;2,24;2,26;17.027.503
2020-09-04;2,25;2,26;2,16;2,17;21.486.855
2020-09-07;2,18;2,20;2,16;2,20;10.585.474
2020-09-08;2,19;2,21;2,15;2,16;11.884.849
2020-09-09;2,16;2,24;2,16;2,22;17.751.895
2020-09-10;2,21;2,23;2,19;2,19;13.956.370
2020-09-11;2,20;2,21;2,18;2,18;9.265.992
2020-09-14;2,20;2,20;2,18;2,19;7.332.205
2020-09-15;2,19;2,19;2,16;2,18;12.371.398
2020-09-16;2,18;2,19;2,16;2,18;11.652.180
2020-09-17;2,16;2,16;2,12;2,14;12.928.226
2020-09-18;2,13;2,15;2,11;2,11;21.356.489
2020-09-21;2,11;2,11;2,03;2,05;14.909.594
2020-09-22;2,05;2,07;2,03;2,04;11.381.631
2020-09-23;2,06;2,06;2,03;2,03;9.138.913
2020-09-24;2,02;2,04;2,00;2,01;11.161.575
2020-09-25;2,02;2,06;2,00;2,01;10.972.010
2020-09-28;2,03;2,04;2,01;2,03;10.902.937
2020-10-01;2,03;2,04;2,00;2,00;13.484.207
2020-10-02;2,00;2,06;1,99;2,03;18.029.243
2020-10-05;2,07;2,15;2,05;2,12;19.894.026
2020-10-06;2,14;2,16;2,13;2,14;12.140.270
2020-10-07;2,14;2,16;2,12;2,14;16.095.820
2020-10-08;2,16;2,18;2,14;2,18;17.229.783
2020-10-09;2,19;2,25;2,18;2,24;28.475.948
2020-10-12;2,35;2,46;2,35;2,39;58.641.216
2020-10-13;2,40;2,41;2,37;2,40;16.422.914
2020-10-14;2,40;2,44;2,39;2,44;15.290.572
2020-10-15;2,42;2,43;2,37;2,39;15.303.881
2020-10-16;2,40;2,41;2,36;2,38;16.047.282
2020-10-19;2,38;2,43;2,35;2,42;8.971.429
2020-10-20;2,40;2,42;2,35;2,35;20.314.806
2020-10-21;2,37;2,37;2,30;2,33;16.374.359
2020-10-22;2,32;2,35;2,29;2,34;15.554.641
2020-10-23;2,34;2,42;2,34;2,40;14.606.259
2020-11-02;2,28;2,35;2,22;2,31;21.669.320
2020-11-03;2,32;2,34;2,27;2,28;18.647.306
2020-11-04;2,25;2,29;2,25;2,28;18.304.833
2020-11-05;2,30;2,31;2,28;2,28;17.982.444
2020-11-06;2,28;2,30;2,26;2,27;16.525.094
2020-11-09;2,30;2,35;2,26;2,29;28.675.463
2020-11-10;2,28;2,47;2,28;2,45;34.266.508
2020-11-11;2,43;2,49;2,42;2,48;23.670.176
2020-11-12;2,47;2,75;2,46;2,64;54.871.025
2020-11-13;2,61;2,66;2,55;2,58;38.376.439
2020-11-16;2,59;2,59;2,53;2,55;24.693.518
2020-11-17;2,54;2,60;2,54;2,58;16.057.711
2020-11-18;2,57;2,64;2,56;2,62;16.729.659
2020-11-19;2,61;2,64;2,59;2,59;16.821.994
2020-11-20;2,58;2,59;2,56;2,56;13.962.508
2020-11-23;2,57;2,58;2,49;2,49;22.409.251
2020-11-24;2,49;2,52;2,46;2,48;20.541.396
2020-11-25;2,50;2,54;2,49;2,53;17.830.706
2020-11-26;2,54;2,54;2,50;2,53;8.758.249
2020-11-27;2,53;2,56;2,53;2,54;14.288.782
2020-11-30;2,54;2,54;2,50;2,50;21.472.309
