2014-07-02;21,00;21,76;20,92;21,26;22.667.353
2014-07-03;21,30;22,83;21,26;22,50;5.322.626
2014-07-04;22,70;22,81;22,35;22,50;2.404.805
2014-07-07;22,50;22,68;22,50;22,55;1.425.841
2014-07-08;22,60;22,65;22,01;22,10;1.039.636
2014-07-09;22,01;22,48;21,95;22,19;565.267
2014-07-10;22,39;22,55;21,95;22,05;800.564
2014-07-11;22,00;22,52;22,00;22,50;502.698
2014-07-14;22,55;23,45;22,40;23,33;698.947
2014-07-15;23,30;23,36;22,88;22,99;380.572
2014-07-16;23,00;23,15;22,85;23,00;270.453
2014-07-17;23,05;23,10;22,50;22,57;433.771
2014-07-18;22,66;22,69;22,20;22,21;233.913
2014-07-21;22,25;22,48;22,08;22,30;241.786
2014-07-22;22,26;22,49;22,12;22,23;155.360
2014-07-23;22,30;22,30;21,86;21,97;353.468
2014-07-24;21,97;22,10;21,46;21,75;325.496
2014-07-25;21,88;21,88;21,43;21,75;213.795
2014-07-28;21,50;21,80;21,50;21,59;244.943
2014-07-29;21,51;21,65;21,39;21,47;210.779
2014-07-30;21,40;21,49;20,85;20,85;592.539
2014-07-31;21,00;21,15;20,96;21,05;310.405
2014-08-01;21,05;21,43;20,74;21,30;335.731
2014-08-04;21,30;21,44;21,01;21,28;111.312
2014-08-05;21,37;21,60;21,30;21,50;173.898
2014-08-06;21,35;21,52;21,05;21,10;265.123
2014-08-07;21,15;21,27;21,00;21,09;117.531
2014-08-08;20,90;21,09;20,90;21,09;135.423
2014-08-11;21,15;21,55;21,05;21,09;251.532
2014-08-12;21,12;21,25;21,06;21,20;149.261
2014-08-13;21,20;21,20;20,95;21,00;301.433
2014-08-14;21,05;21,08;20,96;21,00;175.342
2014-08-15;21,00;21,18;20,98;21,16;89.196
2014-08-18;21,01;21,49;21,01;21,18;186.587
2014-08-19;21,45;21,49;21,25;21,35;57.574
2014-08-20;21,42;21,46;21,34;21,35;187.229
2014-08-21;21,39;21,44;21,30;21,30;79.990
2014-08-22;21,45;21,87;21,35;21,84;167.274
2014-08-25;22,00;22,13;21,74;22,09;96.020
2014-08-26;22,09;22,09;21,91;22,03;86.864
2014-08-27;22,04;22,25;21,95;22,22;64.184
2014-08-28;22,06;22,34;22,05;22,25;61.207
2014-08-29;22,25;22,25;21,96;22,24;70.468
2014-09-01;22,12;22,30;22,00;22,01;75.277
2014-09-02;22,23;22,43;22,12;22,20;86.358
2014-09-03;22,18;22,20;22,05;22,15;71.801
2014-09-04;22,20;22,20;22,03;22,10;119.357
2014-09-05;22,08;22,11;21,95;22,10;53.101
2014-09-08;22,01;22,17;21,98;22,10;58.146
2014-09-09;22,00;22,18;21,98;22,10;86.104
2014-09-10;22,01;22,21;22,00;22,15;36.069
2014-09-11;22,04;22,20;22,00;22,01;74.256
2014-09-12;22,04;22,15;22,01;22,09;23.403
2014-09-15;22,04;22,15;22,00;22,00;46.434
2014-09-16;22,00;22,20;21,98;22,10;143.351
2014-09-17;22,27;22,27;22,06;22,18;131.344
2014-09-18;22,14;22,45;22,07;22,43;150.258
2014-09-19;22,47;22,55;22,24;22,55;204.527
2014-09-22;22,36;22,49;22,27;22,43;124.589
2014-09-23;22,35;22,49;22,32;22,49;319.713
2014-09-24;22,44;22,51;22,30;22,51;203.333
2014-09-25;22,50;22,90;22,50;22,75;193.312
2014-09-26;22,90;23,18;22,77;23,05;342.816
2014-09-29;23,10;23,20;22,94;23,03;278.578
2014-09-30;23,00;23,18;22,81;22,98;195.491
2014-10-01;22,90;22,99;22,66;22,76;144.300
2014-10-02;22,62;23,10;22,50;22,67;252.724
2014-10-03;22,81;23,00;22,73;22,75;141.741
2014-10-06;22,86;22,96;22,77;22,77;79.606
2014-10-07;22,75;22,80;22,27;22,45;98.458
2014-10-08;22,30;22,46;22,15;22,28;83.952
2014-10-09;22,47;22,75;22,28;22,28;146.832
2014-10-10;22,16;22,50;22,15;22,24;236.965
2014-10-13;22,10;22,41;22,10;22,27;63.556
2014-10-14;22,20;22,30;22,11;22,24;152.529
2014-10-17;21,75;22,35;21,75;22,00;111.261
2014-10-20;22,00;22,33;21,99;22,16;248.568
2014-10-21;22,10;22,66;22,08;22,66;227.431
2014-10-22;22,70;23,00;22,60;22,80;169.192
2014-10-23;22,60;22,73;22,21;22,65;128.584
2014-10-24;22,47;22,48;22,06;22,34;200.571
2014-10-27;22,51;22,55;22,11;22,20;101.055
2014-10-28;22,32;22,36;22,19;22,28;157.782
2014-10-29;22,38;22,39;22,00;22,05;220.007
2014-10-30;22,14;22,15;21,77;21,99;553.457
2014-10-31;21,98;22,82;21,91;22,77;335.206
2014-11-03;22,60;22,79;22,54;22,65;296.875
2014-11-04;22,64;22,85;22,42;22,48;199.003
2014-11-05;22,90;23,14;22,88;23,14;348.549
2014-11-06;23,15;23,32;23,00;23,30;298.049
2014-11-07;23,55;24,14;23,49;23,70;573.015
2014-11-10;23,70;24,08;23,59;23,75;257.658
2014-11-11;23,80;23,96;23,70;23,78;187.277
2014-11-12;23,77;24,25;23,77;24,02;291.416
2014-11-13;24,24;24,24;23,79;24,00;208.725
2014-11-14;24,09;24,13;23,84;24,05;288.579
2014-11-17;23,93;24,26;23,88;24,26;187.587
2014-11-18;24,30;24,60;24,00;24,33;390.799
2014-11-19;24,15;24,27;23,80;24,27;354.014
2014-11-20;24,34;24,79;24,24;24,70;421.330
2014-11-21;24,75;25,08;24,70;25,08;315.243
2014-11-24;25,08;25,43;24,82;25,00;495.566
2014-11-25;25,15;25,34;24,33;24,40;8.749.252
2014-11-26;24,37;24,66;23,84;24,50;292.260
2014-11-27;24,42;24,62;24,20;24,37;235.084
2014-11-28;24,29;24,42;24,24;24,42;219.097
2014-12-01;24,26;24,39;24,04;24,24;205.814
2014-12-02;24,35;24,70;24,35;24,63;400.246
2014-12-03;24,56;24,94;24,56;24,75;277.272
2014-12-04;24,74;24,98;24,62;24,79;257.749
2014-12-05;24,80;25,02;24,72;24,79;208.148
2014-12-08;24,64;24,79;24,31;24,38;135.089
2014-12-09;24,21;24,59;24,21;24,39;327.098
2014-12-10;24,16;25,00;24,16;24,89;227.288
2014-12-11;24,74;24,93;24,58;24,82;69.963
2014-12-12;24,60;24,99;24,39;24,39;110.046
2014-12-15;24,39;24,91;24,37;24,60;212.369
2014-12-16;24,73;25,39;24,59;25,39;445.867
2014-12-17;24,99;25,65;24,99;25,65;374.768
2014-12-18;25,72;25,72;24,78;25,04;647.497
2014-12-19;25,22;25,31;24,70;25,11;2.345.084
2014-12-22;25,13;25,50;25,06;25,25;175.315
2014-12-23;25,20;25,37;25,00;25,16;136.602
2014-12-24;25,18;25,20;24,83;24,96;69.155
2014-12-29;24,96;25,24;24,73;24,88;89.951
2014-12-30;24,84;25,14;24,71;24,71;149.245
2014-12-31;24,93;25,00;24,82;24,85;63.834
2015-01-02;24,85;25,08;24,79;24,93;105.478
2015-01-05;24,80;25,00;24,59;24,67;179.990
2015-01-06;24,78;24,80;24,41;24,52;268.388
2015-01-07;24,50;24,50;24,21;24,27;281.502
2015-01-08;24,42;24,49;24,22;24,49;183.845
2015-01-09;24,48;24,50;23,86;23,91;139.011
2015-01-12;23,90;24,05;23,74;23,91;183.685
2015-01-13;23,72;23,88;23,55;23,71;213.727
2015-01-14;23,20;23,66;22,96;23,26;299.127
2015-01-15;23,28;23,50;22,50;23,46;237.175
2015-01-16;23,44;23,63;22,93;23,52;156.500
2015-01-19;23,52;24,32;23,52;24,12;176.863
2015-01-20;24,30;24,34;23,88;24,12;121.671
2015-01-21;24,20;24,20;23,81;24,13;163.396
2015-01-22;24,20;24,99;24,20;24,85;284.637
2015-01-23;24,85;25,02;23,99;24,23;292.199
2015-01-26;23,99;24,44;23,80;24,39;129.277
2015-01-27;24,15;24,37;23,91;24,16;170.072
2015-01-28;24,16;24,32;24,02;24,19;113.429
2015-01-29;24,14;24,40;23,98;24,13;229.868
2015-01-30;24,33;24,34;23,94;24,12;257.566
2015-02-02;24,18;24,18;23,63;23,72;210.097
2015-02-03;23,75;24,49;23,33;23,41;272.974
2015-02-04;22,83;23,20;22,40;22,97;367.154
2015-02-05;22,85;23,28;22,85;23,21;93.970
2015-02-06;23,10;23,78;23,10;23,75;209.120
2015-02-09;23,66;23,95;23,66;23,82;177.688
2015-02-10;23,64;23,99;23,37;23,84;207.126
2015-02-11;24,75;24,96;24,34;24,67;495.367
2015-02-12;24,70;24,90;24,53;24,57;327.813
2015-02-13;24,84;25,04;24,45;24,52;294.379
2015-02-16;24,68;25,00;24,50;24,75;147.772
2015-02-17;24,88;24,88;24,49;24,76;129.117
2015-02-18;24,30;24,75;24,30;24,50;3.499.662
2015-02-19;24,60;25,25;24,47;25,15;900.582
2015-02-20;25,15;25,72;25,00;25,71;761.704
2015-02-23;25,85;26,07;25,71;26,00;542.132
2015-02-24;26,00;26,18;25,92;25,99;491.753
2015-02-25;26,00;26,12;25,86;25,90;1.530.863
2015-02-26;25,86;26,00;25,70;25,79;323.909
2015-02-27;25,96;25,97;25,52;25,56;2.282.796
2015-03-02;25,63;25,91;25,57;25,90;311.467
2015-03-03;26,30;26,48;25,82;25,90;644.791
2015-03-04;25,93;25,95;25,50;25,70;375.236
2015-03-05;25,76;26,06;25,75;26,01;361.800
2015-03-06;26,52;26,78;26,34;26,52;676.468
2015-03-09;26,55;26,70;26,33;26,69;488.299
2015-03-10;26,72;26,77;26,36;26,70;568.941
2015-03-11;26,66;26,85;26,49;26,71;533.930
2015-03-12;26,89;26,89;26,69;26,84;342.355
2015-03-13;26,88;26,89;26,60;26,81;357.886
2015-03-16;26,81;27,18;26,81;27,10;333.981
2015-03-17;27,17;27,20;26,64;26,75;297.010
2015-03-18;26,75;26,75;26,47;26,72;359.063
2015-03-19;26,75;26,75;26,26;26,41;417.219
2015-03-20;26,54;26,60;26,14;26,14;2.743.381
2015-03-23;26,24;26,35;26,14;26,17;462.001
2015-03-24;26,20;26,43;26,17;26,39;396.543
2015-03-25;26,36;26,61;26,31;26,38;363.687
2015-03-26;26,29;26,34;25,92;26,21;520.889
2015-03-27;26,20;26,24;25,98;26,06;335.348
2015-03-30;26,29;26,65;26,29;26,61;426.611
2015-03-31;26,62;26,63;26,23;26,38;490.749
2015-04-01;26,27;26,51;26,22;26,39;375.731
2015-04-02;26,42;26,45;26,21;26,26;286.351
2015-04-07;26,50;26,63;26,17;26,59;469.814
2015-04-08;26,53;26,67;26,50;26,53;282.759
2015-04-09;26,61;26,86;26,53;26,75;264.889
2015-04-10;26,86;27,36;26,81;27,30;475.246
2015-04-13;27,40;27,90;27,30;27,81;514.022
2015-04-14;27,80;27,90;27,20;27,23;474.284
2015-04-15;27,29;27,31;26,90;26,90;454.986
2015-04-16;26,87;26,89;26,29;26,37;486.572
2015-04-17;26,37;26,44;25,95;26,10;507.383
2015-04-20;26,22;26,43;26,10;26,24;360.364
2015-04-21;26,49;26,94;26,28;26,28;379.732
2015-04-22;26,30;26,47;26,03;26,20;579.748
2015-04-23;26,14;26,51;26,00;26,50;436.421
2015-04-24;26,55;26,80;26,43;26,64;557.958
2015-04-27;26,74;26,86;26,10;26,52;548.396
2015-04-28;26,55;26,69;25,98;26,15;489.382
2015-04-29;26,25;26,25;25,64;25,93;592.693
2015-04-30;25,86;26,03;25,60;26,01;552.685
2015-05-04;25,95;26,17;25,92;26,10;413.882
2015-05-05;25,95;26,12;25,92;26,01;672.525
2015-05-06;26,23;26,35;25,85;26,17;610.779
2015-05-07;26,05;26,45;26,00;26,18;683.648
2015-05-08;26,19;26,23;26,00;26,05;676.709
2015-05-11;26,01;26,14;25,90;26,00;321.299
2015-05-12;25,90;26,02;25,65;25,67;369.651
2015-05-13;25,82;26,00;25,52;25,68;684.998
2015-05-14;25,63;25,99;25,53;25,92;273.008
2015-05-15;25,99;26,03;25,78;25,89;434.599
2015-05-18;25,93;26,09;25,66;25,75;450.561
2015-05-19;25,90;26,06;25,87;26,00;447.837
2015-05-20;26,00;26,25;25,94;26,16;579.335
2015-05-21;26,30;26,30;26,11;26,17;653.269
2015-05-22;26,17;26,51;26,09;26,47;511.175
2015-05-25;26,50;26,70;26,44;26,66;74.555
2015-05-26;26,70;26,73;26,22;26,28;387.737
2015-05-27;25,72;26,24;25,63;26,18;3.014.386
2015-05-28;26,25;26,25;26,04;26,19;985.924
2015-05-29;26,23;26,23;25,47;25,47;3.734.386
2015-06-01;25,55;25,64;25,30;25,54;1.052.101
2015-06-02;25,20;25,38;24,93;25,30;1.035.674
2015-06-03;25,30;25,68;25,30;25,55;1.069.374
2015-06-04;25,53;25,69;25,40;25,55;1.358.997
2015-06-05;25,40;25,85;25,39;25,53;717.172
2015-06-08;25,48;25,48;24,90;24,91;868.105
2015-06-09;24,90;25,04;24,52;24,76;889.086
2015-06-10;24,68;25,08;24,57;25,05;924.769
2015-06-11;25,08;25,21;24,93;25,17;889.541
2015-06-12;25,14;25,28;24,99;25,11;725.030
2015-06-15;24,96;25,05;24,87;24,91;552.120
2015-06-16;24,82;25,02;24,78;24,98;558.684
2015-06-17;25,04;25,16;24,95;25,08;526.362
2015-06-18;25,00;25,14;24,75;24,86;479.689
2015-06-19;24,80;24,99;24,73;24,82;1.291.328
2015-06-22;25,25;25,25;24,82;25,09;714.450
2015-06-23;25,20;25,27;24,83;25,20;620.164
2015-06-24;25,27;25,34;25,14;25,30;507.368
2015-06-25;25,23;25,59;25,14;25,51;573.478
2015-06-26;25,46;25,71;25,34;25,59;391.969
2015-06-29;24,78;25,08;24,51;25,00;746.232
2015-06-30;24,85;25,40;24,83;25,22;1.009.680
2015-07-01;25,40;25,90;25,27;25,90;701.672
2015-07-02;25,90;26,40;25,90;26,09;634.548
2015-07-03;26,11;26,20;25,95;26,13;305.674
2015-07-06;25,75;25,90;25,50;25,59;385.000
2015-07-07;25,67;25,68;25,10;25,16;499.060
2015-07-08;25,16;25,64;25,01;25,64;479.910
2015-07-09;25,68;26,28;25,64;25,92;598.583
2015-07-10;26,39;26,78;26,31;26,62;614.951
2015-07-13;26,80;27,21;26,77;27,21;561.434
2015-07-14;27,24;27,66;27,08;27,66;753.129
2015-07-15;27,65;27,83;27,31;27,50;599.450
2015-07-16;27,69;28,01;27,60;28,00;687.024
2015-07-17;28,00;28,00;27,57;27,57;771.889
2015-07-20;27,68;27,85;27,45;27,62;532.681
2015-07-21;27,72;27,80;27,44;27,64;407.983
2015-07-22;27,52;27,61;27,33;27,40;515.605
2015-07-23;27,57;27,72;27,40;27,72;549.403
2015-07-24;27,59;27,80;27,50;27,63;577.928
2015-07-27;27,43;27,56;27,18;27,24;528.002
2015-07-28;27,42;27,68;27,32;27,68;628.775
2015-07-29;27,74;27,81;27,62;27,78;547.470
2015-07-30;27,85;28,02;27,73;28,02;527.032
2015-07-31;28,05;28,23;27,84;28,10;933.049
2015-08-03;27,97;28,22;27,92;28,16;646.650
2015-08-04;28,05;28,15;27,74;27,74;817.507
2015-08-05;28,35;28,45;27,67;27,79;1.073.829
2015-08-06;27,83;28,41;27,73;28,31;971.179
2015-08-07;28,31;28,72;28,29;28,60;725.076
2015-08-10;28,85;28,90;28,25;28,87;928.480
2015-08-11;29,00;29,58;28,76;28,99;953.369
2015-08-12;28,87;28,88;28,48;28,88;770.134
2015-08-13;29,19;29,32;28,47;28,57;936.092
2015-08-14;28,60;28,72;28,44;28,59;399.251
2015-08-17;28,70;28,71;28,06;28,27;560.392
2015-08-18;28,26;28,63;28,13;28,53;836.147
2015-08-19;28,40;28,51;28,10;28,16;509.597
2015-08-20;28,32;28,50;27,83;27,92;692.380
2015-08-21;27,60;27,82;27,35;27,35;903.727
2015-08-24;26,73;26,75;25,30;25,87;1.547.702
2015-08-25;26,19;26,89;25,93;26,77;1.148.017
2015-08-26;26,43;26,89;26,08;26,32;1.112.255
2015-08-27;26,79;27,13;26,72;26,99;974.980
2015-08-28;27,05;27,08;26,51;26,74;709.866
2015-08-31;26,58;27,23;26,47;27,23;1.292.036
2015-09-01;27,03;27,21;26,27;26,47;944.632
2015-09-02;26,54;26,54;25,98;26,22;1.058.218
2015-09-03;26,40;26,43;26,05;26,09;1.070.996
2015-09-04;25,95;26,05;25,46;25,76;1.088.254
2015-09-07;25,91;26,09;25,63;25,91;411.234
2015-09-08;26,04;26,18;25,57;25,63;1.053.723
2015-09-09;26,13;26,13;25,37;25,44;1.179.226
2015-09-10;25,35;25,67;25,11;25,45;1.030.975
2015-09-11;25,50;25,63;25,27;25,57;882.330
2015-09-14;25,58;25,92;25,46;25,47;737.227
2015-09-15;25,47;25,87;25,40;25,74;788.901
2015-09-16;25,97;26,13;25,73;25,85;505.081
2015-09-17;25,97;26,18;25,86;25,98;584.304
2015-09-18;25,89;25,89;25,49;25,55;2.702.492
2015-09-21;25,50;25,73;25,44;25,53;746.564
2015-09-22;25,60;25,62;25,02;25,24;837.515
2015-09-23;25,17;25,54;25,09;25,38;564.886
2015-09-24;25,30;25,44;24,96;25,17;804.463
2015-09-25;25,50;25,97;25,42;25,87;766.413
2015-09-28;25,78;25,80;25,52;25,61;732.875
2015-09-29;25,29;25,53;25,17;25,28;788.593
2015-09-30;25,71;25,76;25,51;25,62;939.420
2015-10-01;25,36;25,76;25,25;25,45;2.749.582
2015-10-02;25,73;26,12;25,64;26,00;1.897.648
2015-10-05;26,42;26,60;26,30;26,60;3.610.194
2015-10-06;26,80;26,88;26,53;26,80;1.089.124
2015-10-07;27,00;27,46;26,84;27,29;1.534.357
2015-10-08;27,38;27,51;27,22;27,37;1.825.988
2015-10-09;27,59;27,77;27,46;27,57;1.029.780
2015-10-12;27,64;27,73;27,31;27,40;711.996
2015-10-13;27,34;27,77;27,13;27,72;879.163
2015-10-14;27,61;27,74;27,34;27,47;785.337
2015-10-15;27,60;27,67;27,39;27,41;678.836
2015-10-16;27,56;27,77;27,49;27,73;611.240
2015-10-19;27,72;28,10;27,66;27,90;592.496
2015-10-20;27,89;28,20;27,89;28,00;711.421
2015-10-21;28,07;28,14;27,89;28,01;535.016
2015-10-22;27,95;28,37;27,92;28,33;665.522
2015-10-23;28,50;28,73;28,44;28,55;926.681
2015-10-26;28,77;28,78;28,31;28,37;595.394
2015-10-27;28,33;28,56;28,17;28,17;695.279
2015-10-28;28,15;28,37;28,11;28,32;710.812
2015-10-29;28,38;28,54;28,22;28,33;764.585
2015-10-30;28,40;28,57;28,22;28,57;992.796
2015-11-02;28,37;28,96;28,37;28,77;830.793
2015-11-03;28,85;28,85;28,57;28,65;782.844
2015-11-04;28,80;29,26;28,31;29,09;1.155.396
2015-11-05;29,30;29,94;29,26;29,63;1.139.509
2015-11-06;29,63;29,70;29,29;29,56;656.337
2015-11-09;29,62;30,23;29,54;29,83;749.909
2015-11-10;30,00;30,01;29,47;29,78;614.072
2015-11-11;29,86;30,43;29,83;30,36;875.485
2015-11-12;30,33;30,48;30,14;30,18;838.001
2015-11-13;30,10;30,13;29,67;29,88;751.290
2015-11-16;29,56;29,95;29,55;29,79;524.196
2015-11-17;30,00;30,31;29,91;30,26;630.223
2015-11-18;30,10;30,38;30,00;30,12;494.384
2015-11-19;31,00;31,99;30,85;31,63;1.799.855
2015-11-20;31,99;32,29;31,77;32,15;996.941
2015-11-23;32,22;32,76;32,18;32,55;802.128
2015-11-24;32,59;32,66;32,18;32,53;827.266
2015-11-25;32,74;33,60;32,74;33,38;985.968
2015-11-26;33,25;33,25;32,46;32,53;1.033.652
2015-11-27;32,52;32,93;32,35;32,81;596.003
2015-11-30;32,85;32,94;32,23;32,33;1.444.365
2015-12-01;32,47;32,58;31,94;32,07;1.102.087
2015-12-02;32,15;32,51;32,08;32,12;784.258
2015-12-03;32,20;32,49;31,01;31,54;1.315.783
2015-12-04;31,50;31,61;31,19;31,57;1.221.751
2015-12-07;31,82;32,21;31,72;31,83;628.923
2015-12-08;31,70;31,87;31,34;31,48;700.453
2015-12-09;31,60;32,26;31,49;32,15;929.183
2015-12-10;32,07;32,43;31,85;32,00;986.343
2015-12-11;31,94;32,12;31,56;31,56;747.395
2015-12-14;31,65;32,01;31,23;31,28;842.045
2015-12-15;31,46;31,92;31,38;31,86;888.248
2015-12-16;32,01;32,48;31,92;32,07;745.984
2015-12-17;32,57;32,62;32,10;32,11;742.851
2015-12-18;31,95;32,20;31,50;31,50;1.637.358
2015-12-21;31,49;32,24;31,38;31,78;849.873
2015-12-22;32,07;32,43;31,99;32,05;992.778
2015-12-23;32,29;32,52;32,22;32,26;452.019
2015-12-24;32,21;32,38;32,12;32,30;122.625
2015-12-28;32,40;32,40;31,75;32,00;499.906
2015-12-29;32,23;32,82;32,18;32,82;681.539
2015-12-30;32,69;33,07;32,69;32,79;565.950
2015-12-31;32,88;32,90;32,55;32,55;201.105
2016-01-04;32,48;32,48;31,51;31,87;944.252
2016-01-05;31,95;32,38;31,20;31,20;2.205.178
2016-01-06;31,50;32,44;31,47;32,24;4.222.415
2016-01-07;31,59;32,27;31,51;32,10;1.323.547
2016-01-08;32,10;32,48;31,50;31,50;931.708
2016-01-11;31,48;32,28;31,48;31,81;901.691
2016-01-12;31,76;32,27;31,66;32,20;1.097.363
2016-01-13;32,49;32,99;32,26;32,58;1.544.513
2016-01-14;32,29;32,30;31,48;31,86;1.028.462
2016-01-15;31,70;31,92;30,88;31,15;1.458.016
2016-01-18;31,16;31,34;30,67;30,67;765.282
2016-01-19;31,14;31,45;30,96;31,28;777.533
2016-01-20;31,15;31,18;29,86;30,08;1.477.791
2016-01-21;29,99;30,66;29,94;30,50;1.498.862
2016-01-22;31,04;31,62;30,78;31,28;1.012.434
2016-01-25;31,55;31,65;30,98;31,08;821.905
2016-01-26;30,72;31,20;30,60;31,05;1.202.761
2016-01-27;31,09;31,12;30,74;31,11;870.511
2016-01-28;31,01;31,31;30,61;30,85;1.265.320
2016-01-29;31,20;31,20;30,86;31,16;1.439.653
2016-02-01;31,33;31,46;30,95;31,07;937.535
2016-02-02;31,01;31,35;30,73;30,75;1.108.150
2016-02-03;30,78;30,78;29,95;30,23;1.111.430
2016-02-04;30,60;30,66;29,70;29,89;1.011.575
2016-02-05;29,98;30,12;28,75;28,75;1.374.195
2016-02-08;28,84;29,10;27,17;27,21;1.775.173
2016-02-09;27,19;27,41;26,26;26,49;1.704.074
2016-02-10;26,73;27,98;26,63;27,70;1.707.994
2016-02-11;27,58;27,63;26,84;26,98;1.601.438
2016-02-12;27,16;27,70;27,02;27,70;1.299.483
2016-02-15;28,17;28,52;27,91;27,91;878.391
2016-02-16;28,10;28,10;27,33;27,76;988.882
2016-02-17;27,80;29,10;27,68;28,78;1.226.231
2016-02-18;28,73;28,80;28,21;28,69;589.941
2016-02-19;28,35;28,40;27,54;27,83;1.482.496
2016-02-22;28,14;28,81;28,05;28,36;839.920
2016-02-23;28,27;28,57;28,04;28,14;659.535
2016-02-24;28,14;28,25;27,66;27,89;756.707
2016-02-25;29,80;29,89;26,92;27,42;1.702.583
2016-02-26;28,12;28,62;27,68;28,56;1.250.263
2016-02-29;28,59;28,75;28,23;28,40;1.266.222
2016-03-01;28,34;28,80;28,18;28,65;1.073.850
2016-03-02;28,80;28,94;28,30;28,52;971.953
2016-03-03;28,62;28,79;28,30;28,35;804.478
2016-03-04;28,56;28,67;28,15;28,26;735.537
2016-03-07;28,21;28,54;27,73;27,79;804.747
2016-03-08;27,59;27,75;27,18;27,65;934.396
2016-03-09;27,70;28,24;27,70;27,91;807.168
2016-03-10;28,00;28,51;26,82;26,82;1.837.995
2016-03-11;27,25;28,21;27,10;27,96;1.108.699
2016-03-14;28,05;28,36;27,91;28,17;834.047
2016-03-15;28,14;28,75;28,06;28,64;833.210
2016-03-16;28,60;29,23;28,55;29,12;628.214
2016-03-17;29,57;29,78;29,00;29,22;1.014.684
2016-03-18;29,35;29,61;29,03;29,44;1.425.025
2016-03-21;29,35;29,80;29,05;29,15;617.847
2016-03-22;29,02;29,34;28,77;29,26;496.244
2016-03-23;29,34;29,63;29,29;29,50;586.953
2016-03-24;29,32;29,52;29,00;29,00;466.432
2016-03-29;29,34;29,80;29,10;29,43;714.048
2016-03-30;29,72;29,78;29,13;29,22;1.152.248
2016-03-31;29,19;29,36;28,76;28,76;1.229.749
2016-04-01;28,37;28,94;28,12;28,74;932.613
2016-04-04;28,86;29,17;28,63;28,81;595.864
2016-04-05;28,52;28,83;28,25;28,77;795.654
2016-04-06;28,80;28,91;28,47;28,77;849.949
2016-04-07;28,86;28,98;28,50;28,60;651.184
2016-04-08;28,60;28,97;28,60;28,75;604.102
2016-04-11;28,67;29,09;28,59;28,77;433.253
2016-04-12;28,87;29,34;28,67;29,30;892.759
2016-04-13;29,62;30,80;29,62;30,80;1.188.427
2016-04-14;30,91;30,92;30,54;30,73;754.154
2016-04-15;30,27;30,32;29,68;29,92;5.471.655
2016-04-18;29,76;30,08;29,42;30,00;1.929.194
2016-04-19;30,15;30,31;30,00;30,30;6.632.458
2016-04-20;30,27;30,69;30,18;30,46;1.638.543
2016-04-21;30,54;30,68;30,23;30,57;1.457.882
2016-04-22;30,60;30,82;30,53;30,74;2.112.628
2016-04-25;30,77;30,80;30,31;30,65;902.456
2016-04-26;30,75;31,03;30,71;31,00;1.528.395
2016-04-27;30,95;31,01;30,35;30,42;1.247.608
2016-04-28;30,21;30,77;30,20;30,62;961.003
2016-04-29;30,46;30,65;30,11;30,26;1.131.102
2016-05-02;30,25;30,53;30,09;30,50;390.774
2016-05-03;30,46;30,54;29,71;29,87;1.207.918
2016-05-04;29,81;30,12;29,69;29,82;734.865
2016-05-05;29,90;29,90;28,99;29,34;757.591
2016-05-06;29,36;29,38;29,00;29,33;1.042.861
2016-05-09;29,51;29,71;29,34;29,40;874.074
2016-05-10;29,64;30,10;29,54;29,80;1.104.938
2016-05-11;29,86;29,95;29,54;29,67;1.075.349
2016-05-12;29,61;30,03;29,46;29,65;1.192.536
2016-05-13;29,43;29,47;28,77;29,14;1.180.728
2016-05-16;28,89;29,23;28,78;29,19;478.245
2016-05-17;29,22;29,25;28,49;28,65;1.042.364
2016-05-18;28,47;28,90;28,24;28,90;947.352
2016-05-19;28,79;29,20;28,75;28,82;848.774
2016-05-20;29,03;29,06;28,69;29,05;1.093.562
2016-05-23;29,08;29,49;29,07;29,12;1.077.999
2016-05-24;29,10;30,24;29,02;30,18;1.391.666
2016-05-25;30,45;30,57;30,28;30,43;890.126
2016-05-26;31,00;31,10;28,04;28,70;5.026.884
2016-05-27;28,76;29,16;28,76;29,15;1.860.125
2016-05-30;29,15;29,56;29,15;29,50;662.584
2016-05-31;29,59;30,02;29,44;30,02;5.397.379
2016-06-01;29,94;30,15;29,60;30,15;1.368.897
2016-06-02;30,07;30,27;29,59;29,79;1.408.331
2016-06-03;29,95;30,02;29,32;29,47;933.199
2016-06-06;29,58;29,89;29,36;29,89;1.046.123
2016-06-07;28,94;29,34;28,91;29,26;1.874.031
2016-06-08;29,20;29,21;28,71;28,77;1.382.316
2016-06-09;28,66;28,71;28,36;28,42;1.182.124
2016-06-10;28,20;28,25;27,33;27,37;1.480.380
2016-06-13;27,03;27,05;26,51;26,69;1.217.355
2016-06-14;26,51;26,63;26,13;26,19;1.407.430
2016-06-15;26,47;26,47;25,86;25,96;1.818.877
2016-06-16;25,64;25,86;25,26;25,51;1.836.373
2016-06-17;25,72;25,97;25,44;25,44;2.611.122
2016-06-20;26,15;26,62;25,90;26,30;2.198.658
2016-06-21;26,36;26,72;26,29;26,57;1.308.534
2016-06-22;26,66;26,84;26,46;26,57;954.217
2016-06-23;26,73;27,29;26,62;27,21;1.424.987
2016-06-24;25,00;25,72;23,89;25,03;4.258.330
2016-06-27;25,19;25,19;23,40;23,40;2.963.756
2016-06-28;23,87;24,36;23,69;23,91;1.727.730
2016-06-29;24,17;24,82;24,02;24,82;1.370.904
2016-06-30;24,79;24,95;24,54;24,80;1.733.991
2016-07-01;25,05;25,09;24,45;24,69;1.220.037
2016-07-04;24,78;24,83;24,01;24,01;1.005.553
2016-07-05;23,86;23,96;23,02;23,05;1.513.978
2016-07-06;22,91;23,02;22,34;22,35;1.813.159
2016-07-07;22,41;23,03;22,35;22,57;1.426.208
2016-07-08;22,60;23,11;22,47;22,95;1.936.515
2016-07-11;23,20;23,55;23,07;23,47;1.275.852
2016-07-12;23,64;24,34;23,53;24,05;1.549.613
2016-07-13;24,10;24,37;24,05;24,09;1.284.779
2016-07-14;24,24;24,54;24,12;24,23;1.186.993
2016-07-15;24,23;24,53;24,01;24,02;1.049.591
2016-07-18;23,96;24,42;23,96;24,05;845.274
2016-07-19;24,08;24,14;23,83;24,04;969.706
2016-07-20;24,21;24,73;23,90;24,39;1.004.733
2016-07-21;24,50;24,51;24,03;24,18;1.059.407
2016-07-22;24,18;24,27;23,79;23,79;1.258.364
2016-07-25;23,76;23,96;23,41;23,84;803.766
2016-07-26;23,82;23,87;23,46;23,57;1.127.247
2016-07-27;23,66;24,10;23,66;24,09;803.610
2016-07-28;24,10;24,29;23,85;23,85;974.396
2016-07-29;23,92;24,19;23,83;24,13;997.497
2016-08-01;24,40;24,50;23,85;24,03;715.090
2016-08-02;23,94;24,04;23,42;23,69;928.861
2016-08-03;23,51;23,73;23,45;23,70;131.936
2016-08-04;23,51;23,94;23,45;23,74;772.444
2016-08-05;23,80;24,08;23,67;24,02;690.134
2016-08-08;24,05;24,63;24,04;24,53;763.019
2016-08-09;24,53;24,76;24,34;24,68;804.051
2016-08-10;24,50;24,87;24,30;24,73;1.009.215
2016-08-11;24,66;24,66;24,08;24,42;1.131.530
2016-08-12;24,28;24,42;24,01;24,26;1.102.841
2016-08-15;24,34;24,50;24,15;24,43;684.118
2016-08-16;24,25;24,40;24,11;24,30;1.013.845
2016-08-17;24,40;24,53;23,89;24,41;1.096.664
2016-08-18;26,00;26,62;25,51;26,55;2.659.449
2016-08-19;26,35;26,35;25,57;25,87;1.751.844
2016-08-22;25,75;26,11;25,60;25,79;1.498.310
2016-08-23;25,84;26,33;25,51;26,15;1.278.312
2016-08-24;26,02;26,61;25,94;26,40;1.354.758
2016-08-25;26,47;26,47;25,75;25,79;1.585.123
2016-08-26;25,82;26,12;25,76;25,93;989.083
2016-08-29;25,84;26,14;25,80;25,89;458.749
2016-08-30;26,04;26,43;25,77;26,22;842.860
2016-08-31;26,27;26,94;26,27;26,68;1.142.203
2016-09-01;26,78;27,24;26,67;26,76;1.097.340
2016-09-02;26,92;26,98;26,38;26,92;1.147.049
2016-09-05;27,07;27,08;26,73;26,97;854.209
2016-09-06;27,09;27,33;26,96;27,11;1.042.830
2016-09-07;27,18;27,51;26,94;27,49;1.276.650
2016-09-08;27,45;27,75;27,17;27,62;1.247.562
2016-09-09;27,53;28,10;27,50;27,84;1.303.135
2016-09-12;27,40;27,57;26,92;27,50;1.345.273
2016-09-13;27,57;27,64;27,13;27,15;866.700
2016-09-14;27,33;27,38;26,89;26,99;936.078
2016-09-15;26,85;27,26;26,85;27,15;841.706
2016-09-16;27,15;27,26;26,87;27,09;1.710.134
2016-09-19;27,33;27,62;27,27;27,53;584.036
2016-09-20;27,57;27,75;27,38;27,40;806.494
2016-09-21;27,68;27,98;27,68;27,80;1.190.732
2016-09-22;28,00;28,02;27,70;27,87;968.004
2016-09-23;27,82;27,89;27,58;27,60;652.544
2016-09-26;27,49;27,49;27,06;27,19;926.056
2016-09-27;27,27;27,33;26,64;26,93;978.065
2016-09-28;27,05;27,62;27,05;27,50;745.857
2016-09-29;27,70;27,77;27,23;27,37;727.182
2016-09-30;27,00;27,43;26,40;27,35;1.255.095
2016-10-03;27,38;27,45;27,11;27,15;518.480
2016-10-04;27,09;27,14;26,81;27,07;931.489
2016-10-05;26,52;28,66;25,83;27,99;4.166.668
2016-10-06;28,16;28,38;27,96;28,03;2.096.338
2016-10-07;28,06;28,18;27,60;27,95;1.766.941
2016-10-10;27,89;27,93;27,46;27,49;1.354.850
2016-10-11;27,48;27,62;27,22;27,33;832.709
2016-10-12;27,43;27,75;27,41;27,60;1.220.862
2016-10-13;27,40;27,40;26,87;27,16;1.180.912
2016-10-14;27,33;27,73;27,28;27,64;705.892
2016-10-17;27,62;27,74;27,35;27,54;657.631
2016-10-18;27,63;27,79;27,62;27,74;715.673
2016-10-19;27,78;27,95;27,74;27,82;968.359
2016-10-20;27,80;27,83;27,50;27,68;639.979
2016-10-21;27,70;27,74;27,43;27,58;852.570
2016-10-24;27,71;27,96;27,67;27,86;605.611
2016-10-25;27,88;28,06;27,72;27,89;639.122
2016-10-26;27,88;28,15;27,53;27,96;881.620
2016-10-27;27,88;28,02;27,61;27,89;813.210
2016-10-28;27,70;27,86;26,78;27,72;917.545
2016-10-31;27,60;27,77;27,45;27,45;946.931
2016-11-01;27,57;27,86;27,23;27,23;951.478
2016-11-02;27,04;27,21;26,94;26,96;944.169
2016-11-03;26,95;27,45;26,85;27,06;1.144.630
2016-11-04;26,85;26,88;26,55;26,55;809.397
2016-11-07;26,89;27,13;26,78;27,12;768.572
2016-11-08;27,11;27,27;26,94;27,26;501.052
2016-11-09;26,42;28,04;26,30;28,04;997.640
2016-11-10;28,20;29,13;28,18;29,10;1.603.577
2016-11-11;29,25;29,75;28,87;29,57;1.471.582
2016-11-14;29,80;29,95;29,47;29,47;1.151.987
2016-11-15;29,49;29,80;29,20;29,52;821.962
2016-11-16;29,56;29,94;29,41;29,44;1.386.112
2016-11-17;29,95;30,13;29,35;30,02;1.058.690
2016-11-18;30,10;30,20;29,80;29,98;964.903
2016-11-21;30,15;30,55;30,04;30,15;703.738
2016-11-22;30,20;30,68;30,18;30,39;823.319
2016-11-23;30,50;30,61;30,21;30,37;646.815
2016-11-24;30,47;30,58;30,32;30,37;471.279
2016-11-25;30,48;30,60;30,22;30,41;553.400
2016-11-28;30,33;30,38;29,85;30,00;600.589
2016-11-29;30,00;30,34;29,72;30,34;530.316
2016-11-30;30,41;30,63;30,12;30,33;1.032.559
2016-12-01;30,16;30,51;30,04;30,25;864.189
2016-12-02;30,00;30,36;29,84;30,13;813.351
2016-12-05;29,96;30,79;29,84;30,55;772.245
2016-12-06;30,54;30,96;30,51;30,88;845.574
2016-12-07;30,85;31,26;30,68;30,98;931.728
2016-12-08;31,00;31,74;30,78;31,74;1.520.767
2016-12-09;31,67;31,98;31,43;31,85;988.045
2016-12-12;31,85;31,90;31,57;31,75;937.875
2016-12-13;31,81;31,93;31,59;31,79;889.084
2016-12-14;31,76;31,90;31,48;31,75;868.778
2016-12-15;31,85;32,04;31,51;32,04;1.359.963
2016-12-16;32,00;32,02;31,71;31,71;1.660.451
2016-12-19;31,67;31,81;31,23;31,25;743.904
2016-12-20;31,30;31,83;31,11;31,65;680.497
2016-12-21;31,63;31,75;31,35;31,73;552.393
2016-12-22;31,63;31,84;31,43;31,56;431.780
2016-12-23;32,19;32,99;32,18;32,74;1.428.863
2016-12-27;32,82;33,00;32,71;32,73;775.865
2016-12-28;32,66;32,68;32,10;32,23;750.616
2016-12-29;32,06;32,12;31,91;32,02;493.101
2016-12-30;31,99;32,33;31,98;32,20;451.431
2017-01-02;32,05;32,48;32,05;32,37;261.549
2017-01-03;32,54;33,07;32,49;32,80;1.131.131
2017-01-04;32,95;33,09;32,56;32,63;841.882
2017-01-05;32,56;32,58;32,11;32,24;779.409
2017-01-06;32,25;32,54;32,10;32,48;624.648
2017-01-09;32,68;32,82;32,31;32,82;1.080.223
2017-01-10;32,64;32,68;32,13;32,52;944.462
2017-01-11;32,43;32,74;32,29;32,56;749.781
2017-01-12;32,56;33,00;32,26;32,41;825.855
2017-01-13;32,63;32,94;32,57;32,68;579.258
2017-01-16;32,60;32,70;32,40;32,60;670.297
2017-01-17;32,39;32,69;32,14;32,60;606.434
2017-01-18;32,73;32,75;32,35;32,50;1.040.492
2017-01-19;32,55;32,86;32,48;32,65;567.330
2017-01-20;32,61;32,68;32,41;32,59;971.209
2017-01-23;32,52;32,56;32,15;32,21;1.041.889
2017-01-24;32,28;32,54;32,28;32,38;738.221
2017-01-25;32,65;33,29;32,63;33,25;1.029.937
2017-01-26;33,40;33,96;33,40;33,61;919.500
2017-01-27;33,75;33,76;33,15;33,28;674.815
2017-01-30;33,20;33,34;32,66;32,86;871.114
2017-01-31;32,92;33,10;32,64;32,73;979.771
2017-02-01;32,93;33,18;32,61;32,61;1.157.081
2017-02-02;32,06;32,35;31,88;32,21;1.266.262
2017-02-03;32,27;32,46;32,03;32,25;748.558
2017-02-06;32,19;32,38;31,63;31,66;1.026.176
2017-02-07;31,53;32,17;31,46;32,11;917.759
2017-02-08;32,18;32,34;31,17;31,35;1.397.633
2017-02-09;31,51;31,88;31,36;31,77;1.212.568
2017-02-10;32,09;32,21;31,34;31,38;1.271.849
2017-02-13;31,54;31,95;31,40;31,79;905.572
2017-02-14;31,80;32,12;31,48;32,01;718.634
2017-02-15;31,98;32,41;31,94;32,28;986.681
2017-02-16;30,40;30,60;29,10;29,82;4.715.417
2017-02-17;30,10;30,20;29,39;29,65;2.219.805
2017-02-20;29,97;29,97;29,40;29,49;1.064.465
2017-02-21;29,54;29,86;29,29;29,84;962.797
2017-02-22;29,88;30,01;29,47;29,71;953.169
2017-02-23;29,43;29,56;28,88;28,97;1.923.230
2017-02-24;28,77;28,89;28,40;28,76;1.705.402
2017-02-27;28,88;29,13;28,67;28,98;1.004.993
2017-02-28;29,10;29,35;28,94;29,33;1.440.136
2017-03-01;29,48;30,00;29,46;29,87;1.481.736
2017-03-02;30,00;30,00;29,74;29,86;1.012.358
2017-03-03;29,73;30,11;29,63;30,10;1.084.885
2017-03-06;30,10;30,26;29,96;30,03;1.041.494
2017-03-07;30,04;30,15;29,89;30,02;763.356
2017-03-08;30,09;30,09;29,72;29,97;905.787
2017-03-09;30,14;30,35;30,01;30,29;985.925
2017-03-10;30,38;30,90;30,31;30,66;1.210.587
2017-03-13;30,65;31,05;30,56;30,95;879.337
2017-03-14;30,94;30,94;30,57;30,81;928.485
2017-03-15;30,86;30,95;30,65;30,73;890.823
2017-03-16;31,10;31,15;30,96;31,10;1.064.768
2017-03-17;31,10;31,45;31,00;31,02;1.847.237
2017-03-20;30,90;31,08;30,81;31,01;708.739
2017-03-21;31,06;31,20;30,64;30,75;909.844
2017-03-22;30,60;30,60;30,07;30,07;1.329.728
2017-03-23;30,23;30,38;30,09;30,30;1.119.625
2017-03-24;30,32;30,33;30,14;30,30;580.274
2017-03-27;29,75;30,28;29,50;30,28;857.348
2017-03-28;30,36;30,53;30,26;30,50;530.926
2017-03-29;30,70;30,84;30,57;30,57;868.059
2017-03-30;30,59;30,67;30,48;30,66;611.536
2017-03-31;30,66;30,66;30,37;30,49;1.120.374
2017-04-03;30,49;30,57;30,14;30,14;821.254
2017-04-04;30,14;30,20;29,67;29,77;1.146.378
2017-04-05;29,82;29,82;29,35;29,39;1.327.601
2017-04-06;29,11;29,31;28,82;29,28;1.443.165
2017-04-07;29,24;29,43;28,99;29,32;619.130
2017-04-10;29,39;29,39;29,14;29,30;822.058
2017-04-11;29,20;29,34;28,94;29,34;944.566
2017-04-12;29,45;29,61;29,28;29,33;914.987
2017-04-13;29,36;29,39;29,13;29,20;729.003
2017-04-18;29,29;29,36;28,75;28,85;1.183.648
2017-04-19;28,95;29,13;28,86;29,05;968.727
2017-04-20;28,97;29,15;28,81;29,15;1.068.659
2017-04-21;29,22;29,81;29,18;29,37;1.373.745
2017-04-24;30,15;30,84;30,14;30,70;2.293.264
2017-04-25;30,55;30,73;30,16;30,67;2.732.265
2017-04-26;30,65;30,72;30,36;30,50;1.270.906
2017-04-27;30,40;30,46;30,12;30,33;1.246.583
2017-04-28;30,24;30,53;30,21;30,44;1.274.267
2017-05-02;30,60;31,16;30,50;31,16;1.819.201
2017-05-03;31,21;31,29;30,98;31,15;1.029.664
2017-05-04;31,25;31,86;31,25;31,86;1.523.194
2017-05-05;31,85;32,45;31,83;32,41;1.507.497
2017-05-08;32,59;32,93;32,38;32,60;1.291.374
2017-05-09;32,57;32,72;32,28;32,46;1.025.361
2017-05-10;32,47;32,66;32,18;32,36;1.045.352
2017-05-11;32,46;32,53;31,93;31,98;1.271.442
2017-05-12;32,01;32,22;31,77;31,81;1.011.049
2017-05-15;31,96;32,20;31,75;32,20;1.067.544
2017-05-16;32,16;32,17;31,76;31,95;978.545
2017-05-17;31,90;31,98;31,28;31,40;1.346.526
2017-05-18;32,00;32,35;31,24;31,97;2.333.847
2017-05-19;32,18;32,24;31,82;31,98;1.162.027
2017-05-22;32,08;32,62;32,07;32,46;1.124.472
2017-05-23;32,54;32,74;32,43;32,53;1.055.088
2017-05-24;32,61;32,72;32,40;32,70;994.708
2017-05-25;32,85;32,85;32,21;32,30;867.091
2017-05-26;32,21;32,25;31,85;32,20;763.790
2017-05-29;32,15;32,81;32,09;32,70;725.651
2017-05-30;32,64;32,75;32,32;32,42;898.187
2017-05-31;32,15;32,17;31,85;32,00;2.417.737
2017-06-01;31,92;32,32;31,86;32,30;1.242.791
2017-06-02;32,46;32,60;32,23;32,23;1.036.923
2017-06-05;31,29;31,29;31,01;31,03;624.740
2017-06-06;31,05;31,05;30,45;30,74;970.903
2017-06-07;30,78;31,54;30,75;31,20;1.008.817
2017-06-08;31,28;31,49;31,11;31,22;869.599
2017-06-09;31,36;31,91;31,06;31,82;908.732
2017-06-12;31,76;31,91;31,53;31,58;789.074
2017-06-13;31,69;31,89;31,60;31,65;676.885
2017-06-14;32,12;32,38;31,88;31,95;1.421.849
2017-06-15;31,98;32,02;31,44;31,65;1.115.712
2017-06-16;31,75;31,83;31,41;31,83;1.662.618
2017-06-19;31,94;32,13;31,92;31,95;708.348
2017-06-20;32,17;32,33;32,04;32,13;1.210.218
2017-06-21;32,10;32,10;31,61;32,06;870.844
2017-06-22;32,04;32,08;31,67;31,72;906.213
2017-06-23;31,71;31,84;29,69;30,44;4.586.746
2017-06-26;30,42;30,82;30,24;30,52;1.284.596
2017-06-27;30,41;30,49;29,94;30,22;1.487.492
2017-06-28;30,17;30,38;29,94;30,21;1.239.103
2017-06-29;30,52;31,35;30,45;31,11;1.761.559
2017-06-30;31,20;31,55;31,04;31,12;1.574.144
2017-07-03;31,33;31,99;31,30;31,93;1.040.741
2017-07-04;31,84;32,09;31,75;31,88;652.482
2017-07-05;31,92;32,17;31,78;32,00;652.429
2017-07-06;32,15;32,77;32,08;32,54;1.583.252
2017-07-07;32,59;32,79;32,40;32,79;933.852
2017-07-10;32,90;33,04;32,79;32,89;986.682
2017-07-11;33,00;33,26;32,87;32,99;875.975
2017-07-12;33,09;33,33;32,97;33,01;812.856
2017-07-13;33,22;33,55;33,20;33,51;1.021.301
2017-07-14;33,58;33,83;33,48;33,56;843.947
2017-07-17;33,71;33,71;33,24;33,38;715.882
2017-07-18;33,36;33,36;32,84;33,00;942.339
2017-07-19;33,13;33,49;32,90;33,40;710.826
2017-07-20;34,00;34,34;33,75;33,97;1.563.089
2017-07-21;33,97;34,17;33,71;34,17;1.859.151
2017-07-24;34,20;34,42;34,02;34,26;1.105.257
2017-07-25;34,36;34,65;34,36;34,50;1.173.832
2017-07-26;34,39;34,71;34,06;34,65;859.911
2017-07-27;34,56;34,81;34,48;34,62;749.126
2017-07-28;34,46;34,51;34,17;34,37;740.577
2017-07-31;34,50;34,74;34,29;34,29;1.136.993
2017-08-01;34,38;34,41;34,07;34,30;923.098
2017-08-02;34,40;34,68;34,25;34,55;883.857
2017-08-03;34,47;34,79;34,31;34,79;1.092.229
2017-08-04;34,67;34,91;34,47;34,74;998.599
2017-08-07;34,75;35,01;34,59;35,01;609.824
2017-08-08;35,10;35,17;34,92;35,17;650.423
2017-08-09;34,86;35,03;34,55;34,87;956.941
2017-08-10;34,93;35,35;34,61;34,78;1.204.130
2017-08-11;34,54;34,54;33,86;34,17;1.061.096
2017-08-14;34,51;34,98;34,31;34,56;1.046.547
2017-08-15;34,67;34,93;34,58;34,80;599.966
2017-08-16;34,95;35,34;34,82;35,15;930.826
2017-08-17;35,29;35,34;34,41;35,02;1.524.226
2017-08-18;34,77;34,81;34,37;34,72;1.425.776
2017-08-21;34,14;34,29;33,62;33,70;1.177.592
2017-08-22;33,93;34,11;33,64;34,05;814.276
2017-08-23;34,00;34,08;33,44;33,56;1.045.688
2017-08-24;33,70;33,96;33,58;33,77;669.787
2017-08-25;33,79;34,19;33,79;34,02;993.398
2017-08-28;33,91;34,03;33,70;33,74;433.212
2017-08-29;33,52;33,52;32,86;33,36;1.018.181
2017-08-30;33,63;33,77;33,23;33,41;743.026
2017-08-31;33,64;33,68;33,34;33,34;1.576.338
2017-09-01;33,51;33,71;33,28;33,56;776.411
2017-09-04;33,35;33,47;33,25;33,26;525.123
2017-09-05;33,32;33,39;32,92;32,92;1.041.289
2017-09-06;32,73;32,81;32,57;32,68;827.670
2017-09-07;32,76;32,95;32,56;32,78;851.362
2017-09-08;32,78;32,86;32,48;32,72;733.313
2017-09-11;32,95;33,26;32,87;33,14;915.478
2017-09-12;33,37;33,84;33,17;33,84;1.196.202
2017-09-13;33,76;33,98;33,75;33,82;883.015
2017-09-14;33,85;33,85;33,35;33,67;712.124
2017-09-15;33,60;33,69;33,40;33,61;1.521.429
2017-09-18;33,85;34,10;33,77;34,03;857.570
2017-09-19;34,10;34,10;33,84;34,03;721.891
2017-09-20;34,02;34,09;33,78;33,93;471.449
2017-09-21;33,98;34,77;33,97;34,57;1.437.340
2017-09-22;34,57;34,69;34,36;34,68;593.489
2017-09-25;34,72;34,84;34,40;34,47;683.473
2017-09-26;34,41;34,54;34,35;34,43;616.463
2017-09-27;34,60;35,31;34,48;35,23;1.312.337
2017-09-28;35,55;35,78;35,15;35,32;1.414.271
2017-09-29;35,57;35,69;35,24;35,41;1.318.397
2017-10-02;35,50;35,59;35,26;35,48;784.138
2017-10-03;35,55;35,89;35,49;35,78;904.303
2017-10-04;35,75;35,77;35,44;35,54;971.648
2017-10-05;35,42;35,53;35,20;35,41;618.242
2017-10-06;35,47;35,70;35,30;35,57;654.321
2017-10-09;35,64;35,74;35,41;35,64;430.284
2017-10-10;35,65;35,70;35,50;35,54;440.860
2017-10-11;35,57;35,73;35,50;35,70;977.260
2017-10-12;35,78;36,02;35,66;35,83;832.463
2017-10-13;35,78;35,97;35,71;35,87;684.902
2017-10-16;35,97;35,99;35,84;35,87;501.841
2017-10-17;35,97;36,19;35,90;36,07;868.650
2017-10-18;36,15;36,46;36,07;36,33;720.605
2017-10-19;36,50;36,57;36,20;36,45;1.014.164
2017-10-20;36,63;36,83;36,60;36,65;1.051.103
2017-10-23;36,62;36,67;36,28;36,34;886.684
2017-10-24;36,31;36,41;36,21;36,22;809.482
2017-10-25;36,19;36,22;35,69;35,74;1.362.154
2017-10-26;35,71;36,61;35,66;36,60;1.086.012
2017-10-27;36,64;36,91;36,20;36,20;835.441
2017-10-30;36,20;36,61;36,05;36,14;752.397
2017-10-31;36,02;36,19;35,95;35,96;690.477
2017-11-01;36,01;36,13;35,83;35,83;739.360
2017-11-02;35,83;35,99;35,74;35,98;854.556
2017-11-03;35,91;35,93;35,42;35,53;844.564
2017-11-06;35,45;35,70;35,25;35,56;585.156
2017-11-07;35,59;35,82;35,38;35,45;689.574
2017-11-08;35,70;35,70;35,28;35,34;975.121
2017-11-09;35,27;35,51;35,17;35,32;894.726
2017-11-10;35,35;35,62;35,22;35,48;1.057.437
2017-11-13;35,55;35,55;35,12;35,18;1.158.485
2017-11-14;35,15;35,43;34,86;35,09;1.252.781
2017-11-15;35,00;35,27;34,86;35,24;1.037.194
2017-11-16;34,98;36,00;34,53;35,70;2.147.112
2017-11-17;35,93;36,08;35,55;35,82;1.699.577
2017-11-20;35,72;35,77;35,03;35,33;1.269.237
2017-11-21;35,35;35,60;35,19;35,41;987.761
2017-11-22;35,47;35,53;35,20;35,34;786.356
2017-11-23;35,19;35,30;34,97;35,26;669.238
2017-11-24;35,19;35,61;35,13;35,39;631.097
2017-11-27;35,47;35,60;34,98;35,03;978.866
2017-11-28;35,20;35,40;35,01;35,31;892.156
2017-11-29;35,55;36,23;35,47;35,91;1.379.590
2017-11-30;36,18;36,91;36,06;36,91;2.644.074
2017-12-01;36,89;37,00;36,45;36,51;1.217.348
2017-12-04;36,89;37,38;36,89;37,23;1.127.467
2017-12-05;37,20;37,45;37,03;37,19;1.054.177
2017-12-06;36,97;37,15;36,77;36,95;870.343
2017-12-07;36,95;37,32;36,95;37,10;1.099.797
2017-12-08;37,40;37,72;37,17;37,20;1.019.057
2017-12-11;37,48;37,52;37,15;37,27;780.248
2017-12-12;37,42;37,52;37,03;37,39;940.428
2017-12-13;37,24;37,55;37,00;37,36;1.082.375
2017-12-14;37,32;37,66;37,24;37,49;1.166.243
2017-12-15;37,49;37,62;37,17;37,37;1.851.266
2017-12-18;37,63;37,83;37,47;37,47;1.150.067
2017-12-19;37,48;37,61;37,25;37,32;1.072.490
2017-12-20;37,38;37,38;36,68;36,78;1.186.335
2017-12-21;36,73;36,82;36,42;36,62;985.067
2017-12-22;36,60;36,76;36,29;36,46;705.522
2017-12-27;36,47;36,59;36,14;36,34;442.352
2017-12-28;36,30;36,43;36,22;36,32;334.310
2017-12-29;36,25;36,28;36,00;36,12;410.635
2018-01-02;36,26;36,28;35,69;36,08;895.731
2018-01-03;36,25;36,52;36,04;36,44;924.528
2018-01-04;36,62;36,62;36,16;36,16;1.051.861
2018-01-05;36,32;36,82;36,26;36,75;1.047.089
2018-01-08;36,98;37,04;36,80;36,91;691.284
2018-01-09;36,92;37,32;36,80;37,32;952.861
2018-01-10;37,45;37,85;37,35;37,85;1.030.130
2018-01-11;37,96;37,97;37,45;37,59;760.303
2018-01-12;37,75;37,84;37,55;37,56;701.742
2018-01-15;37,57;37,63;37,45;37,50;504.352
2018-01-16;37,59;38,25;37,52;38,10;948.540
2018-01-17;38,22;38,34;37,97;38,33;1.060.729
2018-01-18;38,42;38,55;38,00;38,08;956.704
2018-01-19;38,04;38,27;38,00;38,18;913.163
2018-01-22;38,65;38,98;38,53;38,91;1.079.756
2018-01-23;39,00;39,04;38,28;38,51;1.100.248
2018-01-24;38,50;38,80;38,46;38,48;763.843
2018-01-25;38,49;38,54;38,11;38,40;774.125
2018-01-26;38,50;38,69;38,31;38,63;534.509
2018-01-29;38,89;39,06;38,74;38,78;841.733
2018-01-30;38,80;38,85;38,30;38,41;816.917
2018-01-31;38,40;38,41;37,92;38,00;920.331
2018-02-01;38,24;38,53;37,87;38,14;711.267
2018-02-02;38,06;38,29;37,85;38,22;634.418
2018-02-05;37,90;37,90;37,44;37,74;988.512
2018-02-06;36,61;36,94;36,11;36,19;1.787.474
2018-02-07;36,88;37,43;36,37;37,30;1.302.826
2018-02-08;37,40;37,40;36,50;36,65;1.225.899
2018-02-09;36,36;36,47;35,08;35,81;1.913.982
2018-02-12;36,30;36,61;36,00;36,09;905.720
2018-02-13;36,20;36,27;35,72;35,72;774.014
2018-02-14;35,90;36,48;35,87;36,26;1.238.411
2018-02-15;35,50;36,06;34,52;35,64;2.197.069
2018-02-16;35,87;35,97;35,44;35,82;949.884
2018-02-19;36,02;36,17;35,90;36,01;472.372
2018-02-20;36,01;36,38;36,00;36,26;884.244
2018-02-21;36,19;37,04;36,04;36,80;1.141.883
2018-02-22;36,67;36,87;36,32;36,63;907.664
2018-02-23;36,64;36,68;36,17;36,30;793.246
2018-02-26;36,45;36,64;36,31;36,42;534.630
2018-02-27;0,00;0,00;0,00;36,75;0
2018-02-28;36,60;37,12;36,57;36,76;1.005.209
2018-03-01;36,64;36,74;36,27;36,49;846.651
2018-03-02;36,20;36,22;35,34;35,50;1.286.052
2018-03-05;35,34;35,87;35,26;35,72;763.199
2018-03-06;36,01;36,10;35,69;35,82;918.873
2018-03-07;35,80;36,15;35,69;36,14;954.816
2018-03-08;36,13;36,43;35,93;36,12;944.563
2018-03-09;36,08;36,19;35,78;36,00;699.602
2018-03-12;36,10;36,24;35,68;35,88;866.338
2018-03-13;35,83;35,92;35,22;35,42;1.218.825
2018-03-14;35,47;35,48;35,19;35,26;957.093
2018-03-15;35,40;36,00;35,28;36,00;870.389
2018-03-16;0,00;0,00;0,00;36,04;0
2018-03-19;0,00;0,00;0,00;35,83;0
2018-03-20;0,00;0,00;0,00;36,42;0
2018-03-21;0,00;0,00;0,00;36,25;0
2018-03-22;0,00;0,00;0,00;35,73;0
2018-03-23;35,47;35,60;35,00;35,19;1.003.199
2018-03-26;35,24;35,79;35,11;35,38;856.141
2018-03-27;35,78;36,15;35,59;35,79;850.906
2018-03-28;35,60;36,18;35,34;36,17;1.031.378
2018-03-29;36,18;36,45;35,96;36,04;740.000
2018-04-03;35,86;36,33;35,65;36,25;893.411
2018-04-04;36,26;36,39;35,59;36,01;746.343
2018-04-05;36,50;36,57;36,19;36,40;905.114
2018-04-06;36,30;36,71;36,28;36,60;627.863
2018-04-09;36,78;36,81;36,52;36,60;559.484
2018-04-10;36,81;37,16;36,64;37,03;962.224
2018-04-11;37,02;37,52;36,92;37,43;1.084.177
2018-04-12;37,57;38,02;37,41;37,89;738.078
2018-04-13;38,05;38,42;37,94;38,02;767.571
2018-04-16;38,00;38,30;37,88;37,91;504.559
2018-04-17;37,91;38,37;37,84;38,23;890.608
2018-04-18;38,41;38,84;38,30;38,59;937.396
2018-04-19;38,51;38,81;38,36;38,52;785.943
2018-04-20;38,52;38,55;38,26;38,33;827.068
2018-04-23;38,30;39,00;38,30;38,99;853.036
2018-04-24;39,00;39,24;38,72;39,24;840.696
2018-04-25;39,00;39,27;38,80;39,09;853.479
2018-04-26;39,25;39,53;39,17;39,45;927.380
2018-04-27;39,45;39,67;39,38;39,57;869.468
2018-04-30;39,45;39,67;39,57;39,69;806.249
2018-05-02;39,56;39,62;39,00;39,05;1.332.181
2018-05-03;38,92;38,97;38,57;38,77;1.196.157
2018-05-04;38,75;39,04;38,62;38,76;992.905
2018-05-07;38,84;38,90;38,68;38,89;555.248
2018-05-08;38,83;39,41;38,74;39,41;1.063.177
2018-05-09;39,21;39,49;39,03;39,10;1.031.153
2018-05-10;39,14;39,44;38,92;39,07;499.928
2018-05-11;39,08;39,13;38,79;39,03;726.828
2018-05-14;39,00;39,08;38,46;38,71;948.552
2018-05-15;38,70;38,93;38,62;38,92;1.169.713
2018-05-16;38,88;39,03;38,33;38,43;957.429
2018-05-17;38,00;39,66;37,50;38,55;2.160.192
2018-05-18;38,63;38,82;38,33;38,52;970.576
2018-05-21;38,75;39,33;38,61;39,20;866.085
2018-05-22;39,31;39,42;38,97;39,40;904.877
2018-05-23;39,39;39,45;39,08;39,24;1.334.436
2018-05-24;39,23;39,24;38,63;38,72;1.368.706
2018-05-25;38,98;39,06;38,62;38,75;831.782
2018-05-28;39,09;39,14;38,07;38,37;504.431
2018-05-29;38,02;38,21;36,78;36,90;1.865.523
2018-05-30;0,00;37,32;36,50;36,99;1.054.733
2018-05-31;37,10;37,44;36,51;36,76;1.674.664
2018-06-01;37,04;37,97;37,03;37,66;1.449.585
2018-06-04;36,92;36,98;36,67;36,96;882.273
2018-06-05;36,76;37,00;36,61;36,61;1.126.881
2018-06-06;36,70;36,78;36,06;36,48;1.185.404
2018-06-07;36,73;37,26;36,69;36,99;1.094.233
2018-06-08;36,70;36,70;36,25;36,51;669.100
2018-06-11;36,84;37,24;36,79;37,18;719.512
2018-06-12;37,45;37,45;36,62;36,64;1.174.862
2018-06-13;36,70;36,82;36,42;36,42;719.840
2018-06-14;36,30;37,07;36,16;36,89;1.056.448
2018-06-15;36,89;36,89;35,99;36,10;1.890.139
2018-06-18;35,95;36,36;35,83;36,00;915.083
2018-06-19;35,58;36,29;35,36;36,22;898.436
2018-06-20;36,36;36,40;35,77;35,87;1.138.369
2018-06-21;35,85;35,96;35,46;35,57;886.613
2018-06-22;35,70;36,10;35,63;36,03;449.747
2018-06-25;36,00;36,01;35,32;35,32;663.691
2018-06-26;35,47;35,50;35,13;35,14;848.490
2018-06-27;34,95;35,10;34,09;34,89;1.196.395
2018-06-28;34,53;34,78;34,31;34,48;900.778
2018-06-29;34,95;35,13;34,76;34,84;1.213.415
2018-07-02;34,55;34,79;34,26;34,60;697.584
2018-07-03;34,72;34,96;34,27;34,80;807.199
2018-07-04;34,71;34,86;34,54;34,81;483.688
2018-07-05;34,81;35,18;34,80;35,08;806.486
2018-07-06;35,31;35,32;34,49;34,80;821.607
2018-07-09;35,13;35,29;34,93;35,26;1.107.904
2018-07-10;35,31;36,28;35,31;36,03;1.500.063
2018-07-11;35,81;35,87;35,16;35,51;1.048.519
2018-07-12;35,62;35,89;35,16;35,74;785.826
2018-07-13;35,80;36,13;35,76;36,04;653.580
2018-07-16;36,16;36,17;35,62;36,02;647.022
2018-07-17;36,05;36,49;35,83;36,40;791.404
2018-07-18;36,38;36,92;36,23;36,78;842.228
2018-07-19;36,74;36,94;36,50;36,58;625.324
2018-07-20;36,44;36,52;36,01;36,39;856.575
2018-07-23;36,40;36,64;36,28;36,57;480.068
2018-07-24;36,80;37,16;36,71;36,98;678.755
2018-07-25;37,09;37,43;36,89;36,93;802.677
2018-07-26;37,12;37,20;36,72;36,80;992.708
2018-07-27;36,91;37,32;36,90;37,10;510.153
2018-07-30;37,05;37,59;36,97;37,39;729.738
2018-07-31;37,37;38,02;37,35;37,82;1.300.605
2018-08-01;37,85;37,98;37,71;37,72;670.144
2018-08-02;37,62;37,66;37,16;37,22;952.160
2018-08-03;37,29;37,49;37,15;37,37;553.341
2018-08-06;37,48;37,58;37,08;37,18;707.066
2018-08-07;37,17;37,53;37,13;37,40;875.954
2018-08-08;37,37;37,59;37,07;37,54;481.840
2018-08-09;37,53;37,57;37,39;37,53;526.578
2018-08-10;37,27;37,47;36,70;36,90;932.193
2018-08-13;36,70;36,95;36,61;36,87;495.437
2018-08-14;36,99;37,21;36,68;36,79;646.282
2018-08-15;36,81;37,02;36,22;36,29;884.255
2018-08-16;37,64;37,84;37,24;37,76;1.473.516
2018-08-17;37,76;37,76;36,82;37,25;1.109.363
2018-08-20;36,66;37,03;36,55;36,64;694.409
2018-08-21;36,73;36,75;36,48;36,71;692.594
2018-08-22;36,64;37,34;36,63;37,28;755.452
2018-08-23;37,30;37,31;36,81;37,00;895.827
2018-08-24;36,98;37,18;36,90;37,02;488.011
2018-08-27;37,04;37,30;37,00;37,21;360.334
2018-08-28;37,33;37,49;37,00;37,26;671.669
2018-08-29;37,34;37,35;36,99;37,21;648.451
2018-08-30;37,06;37,24;36,89;37,06;612.541
2018-08-31;36,99;36,99;36,73;36,93;1.084.051
2018-09-03;36,94;37,34;36,89;37,31;592.441
2018-09-04;37,45;37,50;37,03;37,49;1.033.198
2018-09-05;37,23;37,49;36,99;37,41;1.021.533
2018-09-06;37,14;37,30;37,06;37,13;718.568
2018-09-07;37,33;37,33;36,88;37,10;613.495
2018-09-10;37,01;37,41;36,89;37,10;602.600
2018-09-11;37,31;37,31;36,80;37,10;956.404
2018-09-12;37,08;37,18;36,77;36,94;1.284.628
2018-09-13;36,95;37,33;36,88;37,01;644.861
2018-09-14;37,80;38,07;37,59;37,74;1.093.504
2018-09-17;37,70;37,85;37,56;37,64;855.901
2018-09-18;37,78;37,86;37,39;37,53;892.801
2018-09-19;37,65;38,05;37,55;37,97;861.821
2018-09-20;38,04;38,86;38,01;38,51;1.141.789
2018-09-21;38,68;39,05;38,65;38,86;1.550.373
2018-09-24;38,75;39,28;38,69;38,96;850.594
2018-09-25;38,96;39,59;38,93;39,34;903.059
2018-09-26;39,22;39,43;39,03;39,11;1.220.241
2018-09-27;38,80;39,21;38,76;39,11;1.259.507
2018-09-28;38,92;38,92;38,23;38,43;1.257.996
2018-10-01;38,58;39,04;38,51;38,80;829.532
2018-10-02;39,20;39,20;37,94;38,32;1.184.648
2018-10-03;38,43;38,74;38,31;38,48;616.134
2018-10-04;38,53;39,38;38,53;39,08;1.060.863
2018-10-05;39,03;39,42;38,88;39,25;963.662
2018-10-08;39,19;39,50;39,09;39,09;1.491.204
2018-10-09;39,26;39,68;39,12;39,19;1.332.749
2018-10-10;39,30;39,99;39,05;39,33;1.139.700
2018-10-11;38,70;38,89;37,73;37,74;1.781.732
2018-10-12;38,27;38,27;37,68;37,77;1.187.656
2018-10-15;37,76;38,13;37,40;38,10;1.073.238
2018-10-16;38,10;38,46;37,75;38,45;912.140
2018-10-17;38,45;39,09;38,40;38,87;1.117.657
2018-10-18;38,99;39,37;38,73;38,79;1.082.624
2018-10-19;38,71;38,84;38,18;38,59;1.282.900
2018-10-22;38,94;39,14;38,58;38,58;985.313
2018-10-23;37,73;37,81;36,54;37,07;1.886.703
2018-10-24;37,27;37,73;37,07;37,22;1.439.818
2018-10-25;37,00;37,51;36,77;37,31;1.499.407
2018-10-26;36,99;37,44;36,75;37,27;1.881.950
2018-10-29;37,80;38,55;37,51;37,90;1.142.498
2018-10-30;37,99;38,19;37,26;37,51;1.031.870
2018-10-31;38,03;38,28;37,73;38,00;1.229.536
2018-11-01;37,80;38,04;37,09;37,55;1.444.503
2018-11-02;37,99;38,15;37,55;37,64;1.437.822
2018-11-05;37,51;37,81;37,44;37,47;920.397
2018-11-06;37,62;37,65;37,15;37,30;835.910
2018-11-07;37,50;37,63;37,30;37,34;915.683
2018-11-08;37,50;38,14;37,35;38,05;1.156.924
2018-11-09;37,88;38,56;37,87;38,55;1.120.888
2018-11-12;38,92;38,94;38,28;38,32;806.157
2018-11-13;38,31;38,63;38,24;38,63;886.456
2018-11-14;38,16;38,22;37,81;37,82;1.324.891
2018-11-15;39,00;39,26;37,90;38,25;2.005.151
2018-11-16;38,35;38,66;37,91;38,07;1.424.089
2018-11-19;38,18;38,62;37,96;38,04;939.461
2018-11-20;37,87;37,87;36,87;37,08;1.400.349
2018-11-21;37,50;37,72;36,98;37,62;1.370.313
2018-11-22;37,50;37,56;36,99;37,12;712.355
2018-11-23;37,21;37,54;36,87;37,31;873.570
2018-11-26;37,61;37,98;37,57;37,84;743.830
2018-11-27;38,08;38,42;37,87;38,23;1.056.105
2018-11-28;38,43;38,46;37,74;37,96;960.744
2018-11-29;38,19;38,43;37,80;37,94;868.563
2018-11-30;37,97;37,97;37,48;37,57;1.804.759
2018-12-03;38,14;38,21;37,77;37,88;759.547
2018-12-04;37,67;37,88;37,57;37,66;905.900
2018-12-05;37,30;37,35;36,34;36,68;1.105.722
2018-12-06;36,40;36,49;35,03;35,28;2.019.763
2018-12-07;35,55;35,99;35,43;35,43;1.108.564
2018-12-10;35,15;35,32;34,49;34,56;1.072.162
2018-12-11;34,86;34,97;34,48;34,62;955.120
2018-12-12;34,74;35,29;34,56;35,02;1.129.942
2018-12-13;35,29;35,61;34,95;35,04;916.743
2018-12-14;34,63;34,83;34,30;34,83;1.268.563
2018-12-17;34,85;34,85;34,43;34,54;973.449
2018-12-18;34,54;34,67;34,37;34,42;1.095.258
2018-12-19;34,54;34,86;34,43;34,64;1.176.288
2018-12-20;33,90;34,65;33,80;34,35;1.429.661
2018-12-21;34,13;34,51;33,98;34,51;1.919.661
2018-12-24;34,14;34,34;33,83;34,14;281.468
2018-12-27;34,24;34,49;33,60;33,75;1.030.611
2018-12-28;33,90;34,51;33,83;34,40;557.515
2018-12-31;34,38;34,81;34,38;34,80;180.189
2019-01-02;34,29;34,69;33,86;34,58;936.592
2019-01-03;34,16;34,74;34,11;34,41;643.641
2019-01-04;34,55;35,27;34,50;35,23;725.482
2019-01-07;35,21;35,33;34,65;34,88;670.597
2019-01-08;34,98;35,57;34,86;35,19;889.500
2019-01-09;35,39;35,60;35,09;35,43;728.476
2019-01-10;35,20;35,85;35,13;35,76;653.836
2019-01-11;35,76;36,18;35,62;36,04;830.856
2019-01-14;35,84;36,22;35,68;36,16;719.770
2019-01-15;36,68;36,75;36,13;36,13;832.207
2019-01-16;36,20;36,80;36,08;36,69;755.722
2019-01-17;36,39;36,66;36,26;36,52;947.236
2019-01-18;36,90;37,54;36,90;37,53;1.252.673
2019-01-21;37,48;37,58;37,27;37,47;564.437
2019-01-22;37,36;37,52;37,07;37,23;660.254
2019-01-23;37,00;37,47;36,89;37,00;990.876
2019-01-24;37,17;37,68;37,01;37,42;1.060.174
2019-01-25;37,66;37,73;37,37;37,39;689.174
2019-01-28;37,34;37,54;37,10;37,10;801.512
2019-01-29;37,20;37,22;36,84;37,00;894.837
2019-01-30;36,97;37,17;36,75;37,16;782.804
2019-01-31;37,18;37,63;36,77;36,92;1.000.441
2019-02-01;37,08;37,12;36,67;37,03;685.765
2019-02-04;36,89;37,17;36,65;36,94;568.877
2019-02-05;36,82;37,34;36,80;37,28;506.513
2019-02-06;36,90;37,40;36,90;37,33;816.789
2019-02-07;37,25;37,50;36,78;36,78;755.724
2019-02-08;36,84;36,88;36,33;36,45;860.355
2019-02-11;36,81;36,93;36,33;36,45;686.458
2019-02-12;36,80;37,24;36,66;37,11;778.932
2019-02-13;37,05;37,26;36,79;36,97;1.010.168
2019-02-14;37,50;38,09;37,20;37,25;1.634.141
2019-02-15;37,23;37,93;36,99;37,86;1.523.194
2019-02-18;37,90;38,06;37,65;37,83;492.607
2019-02-19;37,83;38,00;37,63;37,99;717.745
2019-02-20;38,00;38,02;37,65;37,98;772.190
2019-02-21;38,18;38,44;37,94;37,94;929.467
2019-02-22;37,80;38,00;37,62;37,62;711.701
2019-02-25;37,92;37,92;37,52;37,75;844.595
2019-02-26;37,51;38,09;37,51;38,00;860.122
2019-02-27;38,16;38,40;37,83;38,40;818.468
2019-02-28;37,60;38,42;37,60;38,30;959.382
2019-03-01;38,05;38,55;37,79;38,50;1.193.162
2019-03-04;38,53;38,60;38,05;38,05;882.988
2019-03-05;38,06;38,31;37,94;38,07;675.933
2019-03-06;38,10;38,25;37,76;38,20;684.064
2019-03-07;37,98;38,43;37,92;38,14;1.087.033
2019-03-08;37,83;38,01;37,45;37,60;763.210
2019-03-11;37,57;37,93;37,49;37,86;488.029
2019-03-12;38,00;38,09;37,60;37,76;926.729
2019-03-13;37,63;38,09;37,59;38,05;624.048
2019-03-14;37,99;38,56;37,99;38,32;869.192
2019-03-15;38,45;38,84;38,32;38,84;1.868.178
2019-03-18;38,71;39,14;38,64;39,10;902.277
2019-03-19;39,20;39,57;38,97;39,01;953.660
2019-03-20;38,84;38,93;37,70;37,70;1.100.270
2019-03-21;37,45;37,51;36,83;37,16;1.202.838
2019-03-22;37,30;37,30;36,37;36,37;1.057.134
2019-03-25;36,10;36,50;36,03;36,35;731.047
2019-03-26;36,59;36,63;36,08;36,15;934.947
2019-03-27;36,20;36,87;36,10;36,45;1.016.513
2019-03-28;36,50;36,66;36,16;36,44;1.027.839
2019-03-29;36,60;37,06;36,54;37,03;1.253.867
2019-04-01;37,34;37,52;37,04;37,47;828.183
2019-04-02;37,50;37,70;37,24;37,41;846.186
2019-04-03;37,56;37,90;37,53;37,90;1.030.182
2019-04-04;37,90;37,94;37,53;37,55;1.108.211
2019-04-05;37,50;37,62;37,07;37,07;1.343.021
2019-04-08;37,15;37,21;36,97;36,98;744.840
2019-04-09;36,98;37,29;36,88;36,88;773.500
2019-04-10;36,79;37,18;36,78;36,94;1.056.159
2019-04-11;36,93;37,61;36,93;37,47;833.497
2019-04-12;37,49;37,92;37,11;37,80;1.004.933
2019-04-15;37,76;38,16;37,75;37,84;682.961
2019-04-16;37,70;38,08;37,01;37,87;724.834
2019-04-17;37,89;38,65;37,84;38,59;833.468
2019-04-18;38,30;38,57;38,12;38,30;872.834
2019-04-23;38,20;38,48;38,04;38,18;835.813
2019-04-24;38,20;38,33;37,90;38,27;931.726
2019-04-25;38,33;38,55;38,14;38,55;998.675
2019-04-26;38,53;38,77;38,38;38,62;774.720
2019-04-29;38,54;39,00;38,54;38,82;630.158
2019-04-30;38,61;39,03;38,61;38,82;1.375.737
2019-05-02;38,51;39,20;38,51;38,84;1.034.530
2019-05-03;38,63;39,01;38,52;38,63;651.551
2019-05-06;38,19;38,19;37,65;37,94;602.109
2019-05-07;37,79;38,09;37,26;37,33;1.015.413
2019-05-08;37,25;37,68;36,54;37,66;1.029.107
2019-05-09;37,58;37,66;37,17;37,18;1.205.789
2019-05-10;37,42;37,78;37,23;37,24;928.825
2019-05-13;37,26;37,30;36,40;36,40;1.204.403
2019-05-14;36,60;36,61;36,29;36,54;986.117
2019-05-15;36,65;36,80;36,25;36,77;850.184
2019-05-16;36,98;37,21;35,96;37,06;1.443.118
2019-05-17;36,99;37,17;36,69;36,94;1.062.153
2019-05-20;36,86;37,06;36,20;36,61;1.081.842
2019-05-21;36,84;37,05;36,58;36,96;1.283.845
2019-05-22;37,01;37,21;36,67;36,93;752.936
2019-05-23;36,62;36,78;35,61;35,61;1.227.952
2019-05-24;35,82;36,15;35,72;36,13;1.083.170
2019-05-27;36,30;36,61;36,24;36,24;334.282
2019-05-28;36,26;36,31;35,92;36,12;1.081.896
2019-05-29;35,90;35,95;35,36;35,55;907.259
2019-05-30;35,65;36,18;35,65;36,15;774.911
2019-05-31;34,30;34,40;34,01;34,02;1.554.447
2019-06-03;33,75;34,29;33,61;34,18;1.538.637
2019-06-04;34,14;35,14;34,04;35,08;1.579.195
2019-06-05;35,15;35,27;34,62;34,77;1.731.737
2019-06-06;34,64;35,18;34,51;34,63;1.493.421
2019-06-07;35,01;36,28;34,80;36,18;2.023.070
2019-06-10;36,40;36,52;36,03;36,03;878.042
2019-06-11;36,34;36,85;36,16;36,47;1.118.104
2019-06-12;36,31;36,41;35,78;35,82;1.280.937
2019-06-13;35,72;36,09;35,66;35,89;1.102.376
2019-06-14;35,70;35,75;34,96;35,13;1.420.388
2019-06-17;35,21;35,49;35,13;35,21;1.132.902
2019-06-18;35,27;35,27;34,64;34,87;2.118.526
2019-06-19;34,60;35,49;34,43;35,19;1.409.467
2019-06-20;35,33;35,46;34,97;34,97;1.197.103
2019-06-21;35,11;35,48;35,09;35,12;1.734.599
2019-06-24;34,96;35,29;34,82;34,94;838.450
2019-06-25;34,69;35,00;34,62;34,89;806.196
2019-06-26;34,68;35,17;34,67;35,04;998.426
2019-06-27;35,13;35,36;34,78;35,07;917.093
2019-06-28;35,00;35,44;35,00;35,40;1.050.779
2019-07-01;35,66;35,99;35,60;35,76;996.526
2019-07-02;35,87;36,00;35,55;35,83;850.456
2019-07-03;35,86;36,05;35,83;35,94;648.190
2019-07-04;36,10;36,36;36,06;36,10;497.982
2019-07-05;36,14;36,24;35,88;36,09;733.407
2019-07-08;35,97;36,34;35,84;36,00;733.324
2019-07-09;36,00;36,04;35,49;35,86;1.027.248
2019-07-10;35,72;36,12;35,48;35,48;902.176
2019-07-11;35,60;35,61;35,25;35,33;755.943
2019-07-12;35,29;35,62;35,27;35,41;598.870
2019-07-15;35,38;35,83;35,38;35,56;758.240
2019-07-16;35,64;36,24;35,64;36,06;968.038
2019-07-17;36,00;36,15;35,68;35,72;664.392
2019-07-18;35,44;35,83;35,39;35,71;567.137
2019-07-19;35,80;35,87;35,41;35,49;501.882
2019-07-22;35,43;35,68;35,12;35,19;792.171
2019-07-23;35,35;35,47;35,20;35,28;644.469
2019-07-24;35,37;35,50;35,12;35,12;598.749
2019-07-25;35,38;35,55;34,83;35,00;740.846
2019-07-26;34,91;34,96;34,44;34,46;906.654
2019-07-29;34,50;34,68;34,31;34,44;651.459
2019-07-30;34,42;34,45;33,68;33,94;945.621
2019-07-31;33,81;34,35;33,79;34,03;1.310.123
2019-08-01;33,94;34,31;33,79;34,12;865.450
2019-08-02;33,50;33,65;32,77;32,84;1.672.477
2019-08-05;32,56;32,75;31,75;31,75;1.408.593
2019-08-06;31,75;32,11;31,51;31,55;1.245.827
2019-08-07;31,81;31,85;31,08;31,34;1.440.537
2019-08-08;31,62;31,69;31,11;31,43;1.511.161
2019-08-09;31,28;31,45;30,94;30,98;1.512.532
2019-08-12;30,97;31,26;30,62;30,67;1.345.469
2019-08-13;30,52;31,34;30,35;31,10;1.785.637
2019-08-14;31,10;31,30;30,43;30,43;1.472.777
2019-08-15;30,66;31,10;30,21;30,57;1.810.175
2019-08-16;30,76;31,58;30,76;31,43;1.607.664
2019-08-19;31,11;31,29;30,84;30,91;1.172.672
2019-08-20;30,72;30,88;30,28;30,31;1.657.555
2019-08-21;30,38;30,76;30,31;30,38;1.038.620
2019-08-22;30,23;30,60;30,23;30,37;1.124.439
2019-08-23;30,49;30,91;30,42;30,42;1.253.042
2019-08-26;30,27;30,63;30,00;30,39;1.047.182
2019-08-27;30,39;30,54;30,15;30,37;1.537.561
2019-08-28;30,21;30,35;29,69;29,99;1.205.827
2019-08-29;30,28;30,45;30,08;30,29;1.133.957
2019-08-30;30,25;30,52;30,14;30,46;1.117.626
2019-09-02;30,43;30,57;30,23;30,28;532.328
2019-09-03;30,29;30,31;29,66;29,70;1.111.148
2019-09-04;29,99;30,15;29,89;30,09;1.186.171
2019-09-05;30,25;31,09;30,09;30,98;1.302.381
2019-09-06;31,10;31,23;30,84;30,99;1.003.989
2019-09-09;31,07;31,73;31,07;31,64;975.900
2019-09-10;31,72;32,54;31,70;32,41;1.188.722
2019-09-11;32,67;33,22;32,60;32,83;1.484.808
2019-09-12;33,00;33,12;32,24;32,54;1.402.160
2019-09-13;32,49;33,45;32,49;33,07;1.318.304
2019-09-16;32,85;32,94;32,45;32,68;1.211.614
2019-09-17;32,69;32,79;32,13;32,44;1.244.444
2019-09-18;32,39;32,66;32,21;32,39;993.443
2019-09-19;32,54;32,79;32,26;32,64;970.110
2019-09-20;32,60;33,02;32,56;32,87;1.622.375
2019-09-23;32,75;32,88;32,05;32,25;951.134
2019-09-24;32,45;32,61;32,17;32,27;993.914
2019-09-25;32,24;32,43;31,79;32,13;948.090
2019-09-26;32,08;32,58;32,02;32,46;919.568
2019-09-27;32,60;32,77;32,28;32,71;990.039
2019-09-30;32,67;32,90;32,52;32,54;1.015.264
2019-10-01;32,67;32,70;32,09;32,17;1.142.787
2019-10-02;32,03;32,05;31,29;31,35;1.675.452
2019-10-03;31,19;31,44;30,85;31,32;935.970
2019-10-04;31,40;31,48;31,12;31,47;925.436
2019-10-07;31,56;31,91;31,24;31,72;997.468
2019-10-08;31,82;31,90;31,44;31,71;929.150
2019-10-09;31,63;32,06;31,50;31,87;1.039.791
2019-10-10;31,94;32,66;31,94;32,56;1.179.702
2019-10-11;32,66;33,61;32,65;33,50;1.408.907
2019-10-14;33,34;33,46;32,91;33,18;915.960
2019-10-15;33,41;33,99;33,30;33,76;1.078.001
2019-10-16;33,62;33,89;33,10;33,53;1.582.013
2019-10-17;33,40;34,17;33,33;33,33;1.168.048
2019-10-18;33,38;33,67;33,17;33,54;932.587
2019-10-21;33,55;34,07;33,55;33,62;872.158
2019-10-22;33,68;33,99;33,61;33,95;844.740
2019-10-23;33,80;34,48;33,75;34,35;1.399.431
2019-10-24;34,35;35,06;34,17;34,77;1.190.486
2019-10-25;34,60;34,91;34,01;34,23;1.177.994
2019-10-28;34,33;34,60;34,24;34,24;911.827
2019-10-29;34,31;34,59;34,11;34,51;1.109.987
2019-10-30;34,57;34,81;34,42;34,62;1.185.452
2019-10-31;34,57;34,63;34,05;34,17;1.560.972
2019-11-01;34,30;34,68;34,06;34,46;949.926
2019-11-04;34,65;34,99;34,57;34,60;1.111.133
2019-11-05;34,66;35,37;34,60;35,26;1.153.423
2019-11-06;35,30;35,53;35,22;35,27;900.916
2019-11-07;35,40;35,84;35,26;35,71;1.014.930
2019-11-08;35,60;35,85;35,47;35,53;1.084.510
2019-11-11;35,24;35,68;35,13;35,38;1.098.512
2019-11-12;35,43;35,81;35,38;35,68;1.180.446
2019-11-13;35,47;35,61;34,97;35,22;1.207.777
2019-11-14;35,85;36,34;35,25;35,45;1.953.159
2019-11-15;35,50;35,72;35,32;35,52;861.178
2019-11-18;35,56;35,99;35,21;35,41;1.149.192
2019-11-19;35,54;35,80;35,17;35,24;918.535
2019-11-20;35,05;35,20;34,70;35,17;1.330.388
2019-11-21;35,02;35,40;34,74;34,85;1.144.508
2019-11-22;34,82;35,26;34,68;34,85;983.119
2019-11-25;34,95;35,27;34,78;34,80;1.048.392
2019-11-26;34,69;34,90;34,41;34,90;2.230.488
2019-11-27;34,88;35,00;34,73;34,94;935.527
2019-11-28;34,83;35,12;34,73;35,02;701.649
2019-11-29;34,92;35,12;34,83;34,84;664.388
2019-12-02;34,95;35,27;34,41;34,51;1.052.272
2019-12-03;34,50;34,66;33,63;33,73;1.371.944
2019-12-04;33,71;34,09;33,57;33,92;1.071.996
2019-12-05;33,94;34,19;33,74;33,76;986.251
2019-12-06;33,76;34,29;33,74;34,13;791.922
2019-12-09;34,10;34,35;34,05;34,07;680.740
2019-12-10;34,00;34,35;33,70;34,21;1.288.778
2019-12-11;34,13;34,34;33,90;33,94;1.129.155
2019-12-12;33,99;34,30;33,48;34,11;1.153.548
2019-12-13;34,53;34,93;34,34;34,35;978.773
2019-12-16;34,40;34,58;34,27;34,50;772.515
2019-12-17;34,58;34,97;34,48;34,95;1.201.882
2019-12-18;34,88;35,04;34,77;34,77;832.799
2019-12-19;34,71;34,73;34,15;34,20;889.829
2019-12-20;34,16;34,56;34,12;34,44;1.445.793
2019-12-23;34,38;34,38;33,98;34,21;538.119
2019-12-24;34,27;34,44;34,16;34,22;187.674
2019-12-27;34,35;34,35;34,01;34,08;601.597
2019-12-30;33,95;34,38;33,95;34,15;404.711
2019-12-31;34,12;34,15;33,78;33,82;298.146
2020-01-02;34,08;34,72;34,08;34,58;625.533
2020-01-03;34,36;34,44;33,95;34,19;652.236
2020-01-06;33,87;33,90;33,37;33,59;720.665
2020-01-07;33,73;34,02;33,62;33,98;833.393
2020-01-08;33,74;34,40;33,56;34,16;925.926
2020-01-09;34,51;34,60;34,02;34,02;671.311
2020-01-10;34,10;34,13;33,75;33,96;680.807
2020-01-13;33,67;33,80;33,43;33,49;984.298
2020-01-14;33,55;33,78;33,42;33,78;915.227
2020-01-15;33,61;33,69;32,53;32,76;1.718.775
2020-01-16;32,83;32,93;32,44;32,63;1.811.228
2020-01-17;32,64;32,84;32,57;32,84;1.284.221
2020-01-20;32,80;33,05;32,76;32,80;632.149
2020-01-21;32,61;32,79;32,42;32,66;785.362
2020-01-22;32,68;32,83;32,32;32,41;952.912
2020-01-23;32,89;32,89;32,16;32,21;1.037.838
2020-01-24;32,57;32,79;32,42;32,43;811.754
2020-01-27;32,03;32,14;31,69;31,79;850.390
2020-01-28;31,95;32,28;31,73;32,09;936.117
2020-01-29;32,09;32,27;31,91;32,02;803.719
2020-01-30;31,77;31,83;31,41;31,71;1.011.055
2020-01-31;31,80;31,85;31,40;31,40;848.561
2020-02-03;31,50;31,87;31,34;31,60;1.102.746
2020-02-04;31,85;32,15;31,76;31,97;984.945
2020-02-05;31,94;32,55;31,80;32,53;1.191.111
2020-02-06;32,85;33,15;32,48;32,48;1.060.973
2020-02-07;32,41;32,55;32,28;32,43;747.999
2020-02-10;32,39;32,66;32,25;32,25;651.303
2020-02-11;32,33;32,74;32,33;32,48;1.205.931
2020-02-12;32,41;33,28;32,38;33,11;1.026.997
2020-02-13;35,00;36,69;34,41;36,69;3.181.844
2020-02-14;36,82;37,17;35,99;36,11;1.440.366
2020-02-17;36,43;37,00;36,28;37,00;1.079.996
2020-02-18;36,99;37,15;36,53;36,80;1.219.298
2020-02-19;36,84;36,99;36,44;36,73;1.148.501
2020-02-20;38,00;38,25;37,08;37,41;2.374.143
2020-02-21;37,22;37,33;36,43;36,59;1.403.600
2020-02-24;35,80;35,86;34,69;34,86;2.049.934
2020-02-25;35,02;35,13;33,81;33,82;1.776.462
2020-02-26;33,70;34,52;33,37;34,42;1.819.475
2020-02-27;34,07;34,07;32,40;32,70;2.060.347
2020-02-28;31,67;31,77;30,67;30,84;2.679.883
2020-03-02;31,50;31,57;29,82;30,42;1.805.166
2020-03-03;31,22;31,43;30,59;30,70;1.985.460
2020-03-04;31,00;31,54;30,51;30,87;1.588.852
2020-03-05;31,25;31,47;30,43;30,91;2.185.575
2020-03-06;30,29;30,64;29,47;29,56;2.457.289
2020-03-09;28,21;28,21;26,00;26,00;2.438.631
2020-03-10;26,50;27,51;25,87;25,99;2.736.524
2020-03-11;26,42;27,29;25,99;26,30;1.651.542
2020-03-12;25,00;25,07;21,53;21,58;3.448.637
2020-03-13;22,39;23,86;21,50;22,11;3.829.980
2020-03-16;21,11;21,28;19,10;20,09;3.928.323
2020-03-17;21,11;21,62;19,11;20,87;3.100.258
2020-03-18;20,01;21,94;19,72;21,72;3.281.056
2020-03-19;21,65;25,00;21,61;22,22;3.274.977
2020-03-20;23,41;25,26;22,28;23,09;10.795.673
2020-03-23;22,05;23,05;21,04;21,41;3.908.621
2020-03-24;22,50;23,92;22,17;23,59;3.544.258
2020-03-25;24,50;24,99;22,90;24,32;2.381.537
2020-03-26;23,64;24,38;23,07;24,32;2.076.180
2020-03-27;23,57;24,19;23,18;24,14;1.725.606
2020-03-30;24,02;24,60;23,23;24,43;1.426.201
2020-03-31;24,80;25,24;24,32;24,60;1.770.337
2020-04-01;23,57;23,98;23,20;23,68;1.705.994
2020-04-02;23,80;24,70;23,59;24,37;1.552.095
2020-04-03;23,20;23,40;21,80;22,79;3.379.772
2020-04-06;23,98;24,11;23,13;23,63;1.862.533
2020-04-07;24,27;25,28;23,95;24,54;1.982.717
2020-04-08;24,25;24,48;23,83;24,48;1.084.846
2020-04-09;25,00;25,56;24,45;25,32;1.248.646
2020-04-14;25,70;25,75;24,24;24,43;1.608.488
2020-04-15;24,30;24,36;23,42;23,42;2.135.818
2020-04-16;23,73;24,21;22,92;23,01;1.778.550
2020-04-17;23,75;23,95;23,07;23,45;1.914.302
2020-04-20;23,59;23,82;23,23;23,66;812.078
2020-04-21;23,40;23,72;22,76;23,17;1.062.279
2020-04-22;23,34;23,71;23,15;23,44;855.411
2020-04-23;23,69;24,27;23,30;23,84;1.064.176
2020-04-24;23,34;24,35;23,15;23,73;1.039.868
2020-04-27;24,40;24,81;24,23;24,78;874.148
2020-04-28;24,86;26,03;24,78;25,91;1.065.056
2020-04-29;25,91;27,06;25,85;26,98;1.396.995
2020-04-30;27,34;27,47;26,30;26,41;1.377.065
2020-05-04;25,44;25,65;25,00;25,19;2.867.894
2020-05-05;25,73;26,08;25,38;25,52;1.021.680
2020-05-06;25,65;25,74;25,01;25,17;728.103
2020-05-07;25,19;25,98;25,04;25,83;865.130
2020-05-08;26,27;26,32;25,70;25,75;833.730
2020-05-11;25,95;26,27;25,21;25,34;631.951
2020-05-12;25,35;26,65;25,18;25,64;975.510
2020-05-13;25,15;25,19;24,32;24,32;1.268.002
2020-05-14;23,83;24,00;22,79;23,82;1.678.713
2020-05-15;24,00;24,28;23,20;23,58;1.228.344
2020-05-18;24,08;25,19;23,97;25,19;1.135.813
2020-05-19;25,65;26,55;25,53;25,95;1.661.322
2020-05-20;25,91;26,09;25,21;25,95;887.526
2020-05-21;25,74;26,02;25,47;25,75;701.455
2020-05-22;25,26;26,27;24,96;25,82;806.945
2020-05-25;26,01;26,25;25,66;26,25;556.971
2020-05-26;26,60;27,30;26,50;27,25;1.263.477
2020-05-27;27,40;28,63;27,32;28,40;1.647.846
2020-05-28;28,81;29,05;28,28;28,63;1.601.868
2020-05-29;28,18;28,49;27,61;27,77;2.927.356
2020-06-01;28,27;28,58;27,84;28,52;823.123
2020-06-02;28,84;29,75;28,60;29,50;1.288.697
2020-06-03;29,87;30,83;29,56;30,80;2.265.823
2020-06-04;30,50;30,53;29,45;30,44;2.711.993
2020-06-05;30,70;31,53;30,65;31,53;1.846.508
2020-06-08;31,16;32,39;30,94;31,83;1.519.389
2020-06-09;31,83;31,83;30,45;31,10;1.669.825
2020-06-10;30,77;31,83;30,42;30,52;1.263.902
2020-06-11;29,53;29,64;28,70;28,70;1.890.108
2020-06-12;28,30;30,90;28,05;30,12;2.861.134
2020-06-15;29,40;30,30;29,01;30,22;2.096.057
2020-06-16;31,20;31,30;30,35;30,78;2.467.081
2020-06-17;30,72;31,20;30,22;30,33;1.723.507
2020-06-18;30,19;30,55;29,51;30,03;1.421.914
2020-06-19;30,31;30,31;28,85;28,85;2.909.445
2020-06-22;28,91;29,99;28,79;29,66;1.666.888
2020-06-23;29,97;30,70;29,66;30,13;1.540.323
2020-06-24;29,48;30,22;29,35;29,35;1.783.546
2020-06-25;29,20;30,14;28,90;29,93;1.255.495
2020-06-26;30,21;30,31;29,36;29,38;986.672
2020-06-29;29,28;29,95;29,16;29,79;1.013.109
2020-06-30;29,97;30,17;29,60;29,90;1.421.737
2020-07-01;30,07;30,57;29,69;30,07;1.536.409
2020-07-02;30,34;31,03;30,15;30,80;1.439.759
2020-07-03;30,93;31,19;30,50;31,10;1.789.921
2020-07-06;31,72;32,02;31,40;31,59;1.182.500
2020-07-07;32,10;33,10;31,94;32,06;1.599.778
2020-07-08;31,78;32,11;31,55;31,55;1.223.323
2020-07-09;31,80;31,93;31,34;31,43;924.009
2020-07-10;31,17;31,99;31,06;31,99;828.706
2020-07-13;32,48;32,56;31,62;31,95;1.139.178
2020-07-14;31,70;32,90;31,55;32,90;1.219.078
2020-07-15;33,00;33,14;32,42;32,93;1.110.868
2020-07-16;32,64;32,88;32,57;32,79;904.686
2020-07-17;32,82;32,86;32,35;32,52;872.138
2020-07-20;32,26;32,98;32,00;32,98;1.003.089
2020-07-21;33,27;33,40;32,69;32,75;1.069.030
2020-07-22;32,69;32,80;32,33;32,80;959.994
2020-07-23;32,90;32,90;31,95;32,19;1.213.100
2020-07-24;31,81;32,18;31,57;31,94;903.588
2020-07-27;31,80;31,97;31,46;31,63;710.785
2020-07-28;31,80;31,93;31,40;31,85;956.252
2020-07-29;31,88;32,08;31,59;31,92;908.881
2020-07-30;32,01;32,01;30,47;30,89;1.330.159
2020-07-31;31,02;31,71;30,96;31,00;1.298.650
2020-08-03;31,10;32,21;30,77;32,14;948.663
2020-08-04;32,31;32,77;32,23;32,47;1.180.497
2020-08-05;32,84;33,29;32,66;33,02;1.857.193
2020-08-06;33,85;34,65;33,51;33,51;1.972.655
2020-08-07;33,70;34,60;33,64;34,33;1.348.612
2020-08-10;32,90;33,02;32,04;32,31;1.806.763
2020-08-11;32,63;32,96;32,32;32,52;1.465.445
2020-08-12;32,43;32,92;32,43;32,69;1.054.634
2020-08-13;32,52;32,60;32,13;32,13;989.346
2020-08-14;32,10;32,19;31,50;31,86;1.059.167
2020-08-17;31,79;32,05;31,37;31,39;789.303
2020-08-18;31,20;31,76;30,96;31,34;1.014.295
2020-08-19;31,17;31,61;31,12;31,61;916.453
2020-08-20;31,04;31,13;30,26;30,59;1.272.040
2020-08-21;30,56;30,76;29,99;30,39;1.354.070
2020-08-24;30,55;31,20;30,45;31,20;1.448.953
2020-08-25;31,40;31,71;31,23;31,23;1.479.391
2020-08-26;31,29;32,04;31,11;31,90;1.361.027
2020-08-27;31,90;32,11;31,57;31,84;1.426.445
2020-08-28;32,08;32,42;32,00;32,05;1.330.048
2020-09-01;31,78;32,17;31,58;32,02;1.544.366
2020-09-02;32,12;32,65;31,87;32,55;1.419.761
2020-09-03;32,86;33,26;32,51;32,68;1.258.819
2020-09-04;32,55;33,31;32,47;32,75;1.426.693
2020-09-07;33,10;33,32;32,69;33,13;880.415
2020-09-08;33,18;33,52;32,69;32,77;1.074.385
2020-09-09;32,79;33,55;32,79;33,37;1.218.231
2020-09-10;33,28;33,51;32,96;33,18;1.288.017
2020-09-11;32,95;33,34;32,83;33,20;828.406
2020-09-14;33,46;33,48;33,10;33,16;777.038
2020-09-15;33,18;33,40;32,93;33,03;1.241.078
2020-09-16;33,08;33,32;32,86;33,32;1.898.845
2020-09-17;32,87;33,28;32,83;33,15;1.019.165
2020-09-18;33,14;33,32;32,80;32,80;2.421.863
2020-09-21;32,63;32,68;31,51;32,06;1.667.070
2020-09-22;32,17;32,32;31,66;31,66;1.545.375
2020-09-23;31,91;32,20;31,68;31,68;1.094.759
2020-09-24;31,20;31,89;30,80;31,34;1.521.567
2020-09-25;31,38;31,82;30,84;30,95;1.385.506
2020-09-28;31,46;32,19;31,38;32,12;1.251.554
2020-10-01;32,40;32,70;32,09;32,25;1.003.765
2020-10-02;31,89;32,62;31,76;32,62;844.595
2020-10-05;32,88;33,05;32,69;32,93;642.305
2020-10-06;33,18;33,35;32,88;33,30;1.431.429
2020-10-07;33,11;33,24;32,87;33,14;870.961
2020-10-08;33,27;33,48;33,06;33,27;880.737
2020-10-09;33,45;33,45;32,99;33,10;795.384
2020-10-12;33,15;33,33;33,08;33,30;908.991
2020-10-13;33,39;33,39;32,97;33,15;1.264.688
2020-10-14;33,04;33,31;32,87;33,09;957.457
2020-10-15;32,70;32,85;32,34;32,47;1.226.570
2020-10-16;32,80;33,00;32,33;32,88;1.025.040
2020-10-19;32,90;33,18;32,00;32,60;505.310
2020-10-20;32,62;33,01;32,55;32,63;1.209.562
2020-10-21;32,79;32,88;32,45;32,54;830.074
2020-10-22;32,48;32,70;32,18;32,69;753.896
2020-10-23;32,70;32,95;32,38;32,55;847.866
2020-11-02;30,09;30,50;29,88;30,50;1.182.151
2020-11-03;30,74;31,92;30,59;31,78;1.302.185
2020-11-04;31,03;31,98;30,03;31,82;1.154.242
2020-11-05;31,98;32,20;31,66;31,97;896.833
2020-11-06;32,10;32,66;31,69;31,81;1.056.314
2020-11-09;32,31;33,70;32,18;33,25;2.808.744
2020-11-10;33,40;34,28;33,15;34,13;2.367.028
2020-11-11;34,24;34,30;33,66;33,77;1.210.300
2020-11-12;33,40;34,18;33,03;34,00;1.188.924
2020-11-13;33,69;34,26;33,57;34,12;938.061
2020-11-16;34,40;34,83;34,02;34,25;1.084.158
2020-11-17;34,18;34,61;34,12;34,48;1.074.471
