2014-01-02;47,38;47,54;47,05;47,11;355.269
2014-01-03;46,99;47,86;46,84;47,77;361.713
2014-01-06;47,82;48,00;47,53;47,65;400.254
2014-01-07;47,76;48,68;47,76;48,68;513.861
2014-01-08;48,88;49,55;48,72;49,55;579.628
2014-01-09;49,35;49,85;49,00;49,50;534.823
2014-01-10;49,54;49,70;48,75;49,19;624.107
2014-01-13;48,50;48,82;48,25;48,55;752.123
2014-01-14;48,00;48,82;47,87;48,82;493.594
2014-01-15;49,00;49,06;48,67;48,77;484.069
2014-01-16;48,84;49,33;48,66;49,00;483.206
2014-01-17;48,91;49,06;48,11;48,30;530.792
2014-01-20;48,20;48,73;48,10;48,14;340.433
2014-01-21;48,27;48,49;47,95;48,05;373.761
2014-01-22;48,02;48,40;47,84;48,21;297.627
2014-01-23;48,06;48,53;47,69;47,96;352.887
2014-01-24;47,94;48,04;45,96;46,28;688.219
2014-01-27;46,05;46,29;45,33;45,96;336.878
2014-01-28;46,15;47,16;46,04;47,13;793.987
2014-01-29;47,59;48,06;47,04;47,34;1.046.836
2014-01-30;47,16;47,43;46,82;47,34;463.733
2014-01-31;47,35;47,52;46,60;47,13;612.497
2014-02-03;46,97;47,75;45,99;46,07;472.334
2014-02-04;45,53;45,87;44,38;45,70;730.713
2014-02-05;45,70;46,32;45,46;45,86;446.790
2014-02-06;46,05;47,33;45,80;47,13;512.571
2014-02-07;47,25;47,53;46,84;46,98;446.900
2014-02-10;47,03;47,17;46,57;46,61;360.423
2014-02-11;46,62;47,37;46,52;47,34;521.602
2014-02-12;47,30;47,60;47,01;47,21;405.593
2014-02-13;47,07;47,52;46,98;47,49;402.988
2014-02-14;47,64;48,84;47,63;48,59;631.483
2014-02-17;48,60;49,14;48,59;49,11;356.634
2014-02-18;49,18;49,35;48,63;48,90;508.414
2014-02-19;48,70;49,35;48,60;49,17;475.081
2014-02-20;46,70;46,70;43,92;44,00;2.867.823
2014-02-21;44,43;45,50;44,14;45,40;1.405.049
2014-02-24;45,39;45,51;44,67;45,51;634.816
2014-02-25;45,55;45,55;45,00;45,27;476.652
2014-02-26;45,41;45,46;44,67;44,91;416.482
2014-02-27;45,00;45,42;44,26;45,32;733.703
2014-02-28;45,54;45,82;45,27;45,65;589.872
2014-03-03;44,64;44,81;44,01;44,50;678.381
2014-03-04;44,80;45,63;44,65;45,57;651.701
2014-03-05;45,51;45,80;45,11;45,33;493.569
2014-03-06;45,41;45,66;45,06;45,33;534.070
2014-03-07;45,08;45,46;44,50;44,63;587.924
2014-03-10;44,86;45,59;44,77;45,30;628.414
2014-03-11;45,36;46,09;45,32;45,87;661.452
2014-03-12;45,77;46,02;44,89;44,89;712.875
2014-03-13;44,40;44,65;42,80;42,91;1.432.470
2014-03-14;42,41;42,60;41,79;42,21;1.037.918
2014-03-17;42,39;43,13;42,30;42,88;561.411
2014-03-18;42,95;43,57;42,51;43,10;757.896
2014-03-19;43,15;43,53;42,75;42,83;496.817
2014-03-20;42,50;42,78;42,11;42,51;596.110
2014-03-21;42,67;43,14;41,91;41,91;1.037.937
2014-03-24;41,81;42,12;40,98;41,02;865.972
2014-03-25;41,15;42,11;41,15;41,95;587.075
2014-03-26;42,21;42,80;41,98;42,42;657.091
2014-03-27;42,23;42,88;42,04;42,30;526.428
2014-03-28;42,64;42,85;42,21;42,71;523.810
2014-03-31;42,97;42,98;42,40;42,51;450.608
2014-04-01;42,77;43,40;42,52;43,20;465.924
2014-04-02;43,40;44,23;43,27;44,03;614.497
2014-04-03;44,05;44,06;43,28;43,29;712.459
2014-04-04;43,41;43,64;43,15;43,46;478.208
2014-04-07;42,19;42,40;41,84;41,92;620.411
2014-04-08;41,87;42,02;40,88;41,35;604.195
2014-04-09;41,57;42,04;41,46;41,63;478.542
2014-04-10;41,98;42,34;41,39;41,44;828.710
2014-04-11;41,15;41,25;40,48;40,89;621.662
2014-04-14;40,75;40,76;38,96;39,69;1.605.145
2014-04-15;39,88;40,03;39,16;39,62;839.101
2014-04-16;40,07;40,81;39,75;40,80;671.046
2014-04-17;40,80;41,18;40,64;40,98;632.881
2014-04-22;41,25;41,60;40,98;41,56;681.410
2014-04-23;41,55;43,89;41,32;43,71;1.849.589
2014-04-24;43,77;44,20;43,28;43,96;970.825
2014-04-25;43,46;43,71;42,51;42,71;840.935
2014-04-28;42,70;43,30;42,70;43,00;716.737
2014-04-29;43,30;43,54;43,10;43,29;760.590
2014-04-30;44,80;44,85;41,05;41,91;2.024.590
2014-05-02;42,00;42,17;41,01;41,09;1.308.975
2014-05-05;40,90;40,90;40,02;40,51;732.438
2014-05-06;40,66;41,17;40,43;40,62;577.784
2014-05-07;40,40;40,43;39,86;39,92;803.457
2014-05-08;40,10;40,30;39,82;40,03;839.979
2014-05-09;40,00;40,11;39,73;40,01;606.180
2014-05-12;40,21;40,75;39,94;40,68;495.620
2014-05-13;40,87;41,90;40,84;41,41;925.139
2014-05-14;41,57;41,74;41,00;41,45;527.208
2014-05-15;41,30;41,45;40,24;40,39;874.782
2014-05-16;40,62;41,05;39,75;39,85;748.587
2014-05-19;39,82;40,06;39,25;39,65;498.236
2014-05-20;39,70;40,66;39,65;40,20;532.189
2014-05-21;40,11;40,64;39,80;40,57;516.187
2014-05-22;40,84;40,93;40,34;40,78;457.607
2014-05-23;42,08;42,22;41,60;42,04;1.026.363
2014-05-26;42,06;42,57;42,05;42,36;374.727
2014-05-27;42,45;42,75;42,24;42,53;515.658
2014-05-28;42,60;43,39;42,57;43,36;617.179
2014-05-29;43,39;43,50;42,73;42,92;334.093
2014-05-30;42,82;43,10;42,53;42,68;744.923
2014-06-02;42,99;43,16;42,76;43,14;326.009
2014-06-03;43,09;43,30;42,95;43,02;417.054
2014-06-04;42,95;43,06;42,65;43,00;313.143
2014-06-05;43,05;43,91;42,77;43,52;665.299
2014-06-06;43,55;44,04;43,52;43,97;517.254
2014-06-09;43,98;44,12;43,89;44,05;219.579
2014-06-10;44,00;44,08;43,82;44,00;314.672
2014-06-11;43,95;43,95;42,39;42,70;876.440
2014-06-12;42,45;42,70;42,40;42,57;501.212
2014-06-13;42,50;42,60;41,35;41,60;759.042
2014-06-16;41,48;41,61;40,85;41,11;490.800
2014-06-17;41,26;41,39;40,51;40,88;722.779
2014-06-18;41,00;41,10;40,68;40,87;515.025
2014-06-19;41,30;41,34;40,78;40,89;499.612
2014-06-20;40,89;41,35;40,80;40,97;454.454
2014-06-23;41,07;41,09;40,45;40,61;399.827
2014-06-24;40,74;40,90;40,51;40,51;453.320
2014-06-25;40,39;40,59;39,84;40,12;689.461
2014-06-26;40,31;40,40;39,33;39,57;675.455
2014-06-27;39,80;39,99;39,55;39,62;646.500
2014-06-30;39,68;40,27;39,29;39,59;661.540
2014-07-01;39,80;40,16;39,60;40,12;519.233
2014-07-02;40,15;40,45;40,01;40,31;535.543
2014-07-03;39,50;39,75;38,66;39,67;1.642.884
2014-07-04;39,83;40,21;39,63;40,03;567.221
2014-07-07;39,94;40,08;39,27;39,36;442.148
2014-07-08;39,26;39,34;38,14;38,21;864.115
2014-07-09;38,28;38,46;37,97;38,01;614.653
2014-07-10;38,07;38,10;36,74;36,89;927.533
2014-07-11;36,92;37,44;36,66;36,85;510.951
2014-07-14;36,99;37,63;36,94;37,51;477.765
2014-07-15;37,33;37,72;37,15;37,25;658.924
2014-07-16;37,25;37,73;37,25;37,60;407.130
2014-07-17;37,47;37,47;36,65;36,65;570.257
2014-07-18;36,50;36,50;35,63;36,41;737.034
2014-07-21;36,40;36,76;35,95;36,38;653.998
2014-07-22;36,66;37,01;36,29;36,69;734.320
2014-07-23;36,54;37,04;36,39;37,00;447.864
2014-07-24;36,96;37,13;36,64;36,96;395.302
2014-07-25;36,87;37,04;36,11;36,28;646.574
2014-07-28;36,40;37,32;36,28;37,21;887.352
2014-07-29;37,40;37,56;36,94;36,96;455.730
2014-07-30;36,95;37,47;36,73;37,10;669.563
2014-07-31;37,34;37,53;35,05;37,07;2.106.507
2014-08-01;37,11;37,11;35,93;36,10;1.197.867
2014-08-04;36,35;36,35;35,39;35,83;795.175
2014-08-05;35,95;35,99;35,09;35,28;744.587
2014-08-06;34,92;34,98;34,27;34,33;921.010
2014-08-07;34,15;35,04;33,95;34,32;790.441
2014-08-08;33,92;34,33;33,52;33,87;994.433
2014-08-11;34,24;34,82;34,15;34,69;581.852
2014-08-12;34,65;35,05;34,17;34,30;525.853
2014-08-13;34,51;34,51;33,95;34,27;445.164
2014-08-14;34,19;34,35;33,72;33,94;590.936
2014-08-15;34,05;34,58;34,00;34,05;594.418
2014-08-18;34,45;34,92;34,35;34,90;452.951
2014-08-19;35,13;35,52;35,04;35,43;455.146
2014-08-20;35,50;35,65;34,89;35,15;455.187
2014-08-21;35,24;35,26;34,89;35,23;596.208
2014-08-22;35,32;35,48;35,14;35,20;555.222
2014-08-25;35,57;35,79;35,22;35,78;341.045
2014-08-26;35,73;36,32;35,39;36,26;639.461
2014-08-27;36,27;36,71;36,20;36,64;532.385
2014-08-28;36,66;36,89;36,17;36,41;756.775
2014-08-29;36,80;37,18;36,55;36,95;667.825
2014-09-01;37,00;37,29;36,54;36,83;515.006
2014-09-02;37,06;37,75;36,87;37,40;882.669
2014-09-03;37,50;37,74;37,33;37,61;517.120
2014-09-04;37,66;37,89;37,12;37,73;875.724
2014-09-05;38,20;38,70;38,13;38,61;967.057
2014-09-08;38,78;38,78;38,11;38,46;438.643
2014-09-09;38,30;38,55;38,08;38,20;346.602
2014-09-10;38,20;38,20;37,54;37,84;340.799
2014-09-11;38,12;38,31;37,61;37,74;379.255
2014-09-12;37,80;37,99;37,52;37,96;292.323
2014-09-15;37,74;37,84;37,44;37,55;318.910
2014-09-16;37,59;37,64;36,98;37,24;519.023
2014-09-17;37,46;37,72;37,41;37,49;336.227
2014-09-18;37,82;38,60;37,74;38,60;575.125
2014-09-19;38,90;38,98;38,55;38,55;703.687
2014-09-22;38,50;38,72;38,22;38,36;547.144
2014-09-23;38,26;38,32;37,69;37,71;526.506
2014-09-24;37,62;37,64;36,94;37,18;1.020.832
2014-09-25;37,14;37,74;37,01;37,07;658.795
2014-09-26;37,07;37,27;36,72;37,08;392.057
2014-09-29;37,08;37,38;36,75;36,87;654.922
2014-09-30;37,00;37,10;36,75;36,86;692.455
2014-10-01;36,80;37,18;36,20;36,28;591.573
2014-10-02;36,27;36,30;35,28;35,28;866.494
2014-10-03;35,50;35,82;35,38;35,76;661.952
2014-10-06;36,00;36,74;35,68;36,64;734.357
2014-10-07;36,52;36,52;35,01;35,01;929.743
2014-10-08;34,99;35,09;34,45;34,71;618.174
2014-10-09;35,10;35,42;34,40;34,69;588.215
2014-10-10;34,20;34,28;33,10;33,10;1.039.502
2014-10-13;32,50;33,75;31,83;33,13;1.152.330
2014-10-14;32,82;33,39;32,00;33,24;771.433
2014-10-17;32,39;33,08;31,92;32,82;1.155.379
2014-10-20;32,88;33,09;32,25;32,28;1.405.633
2014-10-21;32,20;34,00;31,99;33,93;1.211.650
2014-10-22;34,16;34,84;34,12;34,33;887.862
2014-10-23;34,17;34,84;33,50;34,75;909.027
2014-10-24;34,74;34,74;33,70;33,90;622.181
2014-10-27;34,19;34,33;33,29;33,55;497.322
2014-10-28;33,73;34,92;33,66;34,82;598.580
2014-10-29;35,10;35,33;34,28;34,40;588.656
2014-10-30;35,36;36,20;34,52;34,90;997.482
2014-10-31;35,43;35,43;34,97;35,17;866.749
2014-11-03;35,17;35,85;35,12;35,44;544.184
2014-11-04;35,40;35,73;34,57;34,62;664.530
2014-11-05;34,96;34,96;34,42;34,88;632.765
2014-11-06;34,67;35,64;34,60;35,51;741.487
2014-11-07;35,40;35,50;34,78;34,98;597.774
2014-11-10;34,88;35,74;34,72;35,74;539.656
2014-11-11;35,80;36,36;35,75;36,00;427.666
2014-11-12;35,95;36,28;35,63;35,70;521.913
2014-11-13;35,81;36,24;35,42;35,48;456.948
2014-11-14;35,61;35,62;35,18;35,48;345.608
2014-11-17;35,15;35,88;35,10;35,77;388.775
2014-11-18;35,73;36,45;35,71;36,24;513.284
2014-11-19;36,37;36,37;35,91;36,16;407.402
2014-11-20;37,10;38,30;37,01;37,79;1.382.827
2014-11-21;38,00;38,87;37,83;38,74;1.165.137
2014-11-24;38,71;39,81;38,70;39,38;1.012.079
2014-11-25;39,45;39,99;38,93;39,71;1.009.451
2014-11-26;39,73;40,10;39,37;40,00;823.586
2014-11-27;40,01;40,10;39,42;39,53;679.532
2014-11-28;39,55;39,69;39,19;39,69;618.492
2014-12-01;39,53;40,22;39,06;40,12;670.217
2014-12-02;40,08;40,38;40,01;40,20;608.123
2014-12-03;40,10;40,52;40,09;40,46;492.004
2014-12-04;40,65;40,71;39,90;40,00;627.393
2014-12-05;40,07;40,58;40,07;40,50;479.610
2014-12-08;40,32;40,72;40,23;40,35;332.576
2014-12-09;39,85;40,02;39,11;39,11;1.363.109
2014-12-10;39,20;39,50;38,84;38,86;642.359
2014-12-11;38,72;38,72;37,87;38,23;745.223
2014-12-12;37,95;38,07;37,32;37,42;604.533
2014-12-15;37,20;38,00;36,70;36,80;653.624
2014-12-16;36,95;37,86;36,30;37,81;879.147
2014-12-17;37,39;37,84;36,92;37,70;543.110
2014-12-18;38,31;39,17;38,12;39,06;771.564
2014-12-19;39,40;39,77;38,62;38,99;719.832
2014-12-22;39,00;39,85;39,00;39,56;331.837
2014-12-23;39,75;40,50;39,70;40,37;621.766
2014-12-24;40,40;40,60;40,10;40,41;94.838
2014-12-29;40,41;40,59;39,94;40,07;414.279
2014-12-30;39,96;40,15;39,66;39,75;323.148
2014-12-31;39,71;40,17;39,67;40,06;72.691
2015-01-02;40,00;40,30;39,53;39,82;311.833
2015-01-05;39,74;40,34;38,84;38,93;674.045
2015-01-06;38,93;39,21;37,93;38,37;724.175
2015-01-07;38,70;39,40;38,47;38,99;705.990
2015-01-08;39,58;40,42;39,51;40,31;904.512
2015-01-09;40,24;41,03;40,14;40,50;721.678
2015-01-12;40,70;41,14;40,16;40,69;617.257
2015-01-13;40,61;41,69;40,28;41,32;592.950
2015-01-14;40,59;41,29;40,17;40,24;492.067
2015-01-15;40,54;41,65;39,60;41,45;1.020.809
2015-01-16;41,14;41,68;40,96;41,40;943.531
2015-01-19;41,43;42,47;41,43;42,33;572.649
2015-01-20;42,50;43,58;42,42;43,09;1.018.931
2015-01-21;43,14;43,34;42,34;43,30;775.478
2015-01-22;43,30;44,50;43,04;44,48;1.193.739
2015-01-23;44,99;46,37;44,81;46,15;1.621.558
2015-01-26;45,81;46,65;45,66;46,18;892.965
2015-01-27;46,15;46,33;44,83;45,52;921.115
2015-01-28;45,88;46,39;45,18;46,07;792.550
2015-01-29;45,75;46,25;45,44;45,85;628.288
2015-01-30;46,17;47,00;45,90;46,93;1.125.894
2015-02-02;46,90;47,18;46,05;46,52;686.272
2015-02-03;46,84;47,26;46,72;47,05;868.228
2015-02-04;47,08;47,20;46,30;46,72;708.420
2015-02-05;46,30;47,64;46,18;47,62;646.885
2015-02-06;47,59;47,80;47,16;47,47;521.709
2015-02-09;47,15;47,20;46,25;46,76;579.486
2015-02-10;46,68;47,50;46,36;47,22;563.728
2015-02-11;47,18;47,82;47,14;47,56;545.811
2015-02-12;47,05;48,00;46,82;47,35;976.849
2015-02-13;47,55;47,80;47,04;47,47;633.864
2015-02-16;47,35;48,20;47,35;47,80;546.332
2015-02-17;47,37;47,92;47,13;47,54;549.732
2015-02-18;47,62;48,24;47,62;47,93;768.567
2015-02-19;49,99;51,66;49,60;51,44;2.322.990
2015-02-20;51,50;52,30;50,93;52,30;1.270.998
2015-02-23;52,35;52,86;51,87;52,28;925.479
2015-02-24;52,16;52,56;51,88;52,16;747.174
2015-02-25;51,66;52,02;50,73;51,19;1.137.176
2015-02-26;51,43;52,85;51,33;52,75;783.712
2015-02-27;52,75;52,95;52,27;52,65;630.130
2015-03-02;52,60;52,87;51,33;51,58;1.009.966
2015-03-03;51,60;51,86;50,92;51,20;1.119.601
2015-03-04;51,25;51,73;50,80;51,73;736.088
2015-03-05;51,71;52,98;51,64;52,98;788.349
2015-03-06;52,95;53,84;52,60;53,16;857.050
2015-03-09;52,81;53,23;52,52;52,80;628.492
2015-03-10;52,75;53,82;52,75;53,43;833.962
2015-03-11;53,69;55,63;53,53;55,63;1.109.321
2015-03-12;55,62;56,08;55,04;55,35;546.154
2015-03-13;55,66;55,96;54,91;55,62;418.576
2015-03-16;55,63;56,64;55,63;56,60;545.445
2015-03-17;56,57;56,68;55,29;56,20;863.684
2015-03-18;56,15;56,53;55,64;56,32;590.770
2015-03-19;56,69;57,61;56,49;56,81;918.228
2015-03-20;56,80;57,34;56,80;57,05;639.808
2015-03-23;56,98;57,05;56,06;56,63;531.804
2015-03-24;56,36;56,95;55,96;56,35;932.042
2015-03-25;56,09;56,42;54,94;55,05;747.895
2015-03-26;54,60;54,71;53,49;54,71;836.655
2015-03-27;54,82;55,32;54,26;54,37;649.318
2015-03-30;54,54;56,43;54,54;56,33;761.918
2015-03-31;56,33;57,84;56,00;56,48;1.064.421
2015-04-01;56,04;57,45;55,91;57,12;655.972
2015-04-02;57,20;57,36;56,41;56,65;639.329
2015-04-07;57,15;57,73;56,84;57,40;706.435
2015-04-08;56,80;56,80;55,83;56,00;848.446
2015-04-09;57,04;57,55;55,76;57,32;1.092.499
2015-04-10;57,60;57,60;56,75;57,24;837.311
2015-04-13;57,30;57,58;56,85;56,97;660.991
2015-04-14;57,10;57,62;56,63;57,00;747.276
2015-04-15;57,17;58,17;56,99;57,85;764.365
2015-04-16;57,84;57,85;56,36;56,46;741.230
2015-04-17;56,25;56,43;54,40;54,70;1.079.317
2015-04-20;55,21;55,35;54,64;54,80;653.884
2015-04-21;55,10;56,48;55,06;55,80;1.060.047
2015-04-22;55,93;56,25;55,07;55,59;612.542
2015-04-23;55,39;55,78;54,05;54,76;846.419
2015-04-24;54,80;55,52;54,50;55,11;725.993
2015-04-27;55,15;55,65;54,04;55,50;690.071
2015-04-28;56,30;56,95;55,56;56,03;1.252.400
2015-04-29;56,49;57,15;54,56;54,80;1.239.077
2015-04-30;53,70;53,75;50,40;53,30;1.645.616
2015-05-04;53,16;54,01;52,74;53,76;760.733
2015-05-05;53,80;53,93;51,88;51,95;961.273
2015-05-06;52,20;52,25;51,03;51,63;1.394.873
2015-05-07;51,28;51,96;50,27;51,79;1.190.021
2015-05-08;52,10;52,74;51,76;52,59;957.915
2015-05-11;52,68;53,13;52,42;53,07;822.118
2015-05-12;52,80;52,80;52,20;52,48;978.499
2015-05-13;52,77;52,97;51,90;52,30;728.134
2015-05-14;52,23;52,55;51,65;52,49;694.197
2015-05-15;52,84;53,55;52,65;53,04;928.008
2015-05-18;53,25;53,44;52,64;53,31;555.019
2015-05-19;53,47;54,47;53,47;54,32;520.994
2015-05-20;54,31;54,45;53,87;54,15;763.046
2015-05-21;54,00;54,23;53,79;54,11;585.262
2015-05-22;54,06;54,23;53,67;53,90;328.965
2015-05-25;54,05;54,05;53,52;53,95;109.774
2015-05-26;53,85;54,15;53,23;53,41;554.532
2015-05-27;53,44;54,60;53,44;54,41;861.503
2015-05-28;54,32;54,63;53,87;54,12;421.019
2015-05-29;54,26;54,35;52,67;52,73;1.020.069
2015-06-01;52,90;53,41;52,25;52,37;710.185
2015-06-02;52,55;52,65;51,69;52,28;874.566
2015-06-03;52,25;52,57;52,11;52,30;612.220
2015-06-04;52,16;52,80;51,19;52,31;719.447
2015-06-05;51,79;52,00;50,89;51,74;704.952
2015-06-08;51,56;51,82;50,99;51,49;607.665
2015-06-09;51,26;52,89;51,12;52,83;1.373.136
2015-06-10;52,65;55,28;52,42;55,10;1.380.791
2015-06-11;55,04;55,86;54,78;54,99;941.173
2015-06-12;54,85;55,22;53,85;54,53;670.210
2015-06-15;53,91;53,98;53,34;53,42;980.826
2015-06-16;53,00;54,42;52,51;54,22;800.945
2015-06-17;54,48;54,71;53,50;53,79;685.121
2015-06-18;53,48;54,55;52,56;54,51;787.764
2015-06-19;55,17;55,69;54,92;55,26;945.636
2015-06-22;56,55;57,23;56,27;57,08;1.101.749
2015-06-23;57,63;58,28;57,49;58,09;931.481
2015-06-24;58,20;58,29;57,53;58,20;1.090.127
2015-06-25;57,60;58,97;57,35;58,51;909.770
2015-06-26;58,22;59,35;57,97;58,77;775.225
2015-06-29;56,00;58,02;55,40;57,83;1.408.606
2015-06-30;57,54;59,10;57,08;58,41;1.883.529
2015-07-01;59,02;60,12;58,66;60,00;1.247.229
2015-07-02;59,91;60,28;59,71;59,99;1.210.030
2015-07-03;59,87;60,26;59,68;59,99;1.117.140
2015-07-06;58,73;59,19;58,36;59,00;1.273.594
2015-07-07;59,04;59,09;57,60;57,60;2.046.707
2015-07-08;57,92;57,98;56,83;57,27;1.096.522
2015-07-09;57,48;59,00;57,27;58,84;786.084
2015-07-10;60,00;60,74;60,00;60,60;862.077
2015-07-13;60,70;62,30;60,70;62,08;804.599
2015-07-14;62,01;62,19;61,59;61,90;647.440
2015-07-15;61,73;61,90;61,23;61,72;618.096
2015-07-16;61,87;63,36;61,79;63,10;747.011
2015-07-17;63,25;63,36;63,06;63,24;451.072
2015-07-20;63,53;64,52;63,49;64,35;649.200
2015-07-21;64,48;64,54;61,80;62,10;943.995
2015-07-22;61,71;62,47;61,50;62,35;639.019
2015-07-23;62,75;63,61;62,70;63,49;546.069
2015-07-24;63,37;63,59;61,88;62,17;659.246
2015-07-27;61,91;61,94;60,17;60,22;610.956
2015-07-28;60,22;60,86;59,81;60,14;948.871
2015-07-29;60,54;61,78;60,34;61,76;690.535
2015-07-30;63,00;63,13;59,16;60,97;1.080.167
2015-07-31;61,04;62,58;60,64;62,34;820.234
2015-08-03;62,34;63,23;61,90;63,23;693.363
2015-08-04;63,25;64,71;62,36;64,58;845.294
2015-08-05;64,83;64,99;64,23;64,92;561.312
2015-08-06;64,66;64,99;64,09;64,11;363.677
2015-08-07;63,97;64,16;62,84;62,91;396.653
2015-08-10;63,41;64,03;62,86;63,83;508.682
2015-08-11;63,86;63,98;62,68;62,96;665.671
2015-08-12;62,29;62,29;60,18;60,71;707.352
2015-08-13;61,92;62,13;60,99;61,74;483.375
2015-08-14;61,86;62,42;61,01;61,33;535.265
2015-08-17;61,73;62,38;61,03;61,80;333.736
2015-08-18;61,72;62,81;61,71;62,38;418.981
2015-08-19;62,01;62,06;60,35;60,50;489.247
2015-08-20;60,13;60,51;58,35;58,56;705.690
2015-08-21;57,50;58,55;56,66;56,66;828.026
2015-08-24;54,97;55,49;51,56;53,73;1.867.587
2015-08-25;54,44;56,81;53,59;56,51;1.160.378
2015-08-26;55,86;57,37;54,84;55,97;807.926
2015-08-27;57,31;57,80;56,91;57,28;830.048
2015-08-28;57,00;57,00;53,71;55,33;1.641.309
2015-08-31;55,06;56,61;55,00;56,35;821.960
2015-09-01;55,77;55,99;53,80;54,59;866.584
2015-09-02;54,84;55,85;54,27;55,44;824.185
2015-09-03;56,04;56,81;55,73;56,39;578.518
2015-09-04;55,71;56,01;54,56;54,73;579.381
2015-09-07;55,20;55,55;54,06;54,38;359.014
2015-09-08;54,59;56,47;54,59;55,46;594.104
2015-09-09;56,76;56,79;55,65;55,65;468.326
2015-09-10;55,30;56,36;55,09;55,32;446.634
2015-09-11;55,58;55,58;54,11;54,48;499.631
2015-09-14;54,40;55,00;53,85;53,99;345.353
2015-09-15;54,05;54,74;53,42;54,47;339.672
2015-09-16;55,00;55,27;54,53;54,72;457.999
2015-09-17;54,86;55,42;54,59;55,27;487.397
2015-09-18;54,84;54,86;53,50;53,81;1.051.873
2015-09-21;53,54;55,06;53,41;54,27;491.750
2015-09-22;54,26;54,49;52,35;52,51;650.170
2015-09-23;52,34;53,80;52,34;53,40;683.961
2015-09-24;53,25;53,81;51,25;51,60;795.904
2015-09-25;52,36;53,53;52,12;53,28;440.513
2015-09-28;52,91;53,12;52,09;53,04;689.980
2015-09-29;52,31;52,93;51,61;51,96;900.903
2015-09-30;52,97;53,40;52,70;53,21;560.216
2015-10-01;53,98;54,37;52,85;53,14;534.824
2015-10-02;53,69;54,47;51,90;52,86;720.125
2015-10-05;53,00;55,51;52,92;54,89;886.213
2015-10-06;55,04;55,74;54,76;55,22;889.393
2015-10-07;55,40;55,49;52,90;52,95;1.099.339
2015-10-08;52,88;53,01;51,60;52,15;926.135
2015-10-09;52,46;52,54;51,17;51,36;967.075
2015-10-12;51,52;51,84;50,30;50,36;970.146
2015-10-13;50,30;51,18;49,85;50,80;918.359
2015-10-14;50,38;50,55;49,84;50,26;738.003
2015-10-15;50,64;51,18;49,93;51,00;730.337
2015-10-16;51,34;51,56;50,68;50,90;827.131
2015-10-19;50,76;51,24;50,70;50,99;495.468
2015-10-20;51,00;51,11;50,11;50,88;477.625
2015-10-21;51,09;51,62;50,31;50,61;1.165.256
2015-10-22;49,60;50,14;47,85;50,03;1.569.644
2015-10-23;50,19;52,67;50,19;52,48;1.413.045
2015-10-26;50,75;51,61;50,60;51,37;782.305
2015-10-27;51,42;52,59;50,98;51,03;939.242
2015-10-28;50,98;51,77;50,85;51,77;727.219
2015-10-29;52,25;54,39;52,21;54,37;1.355.569
2015-10-30;55,30;55,34;53,65;54,33;654.090
2015-11-02;53,87;54,37;53,82;54,13;700.117
2015-11-03;54,50;54,51;53,64;54,09;546.087
2015-11-04;54,44;54,44;53,77;53,97;698.745
2015-11-05;53,00;53,57;52,20;53,09;1.103.245
2015-11-06;53,19;54,23;52,95;53,87;886.905
2015-11-09;54,06;54,27;53,31;53,38;588.737
2015-11-10;53,89;54,12;53,22;53,85;604.093
2015-11-11;54,07;54,25;53,57;53,95;447.935
2015-11-12;53,90;54,63;53,50;54,03;812.053
2015-11-13;53,81;53,90;53,07;53,44;756.523
2015-11-16;52,96;53,84;52,58;53,62;614.815
2015-11-17;56,50;57,91;56,44;57,32;1.504.677
2015-11-18;57,00;57,00;56,36;56,72;698.523
2015-11-19;56,96;57,70;56,90;57,24;612.370
2015-11-20;57,52;58,34;57,27;57,99;711.230
2015-11-23;57,99;57,99;57,18;57,83;322.303
2015-11-24;57,74;57,78;56,39;56,75;692.630
2015-11-25;57,00;58,75;56,96;58,19;590.682
2015-11-26;58,05;58,81;57,99;58,34;470.168
2015-11-27;58,07;59,27;57,98;58,69;580.193
2015-11-30;58,80;59,63;58,37;59,19;685.490
2015-12-01;59,35;59,69;58,32;58,80;697.815
2015-12-02;58,81;59,32;58,55;59,05;544.170
2015-12-03;58,96;59,66;56,82;57,23;761.242
2015-12-04;57,20;58,29;56,54;58,12;739.702
2015-12-07;58,35;59,15;58,06;58,24;450.875
2015-12-08;57,92;58,40;56,95;57,38;366.485
2015-12-09;57,24;57,62;56,33;56,37;520.756
2015-12-10;56,30;57,05;55,57;56,71;453.554
2015-12-11;56,55;56,64;55,20;55,82;421.902
2015-12-14;56,10;56,41;54,51;54,70;543.348
2015-12-15;55,23;56,50;54,88;56,34;434.332
2015-12-16;56,63;56,63;56,00;56,10;427.524
2015-12-17;57,31;58,29;56,97;57,10;559.007
2015-12-18;56,41;56,78;55,92;56,41;626.322
2015-12-21;56,17;56,94;55,91;55,91;351.994
2015-12-22;56,50;57,02;55,77;56,69;439.568
2015-12-23;57,06;58,07;57,06;57,84;319.328
2015-12-24;58,02;58,21;57,80;58,10;68.383
2015-12-28;58,28;58,38;57,47;57,80;182.635
2015-12-29;58,01;59,03;58,01;58,52;349.569
2015-12-30;58,45;58,92;58,15;58,17;303.552
2015-12-31;58,00;58,01;57,53;57,53;142.249
2016-01-04;56,96;56,96;55,30;55,76;521.897
2016-01-05;56,15;56,48;54,88;55,55;800.928
2016-01-06;55,30;55,76;53,76;54,34;484.001
2016-01-07;52,71;53,12;51,22;51,87;1.017.399
2016-01-08;52,13;53,30;51,50;51,50;788.063
2016-01-11;51,31;52,32;50,97;51,13;782.175
2016-01-12;50,98;52,37;50,53;51,70;722.554
2016-01-13;51,85;52,84;51,59;51,73;607.176
2016-01-14;51,19;51,57;50,12;51,20;1.058.456
2016-01-15;50,89;51,49;48,71;49,30;828.873
2016-01-18;49,30;50,30;48,53;48,58;730.459
2016-01-19;49,50;49,62;48,93;49,00;1.028.761
2016-01-20;47,81;48,28;46,98;47,48;1.029.321
2016-01-21;47,48;48,49;47,45;48,19;1.034.271
2016-01-22;49,17;50,40;48,80;50,24;836.825
2016-01-25;50,85;50,93;49,79;50,07;629.421
2016-01-26;49,29;49,91;48,44;49,74;771.312
2016-01-27;49,79;49,84;49,11;49,71;470.134
2016-01-28;49,71;50,10;48,64;48,87;608.064
2016-01-29;49,50;50,13;49,04;50,13;651.897
2016-02-01;50,22;50,22;48,83;49,29;626.887
2016-02-02;49,25;49,25;47,66;47,85;560.271
2016-02-03;47,81;48,08;46,48;47,10;587.466
2016-02-04;47,70;47,76;46,03;46,77;892.699
2016-02-05;46,86;47,21;45,99;46,13;837.285
2016-02-08;46,16;46,34;43,53;43,66;855.472
2016-02-09;43,63;44,08;42,52;42,98;1.088.575
2016-02-10;43,54;44,43;42,77;43,89;917.485
2016-02-11;43,28;43,28;41,33;41,87;953.646
2016-02-12;42,06;42,35;41,46;41,99;668.853
2016-02-15;43,00;43,77;42,78;43,19;705.319
2016-02-16;43,94;43,94;42,97;43,20;823.361
2016-02-17;43,31;44,83;43,27;44,83;808.804
2016-02-18;47,20;47,79;44,77;46,81;821.376
2016-02-19;46,70;46,95;46,04;46,70;1.200.115
2016-02-22;47,01;47,60;46,84;47,44;625.714
2016-02-23;47,25;48,44;46,51;47,40;953.783
2016-02-24;47,29;47,37;45,35;45,62;880.101
2016-02-25;46,20;46,92;45,96;46,55;579.081
2016-02-26;47,25;47,89;46,95;47,53;739.118
2016-02-29;47,15;47,72;46,55;47,67;513.799
2016-03-01;47,61;49,03;47,23;49,03;643.962
2016-03-02;49,26;49,64;48,41;48,81;662.671
2016-03-03;49,06;49,12;48,55;48,79;419.188
2016-03-04;49,00;49,61;48,61;48,97;607.653
2016-03-07;48,78;49,01;47,60;48,18;620.956
2016-03-08;47,65;48,35;47,05;47,54;630.984
2016-03-09;47,53;48,22;47,36;47,80;466.909
2016-03-10;47,98;49,33;46,94;46,94;1.140.439
2016-03-11;47,69;48,70;47,48;48,49;610.094
2016-03-14;48,65;49,36;48,45;48,94;357.008
2016-03-15;48,57;48,68;48,18;48,39;370.336
2016-03-16;48,60;48,83;47,49;47,71;701.612
2016-03-17;48,05;48,10;46,22;47,39;833.638
2016-03-18;47,50;47,90;47,06;47,23;1.003.317
2016-03-21;47,08;47,44;46,28;46,39;663.604
2016-03-22;46,01;46,99;45,17;46,91;907.518
2016-03-23;46,87;47,68;46,53;46,82;705.953
2016-03-24;46,61;46,70;45,96;46,55;502.455
2016-03-29;46,85;47,61;46,85;47,60;631.164
2016-03-30;47,86;49,36;47,86;49,18;683.037
2016-03-31;49,44;49,44;48,50;48,71;532.693
2016-04-01;48,21;48,97;47,78;48,97;640.207
2016-04-04;47,33;47,43;46,48;47,19;903.608
2016-04-05;46,45;46,64;45,37;45,37;797.343
2016-04-06;45,50;45,85;45,07;45,38;1.008.414
2016-04-07;45,61;46,53;45,33;45,75;1.130.617
2016-04-08;45,83;46,82;45,83;46,46;428.840
2016-04-11;46,50;47,07;46,04;46,80;407.325
2016-04-12;46,80;46,97;45,94;46,95;693.187
2016-04-13;47,34;48,60;47,34;48,60;741.384
2016-04-14;48,79;48,97;48,48;48,77;482.044
2016-04-15;48,47;48,76;48,21;48,25;646.247
2016-04-18;47,84;48,83;47,51;48,55;385.079
2016-04-19;48,76;49,84;48,56;49,41;821.139
2016-04-20;49,38;49,54;48,83;49,05;593.845
2016-04-21;49,04;49,32;48,31;48,54;883.611
2016-04-22;48,56;48,57;47,77;47,88;911.490
2016-04-25;47,93;48,15;47,05;47,66;715.028
2016-04-26;47,71;47,73;45,81;46,24;1.166.321
2016-04-27;46,30;46,98;45,74;46,96;881.866
2016-04-28;46,85;47,61;46,58;47,61;829.040
2016-04-29;47,32;47,61;46,78;46,91;1.224.139
2016-05-02;47,22;47,31;46,58;46,73;349.895
2016-05-03;46,75;46,86;45,83;46,45;583.052
2016-05-04;46,37;46,93;46,24;46,60;661.350
2016-05-05;46,63;47,07;46,47;46,72;312.611
2016-05-06;46,62;46,88;46,33;46,76;575.049
2016-05-09;47,12;48,02;46,80;47,32;674.075
2016-05-10;47,67;47,75;46,49;46,97;657.622
2016-05-11;47,00;47,00;46,29;46,61;545.839
2016-05-12;46,57;46,80;45,48;45,48;718.576
2016-05-13;45,20;45,55;44,72;45,55;616.160
2016-05-16;45,27;45,55;44,77;45,52;382.721
2016-05-17;45,63;46,23;45,29;45,54;521.910
2016-05-18;45,20;46,06;45,10;46,06;485.740
2016-05-19;45,77;45,98;45,39;45,64;799.454
2016-05-20;45,82;46,05;45,59;45,80;665.886
2016-05-23;45,88;46,49;45,51;46,01;534.185
2016-05-24;46,00;47,19;45,70;47,10;694.842
2016-05-25;47,37;48,40;47,20;48,08;789.159
2016-05-26;47,94;48,37;47,87;48,26;400.974
2016-05-27;48,20;48,43;47,92;48,41;493.203
2016-05-30;48,35;48,53;48,12;48,31;203.328
2016-05-31;48,14;48,57;47,83;48,55;1.293.915
2016-06-01;48,58;48,60;47,61;48,06;607.275
2016-06-02;48,06;48,59;47,97;48,43;419.559
2016-06-03;48,51;48,79;47,12;47,16;776.486
2016-06-06;47,19;47,59;46,96;47,56;366.798
2016-06-07;47,72;48,30;47,66;48,24;392.498
2016-06-08;48,11;48,11;47,35;47,38;311.327
2016-06-09;47,60;47,68;46,86;47,31;454.241
2016-06-10;47,06;47,07;44,98;45,05;673.848
2016-06-13;44,54;44,65;43,67;43,76;617.660
2016-06-14;43,44;43,50;42,83;43,11;779.028
2016-06-15;43,50;43,87;43,09;43,09;566.518
2016-06-16;42,63;42,84;42,04;42,42;523.794
2016-06-17;42,57;43,40;42,50;43,16;763.885
2016-06-20;44,17;45,26;44,05;45,21;670.347
2016-06-21;45,28;45,79;45,10;45,53;518.821
2016-06-22;45,60;46,11;45,45;45,84;530.592
2016-06-23;46,13;47,12;45,84;46,88;673.041
2016-06-24;40,00;42,00;38,60;40,97;3.200.262
2016-06-27;40,81;40,84;35,10;35,38;2.935.724
2016-06-28;36,99;37,42;36,02;36,10;2.184.454
2016-06-29;36,84;36,98;36,17;36,72;1.493.853
2016-06-30;37,00;37,07;35,71;36,16;2.238.395
2016-07-01;36,10;36,33;35,45;35,75;1.288.319
2016-07-04;36,11;36,11;34,85;35,22;860.184
2016-07-05;35,23;35,35;33,31;33,38;1.520.313
2016-07-06;33,30;33,35;31,75;32,58;2.196.536
2016-07-07;32,92;33,83;32,84;33,53;1.211.369
2016-07-08;33,61;35,28;33,28;34,99;1.469.229
2016-07-11;36,18;36,74;35,62;36,62;1.798.708
2016-07-12;36,42;38,05;36,00;37,88;1.763.494
2016-07-13;37,84;39,43;37,80;38,56;1.735.791
2016-07-14;39,02;39,42;38,58;39,21;1.118.217
2016-07-15;38,99;39,30;38,32;39,05;1.068.968
2016-07-18;39,00;39,82;38,84;39,50;807.081
2016-07-19;39,32;39,82;38,58;38,84;827.640
2016-07-20;39,10;39,16;38,50;38,56;1.049.244
2016-07-21;38,60;39,20;37,80;38,96;1.476.427
2016-07-22;38,86;39,09;38,44;38,51;626.219
2016-07-25;38,80;39,68;38,46;39,68;822.948
2016-07-26;39,08;39,65;37,15;37,88;1.553.315
2016-07-27;38,11;38,78;38,03;38,16;1.056.947
2016-07-28;38,11;38,65;37,59;37,68;705.720
2016-07-29;37,78;38,53;37,78;38,48;1.068.158
2016-08-01;38,86;39,15;38,17;38,59;744.482
2016-08-02;38,43;38,57;37,80;38,09;672.154
2016-08-03;38,75;39,45;38,70;39,26;162.596
2016-08-04;38,75;39,45;38,70;39,03;789.236
2016-08-05;38,99;39,64;38,75;39,57;650.293
2016-08-08;39,61;40,19;39,22;39,46;575.958
2016-08-09;39,70;39,85;38,16;39,76;1.201.464
2016-08-10;39,57;40,33;39,47;40,26;757.582
2016-08-11;40,57;40,58;39,65;40,47;567.586
2016-08-12;40,47;41,14;40,41;41,11;719.290
2016-08-15;41,20;41,34;40,60;40,60;429.436
2016-08-16;40,50;40,96;40,31;40,53;421.037
2016-08-17;40,70;40,85;40,07;40,29;304.700
2016-08-18;40,55;41,20;40,44;40,90;479.123
2016-08-19;40,85;40,92;39,85;40,05;501.805
2016-08-22;39,98;40,78;39,95;40,34;465.799
2016-08-23;40,80;42,54;40,76;42,30;995.684
2016-08-24;42,04;42,56;41,75;42,15;624.136
2016-08-25;42,00;42,23;41,18;41,31;533.114
2016-08-26;41,23;41,74;40,86;41,61;517.853
2016-08-29;41,55;41,79;41,10;41,69;255.376
2016-08-30;41,80;42,38;41,75;42,21;385.127
2016-08-31;42,07;43,07;42,01;42,28;812.971
2016-09-01;42,33;42,69;41,24;41,38;914.904
2016-09-02;41,69;41,87;40,79;41,66;1.044.975
2016-09-05;41,95;41,95;41,37;41,89;442.899
2016-09-06;41,96;42,14;41,63;41,73;603.942
2016-09-07;41,86;42,52;41,43;42,37;507.499
2016-09-08;42,30;42,80;41,98;42,78;600.861
2016-09-09;42,60;43,06;42,33;42,47;644.642
2016-09-12;41,73;41,86;40,21;40,78;985.315
2016-09-13;41,00;41,18;40,07;40,09;535.989
2016-09-14;40,23;40,37;39,84;39,97;485.030
2016-09-15;39,84;40,25;39,43;39,95;434.046
2016-09-16;39,93;40,18;39,25;39,30;783.736
2016-09-19;39,79;40,05;39,41;39,87;426.235
2016-09-20;39,87;39,91;39,44;39,63;381.599
2016-09-21;40,00;40,73;39,83;40,18;585.588
2016-09-22;40,49;41,52;40,33;41,48;722.518
2016-09-23;41,38;41,55;40,81;41,16;512.966
2016-09-26;41,53;41,91;41,00;41,08;796.506
2016-09-27;41,46;41,61;40,40;41,01;764.032
2016-09-28;41,09;42,04;41,04;41,69;629.024
2016-09-29;41,89;42,15;40,75;40,89;778.594
2016-09-30;40,41;40,73;39,27;40,55;1.056.313
2016-10-03;40,60;40,92;40,30;40,79;516.295
2016-10-04;40,81;42,66;40,80;42,45;1.033.505
2016-10-05;42,12;43,02;41,82;42,55;763.208
2016-10-06;42,88;43,24;42,55;42,91;855.114
2016-10-07;43,00;43,00;41,84;42,03;911.601
2016-10-10;42,10;42,31;41,43;42,25;547.820
2016-10-11;42,25;43,17;42,10;42,67;683.066
2016-10-12;42,77;43,38;42,54;43,38;690.822
2016-10-13;43,06;43,07;42,17;42,65;688.513
2016-10-14;42,85;43,74;42,72;43,27;566.987
2016-10-17;43,18;43,46;42,87;43,01;478.511
2016-10-18;43,22;44,07;42,74;43,92;865.924
2016-10-19;44,44;44,81;44,21;44,32;1.027.210
2016-10-20;44,44;44,62;43,92;44,38;622.216
2016-10-21;44,54;45,71;44,10;45,70;1.586.551
2016-10-24;46,00;46,71;45,37;45,52;1.295.602
2016-10-25;46,55;47,59;46,55;46,92;1.597.294
2016-10-26;47,10;47,48;46,36;47,48;1.232.361
2016-10-27;47,47;47,78;47,04;47,32;820.627
2016-10-28;47,10;47,48;46,50;47,22;729.665
2016-10-31;47,00;47,17;46,53;46,92;775.034
2016-11-01;47,15;47,52;46,45;46,63;894.256
2016-11-02;46,31;46,60;45,69;45,72;854.892
2016-11-03;45,71;46,95;45,51;46,34;1.149.850
2016-11-04;46,07;46,20;45,28;45,60;1.110.460
2016-11-07;46,05;46,93;46,02;46,63;1.057.825
2016-11-08;46,65;47,05;46,44;46,85;600.122
2016-11-09;45,00;47,45;44,60;47,29;1.514.662
2016-11-10;47,65;49,08;47,55;48,42;1.224.104
2016-11-11;48,64;48,98;47,71;47,97;907.095
2016-11-14;48,36;48,99;47,98;48,71;905.469
2016-11-15;48,70;49,15;48,20;48,43;862.319
2016-11-16;48,48;48,79;47,15;47,83;774.733
2016-11-17;47,76;48,30;47,51;48,23;651.063
2016-11-18;48,38;48,55;47,68;47,77;751.723
2016-11-21;48,44;49,55;48,30;49,41;1.128.412
2016-11-22;49,89;50,43;49,70;50,26;783.928
2016-11-23;50,35;50,56;48,91;48,91;892.652
2016-11-24;48,90;49,20;48,55;49,00;507.486
2016-11-25;49,20;49,21;48,18;48,50;517.082
2016-11-28;48,34;48,50;47,53;47,77;629.063
2016-11-29;47,91;48,50;47,68;48,10;829.710
2016-11-30;47,94;48,24;47,53;47,91;939.403
2016-12-01;47,69;48,74;47,54;48,66;926.125
2016-12-02;48,49;48,49;47,43;47,82;683.321
2016-12-05;47,50;48,40;47,20;48,22;784.589
2016-12-06;48,16;49,06;47,67;49,06;668.271
2016-12-07;49,50;50,35;49,29;50,19;1.124.066
2016-12-08;50,50;51,38;50,43;51,13;1.131.286
2016-12-09;51,09;51,09;50,07;50,51;937.944
2016-12-12;50,55;51,00;50,22;50,25;647.163
2016-12-13;50,80;52,45;50,62;51,82;1.317.539
2016-12-14;51,68;52,39;51,02;51,68;938.718
2016-12-15;51,90;52,81;51,86;52,34;932.421
2016-12-16;52,25;52,67;51,77;52,08;940.478
2016-12-19;51,96;52,06;51,33;51,84;389.737
2016-12-20;51,86;52,69;51,72;52,64;645.312
2016-12-21;52,33;52,65;51,66;52,46;665.267
2016-12-22;52,28;52,59;51,68;51,72;633.690
2016-12-23;51,79;52,02;51,63;51,95;207.374
2016-12-27;52,00;52,32;51,98;52,04;216.503
2016-12-28;52,09;52,21;51,65;51,86;239.221
2016-12-29;51,63;51,91;51,47;51,65;266.128
2016-12-30;51,65;51,75;51,28;51,53;267.063
2017-01-02;51,30;52,48;51,30;52,40;270.137
2017-01-03;52,60;53,25;52,56;52,86;559.221
2017-01-04;53,41;54,34;53,35;54,15;1.028.390
2017-01-05;53,53;53,95;53,41;53,81;651.827
2017-01-06;53,87;54,25;53,44;54,03;442.687
2017-01-09;54,14;54,24;53,66;54,12;482.529
2017-01-10;54,34;54,58;53,96;54,39;719.822
2017-01-11;54,30;54,66;53,63;54,14;725.364
2017-01-12;54,45;55,86;54,36;54,50;1.157.232
2017-01-13;55,55;55,82;54,49;55,24;850.557
2017-01-16;54,70;54,70;53,86;54,24;690.264
2017-01-17;54,10;54,36;53,25;53,98;651.875
2017-01-18;54,00;54,14;53,31;53,86;710.193
2017-01-19;53,95;54,45;53,82;54,29;704.348
2017-01-20;54,22;54,40;53,78;54,17;605.405
2017-01-23;53,98;54,20;53,57;53,90;420.573
2017-01-24;54,00;54,49;53,94;54,49;552.055
2017-01-25;54,75;55,74;54,75;55,30;777.639
2017-01-26;55,31;55,74;55,31;55,54;618.178
2017-01-27;55,54;55,54;54,27;54,30;776.157
2017-01-30;54,15;54,57;53,61;53,78;581.562
2017-01-31;53,91;54,90;53,78;53,80;1.185.226
2017-02-01;54,10;54,92;54,08;54,57;712.030
2017-02-02;54,28;54,75;54,15;54,54;489.977
2017-02-03;54,77;54,84;54,33;54,59;414.296
2017-02-06;54,56;54,91;53,81;54,00;445.170
2017-02-07;53,95;54,34;53,66;54,09;474.864
2017-02-08;54,16;54,40;52,93;53,33;611.104
2017-02-09;53,50;54,08;53,43;54,07;583.557
2017-02-10;54,40;54,76;54,21;54,41;569.312
2017-02-13;54,51;55,58;54,51;55,30;1.050.947
2017-02-14;57,00;58,41;56,56;57,51;2.522.123
2017-02-15;57,75;57,86;56,40;56,42;1.224.184
2017-02-16;56,84;56,84;56,00;56,39;864.306
2017-02-17;56,27;56,41;55,23;55,50;952.882
2017-02-20;55,57;55,95;55,33;55,55;557.835
2017-02-21;55,52;56,42;55,05;56,11;815.571
2017-02-22;56,20;56,53;54,77;55,15;862.270
2017-02-23;55,15;55,26;54,76;54,88;700.082
2017-02-24;55,03;55,08;53,79;54,18;698.426
2017-02-27;54,41;54,66;54,03;54,30;432.086
2017-02-28;54,59;55,05;54,40;54,91;688.975
2017-03-01;55,03;55,96;55,03;55,58;824.375
2017-03-02;55,70;55,75;54,68;55,05;719.357
2017-03-03;54,78;55,31;54,57;54,73;616.202
2017-03-06;54,66;54,99;54,32;54,63;429.323
2017-03-07;54,61;55,24;54,47;54,91;503.847
2017-03-08;54,95;55,43;54,69;55,10;638.667
2017-03-09;55,00;55,73;54,73;55,48;627.979
2017-03-10;55,56;55,83;55,09;55,09;604.819
2017-03-13;55,07;55,77;54,88;55,64;473.437
2017-03-14;55,75;55,86;55,40;55,72;580.125
2017-03-15;55,91;56,13;55,73;55,99;610.556
2017-03-16;56,43;56,49;55,42;56,18;785.336
2017-03-17;56,10;56,38;55,86;56,08;697.213
2017-03-20;56,00;56,25;55,68;55,70;355.039
2017-03-21;55,74;56,07;55,45;55,63;580.378
2017-03-22;55,50;55,59;54,69;55,53;684.130
2017-03-23;55,55;56,16;55,28;56,00;523.858
2017-03-24;56,03;56,39;55,75;56,39;549.677
2017-03-27;56,00;56,08;55,56;55,65;423.181
2017-03-28;55,90;56,00;54,19;54,42;998.595
2017-03-29;54,60;54,63;53,50;53,76;1.022.286
2017-03-30;53,75;54,13;53,62;54,04;810.659
2017-03-31;54,05;54,36;53,80;54,10;893.885
2017-04-03;52,80;52,84;52,18;52,18;1.106.878
2017-04-04;52,05;52,49;51,98;52,08;732.818
2017-04-05;52,22;53,09;52,12;52,70;881.035
2017-04-06;52,55;52,85;51,80;52,55;727.242
2017-04-07;52,28;53,08;52,15;52,97;706.468
2017-04-10;53,19;53,51;52,92;53,09;656.514
2017-04-11;52,85;54,63;52,67;53,58;1.306.102
2017-04-12;53,72;55,04;53,71;54,80;1.251.885
2017-04-13;54,70;55,14;54,58;54,58;852.848
2017-04-18;54,65;54,94;53,80;53,88;748.485
2017-04-19;53,91;54,78;53,85;54,39;681.684
2017-04-20;54,25;55,12;53,95;54,96;709.880
2017-04-21;55,11;55,14;54,20;54,20;1.094.482
2017-04-24;55,00;56,24;54,96;56,19;983.964
2017-04-25;56,60;57,38;55,06;55,33;1.431.762
2017-04-26;55,42;55,58;54,63;54,90;832.569
2017-04-27;54,73;54,94;54,23;54,90;817.424
2017-04-28;54,88;55,05;54,48;54,71;501.084
2017-05-02;54,84;55,05;54,48;54,94;609.983
2017-05-03;54,64;54,73;53,94;54,23;513.922
2017-05-04;54,42;55,25;54,15;55,25;567.768
2017-05-05;55,00;56,15;54,81;56,05;908.922
2017-05-08;55,99;56,22;55,67;56,07;551.641
2017-05-09;56,20;56,63;56,11;56,54;682.142
2017-05-10;56,36;56,51;56,27;56,51;498.773
2017-05-11;56,50;56,50;55,41;56,09;649.870
2017-05-12;56,05;56,36;55,94;56,14;468.402
2017-05-15;56,25;56,88;56,20;56,37;474.978
2017-05-16;56,42;56,65;56,29;56,35;471.926
2017-05-17;56,16;56,51;54,72;54,95;738.397
2017-05-18;54,73;55,13;53,60;54,89;840.567
2017-05-19;54,86;54,93;53,25;54,12;1.207.390
2017-05-22;54,24;54,49;53,88;53,88;445.472
2017-05-23;53,90;54,39;53,76;54,11;468.742
2017-05-24;52,46;52,78;51,51;52,14;1.551.400
2017-05-25;52,23;52,38;51,78;52,24;542.756
2017-05-26;52,17;52,17;51,38;51,95;629.652
2017-05-29;51,75;51,92;51,56;51,79;241.064
2017-05-30;51,75;51,91;51,16;51,51;550.896
2017-05-31;51,51;52,03;50,78;51,50;833.891
2017-06-01;51,49;52,61;51,26;52,05;733.452
2017-06-02;52,39;52,79;52,10;52,28;578.960
2017-06-05;52,25;52,28;51,28;51,35;332.318
2017-06-06;51,30;51,44;50,59;50,85;657.233
2017-06-07;50,89;51,85;50,70;51,34;495.809
2017-06-08;51,50;51,92;51,15;51,90;497.964
2017-06-09;52,05;52,44;51,80;52,28;535.122
2017-06-12;52,20;52,21;51,61;51,95;451.586
2017-06-13;52,14;52,59;51,87;52,15;710.866
2017-06-14;52,15;52,53;51,89;51,92;642.962
2017-06-15;51,95;52,31;51,22;52,29;750.580
2017-06-16;52,50;53,29;52,45;53,08;916.943
2017-06-19;53,35;53,91;53,24;53,51;511.632
2017-06-20;53,73;54,18;53,33;53,33;518.850
2017-06-21;53,32;53,32;52,64;53,09;357.011
2017-06-22;53,14;53,56;52,83;53,12;397.511
2017-06-23;53,03;53,11;51,17;51,19;1.012.161
2017-06-26;51,38;51,55;50,99;51,33;885.360
2017-06-27;51,18;51,32;50,72;50,79;538.694
2017-06-28;50,55;50,55;50,13;50,43;743.957
2017-06-29;50,57;51,10;50,34;50,57;832.759
2017-06-30;50,70;51,54;50,48;51,12;870.147
2017-07-03;51,30;51,49;50,94;51,09;458.562
2017-07-04;50,98;51,02;50,20;50,20;658.061
2017-07-05;50,05;50,29;49,81;50,18;790.941
2017-07-06;50,16;50,44;49,67;50,12;566.768
2017-07-07;50,06;50,18;49,49;50,16;711.280
2017-07-10;50,26;50,62;50,25;50,57;507.812
2017-07-11;49,56;49,84;48,97;49,33;1.331.312
2017-07-12;49,43;49,74;49,16;49,45;835.300
2017-07-13;49,51;50,31;49,50;50,09;826.220
2017-07-14;50,25;50,54;50,03;50,54;511.979
2017-07-17;50,61;50,63;49,85;49,87;662.271
2017-07-18;49,85;49,98;49,35;49,56;1.019.210
2017-07-19;49,66;50,30;49,64;50,24;623.600
2017-07-20;50,44;50,66;50,07;50,51;751.392
2017-07-21;50,49;50,79;49,56;49,67;803.015
2017-07-24;49,79;50,00;49,14;49,17;992.895
2017-07-25;50,30;52,89;50,30;51,60;2.057.020
2017-07-26;51,70;51,90;51,42;51,64;744.403
2017-07-27;51,71;52,09;51,34;51,63;683.376
2017-07-28;51,50;51,50;50,76;51,00;663.725
2017-07-31;50,89;51,29;50,85;50,98;558.287
2017-08-01;51,14;51,30;50,90;51,15;361.680
2017-08-02;51,25;51,35;50,52;50,59;546.560
2017-08-03;50,55;50,60;50,26;50,51;427.078
2017-08-04;50,53;51,17;50,31;51,11;419.810
2017-08-07;51,17;51,37;50,93;51,01;285.691
2017-08-08;51,18;51,32;51,06;51,16;320.550
2017-08-09;50,85;50,89;50,64;50,74;448.265
2017-08-10;50,61;50,72;49,67;49,67;804.857
2017-08-11;49,50;49,50;48,53;48,82;730.116
2017-08-14;49,08;49,47;48,98;49,24;419.042
2017-08-15;49,41;50,21;49,21;50,21;647.018
2017-08-16;50,33;50,79;50,27;50,39;410.290
2017-08-17;50,45;50,67;50,26;50,31;283.573
2017-08-18;49,75;49,93;49,55;49,89;678.302
2017-08-21;49,71;49,99;49,35;49,63;397.030
2017-08-22;49,87;50,18;49,68;50,18;323.503
2017-08-23;50,23;50,26;49,56;49,56;379.084
2017-08-24;49,72;49,87;49,43;49,43;348.574
2017-08-25;49,40;49,53;49,02;49,02;335.188
2017-08-28;48,99;49,07;48,57;48,80;276.128
2017-08-29;48,55;48,55;48,10;48,38;401.311
2017-08-30;48,84;49,03;48,68;48,91;323.396
2017-08-31;49,30;49,30;48,79;49,11;465.427
2017-09-01;49,33;50,04;49,33;49,87;474.716
2017-09-04;50,00;50,26;49,67;50,09;477.595
2017-09-05;50,07;50,41;49,84;49,92;371.300
2017-09-06;49,82;49,94;49,33;49,70;666.629
2017-09-07;49,84;49,85;49,17;49,50;579.270
2017-09-08;49,64;49,68;49,13;49,53;416.942
2017-09-11;49,82;50,86;49,79;50,57;718.711
2017-09-12;50,70;51,53;50,70;51,30;607.716
2017-09-13;51,26;51,90;51,26;51,38;683.475
2017-09-14;51,38;51,67;51,06;51,51;501.025
2017-09-15;51,40;51,43;50,85;50,94;739.567
2017-09-18;51,17;51,57;51,01;51,55;258.387
2017-09-19;51,66;52,38;51,65;52,07;642.596
2017-09-20;52,09;52,68;52,00;52,55;510.458
2017-09-21;52,69;52,84;52,44;52,69;351.836
2017-09-22;52,66;52,68;52,11;52,22;527.259
2017-09-25;52,00;53,13;51,95;52,60;435.056
2017-09-26;52,58;52,59;51,95;52,12;571.259
2017-09-27;52,33;52,43;51,88;52,15;477.488
2017-09-28;51,54;51,97;51,42;51,80;589.958
2017-09-29;51,80;52,35;51,67;52,34;532.146
2017-10-02;52,39;52,74;52,06;52,63;539.109
2017-10-03;52,75;52,76;52,11;52,50;426.467
2017-10-04;52,67;52,67;52,25;52,62;387.087
2017-10-05;52,64;52,64;52,07;52,59;550.302
2017-10-06;52,60;52,60;52,07;52,22;550.580
2017-10-09;52,30;52,62;52,30;52,56;242.978
2017-10-10;52,65;54,27;52,58;54,27;1.011.655
2017-10-11;54,21;54,43;53,52;53,61;661.535
2017-10-12;53,82;53,82;53,17;53,37;504.947
2017-10-13;53,34;53,77;53,20;53,61;449.472
2017-10-16;53,70;53,82;53,37;53,41;247.809
2017-10-17;53,56;53,89;53,30;53,33;396.129
2017-10-18;53,50;54,27;53,26;54,14;641.573
2017-10-19;54,30;54,45;53,63;53,98;447.887
2017-10-20;54,30;54,81;54,12;54,52;671.762
2017-10-23;54,70;54,76;54,23;54,70;527.632
2017-10-24;53,90;53,95;51,32;51,88;2.219.570
2017-10-25;51,90;52,00;51,15;51,50;1.050.546
2017-10-26;51,51;52,11;51,04;52,11;694.701
2017-10-27;52,32;52,79;52,30;52,46;797.646
2017-10-30;52,50;52,62;52,13;52,32;426.482
2017-10-31;52,56;52,82;52,01;52,82;512.735
2017-11-01;52,92;53,44;52,76;52,76;489.285
2017-11-02;52,78;52,89;52,12;52,65;407.631
2017-11-03;52,83;52,87;52,23;52,52;532.076
2017-11-06;52,50;52,66;52,12;52,12;614.615
2017-11-07;52,20;52,32;51,71;51,86;659.398
2017-11-08;51,88;51,92;51,02;51,31;931.301
2017-11-09;51,30;51,38;50,58;50,74;880.472
2017-11-10;50,95;51,09;50,16;50,42;658.992
2017-11-13;50,51;50,67;49,79;50,03;601.464
2017-11-14;50,07;50,47;50,04;50,16;512.492
2017-11-15;50,08;50,18;49,54;49,88;606.299
2017-11-16;50,05;50,07;49,74;49,93;508.101
2017-11-17;49,98;50,11;49,44;49,65;501.996
2017-11-20;49,52;50,34;49,50;50,34;600.316
2017-11-21;51,50;51,61;50,38;50,38;989.542
2017-11-22;50,48;50,64;50,04;50,08;547.696
2017-11-23;50,00;50,37;49,80;50,21;393.591
2017-11-24;50,33;50,41;50,13;50,13;274.848
2017-11-27;50,10;50,72;50,03;50,60;558.922
2017-11-28;50,55;51,40;50,53;51,30;667.516
2017-11-29;51,51;51,97;51,11;51,24;682.483
2017-11-30;51,27;51,84;51,12;51,74;606.823
2017-12-01;51,90;51,91;50,69;50,72;467.524
2017-12-04;51,26;51,42;51,01;51,25;328.586
2017-12-05;51,30;51,49;50,73;50,89;349.639
2017-12-06;50,41;51,13;49,69;51,03;454.859
2017-12-07;51,02;51,50;50,94;51,50;422.038
2017-12-08;51,75;51,99;51,60;51,94;531.657
2017-12-11;52,15;52,19;51,78;51,78;293.777
2017-12-12;52,18;52,20;51,75;52,04;254.576
2017-12-13;52,00;52,46;51,83;52,14;362.281
2017-12-14;52,14;52,24;51,81;51,89;443.003
2017-12-15;51,68;51,72;50,76;51,28;894.682
2017-12-18;51,45;51,94;51,41;51,72;485.650
2017-12-19;51,75;52,05;51,74;51,77;296.839
2017-12-20;51,80;52,02;51,47;51,58;260.755
2017-12-21;51,63;51,72;51,17;51,63;244.281
2017-12-22;51,57;51,60;51,32;51,46;202.119
2017-12-27;51,42;51,73;51,15;51,38;224.450
2017-12-28;51,45;51,69;51,26;51,41;157.379
2017-12-29;51,41;51,61;51,13;51,24;203.408
2018-01-02;51,18;51,74;50,90;51,74;380.917
2018-01-03;52,50;53,36;52,34;52,86;872.929
2018-01-04;53,22;53,88;53,04;53,74;772.657
2018-01-05;54,40;55,52;54,40;55,50;850.062
2018-01-08;55,60;55,88;55,38;55,64;496.699
2018-01-09;55,70;56,12;55,54;56,12;500.597
2018-01-10;56,08;56,24;55,42;55,68;508.932
2018-01-11;55,68;56,26;55,46;56,24;469.347
2018-01-12;56,28;56,54;55,76;56,06;419.255
2018-01-15;56,22;56,64;56,00;56,64;348.534
2018-01-16;56,70;56,76;56,12;56,30;272.959
2018-01-17;56,12;56,24;55,48;55,64;430.219
2018-01-18;55,80;55,90;55,48;55,60;413.739
2018-01-19;55,76;56,22;55,46;56,02;406.736
2018-01-22;56,50;56,88;56,04;56,66;539.054
2018-01-23;56,90;57,26;56,62;56,82;486.947
2018-01-24;57,90;58,56;57,32;57,32;1.002.844
2018-01-25;57,10;58,42;57,04;58,00;841.474
2018-01-26;58,02;58,48;57,72;58,04;405.483
2018-01-29;58,32;58,32;57,62;57,70;463.411
2018-01-30;57,30;57,62;56,72;56,94;542.958
2018-01-31;57,10;57,38;56,46;56,88;560.625
2018-02-01;57,06;57,30;56,34;56,88;554.189
2018-02-02;56,74;57,12;56,02;56,10;590.475
2018-02-05;55,90;55,90;55,04;55,32;479.300
2018-02-06;54,00;55,04;53,42;54,16;1.227.762
2018-02-07;54,72;55,62;54,28;55,40;641.332
2018-02-08;55,34;55,56;54,56;54,72;650.814
2018-02-09;54,42;54,78;53,64;53,94;951.902
2018-02-12;54,78;55,14;54,18;54,90;650.675
2018-02-13;56,90;57,16;55,10;56,00;1.419.088
2018-02-14;56,50;58,00;56,10;57,86;1.168.402
2018-02-15;58,30;59,24;58,04;59,12;935.499
2018-02-16;59,34;59,54;58,36;58,92;795.309
2018-02-19;59,00;59,20;58,10;58,64;668.570
2018-02-20;58,60;59,14;58,54;58,96;570.056
2018-02-21;58,72;59,34;58,62;59,34;608.855
2018-02-22;58,88;59,04;58,32;58,68;546.633
2018-02-23;58,84;58,84;58,24;58,36;444.449
2018-02-26;58,56;58,96;58,54;58,86;489.155
2018-02-27;0,00;0,00;0,00;58,78;0
2018-02-28;58,56;59,00;58,42;58,86;718.395
2018-03-01;58,00;58,00;56,36;56,94;1.043.106
2018-03-02;56,36;56,60;55,34;55,50;680.054
2018-03-05;55,44;56,58;55,30;56,42;559.090
2018-03-06;57,00;57,06;56,14;56,28;488.391
2018-03-07;56,00;56,92;55,88;56,92;557.985
2018-03-08;56,98;57,60;56,64;57,40;566.506
2018-03-09;57,52;57,56;56,70;57,08;554.315
2018-03-12;57,38;57,56;56,84;57,06;317.007
2018-03-13;57,22;57,32;56,32;56,64;377.658
2018-03-14;56,68;57,50;56,66;57,10;493.086
2018-03-15;57,42;57,98;57,04;57,84;519.730
2018-03-16;0,00;0,00;0,00;58,60;0
2018-03-19;0,00;0,00;0,00;58,18;0
2018-03-20;0,00;0,00;0,00;56,88;0
2018-03-21;0,00;0,00;0,00;56,38;0
2018-03-22;0,00;0,00;0,00;55,48;0
2018-03-23;54,88;55,16;54,26;54,94;624.869
2018-03-26;55,10;55,44;54,16;54,42;717.774
2018-03-27;55,34;55,72;54,84;55,08;605.443
2018-03-28;54,62;55,60;53,68;55,60;880.776
2018-03-29;53,48;53,70;52,80;53,42;766.854
2018-04-03;53,20;53,66;52,72;53,20;625.607
2018-04-04;53,60;53,64;52,74;53,24;712.787
2018-04-05;53,96;54,50;53,94;54,36;554.059
2018-04-06;54,38;54,50;54,04;54,16;491.537
2018-04-09;54,40;54,74;54,18;54,40;412.113
2018-04-10;54,92;55,90;54,72;55,84;719.043
2018-04-11;55,60;55,78;54,56;54,82;598.853
2018-04-12;54,84;55,10;54,34;54,86;466.657
2018-04-13;54,94;55,06;54,44;54,70;469.560
2018-04-16;54,70;55,14;54,68;54,90;438.009
2018-04-17;55,00;55,36;54,80;55,24;678.410
2018-04-18;55,42;55,66;55,16;55,60;462.984
2018-04-19;55,78;56,36;55,72;56,22;504.699
2018-04-20;56,22;56,28;55,10;55,50;866.283
2018-04-23;54,98;55,20;54,20;54,80;871.589
2018-04-24;54,00;54,00;52,06;53,28;1.680.209
2018-04-25;52,94;52,94;52,06;52,20;971.126
2018-04-26;52,26;52,86;52,08;52,60;869.573
2018-04-27;52,62;52,94;52,46;52,60;582.992
2018-04-30;52,62;53,38;52,46;53,38;717.793
2018-05-02;53,48;53,62;53,24;53,44;515.198
2018-05-03;53,38;53,42;52,78;52,90;533.856
2018-05-04;53,14;53,38;52,98;53,04;548.711
2018-05-07;53,00;53,14;52,70;53,08;260.679
2018-05-08;53,00;53,50;52,12;53,44;695.665
2018-05-09;53,50;53,58;53,04;53,16;710.732
2018-05-10;53,08;53,70;53,08;53,58;362.938
2018-05-11;53,56;53,68;53,16;53,64;462.276
2018-05-14;53,76;53,80;52,86;53,18;574.478
2018-05-15;52,84;53,44;52,82;53,44;523.533
2018-05-16;53,42;53,70;53,18;53,60;504.328
2018-05-17;53,60;53,88;53,40;53,84;404.500
2018-05-18;53,74;54,44;53,74;54,30;613.714
2018-05-21;54,40;54,40;54,14;54,30;267.690
2018-05-22;54,28;54,40;53,80;54,10;432.392
2018-05-23;53,84;54,00;52,38;52,64;858.077
2018-05-24;52,66;53,38;52,50;52,90;592.467
2018-05-25;53,06;53,52;52,82;53,14;450.818
2018-05-28;53,50;53,82;52,76;52,96;265.338
2018-05-29;52,50;52,54;51,44;51,72;840.291
2018-05-30;0,00;0,00;51,22;51,88;681.736
2018-05-31;52,06;52,52;50,98;51,06;850.108
2018-06-01;51,30;51,98;51,28;51,76;535.808
2018-06-04;52,00;52,08;51,70;51,90;409.201
2018-06-05;51,70;52,26;51,54;51,86;453.662
2018-06-06;51,74;52,08;51,62;52,06;454.085
2018-06-07;52,34;52,68;52,26;52,56;496.692
2018-06-08;52,18;52,52;51,86;52,16;551.102
2018-06-11;52,24;52,84;52,20;52,70;515.929
2018-06-12;53,06;53,24;52,80;53,06;500.622
2018-06-13;53,10;53,32;52,90;53,02;289.899
2018-06-14;52,64;53,72;52,58;53,46;522.736
2018-06-15;53,44;53,62;52,66;52,66;994.907
2018-06-18;52,40;52,72;52,12;52,68;521.282
2018-06-19;52,14;52,16;51,28;51,52;923.502
2018-06-20;51,78;52,46;51,68;52,08;609.338
2018-06-21;52,22;52,46;51,46;51,88;554.145
2018-06-22;51,82;53,36;51,58;53,24;713.422
2018-06-25;53,00;53,00;50,68;50,68;587.671
2018-06-26;50,90;50,90;49,86;50,28;586.655
2018-06-27;50,00;50,74;48,71;50,20;750.901
2018-06-28;49,87;50,08;48,73;49,31;706.838
2018-06-29;49,88;50,78;49,59;50,42;912.504
2018-07-02;49,76;50,52;49,31;50,04;586.419
2018-07-03;50,12;50,74;50,02;50,18;354.441
2018-07-04;50,00;50,22;49,33;49,86;340.965
2018-07-05;50,48;50,86;50,12;50,36;462.133
2018-07-06;50,62;50,78;49,88;50,36;533.394
2018-07-09;50,76;50,98;50,28;50,84;437.225
2018-07-10;50,90;51,02;49,89;50,22;964.275
2018-07-11;49,95;50,22;49,38;50,06;615.062
2018-07-12;50,24;50,56;49,61;50,54;600.866
2018-07-13;50,76;51,62;50,74;51,44;514.550
2018-07-16;51,48;51,72;51,18;51,22;329.757
2018-07-17;51,20;51,48;51,04;51,28;246.746
2018-07-18;51,38;52,10;51,32;51,92;380.662
2018-07-19;52,02;52,26;51,84;52,06;418.154
2018-07-20;51,92;51,92;49,64;50,34;1.148.851
2018-07-23;50,30;51,14;50,20;51,00;739.155
2018-07-24;52,00;53,60;51,90;53,00;1.387.323
2018-07-25;52,50;53,28;52,34;52,84;616.915
2018-07-26;53,30;53,82;53,14;53,38;444.971
2018-07-27;53,44;53,98;53,44;53,82;375.847
2018-07-30;53,66;54,18;53,40;53,90;297.778
2018-07-31;53,92;54,40;53,76;54,26;432.325
2018-08-01;54,26;54,38;53,82;54,02;371.560
2018-08-02;53,60;53,60;52,88;53,36;411.953
2018-08-03;53,52;53,82;53,40;53,56;258.333
2018-08-06;53,56;53,98;53,24;53,84;269.096
2018-08-07;53,96;54,76;53,78;54,58;352.521
2018-08-08;54,64;54,64;54,14;54,32;281.365
2018-08-09;54,12;54,14;53,20;53,86;417.691
2018-08-10;53,56;53,74;53,14;53,52;368.210
2018-08-13;53,22;53,48;53,00;53,30;232.323
2018-08-14;53,50;53,78;53,16;53,48;294.930
2018-08-15;53,42;53,58;52,62;52,96;350.068
2018-08-16;53,04;53,38;53,00;53,22;275.513
2018-08-17;53,36;53,36;52,70;53,04;280.012
2018-08-20;53,12;53,62;53,04;53,40;223.953
2018-08-21;53,34;53,98;53,24;53,86;278.146
2018-08-22;53,70;54,32;53,70;53,96;375.223
2018-08-23;53,98;54,18;53,72;53,72;304.658
2018-08-24;53,70;54,10;53,64;54,02;239.047
2018-08-27;54,34;54,90;53,96;54,84;288.515
2018-08-28;54,90;55,18;54,60;54,82;376.078
2018-08-29;54,92;55,02;54,26;54,42;307.262
2018-08-30;54,22;54,36;53,62;54,20;302.173
2018-08-31;54,12;54,40;52,52;53,96;396.395
2018-09-03;53,84;54,00;52,94;53,10;390.085
2018-09-04;53,26;53,58;52,32;52,60;351.379
2018-09-05;52,44;52,64;51,92;51,92;427.198
2018-09-06;51,96;52,24;51,66;51,68;388.115
2018-09-07;51,82;52,02;51,30;51,80;364.013
2018-09-10;51,68;51,98;51,28;51,70;348.167
2018-09-11;51,70;51,92;51,42;51,78;239.332
2018-09-12;51,70;51,92;51,38;51,80;305.328
2018-09-13;51,60;51,72;51,00;51,08;455.576
2018-09-14;51,14;51,34;50,98;51,20;262.277
2018-09-17;50,98;51,18;50,68;50,76;380.844
2018-09-18;50,76;51,04;50,64;51,02;345.480
2018-09-19;49,95;50,18;48,09;48,43;1.530.865
2018-09-20;48,75;48,92;48,26;48,50;854.981
2018-09-21;48,61;48,78;47,55;48,02;900.055
2018-09-24;47,18;47,47;46,49;46,65;587.506
2018-09-25;46,43;47,18;46,43;46,90;439.442
2018-09-26;47,00;47,05;46,46;46,91;611.560
2018-09-27;45,80;45,85;44,65;45,71;1.311.000
2018-09-28;45,15;45,98;44,70;45,98;1.115.283
2018-10-01;45,76;46,35;45,76;46,00;495.072
2018-10-02;45,72;46,07;45,46;45,84;653.024
2018-10-03;46,20;46,61;45,97;46,37;525.370
2018-10-04;46,38;46,68;45,49;45,78;598.902
2018-10-05;45,70;46,00;45,37;45,37;532.575
2018-10-08;45,28;46,33;45,13;45,77;559.864
2018-10-09;45,77;45,77;44,53;45,24;815.708
2018-10-10;45,85;46,19;44,25;44,25;869.633
2018-10-11;43,67;43,79;42,71;42,86;1.005.507
2018-10-12;43,17;43,93;42,97;43,24;634.909
2018-10-15;43,12;43,14;42,60;43,00;602.938
2018-10-16;42,98;44,12;42,72;44,12;771.454
2018-10-17;44,30;44,80;43,65;43,75;542.332
2018-10-18;44,15;44,86;44,06;44,40;669.464
2018-10-19;44,37;44,37;42,37;42,84;1.033.292
2018-10-22;42,95;43,96;42,95;43,89;801.466
2018-10-23;42,95;43,80;41,69;42,83;1.089.284
2018-10-24;42,84;43,08;41,30;41,32;801.560
2018-10-25;41,00;42,67;40,84;42,61;794.339
2018-10-26;42,30;43,42;42,02;43,13;913.279
2018-10-29;43,30;44,48;42,60;43,49;580.017
2018-10-30;43,50;43,59;42,56;43,35;538.626
2018-10-31;43,70;45,45;43,59;44,55;1.002.580
2018-11-01;44,34;45,11;43,56;43,70;670.606
2018-11-02;44,62;45,07;44,00;44,07;470.638
2018-11-05;44,19;44,19;43,08;43,10;587.504
2018-11-06;43,90;44,33;43,25;43,57;786.207
2018-11-07;43,38;44,24;43,35;43,72;402.757
2018-11-08;43,82;44,17;43,53;43,64;554.191
2018-11-09;43,52;43,93;43,05;43,72;345.718
2018-11-12;44,00;44,15;43,11;43,13;315.062
2018-11-13;43,13;43,79;43,13;43,48;361.517
2018-11-14;43,20;43,61;42,54;42,90;618.190
2018-11-15;42,96;43,49;42,06;42,45;600.942
2018-11-16;42,56;43,29;42,28;42,72;594.265
2018-11-19;42,70;43,08;42,08;42,14;290.575
2018-11-20;41,87;42,02;40,87;41,23;425.697
2018-11-21;41,34;41,71;40,82;41,64;328.924
2018-11-22;41,69;41,87;41,38;41,58;278.327
2018-11-23;41,67;42,05;41,28;42,05;326.866
2018-11-26;42,30;42,89;42,16;42,68;433.415
2018-11-27;42,55;42,58;41,91;42,11;402.926
2018-11-28;42,45;42,49;41,43;41,76;514.573
2018-11-29;42,00;42,47;41,93;42,45;570.789
2018-11-30;42,36;42,98;42,31;42,98;1.027.005
2018-12-03;43,53;44,32;42,86;42,89;621.591
2018-12-04;42,80;43,00;42,23;42,44;651.932
2018-12-05;42,00;42,04;40,66;40,82;675.037
2018-12-06;40,28;40,32;39,11;39,21;913.442
2018-12-07;39,60;40,54;39,42;39,65;601.457
2018-12-10;39,20;39,41;38,55;38,71;562.958
2018-12-11;39,15;39,85;38,92;39,45;535.883
2018-12-12;39,45;40,09;39,40;39,92;473.403
2018-12-13;40,09;40,74;40,07;40,41;699.917
2018-12-14;40,00;40,13;39,25;39,95;483.195
2018-12-17;39,75;39,97;38,79;39,12;496.112
2018-12-18;38,74;39,79;38,60;39,35;772.458
2018-12-19;39,44;40,16;39,17;39,72;593.021
2018-12-20;39,00;39,78;38,93;39,44;497.172
2018-12-21;39,12;39,55;38,81;39,30;784.122
2018-12-24;38,56;39,15;38,56;38,80;65.739
2018-12-27;39,20;39,68;38,13;38,46;398.604
2018-12-28;38,73;39,37;38,62;39,29;342.056
2018-12-31;39,56;40,09;39,45;40,09;167.079
2019-01-02;39,50;39,56;38,71;39,06;324.453
2019-01-03;37,75;37,76;36,41;36,41;1.047.160
2019-01-04;36,67;38,25;36,58;38,23;496.473
2019-01-07;38,46;39,12;38,24;39,01;420.615
2019-01-08;39,20;40,75;39,10;40,31;679.018
2019-01-09;40,81;41,69;40,54;41,19;667.260
2019-01-10;40,63;41,30;40,03;41,23;337.853
2019-01-11;41,56;41,56;41,00;41,23;279.601
2019-01-14;40,97;41,07;40,44;40,70;469.752
2019-01-15;41,16;41,56;40,59;41,13;347.001
2019-01-16;41,21;41,75;40,73;41,51;360.605
2019-01-17;41,44;41,44;40,88;40,98;443.907
2019-01-18;41,20;41,89;41,19;41,71;473.002
2019-01-21;42,44;42,61;41,77;42,07;418.731
2019-01-22;42,00;42,52;41,83;42,23;749.736
2019-01-23;41,89;42,52;41,68;41,85;357.929
2019-01-24;41,78;42,91;41,78;42,75;568.985
2019-01-25;43,18;43,25;42,64;42,78;484.188
2019-01-28;42,52;43,04;42,46;42,73;365.196
2019-01-29;42,87;43,79;42,80;43,42;434.558
2019-01-30;43,52;43,70;43,13;43,61;439.526
2019-01-31;42,95;43,43;41,63;42,11;1.388.324
2019-02-01;42,50;43,04;42,32;43,04;610.488
2019-02-04;43,00;43,17;42,76;43,12;309.264
2019-02-05;43,27;44,14;43,14;44,09;416.349
2019-02-06;43,92;44,26;43,87;44,10;426.412
2019-02-07;43,73;44,11;43,63;43,75;782.881
2019-02-08;43,50;43,77;42,61;43,08;393.643
2019-02-11;43,56;43,99;43,34;43,61;642.043
2019-02-12;44,40;45,83;44,27;45,76;1.256.365
2019-02-13;45,95;46,06;45,38;45,82;571.653
2019-02-14;45,97;46,66;45,56;45,68;615.355
2019-02-15;45,51;46,86;45,49;46,82;556.170
2019-02-18;46,71;46,77;45,96;46,30;397.397
2019-02-19;46,25;46,36;45,65;45,73;531.111
2019-02-20;46,10;46,69;46,02;46,58;421.585
2019-02-21;46,80;46,80;46,04;46,44;420.449
2019-02-22;46,40;47,14;46,40;46,61;269.750
2019-02-25;47,08;47,09;46,72;46,90;242.450
2019-02-26;46,62;47,10;46,22;46,95;401.490
2019-02-27;46,90;47,27;46,64;47,27;429.784
2019-02-28;46,50;47,03;45,72;46,95;696.309
2019-03-01;47,47;47,68;47,11;47,42;422.224
2019-03-04;47,75;47,88;47,31;47,50;375.091
2019-03-05;47,43;47,56;46,97;47,50;488.686
2019-03-06;47,38;47,47;47,00;47,20;420.605
2019-03-07;46,86;47,05;46,06;46,13;573.121
2019-03-08;45,83;45,99;44,83;45,21;675.402
2019-03-11;45,48;45,84;45,32;45,71;394.679
2019-03-12;46,08;46,08;45,43;45,53;394.729
2019-03-13;45,45;46,28;45,27;46,28;541.402
2019-03-14;46,21;46,89;46,17;46,56;413.332
2019-03-15;46,75;47,21;46,51;47,11;782.409
2019-03-18;47,32;47,38;46,89;47,00;367.022
2019-03-19;47,24;47,49;46,91;47,42;379.659
2019-03-20;47,42;47,43;46,96;47,08;499.018
2019-03-21;46,85;47,28;46,73;47,01;365.984
2019-03-22;47,26;47,32;44,68;44,72;1.017.970
2019-03-25;44,33;44,79;43,55;44,51;480.802
2019-03-26;44,98;44,98;43,93;44,00;904.594
2019-03-27;44,25;44,66;44,06;44,23;1.205.789
2019-03-28;41,90;42,92;41,73;42,68;761.777
2019-03-29;42,71;43,65;42,71;43,47;780.327
2019-04-01;43,94;44,32;43,60;44,32;487.664
2019-04-02;44,30;44,46;44,11;44,28;546.796
2019-04-03;44,40;45,32;44,35;45,30;577.793
2019-04-04;45,34;45,43;44,72;44,76;492.131
2019-04-05;45,00;45,86;44,95;45,48;732.678
2019-04-08;45,49;45,76;45,24;45,40;611.129
2019-04-09;46,16;46,55;45,48;45,56;700.326
2019-04-10;45,57;46,30;45,41;46,30;642.036
2019-04-11;46,43;47,25;46,21;47,21;639.270
2019-04-12;48,10;48,55;47,45;48,02;759.550
2019-04-15;48,02;48,83;48,00;48,57;495.819
2019-04-16;48,40;48,75;48,26;48,66;597.383
2019-04-17;48,66;49,26;48,64;48,89;500.197
2019-04-18;48,66;49,52;48,00;49,21;607.497
2019-04-23;49,44;49,77;49,11;49,48;548.170
2019-04-24;50,50;52,14;50,50;51,42;1.027.065
2019-04-25;51,20;52,08;51,20;51,30;648.040
2019-04-26;51,30;51,42;50,86;51,32;594.481
2019-04-29;51,30;51,92;51,10;51,10;483.598
2019-04-30;50,70;51,20;50,56;50,92;597.478
2019-05-02;50,52;50,82;50,42;50,56;449.222
2019-05-03;50,32;50,82;50,30;50,50;478.955
2019-05-06;50,20;50,44;49,19;50,44;418.778
2019-05-07;50,28;50,74;49,26;49,48;527.819
2019-05-08;49,13;50,14;49,13;49,47;418.229
2019-05-09;49,21;49,39;48,37;48,61;495.380
2019-05-10;49,40;49,65;48,96;49,07;475.663
2019-05-13;49,13;49,13;47,59;47,70;387.814
2019-05-14;48,36;48,48;47,80;48,48;505.803
2019-05-15;48,60;48,71;47,14;48,04;657.723
2019-05-16;47,88;48,71;47,86;48,71;517.690
2019-05-17;48,46;48,68;47,58;47,80;473.064
2019-05-20;47,69;48,36;47,69;48,24;462.111
2019-05-21;48,68;48,80;48,21;48,40;388.861
2019-05-22;48,36;48,93;48,17;48,44;432.767
2019-05-23;48,00;48,08;46,62;46,62;569.280
2019-05-24;47,00;47,82;46,85;47,27;518.450
2019-05-27;47,70;47,70;46,93;47,11;230.468
2019-05-28;47,21;47,93;46,99;47,89;743.043
2019-05-29;47,49;47,70;46,13;46,49;450.456
2019-05-30;46,70;47,27;46,67;47,08;237.560
2019-05-31;46,50;46,69;45,87;46,20;458.759
2019-06-03;45,89;45,89;45,03;45,53;597.265
2019-06-04;45,29;46,45;45,23;46,35;590.531
2019-06-05;46,44;47,83;46,32;46,98;719.802
2019-06-06;46,86;47,41;46,74;46,79;425.878
2019-06-07;46,93;47,50;46,80;47,17;431.822
2019-06-10;47,43;47,77;47,13;47,36;186.773
2019-06-11;47,29;48,43;47,29;48,33;499.274
2019-06-12;47,99;48,33;47,85;48,01;417.894
2019-06-13;47,96;48,40;47,80;48,16;515.070
2019-06-14;48,26;49,00;48,17;48,21;402.326
2019-06-17;48,28;48,81;48,10;48,47;403.443
2019-06-18;48,26;50,00;48,04;49,96;762.717
2019-06-19;50,00;50,52;49,83;50,02;488.841
2019-06-20;50,44;50,96;50,24;50,54;515.984
2019-06-21;50,70;51,00;49,89;50,22;633.945
2019-06-24;50,02;50,58;49,31;49,83;453.044
2019-06-25;48,81;49,19;47,53;47,53;944.024
2019-06-26;47,26;47,54;46,82;47,30;623.362
2019-06-27;47,38;48,15;47,38;47,78;369.234
2019-06-28;47,90;48,38;47,76;48,30;425.250
2019-07-01;48,85;49,39;48,27;48,27;375.565
2019-07-02;48,24;48,54;47,81;48,54;438.087
2019-07-03;48,55;49,11;48,41;48,86;320.325
2019-07-04;49,00;49,11;48,74;48,87;207.053
2019-07-05;48,70;48,87;47,30;47,54;643.655
2019-07-08;47,34;47,85;47,33;47,70;397.686
2019-07-09;45,64;46,17;44,63;45,69;925.530
2019-07-10;44,90;45,82;44,57;45,43;620.356
2019-07-11;45,81;45,95;45,20;45,28;480.388
2019-07-12;45,50;46,14;45,30;45,96;523.814
2019-07-15;46,00;46,36;45,39;45,91;482.168
2019-07-16;45,99;46,10;45,50;46,07;408.500
2019-07-17;46,00;46,35;45,87;46,04;310.015
2019-07-18;45,70;45,70;45,25;45,36;322.141
2019-07-19;45,56;46,26;45,28;46,16;601.487
2019-07-22;46,18;46,51;46,01;46,51;541.632
2019-07-23;45,10;48,43;45,10;47,60;1.201.301
2019-07-24;47,28;47,43;46,61;46,80;580.960
2019-07-25;47,13;47,42;46,17;46,51;379.258
2019-07-26;46,43;47,22;46,32;47,16;406.002
2019-07-29;47,14;47,14;46,75;46,87;218.027
2019-07-30;46,88;46,88;45,74;45,81;514.714
2019-07-31;45,81;46,24;45,54;45,54;579.511
2019-08-01;45,20;46,39;45,20;46,09;311.385
2019-08-02;44,91;44,98;43,96;44,11;525.955
2019-08-05;43,66;43,69;42,97;43,01;526.716
2019-08-06;42,81;43,32;42,50;42,62;472.271
2019-08-07;42,83;43,35;42,39;42,71;444.969
2019-08-08;43,13;43,44;42,90;43,44;425.568
2019-08-09;43,33;43,47;42,60;42,62;351.610
2019-08-12;42,94;43,46;42,10;42,13;331.128
2019-08-13;42,00;43,01;41,53;42,66;545.969
2019-08-14;42,60;42,60;41,22;41,73;722.797
2019-08-15;41,84;42,23;41,16;41,47;403.005
2019-08-16;41,62;41,83;41,52;41,83;573.043
2019-08-19;42,22;42,66;41,89;42,36;374.706
2019-08-20;42,26;42,55;41,96;41,96;383.799
2019-08-21;42,07;42,69;42,03;42,40;505.442
2019-08-22;42,34;42,95;42,04;42,16;510.771
2019-08-23;42,53;42,79;41,64;41,64;413.507
2019-08-26;41,38;41,85;40,54;41,50;300.108
2019-08-27;41,37;41,92;41,20;41,80;427.538
2019-08-28;41,73;41,80;41,22;41,55;369.493
2019-08-29;41,46;42,19;41,29;42,15;322.787
2019-08-30;42,14;42,77;42,14;42,45;296.777
2019-09-02;43,09;43,37;42,82;43,12;360.281
2019-09-03;43,13;43,15;42,21;42,31;413.288
2019-09-04;42,94;43,32;42,69;43,20;327.835
2019-09-05;43,65;44,02;43,50;43,85;333.267
2019-09-06;43,78;44,07;43,70;43,93;391.944
2019-09-09;44,00;44,49;43,73;44,49;370.242
2019-09-10;44,50;46,45;44,41;46,25;858.167
2019-09-11;46,26;46,67;45,41;45,70;898.253
2019-09-12;45,74;46,46;45,74;46,25;703.412
2019-09-13;46,21;47,64;46,18;47,45;585.029
2019-09-16;47,00;47,00;46,16;46,41;546.541
2019-09-17;46,33;46,46;45,47;46,05;588.376
2019-09-18;45,99;46,45;45,57;46,30;450.964
2019-09-19;46,37;46,84;46,20;46,76;476.879
2019-09-20;46,74;46,82;46,28;46,44;496.404
2019-09-23;46,35;46,37;45,06;45,25;463.958
2019-09-24;45,50;45,52;44,95;45,08;347.804
2019-09-25;44,88;44,97;44,11;44,77;350.010
2019-09-26;44,97;45,48;44,83;45,48;469.157
2019-09-27;44,44;45,07;44,40;44,75;382.488
2019-09-30;44,77;45,35;44,70;45,09;362.572
2019-10-01;45,31;46,30;45,07;45,31;622.979
2019-10-02;45,04;45,10;43,23;43,23;610.498
2019-10-03;43,25;43,42;42,33;42,74;418.237
2019-10-04;43,26;43,50;42,88;43,50;314.411
2019-10-07;43,30;44,13;43,10;44,10;355.046
2019-10-08;43,22;43,58;42,81;43,07;651.330
2019-10-09;43,41;43,99;42,81;43,75;532.895
2019-10-10;43,89;44,65;43,77;44,62;392.592
2019-10-11;45,01;46,13;44,81;46,11;585.294
2019-10-14;45,90;45,93;45,12;45,80;309.216
2019-10-15;46,25;46,70;45,89;46,49;531.655
2019-10-16;46,38;46,54;45,75;46,23;522.368
2019-10-17;46,00;46,99;46,00;46,42;386.416
2019-10-18;46,42;46,83;46,10;46,73;529.863
2019-10-21;46,73;47,83;46,69;47,54;589.521
2019-10-22;47,12;48,11;46,47;47,72;651.479
2019-10-23;46,96;48,86;46,96;48,64;674.169
2019-10-24;48,69;49,52;48,69;49,32;433.945
2019-10-25;49,22;50,14;49,22;50,14;510.781
2019-10-28;50,02;50,78;50,02;50,74;433.889
2019-10-29;50,74;50,74;49,70;50,02;500.151
2019-10-30;50,00;50,40;49,39;49,76;392.669
2019-10-31;49,83;49,92;49,14;49,64;582.934
2019-11-01;49,77;50,12;49,67;49,97;300.613
2019-11-04;50,14;50,50;49,98;50,28;396.497
2019-11-05;50,20;51,30;50,06;51,12;453.830
2019-11-06;51,20;51,62;51,00;51,44;442.255
2019-11-07;51,60;52,14;51,46;52,10;463.789
2019-11-08;52,00;52,00;51,14;51,44;372.420
2019-11-11;51,12;51,54;51,10;51,28;332.382
2019-11-12;51,50;51,94;51,34;51,78;358.718
2019-11-13;51,60;51,84;50,88;51,36;413.300
2019-11-14;51,46;51,54;50,86;51,30;474.375
2019-11-15;51,50;51,78;51,24;51,62;323.826
2019-11-18;51,64;51,90;50,88;51,12;527.217
2019-11-19;51,40;51,92;51,18;51,32;418.812
2019-11-20;51,34;51,50;50,68;51,34;384.372
2019-11-21;51,00;51,70;50,88;51,62;460.995
2019-11-22;51,64;52,16;51,10;51,90;503.273
2019-11-25;52,16;52,54;51,60;52,18;305.992
2019-11-26;52,30;52,92;51,94;52,92;786.386
2019-11-27;53,00;53,52;52,68;53,10;516.294
2019-11-28;52,72;52,96;52,38;52,96;272.835
2019-11-29;52,52;53,16;52,44;52,86;413.224
2019-12-02;53,00;53,12;51,70;51,94;463.591
2019-12-03;52,22;53,18;51,98;52,44;642.736
2019-12-04;52,42;53,76;52,24;53,66;590.700
2019-12-05;53,80;54,14;53,48;53,74;476.411
2019-12-06;53,98;54,44;53,66;54,44;416.063
2019-12-09;54,30;54,58;53,74;54,08;408.802
2019-12-10;54,00;54,00;52,76;53,38;577.712
2019-12-11;53,38;53,78;53,06;53,68;567.850
2019-12-12;53,90;54,70;53,68;54,18;518.305
2019-12-13;55,00;55,54;54,56;54,56;609.036
2019-12-16;54,86;55,40;54,76;55,30;486.204
2019-12-17;55,28;55,38;54,66;54,90;572.387
2019-12-18;54,88;55,22;54,54;54,56;372.070
2019-12-19;54,82;54,88;54,14;54,88;454.402
2019-12-20;54,90;55,20;54,72;55,20;688.935
2019-12-23;55,30;55,30;54,92;55,02;172.689
2019-12-24;55,14;55,22;54,62;54,90;84.017
2019-12-27;54,94;55,04;54,46;54,74;301.880
2019-12-30;54,54;54,82;54,10;54,34;240.587
2019-12-31;54,28;54,76;54,12;54,44;111.076
2020-01-02;54,86;55,12;54,42;54,86;300.663
2020-01-03;54,50;54,50;53,88;54,48;306.329
2020-01-06;53,84;54,36;53,20;54,32;386.090
2020-01-07;54,46;55,22;54,46;54,86;369.700
2020-01-08;54,38;55,32;54,22;55,32;291.251
2020-01-09;55,58;56,10;55,56;55,90;401.599
2020-01-10;55,88;55,92;55,06;55,26;387.339
2020-01-13;55,56;55,56;54,88;55,04;237.874
2020-01-14;55,34;55,58;54,40;55,58;324.993
2020-01-15;55,38;55,68;55,08;55,42;281.707
2020-01-16;55,08;55,16;53,92;54,66;565.707
2020-01-17;54,92;55,16;54,62;54,86;370.223
2020-01-20;54,86;55,08;54,52;54,62;181.566
2020-01-21;54,08;54,38;53,78;54,38;287.767
2020-01-22;54,96;54,96;54,34;54,56;236.210
2020-01-23;54,12;54,24;53,42;53,56;377.703
2020-01-24;54,00;54,68;54,00;54,26;250.599
2020-01-27;53,42;53,70;52,84;53,06;388.802
2020-01-28;53,34;53,66;52,90;53,46;431.587
2020-01-29;53,40;54,24;53,28;53,80;349.367
2020-01-30;53,32;53,40;52,52;52,62;371.971
2020-01-31;52,64;53,02;51,84;51,96;497.608
2020-02-03;52,12;52,62;51,70;51,94;350.296
2020-02-04;52,34;53,14;52,10;53,14;534.805
2020-02-05;52,94;53,72;52,66;53,36;581.164
2020-02-06;53,86;54,14;53,38;53,38;432.722
2020-02-07;53,20;53,30;52,34;52,46;553.447
2020-02-10;52,32;52,96;52,30;52,66;356.234
2020-02-11;53,50;53,70;51,48;52,30;1.024.747
2020-02-12;52,00;54,34;51,82;54,34;910.487
2020-02-13;54,32;54,94;53,48;54,94;738.715
2020-02-14;54,92;55,50;54,74;55,18;573.905
2020-02-17;55,10;55,38;54,88;55,38;327.138
2020-02-18;55,00;55,30;53,66;53,96;672.456
2020-02-19;54,48;54,78;54,12;54,56;246.147
2020-02-20;54,60;55,28;54,38;54,82;653.923
2020-02-21;54,50;55,10;54,04;54,16;570.885
2020-02-24;52,60;52,72;50,66;50,82;991.750
2020-02-25;51,20;51,52;50,26;50,36;1.011.122
2020-02-26;50,00;50,46;48,59;49,96;841.323
2020-02-27;49,06;49,06;47,25;48,20;960.762
2020-02-28;47,00;47,00;45,58;46,71;1.311.690
2020-03-02;46,79;47,18;44,09;44,27;1.146.946
2020-03-03;45,36;46,01;44,81;45,06;935.339
2020-03-04;45,27;45,32;43,89;44,28;992.877
2020-03-05;44,33;44,50;42,43;42,46;701.683
2020-03-06;41,50;41,77;40,27;41,43;1.082.177
2020-03-09;38,38;39,93;38,22;38,78;1.742.132
2020-03-10;39,46;40,85;38,11;38,11;1.266.860
2020-03-11;38,76;39,66;37,78;37,98;1.002.228
2020-03-12;35,35;36,00;32,62;32,65;1.858.105
2020-03-13;33,40;34,88;31,68;31,93;1.886.171
2020-03-16;30,00;33,62;27,86;32,00;1.672.478
2020-03-17;33,32;34,11;29,65;33,11;927.139
2020-03-18;32,00;33,40;31,76;32,98;771.112
2020-03-19;32,65;34,41;29,21;31,47;1.165.252
2020-03-20;32,55;33,68;30,16;30,53;878.576
2020-03-23;29,15;29,86;27,71;28,58;1.340.309
2020-03-24;29,63;31,45;29,12;31,45;917.619
2020-03-25;32,50;34,00;30,09;31,52;1.181.995
2020-03-26;30,99;33,83;30,88;33,75;833.238
2020-03-27;33,13;33,38;30,97;31,29;499.833
2020-03-30;31,45;31,54;30,03;31,08;548.864
2020-03-31;31,37;32,42;31,11;32,17;716.090
2020-04-01;31,06;31,38;29,34;29,58;951.037
2020-04-02;29,92;30,49;29,21;30,31;822.089
2020-04-03;30,12;30,28;28,80;28,93;890.137
2020-04-06;30,15;31,75;30,12;31,29;828.885
2020-04-07;32,04;34,80;32,00;33,29;911.927
2020-04-08;33,00;33,12;31,30;33,12;517.340
2020-04-09;33,85;34,70;33,30;34,26;616.125
2020-04-14;34,50;34,94;32,67;32,75;778.802
2020-04-15;32,75;32,82;31,35;31,51;584.702
2020-04-16;32,03;32,70;30,96;31,47;811.643
2020-04-17;32,76;35,29;32,76;34,79;1.056.902
2020-04-20;35,12;35,16;33,43;33,68;472.256
2020-04-21;33,32;34,32;32,92;33,87;627.111
2020-04-22;35,45;36,30;32,82;33,41;1.283.119
2020-04-23;34,07;35,48;33,12;35,17;790.483
2020-04-24;34,36;34,58;33,84;33,92;739.814
2020-04-27;34,55;34,91;33,97;34,63;314.417
2020-04-28;35,01;36,35;34,74;35,99;571.594
2020-04-29;35,84;38,72;35,75;38,60;730.034
2020-04-30;38,92;39,25;36,59;36,63;894.195
2020-05-04;35,43;36,26;34,82;35,80;494.983
2020-05-05;36,41;36,50;35,13;35,50;487.993
2020-05-06;34,99;35,68;34,47;34,72;531.221
2020-05-07;35,18;36,26;35,00;36,19;441.508
2020-05-08;36,60;37,23;36,18;36,36;423.803
2020-05-11;36,58;36,80;35,59;35,79;383.371
2020-05-12;35,53;36,66;35,53;36,06;465.083
2020-05-13;35,47;35,57;34,64;34,64;600.402
2020-05-14;34,30;34,50;32,82;34,11;701.105
2020-05-15;34,22;35,18;34,05;34,36;558.212
2020-05-18;34,96;37,09;34,96;37,05;478.981
2020-05-19;37,31;37,60;36,22;36,57;574.333
2020-05-20;36,82;37,60;35,71;37,40;565.950
2020-05-21;37,00;37,69;36,72;37,20;224.513
2020-05-22;36,65;37,31;36,20;36,71;286.140
2020-05-25;37,28;38,36;36,89;38,29;308.694
2020-05-26;38,57;39,05;38,25;38,42;380.061
2020-05-27;38,38;39,40;38,10;38,67;600.935
2020-05-28;39,20;39,51;38,35;39,22;499.196
2020-05-29;38,88;38,89;37,73;37,73;1.274.878
2020-06-01;38,66;39,31;38,50;39,07;333.141
2020-06-02;39,22;40,47;39,00;40,04;436.683
2020-06-03;40,43;41,97;39,85;41,71;660.214
2020-06-04;41,49;42,31;40,85;42,05;672.062
2020-06-05;42,50;44,06;42,27;43,89;656.399
2020-06-08;43,48;43,99;42,79;42,88;645.019
2020-06-09;42,99;43,00;41,13;41,90;659.809
2020-06-10;41,26;42,37;40,13;40,33;672.776
2020-06-11;39,99;39,99;38,04;38,04;763.769
2020-06-12;37,60;39,44;37,33;38,52;654.817
2020-06-15;37,73;38,73;37,55;38,34;497.893
2020-06-16;39,30;39,76;38,45;39,10;759.063
2020-06-17;39,10;39,67;38,83;39,34;577.164
2020-06-18;38,94;40,00;38,86;39,56;448.623
2020-06-19;39,90;40,04;39,29;39,51;938.960
2020-06-22;39,52;39,78;38,92;39,69;476.408
2020-06-23;40,10;41,08;39,80;39,96;570.873
2020-06-24;39,83;40,28;38,66;38,66;423.090
2020-06-25;38,48;39,26;37,68;39,06;546.222
2020-06-26;39,62;40,88;39,46;40,03;629.280
2020-06-29;40,00;40,73;39,65;40,31;341.262
2020-06-30;40,56;40,92;39,13;39,66;691.751
2020-07-01;39,95;40,22;38,91;39,52;538.647
2020-07-02;39,95;40,91;39,63;40,55;392.317
2020-07-03;40,62;40,82;39,96;40,61;254.772
2020-07-06;41,30;41,72;40,57;41,06;419.503
2020-07-07;40,95;41,50;40,69;41,10;346.985
2020-07-08;40,85;40,90;40,10;40,42;370.560
2020-07-09;40,62;41,24;40,09;40,09;419.640
2020-07-10;39,52;40,87;39,42;40,81;514.939
2020-07-13;41,20;42,10;41,20;41,83;430.722
2020-07-14;41,54;42,01;41,34;41,51;501.260
2020-07-15;41,99;42,64;41,79;42,32;518.128
2020-07-16;41,93;42,36;41,41;42,01;460.868
2020-07-17;41,68;42,06;40,71;40,87;557.825
2020-07-20;40,75;41,86;40,40;41,78;430.912
2020-07-21;43,07;46,15;42,95;45,50;1.526.908
2020-07-22;45,18;46,15;43,98;44,23;613.028
2020-07-23;44,53;44,91;43,90;44,11;462.841
2020-07-24;43,60;43,91;43,14;43,14;378.496
2020-07-27;43,04;43,33;42,50;43,03;316.288
2020-07-28;43,30;43,50;42,57;42,70;296.841
2020-07-29;42,63;42,98;42,06;42,06;402.568
2020-07-30;42,09;42,21;40,49;41,16;447.268
2020-07-31;41,16;41,55;40,63;40,66;396.852
2020-08-03;41,00;41,93;40,45;41,78;346.895
2020-08-04;41,81;42,20;40,80;41,35;332.071
2020-08-05;41,50;42,70;41,50;42,66;339.575
2020-08-06;42,37;42,92;41,64;42,22;323.944
2020-08-07;42,04;42,87;41,90;42,78;243.559
2020-08-10;43,10;43,68;42,89;43,14;311.221
2020-08-11;43,75;45,39;43,66;45,07;456.416
2020-08-12;44,92;45,76;44,80;45,65;426.960
2020-08-13;45,61;45,93;45,03;45,03;327.862
2020-08-14;45,19;45,28;44,23;44,44;264.508
2020-08-17;44,52;45,11;44,39;44,46;277.669
2020-08-18;44,24;44,65;43,90;44,37;247.958
2020-08-19;44,10;44,58;43,65;44,58;207.234
2020-08-20;44,04;44,23;43,79;44,09;391.234
2020-08-21;44,25;44,39;43,35;43,66;501.460
2020-08-24;43,89;44,54;43,82;44,54;468.437
2020-08-25;44,70;45,21;44,69;44,79;375.155
2020-08-26;44,70;45,50;44,55;45,50;305.251
2020-08-27;45,43;45,51;44,63;44,78;314.942
2020-08-28;44,65;44,83;44,00;44,27;206.329
2020-09-01;44,02;44,04;43,27;43,79;334.007
2020-09-02;43,75;44,64;43,39;44,22;288.774
2020-09-03;44,46;45,14;44,20;44,41;449.473
2020-09-04;43,97;45,05;43,48;43,98;370.422
2020-09-07;44,33;44,83;44,00;44,83;200.470
2020-09-08;44,74;45,02;43,57;44,41;341.291
2020-09-09;44,43;45,32;44,27;45,12;406.474
2020-09-10;45,16;45,49;44,95;45,09;268.962
2020-09-11;45,14;45,77;44,78;45,52;341.453
2020-09-14;45,85;46,16;45,70;46,16;243.823
2020-09-15;46,17;46,71;46,08;46,35;344.711
2020-09-16;46,35;46,84;46,10;46,84;383.223
2020-09-17;46,04;46,93;45,78;46,91;274.383
2020-09-18;46,60;46,74;45,85;45,93;698.496
2020-09-21;45,51;45,58;42,84;43,18;593.458
2020-09-22;43,30;43,48;42,34;42,64;549.943
2020-09-23;42,99;43,83;42,89;43,08;439.454
2020-09-24;42,34;43,00;42,23;42,65;347.382
2020-09-25;42,20;42,83;41,91;42,83;348.732
2020-09-28;43,53;44,39;43,44;44,39;318.453
2020-10-01;44,78;45,22;44,36;44,52;340.761
2020-10-02;44,15;44,81;43,84;44,81;242.223
2020-10-05;45,17;45,73;45,06;45,44;261.996
2020-10-06;45,46;46,14;45,43;45,78;219.098
2020-10-07;45,62;46,36;45,55;46,13;257.411
2020-10-08;46,40;46,60;46,02;46,34;222.376
2020-10-09;46,23;46,46;45,69;45,93;324.223
2020-10-12;46,08;46,99;46,01;46,93;259.964
2020-10-13;46,70;47,10;46,01;46,20;348.444
2020-10-14;46,35;46,67;46,07;46,36;325.566
2020-10-15;45,85;45,85;44,21;44,38;490.027
2020-10-16;44,84;45,82;44,65;45,64;444.247
2020-10-19;45,78;48,00;45,78;46,50;208.175
2020-10-20;46,06;47,32;45,61;46,62;689.606
2020-10-21;49,00;50,54;48,84;49,50;1.091.618
2020-10-22;49,50;50,12;48,93;49,18;553.167
2020-10-23;48,98;49,45;48,27;48,63;368.993
2020-11-02;43,20;44,15;42,27;43,90;487.063
2020-11-03;44,03;45,72;44,03;45,38;467.552
2020-11-04;44,36;45,78;44,11;45,68;454.304
2020-11-05;46,00;46,17;45,11;45,96;510.844
2020-11-06;45,67;46,28;45,34;46,02;367.510
2020-11-09;46,60;50,04;46,58;49,56;827.049
2020-11-10;49,53;51,66;49,21;51,28;691.670
2020-11-11;51,40;51,56;49,64;49,86;506.989
2020-11-12;49,30;50,80;49,00;49,96;434.111
2020-11-13;49,42;50,86;49,38;50,20;427.229
2020-11-16;50,76;52,44;50,62;52,08;517.873
2020-11-17;51,82;52,04;50,62;50,92;523.807
2020-11-18;50,64;50,86;50,20;50,86;481.039
2020-11-19;50,30;50,44;49,42;49,56;399.388
2020-11-20;49,59;50,08;49,39;49,52;284.323
2020-11-23;49,75;50,62;49,75;50,24;331.347
2020-11-24;50,52;51,68;50,32;51,58;314.941
2020-11-25;51,62;51,84;50,54;50,84;366.712
2020-11-26;50,58;50,90;49,91;50,26;246.095
2020-11-27;50,70;51,52;50,42;51,42;442.200
2020-11-30;51,72;54,56;51,72;52,00;1.054.094
2020-12-01;52,50;52,62;51,62;52,20;497.615
2020-12-02;51,88;52,38;51,36;52,22;306.531
2020-12-03;52,22;52,48;51,70;52,46;316.612
2020-12-04;52,20;52,92;51,76;52,78;362.862
2020-12-07;52,58;52,70;51,78;52,34;295.194
2020-12-08;52,10;52,58;51,58;51,90;407.224
2020-12-09;52,02;52,54;51,66;52,38;346.472
2020-12-10;52,38;52,50;51,64;51,98;327.610
