2014-01-02;25,99;26,13;25,86;25,92;5.113.528
2014-01-03;26,00;26,20;25,88;26,07;4.298.130
2014-01-06;26,02;26,03;25,79;25,81;4.775.398
2014-01-07;25,81;26,07;25,72;26,03;5.075.511
2014-01-08;26,10;26,10;25,86;25,97;4.301.253
2014-01-09;26,00;26,14;25,92;25,99;5.012.765
2014-01-10;26,08;26,45;26,08;26,35;7.360.457
2014-01-13;26,31;26,34;26,16;26,28;4.000.184
2014-01-14;26,05;26,21;25,95;26,18;4.957.538
2014-01-15;26,18;26,30;26,09;26,24;4.072.125
2014-01-16;26,24;26,47;26,13;26,36;5.540.431
2014-01-17;25,42;26,35;25,18;26,35;21.330.571
2014-01-20;26,17;26,35;26,02;26,34;5.833.611
2014-01-21;26,38;26,39;26,15;26,30;5.275.862
2014-01-22;26,30;26,69;26,26;26,66;7.192.807
2014-01-23;26,66;26,81;26,43;26,48;8.128.951
2014-01-24;26,54;26,66;26,13;26,15;9.004.605
2014-01-27;25,95;26,17;25,85;25,89;7.184.824
2014-01-28;25,92;26,02;25,68;25,79;5.329.722
2014-01-29;25,89;25,96;25,51;25,76;6.446.009
2014-01-30;25,85;26,61;25,82;26,15;12.276.867
2014-01-31;26,07;26,19;25,60;25,61;9.212.343
2014-02-03;25,50;25,75;25,27;25,28;7.782.102
2014-02-04;25,15;25,28;25,01;25,16;7.676.561
2014-02-05;25,09;25,28;25,01;25,18;5.318.049
2014-02-06;25,29;25,38;25,13;25,26;5.901.547
2014-02-07;25,30;25,39;25,15;25,30;5.640.088
2014-02-10;25,37;25,41;25,23;25,33;4.502.953
2014-02-11;25,40;25,80;25,37;25,80;5.575.844
2014-02-12;25,51;25,91;25,51;25,80;6.907.321
2014-02-13;25,84;25,97;25,74;25,90;5.819.024
2014-02-14;25,90;26,08;25,86;25,97;4.582.095
2014-02-17;26,00;26,20;25,91;25,96;3.620.852
2014-02-18;25,93;26,37;25,91;26,31;5.519.384
2014-02-19;26,31;26,55;26,25;26,48;6.209.547
2014-02-20;26,40;26,68;26,35;26,67;5.773.449
2014-02-21;26,73;26,88;26,71;26,84;7.797.592
2014-02-24;26,76;26,89;26,67;26,89;4.113.548
2014-02-25;26,90;26,96;26,57;26,72;5.865.056
2014-02-26;26,69;26,80;26,55;26,70;3.863.285
2014-02-27;26,66;26,77;26,35;26,54;5.445.733
2014-02-28;26,50;26,72;26,35;26,46;4.180.985
2014-03-03;26,15;26,45;26,04;26,19;6.278.503
2014-03-04;26,30;26,63;26,30;26,61;4.946.809
2014-03-05;26,54;26,67;26,48;26,54;4.503.924
2014-03-06;26,54;26,58;26,14;26,24;4.748.159
2014-03-07;26,15;26,36;26,05;26,17;6.646.448
2014-03-10;26,10;26,44;26,01;26,27;4.173.887
2014-03-11;26,32;26,41;26,19;26,33;3.284.306
2014-03-12;26,13;26,22;25,92;26,01;5.579.380
2014-03-13;25,96;26,10;25,75;25,75;6.862.279
2014-03-14;25,65;25,86;25,52;25,64;8.436.187
2014-03-17;25,72;26,07;25,61;25,74;5.543.292
2014-03-18;25,74;26,11;25,60;25,90;4.897.519
2014-03-19;25,90;25,99;25,80;25,91;3.905.092
2014-03-20;25,75;25,86;25,60;25,83;7.185.986
2014-03-21;25,79;26,03;25,71;26,00;10.856.471
2014-03-24;26,00;26,03;25,72;25,82;6.534.701
2014-03-25;25,79;26,14;25,72;26,07;4.602.891
2014-03-26;26,15;26,40;26,05;26,25;4.969.311
2014-03-27;26,25;26,47;26,20;26,43;5.174.355
2014-03-28;26,39;26,63;26,38;26,54;5.129.063
2014-03-31;26,68;26,80;26,49;26,52;4.999.800
2014-04-01;26,50;26,70;26,48;26,61;3.490.109
2014-04-02;26,55;26,64;26,38;26,53;3.079.106
2014-04-03;26,60;26,73;26,52;26,72;3.911.263
2014-04-04;26,76;26,94;26,74;26,85;4.775.415
2014-04-07;26,69;26,86;26,61;26,80;4.213.485
2014-04-08;26,77;26,87;26,67;26,73;6.947.254
2014-04-09;26,70;26,86;26,70;26,76;3.559.154
2014-04-10;26,80;26,88;26,66;26,74;4.091.474
2014-04-11;26,61;26,71;26,36;26,43;6.186.224
2014-04-14;26,37;26,80;26,37;26,80;6.256.896
2014-04-15;26,83;27,12;26,75;27,01;7.965.675
2014-04-16;27,10;27,17;26,89;27,09;5.538.057
2014-04-17;27,04;27,24;26,93;27,24;6.047.228
2014-04-22;27,24;27,44;27,11;27,30;6.041.690
2014-04-23;27,28;27,38;27,21;27,27;3.933.854
2014-04-24;27,40;27,48;27,22;27,39;5.458.387
2014-04-25;27,33;27,40;27,20;27,29;4.547.298
2014-04-28;27,27;27,44;27,21;27,41;5.284.756
2014-04-29;27,40;27,72;27,31;27,71;7.797.615
2014-04-30;28,41;28,99;28,38;28,55;21.437.369
2014-05-02;28,35;28,66;28,31;28,64;9.739.313
2014-05-05;28,53;28,66;28,36;28,60;5.536.710
2014-05-06;28,63;28,67;28,42;28,58;6.012.137
2014-05-07;28,46;28,83;28,46;28,76;6.949.617
2014-05-08;28,78;29,15;28,74;29,05;8.581.210
2014-05-09;29,01;29,09;28,92;29,00;5.478.296
2014-05-12;29,00;29,18;28,91;28,99;5.398.917
2014-05-13;29,05;29,17;28,92;29,12;6.376.292
2014-05-14;28,95;28,95;28,56;28,71;6.088.448
2014-05-15;28,73;28,97;28,67;28,74;7.259.191
2014-05-16;28,77;28,97;28,70;28,81;6.028.958
2014-05-19;28,83;29,00;28,68;28,90;6.656.618
2014-05-20;28,94;28,99;28,67;28,82;4.862.259
2014-05-21;28,78;29,08;28,78;29,04;4.956.261
2014-05-22;29,66;29,70;29,12;29,24;11.011.092
2014-05-23;29,29;29,33;29,06;29,07;3.540.742
2014-05-26;29,12;29,17;29,01;29,03;2.233.328
2014-05-27;29,05;29,10;28,90;28,90;4.037.445
2014-05-28;28,84;29,09;28,78;28,81;4.781.886
2014-05-29;28,74;29,12;28,73;28,99;3.709.008
2014-05-30;28,95;29,07;28,76;28,85;6.536.522
2014-06-02;28,88;29,07;28,87;29,01;4.044.834
2014-06-03;29,00;29,19;29,00;29,15;5.028.973
2014-06-04;29,02;29,08;28,74;28,81;4.653.551
2014-06-05;28,77;29,10;28,61;28,98;6.202.325
2014-06-06;28,91;29,13;28,86;29,05;5.294.589
2014-06-09;29,05;29,30;29,03;29,24;2.624.406
2014-06-10;29,18;29,30;29,04;29,26;3.102.624
2014-06-11;29,25;29,33;29,04;29,23;3.399.772
2014-06-12;29,18;29,57;29,18;29,50;4.612.066
2014-06-13;29,59;29,97;29,55;29,73;7.240.244
2014-06-16;29,70;29,95;29,70;29,75;3.999.426
2014-06-17;29,87;29,90;29,61;29,69;4.577.570
2014-06-18;29,70;30,19;29,70;30,04;5.952.245
2014-06-19;30,15;30,37;30,12;30,19;4.743.880
2014-06-20;30,14;30,46;30,08;30,46;10.107.622
2014-06-23;30,35;30,50;30,26;30,44;5.737.962
2014-06-24;30,50;30,65;30,22;30,39;4.539.308
2014-06-25;30,22;30,23;29,89;29,91;5.690.483
2014-06-26;29,86;30,12;29,82;30,06;3.757.166
2014-06-27;30,07;30,30;30,03;30,17;3.587.142
2014-06-30;30,15;30,35;30,03;30,24;6.074.252
2014-07-01;30,20;30,37;30,09;30,37;3.427.965
2014-07-02;30,31;30,57;30,26;30,54;4.133.294
2014-07-03;30,53;30,68;30,26;30,30;4.846.669
2014-07-04;30,25;30,57;30,21;30,49;2.556.577
2014-07-07;30,47;30,55;30,15;30,21;4.010.938
2014-07-08;30,17;30,37;30,06;30,07;3.773.817
2014-07-09;30,14;30,19;29,89;30,07;4.252.531
2014-07-10;30,03;30,15;29,74;29,81;4.787.492
2014-07-11;29,90;30,14;29,87;30,06;4.200.193
2014-07-14;30,16;30,29;29,99;30,18;3.438.855
2014-07-15;30,12;30,46;30,06;30,22;5.305.066
2014-07-16;30,21;30,67;30,20;30,67;4.928.498
2014-07-17;30,66;30,82;30,52;30,53;4.242.150
2014-07-18;30,51;30,57;30,30;30,44;4.806.319
2014-07-21;30,40;30,41;30,08;30,32;3.922.692
2014-07-22;30,38;30,74;30,38;30,61;3.790.559
2014-07-23;30,47;30,72;30,40;30,67;2.733.062
2014-07-24;30,72;30,76;30,53;30,71;3.557.931
2014-07-25;30,66;30,70;30,44;30,53;3.204.689
2014-07-28;30,52;30,60;30,27;30,44;3.309.611
2014-07-29;30,43;30,63;30,33;30,51;4.001.914
2014-07-30;30,41;30,51;29,99;30,10;6.235.825
2014-07-31;30,70;31,13;30,60;30,80;10.881.339
2014-08-01;30,66;30,89;30,12;30,21;8.091.565
2014-08-04;30,25;30,44;30,13;30,32;6.298.844
2014-08-05;30,45;30,81;30,45;30,68;4.584.976
2014-08-06;30,59;30,62;30,27;30,59;5.357.518
2014-08-07;30,45;30,47;30,21;30,30;5.650.122
2014-08-08;30,10;30,15;29,74;29,79;6.971.052
2014-08-11;29,94;30,15;29,70;30,11;5.100.524
2014-08-12;30,09;30,12;29,76;29,87;4.890.555
2014-08-13;29,69;29,79;29,43;29,57;3.908.939
2014-08-14;29,58;29,80;29,50;29,68;4.244.757
2014-08-15;29,70;29,95;29,60;29,67;5.511.170
2014-08-18;29,80;30,07;29,76;30,04;4.602.612
2014-08-19;30,09;30,39;30,07;30,37;3.900.006
2014-08-20;30,32;30,45;30,06;30,12;4.086.045
2014-08-21;30,13;30,22;30,03;30,09;3.748.252
2014-08-22;30,11;30,16;29,84;30,03;3.303.706
2014-08-25;30,10;30,18;29,93;30,12;2.534.921
2014-08-26;30,12;30,46;30,06;30,43;3.660.427
2014-08-27;30,45;30,57;30,29;30,51;4.163.245
2014-08-28;30,52;30,75;30,47;30,71;4.454.123
2014-08-29;30,75;30,81;30,57;30,74;4.281.933
2014-09-01;30,69;31,02;30,58;31,02;4.100.611
2014-09-02;31,00;31,00;30,63;30,67;3.927.739
2014-09-03;30,68;30,79;30,53;30,67;4.793.877
2014-09-04;30,71;31,12;30,67;30,92;7.414.619
2014-09-05;30,84;30,97;30,64;30,83;4.492.409
2014-09-08;30,83;30,84;30,24;30,40;5.213.065
2014-09-09;30,34;30,42;30,04;30,10;5.438.496
2014-09-10;30,08;30,37;30,04;30,29;4.804.048
2014-09-11;30,39;30,49;30,06;30,16;4.552.640
2014-09-12;30,15;30,26;29,91;29,97;3.890.059
2014-09-15;29,81;29,96;29,62;29,96;4.055.916
2014-09-16;29,95;30,23;29,89;30,22;3.784.223
2014-09-17;30,27;30,40;30,21;30,22;3.951.244
2014-09-18;30,32;30,59;30,18;30,44;4.263.690
2014-09-19;30,68;30,78;30,58;30,58;6.230.428
2014-09-22;30,56;30,73;30,48;30,57;3.577.841
2014-09-23;30,50;30,55;30,18;30,27;4.069.457
2014-09-24;30,25;30,47;30,20;30,35;4.675.898
2014-09-25;30,39;30,40;29,89;30,00;5.031.731
2014-09-26;29,99;30,10;29,78;30,04;5.524.096
2014-09-29;30,06;30,25;29,98;30,21;4.846.037
2014-09-30;30,35;30,49;30,21;30,33;5.692.032
2014-10-01;30,22;30,24;29,83;29,99;5.646.928
2014-10-02;29,96;29,98;29,07;29,08;8.120.499
2014-10-03;29,31;29,53;29,15;29,26;4.743.343
2014-10-06;29,40;29,40;29,07;29,16;5.046.602
2014-10-07;29,11;29,17;28,78;29,03;4.983.046
2014-10-08;28,95;29,09;28,80;28,92;5.503.318
2014-10-09;29,13;29,26;28,43;28,56;8.718.597
2014-10-10;28,23;28,23;27,72;27,84;11.959.324
2014-10-13;27,55;28,03;27,39;27,78;8.562.020
2014-10-14;27,50;27,56;27,19;27,35;8.449.128
2014-10-17;26,35;27,16;26,17;27,12;14.982.550
2014-10-20;27,05;27,06;26,33;26,56;11.326.719
2014-10-21;26,50;27,42;26,41;27,42;10.482.662
2014-10-22;27,60;27,76;27,27;27,73;7.769.756
2014-10-23;27,65;28,07;27,30;28,00;7.263.993
2014-10-24;28,07;28,11;27,68;27,88;6.411.694
2014-10-27;28,02;28,13;27,58;27,71;5.662.162
2014-10-28;27,78;27,98;27,69;27,84;4.105.275
2014-10-29;28,00;28,29;27,78;28,22;6.277.201
2014-10-30;28,60;28,74;27,81;28,28;6.580.811
2014-10-31;28,50;28,65;28,29;28,49;6.319.277
2014-11-03;28,44;28,63;28,07;28,11;5.152.072
2014-11-04;27,95;28,02;27,19;27,27;7.906.920
2014-11-05;27,46;27,73;27,23;27,68;8.116.504
2014-11-06;27,68;28,12;27,53;27,83;6.920.132
2014-11-07;27,98;28,59;27,96;28,48;6.546.435
2014-11-10;28,42;28,73;28,41;28,54;4.434.445
2014-11-11;28,40;28,44;27,99;28,27;5.122.443
2014-11-12;28,27;28,45;28,03;28,17;5.534.742
2014-11-13;27,78;27,86;27,32;27,42;5.144.165
2014-11-14;27,40;27,76;27,15;27,58;3.982.572
2014-11-17;27,45;27,74;27,37;27,71;3.759.020
2014-11-18;27,78;28,13;27,74;27,90;4.678.378
2014-11-19;27,84;27,91;27,69;27,81;3.928.361
2014-11-20;27,95;28,33;27,82;28,21;6.095.873
2014-11-21;28,34;28,99;28,33;28,86;9.907.984
2014-11-24;28,93;29,00;28,48;28,63;5.307.010
2014-11-25;28,59;28,61;28,22;28,34;5.050.651
2014-11-26;28,35;28,63;28,16;28,59;3.995.083
2014-11-27;28,51;28,54;27,33;27,44;9.759.402
2014-11-28;27,20;27,27;26,34;26,85;13.791.823
2014-12-01;26,36;26,93;25,95;26,75;9.122.227
2014-12-02;26,99;27,92;26,71;27,86;11.557.743
2014-12-03;28,00;28,17;27,44;27,80;7.541.075
2014-12-04;27,80;27,88;27,03;27,15;9.351.336
2014-12-05;27,27;27,41;27,10;27,24;5.203.910
2014-12-08;27,17;27,24;26,67;26,67;7.591.288
2014-12-09;26,52;26,69;26,17;26,40;9.545.115
2014-12-10;26,39;26,46;25,76;25,77;8.451.454
2014-12-11;25,70;26,15;25,57;25,97;8.224.761
2014-12-12;25,72;25,75;25,10;25,13;10.985.239
2014-12-15;25,10;25,89;24,52;24,56;11.463.141
2014-12-16;24,73;25,79;24,30;25,75;16.118.943
2014-12-17;25,55;26,68;25,28;26,58;12.808.927
2014-12-18;26,89;27,04;26,33;26,84;12.976.831
2014-12-19;27,14;27,79;26,96;27,76;16.016.877
2014-12-22;28,03;28,57;27,46;27,73;7.704.074
2014-12-23;27,73;28,08;27,60;27,97;6.478.273
2014-12-24;28,00;28,25;27,95;28,01;1.236.756
2014-12-29;28,09;28,29;27,90;28,15;5.176.658
2014-12-30;28,01;28,02;27,45;27,67;5.576.089
2014-12-31;27,68;27,76;27,51;27,66;1.065.351
2015-01-02;27,82;28,09;27,42;27,75;4.236.724
2015-01-05;27,64;27,69;26,58;26,62;10.473.867
2015-01-06;26,59;27,14;26,01;26,52;10.784.261
2015-01-07;26,61;27,24;26,28;26,87;8.271.624
2015-01-08;27,24;27,60;27,00;27,50;7.009.237
2015-01-09;27,50;27,56;26,88;27,08;6.234.087
2015-01-12;27,09;27,12;26,31;26,70;6.338.343
2015-01-13;26,34;26,99;26,13;26,82;6.248.484
2015-01-14;26,55;26,61;25,94;26,00;9.973.523
2015-01-15;26,69;27,25;25,75;27,02;13.413.227
2015-01-16;26,94;27,70;26,81;27,66;10.593.541
2015-01-19;27,70;27,78;27,27;27,70;7.054.441
2015-01-20;27,81;28,25;27,63;27,79;8.539.858
2015-01-21;27,96;28,43;27,93;28,25;8.124.463
2015-01-22;28,33;29,04;28,16;28,65;10.740.408
2015-01-23;28,98;29,15;28,49;29,08;11.357.109
2015-01-26;28,90;29,59;28,61;29,52;10.739.439
2015-01-27;29,44;29,57;28,76;29,33;8.715.859
2015-01-28;29,47;29,52;28,69;28,81;10.474.140
2015-01-29;27,93;28,05;27,28;27,45;16.106.020
2015-01-30;27,56;27,69;26,84;26,93;16.287.810
2015-02-02;27,19;27,75;27,12;27,46;11.638.194
2015-02-03;27,83;28,84;27,77;28,81;14.733.584
2015-02-04;28,93;28,99;28,41;28,82;8.668.549
2015-02-05;28,50;29,28;28,17;29,13;9.636.316
2015-02-06;29,16;29,35;28,93;29,21;7.059.901
2015-02-09;29,04;29,53;28,91;29,40;7.585.247
2015-02-10;29,40;29,46;28,79;29,00;8.241.494
2015-02-11;29,10;29,14;28,70;28,97;5.906.565
2015-02-12;28,65;28,94;28,50;28,55;7.403.978
2015-02-13;28,65;29,09;28,60;29,00;6.021.453
2015-02-16;29,21;29,23;28,71;28,82;4.000.998
2015-02-17;28,74;29,19;28,58;28,97;5.137.557
2015-02-18;29,18;29,30;29,00;29,27;6.043.025
2015-02-19;29,10;29,11;28,58;28,68;7.487.435
2015-02-20;28,75;28,99;28,63;28,86;6.600.832
2015-02-23;29,00;29,04;28,64;28,83;5.401.694
2015-02-24;28,75;29,15;28,66;29,07;6.743.029
2015-02-25;29,07;29,07;28,70;28,96;5.637.556
2015-02-26;28,99;29,08;28,86;28,95;5.210.834
2015-02-27;28,92;29,34;28,85;29,26;6.521.661
2015-03-02;29,18;29,20;28,67;28,76;7.706.968
2015-03-03;28,75;28,85;28,05;28,20;13.245.679
2015-03-04;28,40;28,54;28,08;28,29;5.826.932
2015-03-05;28,45;28,55;28,23;28,28;6.209.710
2015-03-06;28,28;28,39;28,07;28,26;5.460.242
2015-03-09;28,15;28,41;27,92;28,38;5.729.515
2015-03-10;28,28;28,28;27,41;27,41;11.589.575
2015-03-11;27,54;27,76;27,42;27,47;6.847.268
2015-03-12;27,61;28,23;27,59;27,68;8.080.710
2015-03-13;27,72;27,72;26,99;27,06;10.281.314
2015-03-16;27,11;27,38;26,98;27,18;9.319.944
2015-03-17;27,25;27,68;27,25;27,55;9.008.479
2015-03-18;27,61;28,00;27,58;28,00;8.295.865
2015-03-19;28,17;28,39;27,96;28,34;8.514.819
2015-03-20;28,38;28,63;28,26;28,50;19.786.239
2015-03-23;28,58;28,88;28,48;28,69;6.454.785
2015-03-24;28,50;28,74;28,36;28,36;6.945.455
2015-03-25;28,25;28,71;28,15;28,50;5.800.749
2015-03-26;28,55;28,77;28,02;28,22;8.303.187
2015-03-27;28,22;28,24;27,69;27,83;6.573.698
2015-03-30;27,96;28,33;27,72;28,15;5.506.531
2015-03-31;28,24;28,36;27,71;27,84;7.494.047
2015-04-01;27,74;28,26;27,74;28,00;6.526.997
2015-04-02;28,05;28,18;27,60;27,67;6.170.095
2015-04-07;28,10;28,80;28,03;28,70;8.299.968
2015-04-08;28,40;28,63;27,36;27,44;22.928.175
2015-04-09;27,66;27,78;27,26;27,78;15.160.902
2015-04-10;27,99;28,09;27,79;28,08;8.015.702
2015-04-13;28,12;28,46;28,04;28,34;8.470.813
2015-04-14;28,28;28,60;28,23;28,42;9.171.656
2015-04-15;28,53;29,06;28,42;28,94;9.207.847
2015-04-16;29,10;29,45;29,01;29,35;11.494.256
2015-04-17;29,37;29,44;28,91;29,04;9.686.865
2015-04-20;29,10;29,50;29,08;29,44;7.837.527
2015-04-21;29,41;29,50;29,20;29,20;6.770.222
2015-04-22;29,28;29,35;28,88;29,04;8.626.729
2015-04-23;28,98;29,33;28,96;29,14;7.140.076
2015-04-24;29,12;29,25;28,89;28,97;6.748.855
2015-04-27;28,91;29,24;28,60;29,08;6.553.747
2015-04-28;29,17;29,26;28,75;28,88;7.619.198
2015-04-29;28,80;29,06;28,31;28,56;6.951.980
2015-04-30;29,10;29,20;28,29;28,37;10.477.076
2015-05-04;28,40;28,84;28,26;28,71;4.918.416
2015-05-05;28,61;28,93;28,39;28,50;8.405.556
2015-05-06;28,45;28,51;28,08;28,14;9.164.123
2015-05-07;28,05;28,07;27,40;27,72;13.901.194
2015-05-08;27,92;28,58;27,79;28,57;13.940.169
2015-05-11;28,58;28,96;28,54;28,79;8.303.287
2015-05-12;28,70;28,71;28,24;28,46;6.847.487
2015-05-13;28,57;28,74;28,21;28,42;6.581.103
2015-05-14;28,00;28,16;27,76;28,04;5.873.326
2015-05-15;27,99;28,01;27,58;27,59;7.701.562
2015-05-18;27,69;27,84;27,35;27,48;5.512.237
2015-05-19;27,69;27,83;27,50;27,54;6.475.534
2015-05-20;27,64;27,79;27,43;27,67;5.647.633
2015-05-21;27,67;28,15;27,66;28,02;5.991.356
2015-05-22;28,09;28,16;27,76;27,77;4.927.864
2015-05-25;27,80;27,81;27,58;27,63;1.068.306
2015-05-26;27,72;27,80;27,27;27,41;6.568.520
2015-05-27;27,41;27,78;27,41;27,61;6.353.401
2015-05-28;27,59;27,67;27,32;27,41;5.475.779
2015-05-29;27,50;27,59;27,15;27,17;6.486.869
2015-06-01;27,44;27,44;26,80;26,88;7.557.221
2015-06-02;26,99;26,99;26,55;26,77;9.412.885
2015-06-03;26,77;26,85;26,53;26,54;7.898.946
2015-06-04;26,47;26,48;26,00;26,04;8.995.101
2015-06-05;26,00;26,50;25,84;26,18;9.565.729
2015-06-08;26,46;26,46;25,91;26,03;5.452.515
2015-06-09;25,90;25,95;25,61;25,79;9.607.148
2015-06-10;25,83;26,24;25,78;26,14;8.519.044
2015-06-11;26,24;26,49;26,16;26,25;6.554.586
2015-06-12;26,24;26,29;25,70;25,80;7.516.892
2015-06-15;25,71;25,89;25,48;25,75;7.179.241
2015-06-16;25,59;25,84;25,43;25,82;6.722.523
2015-06-17;25,94;26,02;25,68;25,84;10.501.783
2015-06-18;25,79;25,79;25,57;25,78;7.122.177
2015-06-19;25,80;26,14;25,67;25,89;9.567.619
2015-06-22;26,26;26,29;26,04;26,10;9.337.116
2015-06-23;26,33;26,39;26,19;26,24;7.355.442
2015-06-24;26,54;26,82;26,48;26,74;9.663.309
2015-06-25;26,53;27,00;26,53;26,60;7.614.178
2015-06-26;26,50;26,53;26,21;26,34;7.333.406
2015-06-29;25,70;26,05;25,56;25,80;10.938.226
2015-06-30;25,67;25,72;25,37;25,37;12.771.465
2015-07-01;25,68;25,80;25,48;25,54;9.316.971
2015-07-02;25,55;25,84;25,47;25,71;6.402.086
2015-07-03;25,74;25,78;25,36;25,54;4.971.090
2015-07-06;25,25;25,50;25,20;25,34;6.434.627
2015-07-07;25,41;25,41;24,83;24,84;9.613.276
2015-07-08;24,96;25,34;24,75;25,08;7.870.008
2015-07-09;25,12;25,40;25,00;25,23;6.405.758
2015-07-10;25,60;25,64;25,23;25,40;8.614.465
2015-07-13;25,75;25,78;25,45;25,66;6.373.805
2015-07-14;25,61;26,10;25,47;26,08;7.766.269
2015-07-15;26,15;26,27;25,95;26,09;5.562.005
2015-07-16;26,27;26,40;26,03;26,35;5.730.653
2015-07-17;26,38;26,39;26,12;26,22;7.814.557
2015-07-20;26,30;26,45;26,05;26,20;5.289.117
2015-07-21;26,24;26,33;26,09;26,20;5.522.123
2015-07-22;25,94;26,05;25,65;25,73;8.568.900
2015-07-23;25,80;25,89;25,28;25,34;7.256.974
2015-07-24;25,36;25,48;24,88;24,95;8.195.078
2015-07-27;24,85;24,90;24,34;24,46;9.237.237
2015-07-28;24,60;24,84;24,36;24,67;7.678.542
2015-07-29;24,85;25,15;24,61;25,11;6.619.459
2015-07-30;25,81;26,57;25,70;26,35;17.339.613
2015-07-31;26,40;26,48;26,02;26,18;9.817.478
2015-08-03;26,29;26,37;26,02;26,17;6.456.167
2015-08-04;26,09;26,30;25,89;26,18;5.512.047
2015-08-05;26,30;26,90;26,23;26,81;8.971.076
2015-08-06;26,62;26,76;26,41;26,73;7.008.059
2015-08-07;26,75;27,14;26,66;26,77;8.084.833
2015-08-10;26,75;26,84;26,22;26,66;6.924.439
2015-08-11;26,64;26,88;26,43;26,45;8.383.576
2015-08-12;26,45;26,50;26,03;26,32;7.919.932
2015-08-13;26,37;26,57;25,59;25,62;7.431.911
2015-08-14;25,50;25,67;25,29;25,40;4.866.877
2015-08-17;25,60;25,62;25,16;25,37;4.404.746
2015-08-18;25,37;25,40;25,09;25,21;4.977.736
2015-08-19;25,10;25,14;24,54;24,62;7.710.048
2015-08-20;24,52;24,73;24,23;24,50;8.764.290
2015-08-21;24,15;24,37;23,42;23,45;16.394.312
2015-08-24;22,50;22,77;20,92;21,64;30.232.621
2015-08-25;22,21;22,78;21,91;22,39;19.195.087
2015-08-26;22,00;22,55;21,58;21,62;15.994.396
2015-08-27;22,24;22,99;21,95;22,82;12.044.476
2015-08-28;23,12;23,54;22,76;23,39;12.167.316
2015-08-31;23,32;23,32;22,86;23,28;5.756.654
2015-09-01;23,42;23,66;22,37;22,54;14.673.179
2015-09-02;22,47;22,87;21,97;22,44;11.530.116
2015-09-03;22,80;23,23;22,59;23,00;10.089.947
2015-09-04;22,82;22,88;22,04;22,19;9.423.997
2015-09-07;22,41;22,67;22,16;22,19;4.945.385
2015-09-08;22,33;22,82;22,31;22,57;7.316.832
2015-09-09;23,05;23,17;22,75;22,82;8.316.855
2015-09-10;22,48;22,79;22,16;22,35;9.071.679
2015-09-11;22,43;22,46;22,00;22,10;6.305.308
2015-09-14;22,09;22,39;21,82;22,06;5.524.937
2015-09-15;22,09;22,43;21,75;22,32;6.558.471
2015-09-16;22,40;22,96;22,33;22,88;6.793.734
2015-09-17;22,96;23,03;22,61;22,71;7.054.168
2015-09-18;22,52;22,52;21,75;21,86;15.467.219
2015-09-21;21,80;22,18;21,76;22,03;6.860.916
2015-09-22;22,09;22,09;21,28;21,37;11.098.241
2015-09-23;21,42;21,92;21,36;21,48;7.189.202
2015-09-24;21,30;21,32;20,68;20,80;11.325.553
2015-09-25;21,20;21,45;21,08;21,13;7.692.439
2015-09-28;21,20;21,38;20,58;20,58;7.349.327
2015-09-29;20,31;21,12;20,27;20,88;9.796.304
2015-09-30;21,01;21,23;20,97;21,19;10.595.035
2015-10-01;21,46;22,10;21,46;21,61;9.350.505
2015-10-02;21,74;22,35;21,51;21,87;10.672.223
2015-10-05;22,38;22,95;22,26;22,95;11.426.219
2015-10-06;23,00;23,80;22,62;23,67;12.441.109
2015-10-07;24,04;24,74;23,89;24,34;18.484.607
2015-10-08;24,30;24,63;24,07;24,57;8.646.790
2015-10-09;24,87;24,99;24,33;24,46;12.268.204
2015-10-12;24,44;24,65;24,11;24,27;6.286.795
2015-10-13;24,10;24,10;23,47;23,93;7.924.289
2015-10-14;23,71;24,27;23,53;23,97;6.896.488
2015-10-15;24,19;24,40;23,91;24,21;7.370.752
2015-10-16;24,50;24,90;24,46;24,65;9.573.108
2015-10-19;24,65;24,79;24,22;24,29;6.389.889
2015-10-20;24,24;24,26;23,82;24,21;6.352.410
2015-10-21;24,29;24,64;24,03;24,51;6.547.041
2015-10-22;24,31;24,80;24,21;24,75;8.150.728
2015-10-23;24,97;25,11;24,47;24,57;11.784.939
2015-10-26;24,60;24,74;24,24;24,27;6.527.118
2015-10-27;24,21;24,25;23,54;23,81;8.275.201
2015-10-28;23,71;24,37;23,67;24,16;7.526.097
2015-10-29;23,99;24,16;23,62;24,00;8.994.772
2015-10-30;24,00;24,11;23,57;23,83;5.990.522
2015-11-02;23,63;24,10;23,62;24,03;7.407.566
2015-11-03;24,26;24,88;24,17;24,88;11.384.994
2015-11-04;25,04;25,51;24,98;24,98;11.614.033
2015-11-05;25,01;25,01;24,15;24,29;14.225.550
2015-11-06;24,21;24,36;23,99;24,20;7.776.739
2015-11-09;24,16;24,56;24,02;24,04;5.638.613
2015-11-10;24,11;24,23;23,87;24,02;6.671.329
2015-11-11;23,99;24,08;23,61;23,63;7.560.077
2015-11-12;23,10;23,32;22,62;22,62;8.924.653
2015-11-13;22,54;22,85;22,23;22,42;7.540.614
2015-11-16;22,35;23,07;22,35;22,57;6.702.998
2015-11-17;23,10;23,45;23,02;23,32;10.520.309
2015-11-18;23,19;23,76;23,07;23,60;7.087.583
2015-11-19;23,81;24,23;23,73;23,91;10.348.935
2015-11-20;23,85;23,92;23,43;23,50;8.684.325
2015-11-23;23,20;23,74;23,02;23,35;8.316.280
2015-11-24;23,14;23,52;22,98;23,50;8.938.227
2015-11-25;23,60;23,90;23,40;23,63;7.925.805
2015-11-26;23,69;24,07;23,61;24,00;6.762.426
2015-11-27;23,95;23,95;23,64;23,72;5.631.549
2015-11-30;23,57;23,86;23,40;23,60;8.469.434
2015-12-01;23,73;23,80;23,44;23,53;6.428.769
2015-12-02;23,50;24,01;23,43;23,62;8.395.340
2015-12-03;23,60;23,89;22,68;22,69;16.835.395
2015-12-04;22,72;23,19;21,97;22,21;14.927.329
2015-12-07;22,23;22,23;21,22;21,31;13.646.742
2015-12-08;21,22;21,38;20,63;21,15;12.925.319
2015-12-09;21,12;21,83;20,64;21,44;13.674.673
2015-12-10;21,44;21,60;21,13;21,29;8.237.658
2015-12-11;21,12;21,20;20,28;20,36;15.151.781
2015-12-14;20,48;20,53;19,58;19,64;15.433.317
2015-12-15;19,92;20,55;19,89;20,37;12.792.481
2015-12-16;20,50;20,61;20,19;20,27;10.717.272
2015-12-17;20,66;20,68;20,06;20,21;11.613.163
2015-12-18;20,02;20,52;20,01;20,30;14.613.276
2015-12-21;20,27;20,38;19,86;19,86;7.597.083
2015-12-22;20,00;20,36;19,96;20,28;8.812.096
2015-12-23;20,48;21,46;20,46;21,39;10.315.588
2015-12-24;21,50;21,56;21,34;21,48;1.891.550
2015-12-28;21,44;21,45;20,71;20,88;5.168.471
2015-12-29;21,00;21,41;21,00;21,33;6.261.605
2015-12-30;21,33;21,38;21,11;21,19;5.476.870
2015-12-31;21,14;21,14;20,92;21,10;1.680.742
2016-01-04;21,11;21,20;20,39;20,83;11.163.755
2016-01-05;21,36;21,39;20,81;21,04;10.091.558
2016-01-06;21,05;21,06;20,32;20,55;8.784.187
2016-01-07;19,90;19,94;19,12;19,78;18.202.157
2016-01-08;19,75;19,77;18,52;18,52;19.597.367
2016-01-11;18,51;18,86;18,24;18,32;14.012.731
2016-01-12;18,24;18,78;18,07;18,18;12.829.500
2016-01-13;18,50;18,89;18,02;18,18;13.531.273
2016-01-14;18,02;18,90;17,72;18,68;15.984.145
2016-01-15;18,62;18,68;17,75;17,87;16.962.866
2016-01-18;17,80;18,24;17,71;17,75;9.688.573
2016-01-19;18,16;18,39;17,81;17,93;9.583.639
2016-01-20;17,49;17,49;16,62;16,67;21.997.139
2016-01-21;16,71;17,47;16,53;17,43;18.742.030
2016-01-22;18,30;18,77;18,01;18,55;20.026.470
2016-01-25;18,79;18,79;18,15;18,51;13.358.461
2016-01-26;18,09;19,04;17,79;18,97;15.252.646
2016-01-27;18,89;19,35;18,39;19,35;14.800.370
2016-01-28;19,43;20,44;19,35;19,77;22.676.912
2016-01-29;20,19;20,24;19,38;20,00;14.272.655
2016-02-01;20,15;20,22;19,48;19,88;13.209.549
2016-02-02;19,66;19,67;18,78;19,08;15.717.733
2016-02-03;19,04;19,43;18,66;19,12;11.464.328
2016-02-04;19,72;20,30;19,54;20,02;19.942.974
2016-02-05;19,94;20,45;19,85;20,12;14.946.373
2016-02-08;20,27;20,37;19,47;19,79;14.666.525
2016-02-09;19,93;20,13;18,88;18,92;18.761.262
2016-02-10;18,90;19,35;18,70;18,90;14.714.216
2016-02-11;18,70;18,78;18,04;18,52;17.224.188
2016-02-12;18,94;19,76;18,88;19,76;18.840.312
2016-02-15;20,09;20,28;19,75;20,10;12.168.211
2016-02-16;20,50;20,99;19,96;20,21;17.406.767
2016-02-17;20,26;21,16;20,00;21,16;15.937.245
2016-02-18;21,00;21,09;20,57;20,91;6.778.034
2016-02-19;20,50;20,76;20,02;20,22;13.057.418
2016-02-22;20,42;21,05;20,35;20,83;14.428.965
2016-02-23;20,66;20,78;20,21;20,21;14.414.629
2016-02-24;19,99;19,99;19,45;19,64;13.325.531
2016-02-25;19,93;20,58;19,86;20,13;10.838.050
2016-02-26;20,45;21,00;20,37;20,89;12.948.765
2016-02-29;20,70;21,21;20,58;21,15;8.637.338
2016-03-01;21,10;21,35;21,01;21,21;11.193.025
2016-03-02;21,36;21,57;20,85;21,52;11.264.005
2016-03-03;21,60;21,67;21,28;21,58;10.487.036
2016-03-04;21,69;21,80;21,42;21,74;8.140.108
2016-03-07;21,76;21,93;21,19;21,74;8.575.230
2016-03-08;21,76;21,83;21,15;21,43;10.351.608
2016-03-09;21,42;21,98;21,34;21,89;10.463.956
2016-03-10;21,96;22,15;21,04;21,06;15.981.302
2016-03-11;21,58;21,70;21,38;21,55;10.306.121
2016-03-14;21,69;21,87;21,32;21,54;8.127.762
2016-03-15;21,39;21,41;20,99;21,22;9.918.715
2016-03-16;21,33;21,86;21,33;21,75;9.209.512
2016-03-17;21,97;22,25;21,69;22,18;12.697.888
2016-03-18;22,23;22,29;21,84;21,84;14.626.603
2016-03-21;21,70;21,90;21,54;21,80;7.983.382
2016-03-22;21,78;21,80;21,31;21,68;7.747.667
2016-03-23;21,69;21,76;21,34;21,47;7.093.210
2016-03-24;21,26;21,43;20,96;21,33;8.206.533
2016-03-29;21,50;21,64;21,00;21,13;7.552.618
2016-03-30;21,26;22,03;21,26;21,73;12.701.516
2016-03-31;21,54;21,56;21,31;21,34;7.444.900
2016-04-01;21,15;21,15;20,50;20,86;11.231.815
2016-04-04;20,85;21,24;20,69;21,08;7.550.432
2016-04-05;20,75;20,77;20,33;20,53;10.251.085
2016-04-06;20,72;20,95;20,45;20,73;8.728.965
2016-04-07;20,82;20,96;20,69;20,72;6.780.436
2016-04-08;20,93;21,61;20,93;21,56;10.390.830
2016-04-11;21,60;21,84;21,28;21,73;7.121.996
2016-04-12;21,87;22,21;21,71;22,12;11.192.662
2016-04-13;22,38;22,83;22,30;22,83;13.551.085
2016-04-14;22,78;23,01;22,54;22,98;9.700.851
2016-04-15;22,97;23,13;22,78;22,96;12.421.003
2016-04-18;22,28;22,88;22,00;22,87;11.455.182
2016-04-19;22,97;23,24;22,57;22,97;12.219.083
2016-04-20;22,84;23,28;22,70;23,20;8.275.704
2016-04-21;23,32;23,50;23,14;23,42;9.345.441
2016-04-22;23,38;23,46;23,02;23,41;7.772.228
2016-04-25;23,42;23,47;22,79;22,88;11.718.469
2016-04-26;22,97;23,15;22,81;23,02;8.989.038
2016-04-27;22,97;23,59;22,97;23,45;10.909.566
2016-04-28;23,34;23,70;23,22;23,62;8.661.132
2016-04-29;23,37;23,43;22,98;23,00;8.691.626
2016-05-02;22,98;23,16;22,82;22,97;4.045.525
2016-05-03;22,88;22,90;22,26;22,46;11.929.419
2016-05-04;22,62;22,78;21,70;21,84;12.382.847
2016-05-05;21,99;22,38;21,82;22,22;9.984.490
2016-05-06;22,04;22,35;21,64;22,34;9.625.729
2016-05-09;22,38;22,45;21,68;21,77;10.126.571
2016-05-10;21,94;22,13;21,78;22,07;9.839.872
2016-05-11;22,06;22,25;21,71;22,22;7.086.780
2016-05-12;22,11;22,74;21,94;22,18;7.201.718
2016-05-13;22,03;22,19;21,85;22,19;8.494.633
2016-05-16;22,09;22,51;21,98;22,40;5.633.658
2016-05-17;22,63;22,82;22,30;22,60;8.200.727
2016-05-18;22,49;22,68;22,33;22,65;7.964.784
2016-05-19;22,28;22,28;21,62;21,68;13.385.079
2016-05-20;21,97;22,10;21,77;21,96;8.744.382
2016-05-23;21,86;21,90;21,59;21,67;7.447.092
2016-05-24;21,64;22,08;21,57;21,94;9.276.219
2016-05-25;22,10;22,57;22,08;22,45;9.137.992
2016-05-26;22,66;22,79;22,21;22,36;8.371.518
2016-05-27;22,29;22,45;22,11;22,25;6.200.193
2016-05-30;22,36;22,36;22,21;22,32;2.538.675
2016-05-31;22,28;22,36;21,96;21,96;8.519.585
2016-06-01;21,84;21,88;21,49;21,75;9.497.337
2016-06-02;21,77;22,03;21,59;21,76;7.623.470
2016-06-03;21,86;22,17;21,64;21,72;6.860.452
2016-06-06;21,68;22,07;21,68;21,95;8.688.547
2016-06-07;22,10;22,78;22,10;22,76;15.821.184
2016-06-08;22,75;23,36;22,72;23,20;13.619.641
2016-06-09;23,15;23,33;22,77;23,04;8.092.523
2016-06-10;22,91;23,02;22,76;22,84;8.746.252
2016-06-13;22,46;22,76;22,38;22,61;9.846.097
2016-06-14;22,30;22,41;21,84;21,94;12.146.921
2016-06-15;22,09;22,09;21,71;21,89;11.297.318
2016-06-16;21,70;22,11;21,55;22,02;11.208.155
2016-06-17;22,24;22,71;22,20;22,61;15.534.982
2016-06-20;23,05;23,62;23,03;23,42;15.353.722
2016-06-21;23,36;23,88;23,20;23,71;9.670.711
2016-06-22;23,88;24,00;23,60;23,72;10.005.159
2016-06-23;23,85;24,33;23,80;24,23;11.933.806
2016-06-24;21,99;23,95;21,75;23,28;30.983.213
2016-06-27;23,12;23,49;22,84;23,21;16.118.729
2016-06-28;23,50;23,56;23,10;23,40;10.604.895
2016-06-29;23,69;24,51;23,65;24,51;14.318.590
2016-06-30;24,46;24,78;24,22;24,67;12.474.425
2016-07-01;24,73;24,97;24,61;24,88;9.722.603
2016-07-04;24,93;25,15;24,53;24,68;6.261.398
2016-07-05;24,48;24,92;24,29;24,84;10.263.753
2016-07-06;24,61;24,90;24,06;24,39;12.426.975
2016-07-07;24,60;24,84;24,54;24,60;6.893.631
2016-07-08;24,51;24,82;24,06;24,75;11.673.527
2016-07-11;24,87;24,88;24,42;24,79;9.318.757
2016-07-12;24,87;25,25;24,75;25,25;9.128.439
2016-07-13;25,19;25,40;24,85;24,85;9.750.081
2016-07-14;25,10;25,38;25,00;25,07;9.947.394
2016-07-15;24,93;25,03;24,78;25,00;7.779.237
2016-07-18;25,01;25,07;24,75;24,91;5.830.727
2016-07-19;24,92;25,17;24,81;25,10;6.631.082
2016-07-20;25,21;25,21;24,70;25,03;8.932.922
2016-07-21;25,03;25,24;24,77;25,10;6.946.259
2016-07-22;24,96;25,07;24,77;25,02;6.165.872
2016-07-25;24,99;25,12;24,35;24,46;9.127.955
2016-07-26;24,31;24,72;24,07;24,66;8.761.856
2016-07-27;24,65;24,89;24,42;24,49;8.029.241
2016-07-28;23,58;23,86;23,43;23,58;20.970.868
2016-07-29;23,40;23,51;22,81;23,18;15.827.714
2016-08-01;23,20;23,26;22,41;22,44;13.494.317
2016-08-02;22,20;22,31;21,87;22,07;12.476.818
2016-08-03;22,28;22,54;22,23;22,46;2.241.523
2016-08-04;22,28;22,69;22,23;22,47;11.306.044
2016-08-05;22,51;22,72;22,38;22,54;7.308.086
2016-08-08;22,66;22,74;22,43;22,68;8.107.558
2016-08-09;22,68;22,75;22,58;22,62;7.665.244
2016-08-10;22,50;22,52;22,31;22,46;9.796.133
2016-08-11;22,10;22,51;21,72;22,47;9.768.894
2016-08-12;22,65;22,82;22,32;22,37;7.399.301
2016-08-15;22,40;22,69;22,32;22,38;5.565.221
2016-08-16;22,27;22,64;22,17;22,42;7.561.337
2016-08-17;22,50;22,58;22,30;22,37;7.645.770
2016-08-18;22,55;22,58;22,33;22,54;5.325.759
2016-08-19;22,60;22,62;22,31;22,36;7.470.981
2016-08-22;22,30;22,46;22,03;22,16;6.740.763
2016-08-23;22,18;22,27;22,06;22,17;6.138.394
2016-08-24;22,08;22,31;21,94;22,17;7.584.357
2016-08-25;22,13;22,13;21,91;22,03;5.385.938
2016-08-26;22,00;22,43;21,97;22,28;6.047.976
2016-08-29;22,20;22,29;22,08;22,25;2.784.982
2016-08-30;22,22;22,52;22,15;22,38;5.276.968
2016-08-31;22,35;22,43;21,92;22,02;8.327.763
2016-09-01;22,02;22,12;21,63;21,73;8.882.579
2016-09-02;21,76;22,49;21,65;22,35;12.014.744
2016-09-05;22,37;22,92;22,27;22,63;8.881.233
2016-09-06;22,78;22,80;22,23;22,33;7.020.629
2016-09-07;22,34;22,66;22,33;22,58;6.690.671
2016-09-08;22,64;22,77;22,44;22,68;8.673.301
2016-09-09;22,62;22,72;22,20;22,30;7.907.621
2016-09-12;21,90;22,08;21,77;22,08;8.084.424
2016-09-13;22,06;22,16;21,46;21,52;10.086.167
2016-09-14;21,62;21,74;21,27;21,35;8.285.749
2016-09-15;21,31;21,40;21,12;21,38;7.288.797
2016-09-16;21,38;21,47;21,08;21,15;13.990.617
2016-09-19;21,33;21,64;21,33;21,44;8.634.905
2016-09-20;21,30;21,42;21,16;21,26;6.903.072
2016-09-21;21,42;21,46;21,26;21,34;6.233.487
2016-09-22;21,53;21,90;21,52;21,63;11.340.383
2016-09-23;21,57;21,78;21,48;21,55;7.323.669
2016-09-26;21,30;21,34;21,12;21,23;8.559.895
2016-09-27;21,40;21,43;20,81;20,92;8.542.128
2016-09-28;21,02;21,21;20,95;21,00;7.365.675
2016-09-29;22,00;22,31;21,80;22,23;18.188.843
2016-09-30;22,02;22,32;21,89;22,17;11.097.678
2016-10-03;22,26;22,61;22,17;22,36;7.855.767
2016-10-04;22,45;23,05;22,40;22,90;13.435.133
2016-10-05;22,63;23,08;22,53;23,08;9.281.032
2016-10-06;23,10;23,12;22,90;22,95;8.089.943
2016-10-07;22,90;23,18;22,74;22,99;10.274.526
2016-10-10;23,01;23,51;22,93;23,51;9.696.074
2016-10-11;23,40;23,66;23,14;23,20;7.094.471
2016-10-12;23,17;23,42;23,03;23,11;5.905.796
2016-10-13;22,95;22,95;22,67;22,92;8.988.915
2016-10-14;22,90;23,42;22,87;23,10;9.077.558
2016-10-17;23,05;23,05;22,69;22,77;8.090.401
2016-10-18;22,96;23,16;22,96;23,03;6.861.450
2016-10-19;23,02;23,33;22,94;23,28;6.209.198
2016-10-20;23,31;23,36;23,12;23,26;6.101.186
2016-10-21;23,25;23,34;23,19;23,32;7.896.086
2016-10-24;23,40;23,56;23,20;23,24;6.036.057
2016-10-25;23,20;23,44;23,18;23,25;5.846.718
2016-10-26;23,14;23,17;22,71;22,98;7.333.308
2016-10-27;22,89;23,22;22,77;23,22;5.399.578
2016-10-28;23,04;23,15;22,79;23,02;7.889.228
2016-10-31;22,76;22,91;22,56;22,71;8.220.586
2016-11-01;23,52;23,62;23,35;23,38;16.733.330
2016-11-02;23,28;23,43;22,75;22,77;11.682.174
2016-11-03;22,90;23,21;22,87;22,87;9.148.504
2016-11-04;22,81;22,87;22,60;22,72;10.348.035
2016-11-07;23,02;23,16;22,93;23,13;7.958.937
2016-11-08;23,25;23,51;23,14;23,40;7.347.472
2016-11-09;22,73;23,64;22,60;23,61;16.207.011
2016-11-10;23,58;23,81;23,41;23,50;14.584.556
2016-11-11;23,58;23,65;22,53;22,66;14.433.642
2016-11-14;22,85;22,88;22,41;22,45;9.772.543
2016-11-15;22,80;23,20;22,72;23,06;11.755.983
2016-11-16;23,24;23,33;22,93;23,08;9.405.544
2016-11-17;23,09;23,40;22,89;23,33;9.799.097
2016-11-18;23,31;23,44;22,97;23,16;9.511.707
2016-11-21;23,31;23,75;23,27;23,68;13.190.109
2016-11-22;23,83;23,98;23,67;23,75;11.515.320
2016-11-23;23,82;23,94;23,66;23,80;9.003.715
2016-11-24;23,85;23,93;23,77;23,86;3.920.049
2016-11-25;23,77;23,84;23,57;23,65;5.536.903
2016-11-28;23,49;23,50;23,18;23,39;9.447.966
2016-11-29;23,26;23,29;22,81;23,03;9.247.646
2016-11-30;23,02;24,26;23,00;23,98;23.853.778
2016-12-01;24,50;24,71;24,25;24,56;20.053.221
2016-12-02;24,28;24,43;24,11;24,36;11.174.874
2016-12-05;24,23;24,73;24,21;24,39;10.396.757
2016-12-06;24,35;24,49;24,16;24,33;10.261.004
2016-12-07;24,57;24,66;24,40;24,59;10.461.624
2016-12-08;24,52;24,89;24,47;24,73;11.657.841
2016-12-09;24,78;24,99;24,71;24,95;11.633.820
2016-12-12;25,35;25,85;25,29;25,33;16.961.402
2016-12-13;25,28;25,50;25,14;25,43;9.944.225
2016-12-14;25,41;25,62;25,32;25,48;11.245.097
2016-12-15;25,50;25,77;25,19;25,72;14.917.619
2016-12-16;25,78;25,94;25,74;25,94;14.876.940
2016-12-19;25,95;26,16;25,92;25,99;9.467.591
2016-12-20;26,01;26,39;25,97;26,27;8.723.782
2016-12-21;26,15;26,21;25,92;26,02;7.592.146
2016-12-22;25,98;26,02;25,90;26,00;5.900.279
2016-12-23;26,00;26,05;25,83;25,92;4.350.510
2016-12-27;25,90;26,04;25,90;26,04;2.379.052
2016-12-28;26,00;26,34;25,95;26,25;4.328.867
2016-12-29;26,10;26,27;26,05;26,19;4.841.748
2016-12-30;26,14;26,18;25,96;25,99;4.937.956
2017-01-02;25,90;26,22;25,85;26,22;2.357.156
2017-01-03;26,34;26,82;26,33;26,54;8.479.110
2017-01-04;26,70;26,87;26,58;26,67;9.761.080
2017-01-05;26,50;26,65;26,41;26,53;6.671.600
2017-01-06;26,48;26,48;26,26;26,43;5.169.489
2017-01-09;26,39;26,40;25,91;25,97;7.018.369
2017-01-10;25,95;26,09;25,77;25,90;7.233.000
2017-01-11;25,83;26,38;25,75;26,25;8.595.126
2017-01-12;26,16;26,41;26,14;26,17;5.907.514
2017-01-13;26,21;26,29;26,06;26,19;5.067.802
2017-01-16;26,03;26,07;25,91;25,97;3.965.338
2017-01-17;25,91;26,10;25,81;25,92;6.569.713
2017-01-18;25,95;26,06;25,74;25,86;5.390.928
2017-01-19;25,82;25,93;25,34;25,60;9.075.863
2017-01-20;25,66;25,87;25,61;25,70;8.238.186
2017-01-23;25,61;25,77;25,40;25,53;6.385.827
2017-01-24;25,64;25,78;25,54;25,61;5.236.665
2017-01-25;25,84;25,99;25,76;25,87;7.337.884
2017-01-26;26,00;26,00;25,72;25,79;6.526.701
2017-01-27;25,81;25,87;25,59;25,69;6.200.461
2017-01-30;25,58;25,59;25,08;25,19;7.573.328
2017-01-31;25,15;25,45;25,04;25,04;7.264.155
2017-02-01;25,24;25,39;25,05;25,12;7.707.072
2017-02-02;25,46;25,65;25,16;25,19;12.542.829
2017-02-03;25,36;25,59;25,27;25,47;8.342.028
2017-02-06;25,49;25,49;25,22;25,27;6.502.972
2017-02-07;25,24;25,42;25,08;25,13;7.461.774
2017-02-08;25,19;25,19;24,55;24,84;12.035.066
2017-02-09;24,96;25,28;24,87;25,19;9.512.972
2017-02-10;25,30;25,57;25,19;25,47;8.620.936
2017-02-13;25,52;25,73;25,47;25,66;6.613.682
2017-02-14;25,64;25,81;25,58;25,65;5.877.445
2017-02-15;25,85;25,86;25,53;25,56;7.550.157
2017-02-16;25,32;25,34;24,89;24,89;8.860.045
2017-02-17;24,82;24,87;24,50;24,54;11.446.781
2017-02-20;24,70;24,76;24,43;24,43;7.411.796
2017-02-21;24,45;24,99;24,44;24,82;12.283.737
2017-02-22;25,00;25,12;24,62;24,67;7.782.329
2017-02-23;24,63;24,92;24,58;24,75;7.188.897
2017-02-24;24,77;24,77;24,33;24,53;7.553.124
2017-02-27;24,61;24,63;24,40;24,40;5.017.856
2017-02-28;24,45;24,50;24,21;24,38;7.017.845
2017-03-01;24,62;24,87;24,53;24,78;8.416.782
2017-03-02;24,81;24,96;24,68;24,89;7.506.635
2017-03-03;24,84;24,93;24,75;24,87;7.895.429
2017-03-06;24,69;24,82;24,55;24,81;4.993.234
2017-03-07;24,77;24,89;24,72;24,81;5.879.645
2017-03-08;24,77;24,78;24,50;24,54;7.903.559
2017-03-09;24,35;24,38;23,53;24,02;21.036.188
2017-03-10;24,22;24,57;24,13;24,17;13.611.799
2017-03-13;24,18;24,45;24,07;24,38;7.669.937
2017-03-14;24,35;24,47;23,86;23,99;10.993.915
2017-03-15;24,10;24,33;24,10;24,16;8.184.230
2017-03-16;24,40;24,64;24,33;24,44;9.556.324
2017-03-17;24,38;24,75;24,38;24,55;13.445.147
2017-03-20;24,50;24,52;24,34;24,36;6.248.283
2017-03-21;24,43;24,61;24,32;24,44;7.259.771
2017-03-22;24,34;24,46;24,06;24,35;8.252.969
2017-03-23;24,35;24,44;24,20;24,41;5.787.942
2017-03-24;24,34;24,35;24,06;24,16;6.570.339
2017-03-27;24,00;24,10;23,86;24,06;6.189.890
2017-03-28;24,16;24,45;24,07;24,41;6.057.951
2017-03-29;24,45;24,68;24,33;24,68;8.298.443
2017-03-30;24,73;24,86;24,66;24,80;8.428.436
2017-03-31;24,81;24,89;24,59;24,62;7.195.068
2017-04-03;24,77;24,89;24,37;24,37;8.576.018
2017-04-04;24,46;24,63;24,37;24,55;5.730.576
2017-04-05;24,78;25,10;24,75;24,81;11.554.859
2017-04-06;24,73;25,00;24,56;24,90;7.201.732
2017-04-07;25,08;25,17;24,88;25,17;9.633.332
2017-04-10;25,16;25,26;25,00;25,17;5.461.610
2017-04-11;25,13;25,30;25,00;25,19;8.589.588
2017-04-12;25,30;25,40;25,15;25,15;8.232.773
2017-04-13;25,07;25,08;24,77;24,86;7.701.879
2017-04-18;24,75;24,79;24,37;24,51;8.864.424
2017-04-19;24,35;24,40;24,06;24,06;14.429.742
2017-04-20;24,00;24,04;23,81;23,95;12.341.235
2017-04-21;24,00;24,05;23,82;23,92;11.276.805
2017-04-24;24,29;24,33;24,00;24,06;10.616.252
2017-04-25;24,20;24,27;24,07;24,10;7.785.077
2017-04-26;24,08;24,37;24,05;24,28;9.983.983
2017-04-27;24,10;24,14;23,80;23,96;12.744.442
2017-04-28;24,00;24,04;23,80;23,88;8.818.043
2017-05-02;23,89;24,06;23,81;23,91;8.632.633
2017-05-03;23,83;23,95;23,76;23,95;8.718.315
2017-05-04;24,50;24,73;23,83;23,99;18.059.811
2017-05-05;23,83;24,48;23,61;24,48;16.834.633
2017-05-08;24,62;24,96;24,49;24,73;14.686.701
2017-05-09;24,97;25,10;24,90;24,92;9.119.316
2017-05-10;24,93;25,39;24,89;25,23;10.841.284
2017-05-11;25,30;25,50;25,19;25,32;13.832.097
2017-05-12;25,32;25,42;25,14;25,32;7.737.052
2017-05-15;25,48;25,66;25,33;25,40;10.294.335
2017-05-16;25,40;25,47;25,24;25,35;9.079.005
2017-05-17;25,20;25,48;25,10;25,42;10.636.235
2017-05-18;24,99;25,03;24,60;24,70;14.092.947
2017-05-19;24,80;24,91;24,67;24,71;10.053.653
2017-05-22;24,82;24,82;24,52;24,52;8.341.776
2017-05-23;24,53;24,68;24,40;24,55;7.630.754
2017-05-24;24,65;24,68;24,48;24,60;6.725.717
2017-05-25;24,56;24,61;24,24;24,46;8.240.748
2017-05-26;24,30;24,40;24,17;24,29;8.194.650
2017-05-29;24,31;24,39;24,27;24,39;3.213.858
2017-05-30;24,33;24,50;24,27;24,38;6.971.938
2017-05-31;24,34;24,38;24,15;24,15;10.805.305
2017-06-01;24,20;24,37;24,08;24,31;10.543.894
2017-06-02;24,19;24,31;23,82;23,88;12.588.704
2017-06-05;23,99;24,05;23,89;24,00;7.080.083
2017-06-06;24,00;24,08;23,86;23,95;7.517.249
2017-06-07;24,13;24,29;23,79;23,81;9.796.903
2017-06-08;23,88;23,96;23,72;23,77;8.739.184
2017-06-09;23,76;23,98;23,64;23,96;8.574.945
2017-06-12;24,17;24,39;24,05;24,11;9.532.994
2017-06-13;24,33;24,34;24,09;24,21;7.073.023
2017-06-14;24,26;24,38;23,83;23,83;10.898.029
2017-06-15;23,87;23,88;23,55;23,82;13.674.475
2017-06-16;23,93;24,16;23,91;24,16;11.300.927
2017-06-19;24,24;24,46;24,24;24,31;7.597.102
2017-06-20;24,35;24,39;23,64;23,75;14.382.919
2017-06-21;23,67;23,70;23,41;23,50;13.798.403
2017-06-22;23,35;23,52;22,83;23,52;11.970.104
2017-06-23;23,48;23,59;23,29;23,55;8.098.686
2017-06-26;23,69;23,83;23,43;23,52;7.483.279
2017-06-27;23,50;23,77;23,39;23,64;9.094.494
2017-06-28;23,45;23,78;23,33;23,67;11.737.020
2017-06-29;23,70;23,78;23,42;23,46;10.094.055
2017-06-30;23,34;23,44;23,18;23,24;11.657.212
2017-07-03;23,37;23,72;23,31;23,64;7.858.230
2017-07-04;23,59;23,82;23,52;23,67;6.625.714
2017-07-05;23,70;23,72;23,32;23,42;11.903.961
2017-07-06;23,42;23,50;23,18;23,39;9.890.810
2017-07-07;23,24;23,24;23,03;23,16;10.526.259
2017-07-10;23,25;23,30;23,06;23,16;6.629.666
2017-07-11;23,20;23,25;22,99;23,08;7.824.794
2017-07-12;23,18;23,63;23,13;23,48;11.486.032
2017-07-13;23,49;23,53;23,36;23,48;7.221.418
2017-07-14;23,46;23,70;23,40;23,47;8.978.442
2017-07-17;23,58;23,65;23,47;23,51;6.543.709
2017-07-18;23,40;23,46;23,23;23,29;9.760.498
2017-07-19;23,47;23,48;23,27;23,39;6.433.136
2017-07-20;23,46;23,70;23,37;23,44;10.786.817
2017-07-21;23,42;23,68;23,16;23,25;13.126.354
2017-07-24;23,19;23,30;23,03;23,11;11.068.165
2017-07-25;23,17;23,46;23,16;23,38;9.467.475
2017-07-26;23,39;23,61;23,39;23,48;8.814.299
2017-07-27;23,63;23,76;23,38;23,59;11.737.256
2017-07-28;23,65;23,85;23,50;23,70;11.723.749
2017-07-31;23,84;24,06;23,77;23,92;10.978.921
2017-08-01;24,03;24,11;23,88;23,98;11.137.442
2017-08-02;24,01;24,19;23,85;24,14;10.981.125
2017-08-03;24,09;24,23;23,96;24,14;8.814.113
2017-08-04;24,00;24,39;24,00;24,27;8.520.070
2017-08-07;24,33;24,39;24,26;24,32;6.575.617
2017-08-08;24,32;24,56;24,32;24,49;9.882.196
2017-08-09;24,42;24,63;24,40;24,51;11.637.847
2017-08-10;24,17;24,18;23,95;23,96;9.682.006
2017-08-11;23,76;23,78;23,51;23,54;12.312.763
2017-08-14;23,60;23,70;23,39;23,58;7.477.994
2017-08-15;23,55;23,55;23,31;23,37;7.942.364
2017-08-16;23,51;23,60;23,44;23,44;7.814.327
2017-08-17;23,34;23,44;23,27;23,38;7.654.748
2017-08-18;23,30;23,33;23,12;23,20;9.243.669
2017-08-21;23,24;23,28;23,04;23,12;8.476.293
2017-08-22;23,13;23,32;23,13;23,32;10.214.898
2017-08-23;23,25;23,27;23,09;23,27;8.862.208
2017-08-24;23,32;23,41;23,26;23,26;7.767.618
2017-08-25;23,38;23,44;23,25;23,33;5.522.775
2017-08-28;23,28;23,32;23,17;23,21;4.272.745
2017-08-29;23,01;23,06;22,73;22,98;11.648.090
2017-08-30;23,11;23,19;22,98;23,15;6.314.711
2017-08-31;23,24;23,27;23,06;23,15;7.718.098
2017-09-01;23,22;23,32;23,11;23,28;6.498.815
2017-09-04;23,10;23,26;23,09;23,20;5.127.913
2017-09-05;23,25;23,40;23,22;23,40;7.884.729
2017-09-06;23,30;23,54;23,18;23,46;10.843.943
2017-09-07;23,60;23,72;23,47;23,59;9.626.661
2017-09-08;23,59;23,66;23,49;23,54;6.195.981
2017-09-11;23,69;23,73;23,59;23,69;7.688.607
2017-09-12;23,74;23,84;23,66;23,79;6.807.894
2017-09-13;23,74;24,15;23,72;24,01;10.095.003
2017-09-14;24,08;24,36;24,06;24,24;11.505.968
2017-09-15;24,22;24,24;23,95;24,00;13.394.054
2017-09-18;24,13;24,22;23,95;24,02;5.560.937
2017-09-19;23,97;24,22;23,95;24,16;6.575.822
2017-09-20;24,17;24,45;24,15;24,45;8.696.857
2017-09-21;24,59;24,76;24,59;24,68;13.778.997
2017-09-22;24,69;24,88;24,58;24,83;9.121.147
2017-09-25;24,81;25,24;24,81;25,18;13.438.019
2017-09-26;25,25;25,52;25,22;25,43;17.588.912
2017-09-27;25,43;25,49;25,26;25,43;11.651.100
2017-09-28;25,45;25,71;25,40;25,61;11.122.364
2017-09-29;25,63;25,68;25,52;25,57;9.762.437
2017-10-02;25,69;25,79;25,55;25,62;8.118.007
2017-10-03;25,68;25,95;25,59;25,95;10.215.700
2017-10-04;25,87;25,90;25,77;25,84;9.837.113
2017-10-05;25,83;26,00;25,78;26,00;8.513.344
2017-10-06;26,00;26,03;25,67;25,68;9.689.117
2017-10-09;25,68;25,84;25,68;25,77;5.683.416
2017-10-10;25,77;25,87;25,65;25,82;5.836.407
2017-10-11;25,76;25,89;25,65;25,83;7.198.919
2017-10-12;25,79;25,84;25,64;25,66;5.600.678
2017-10-13;25,72;25,90;25,71;25,81;7.402.959
2017-10-16;25,85;25,98;25,82;25,86;5.427.424
2017-10-17;25,85;26,00;25,76;25,76;6.546.505
2017-10-18;25,79;25,91;25,76;25,83;6.072.348
2017-10-19;25,77;25,87;25,61;25,80;8.776.663
2017-10-20;25,84;25,94;25,76;25,94;7.746.524
2017-10-23;25,94;26,12;25,88;26,02;6.706.415
2017-10-24;25,95;26,26;25,92;26,16;8.155.935
2017-10-25;26,12;26,25;25,94;26,01;8.776.893
2017-10-26;25,93;26,09;25,85;26,05;7.762.752
2017-10-27;26,10;26,48;26,05;26,44;12.185.620
2017-10-30;26,40;26,76;26,40;26,70;11.674.458
2017-10-31;26,76;27,00;26,76;26,97;12.571.974
2017-11-01;27,00;27,23;27,00;27,00;10.656.009
2017-11-02;27,22;27,41;26,91;27,32;13.735.764
2017-11-03;27,45;27,63;27,40;27,52;12.067.472
2017-11-06;27,60;27,99;27,57;27,92;10.751.044
2017-11-07;28,09;28,25;27,90;27,90;14.026.088
2017-11-08;27,85;27,98;27,75;27,88;8.526.960
2017-11-09;27,80;28,03;27,61;27,74;11.937.571
2017-11-10;27,62;27,86;27,36;27,44;9.957.082
2017-11-13;27,42;27,60;27,31;27,43;9.195.536
2017-11-14;27,38;27,43;27,08;27,17;9.596.103
2017-11-15;26,94;26,94;26,65;26,82;14.013.368
2017-11-16;26,60;26,62;26,18;26,18;13.100.935
2017-11-17;26,16;26,40;26,01;26,24;11.183.684
2017-11-20;26,19;26,44;26,13;26,34;7.407.451
2017-11-21;26,32;26,58;26,26;26,31;8.329.305
2017-11-22;26,32;26,49;26,28;26,31;9.894.951
2017-11-23;26,25;26,37;26,14;26,32;5.518.717
2017-11-24;26,34;26,36;26,15;26,20;6.112.910
2017-11-27;26,19;26,31;25,93;25,98;8.080.215
2017-11-28;26,31;27,11;26,26;26,86;18.991.093
2017-11-29;27,04;27,11;26,76;26,88;12.161.119
2017-11-30;26,85;27,08;26,73;26,81;14.762.324
2017-12-01;26,96;27,17;26,74;26,86;12.072.535
2017-12-04;27,09;27,13;26,98;27,09;7.623.046
2017-12-05;27,09;27,17;26,98;27,07;6.708.597
2017-12-06;26,94;27,08;26,90;26,94;7.164.309
2017-12-07;26,89;26,95;26,75;26,75;9.038.970
2017-12-08;26,97;27,01;26,82;26,93;8.332.287
2017-12-11;26,90;27,19;26,86;27,11;9.953.004
2017-12-12;27,17;27,64;27,17;27,63;11.656.433
2017-12-13;27,50;27,67;27,39;27,43;9.434.033
2017-12-14;27,47;27,53;27,34;27,40;7.244.220
2017-12-15;27,40;27,68;27,28;27,68;21.067.692
2017-12-18;27,73;27,81;27,49;27,59;9.512.571
2017-12-19;27,52;27,67;27,35;27,39;8.718.865
2017-12-20;27,40;27,46;27,12;27,32;8.431.861
2017-12-21;27,23;27,81;27,22;27,77;8.430.544
2017-12-22;27,78;27,85;27,62;27,82;6.130.133
2017-12-27;27,85;28,05;27,82;27,85;6.279.808
2017-12-28;27,84;27,88;27,73;27,78;3.649.772
2017-12-29;27,78;28,04;27,74;27,79;4.867.683
2018-01-02;27,86;27,98;27,65;27,98;7.362.830
2018-01-03;28,09;28,43;28,04;28,32;11.118.113
2018-01-04;28,50;28,59;28,38;28,55;9.879.138
2018-01-05;28,53;28,64;28,48;28,58;7.033.812
2018-01-08;28,65;28,77;28,60;28,70;5.865.656
2018-01-09;28,79;28,93;28,68;28,86;5.526.292
2018-01-10;28,81;28,97;28,76;28,94;6.452.338
2018-01-11;28,89;29,02;28,72;29,02;8.594.886
2018-01-12;28,95;29,15;28,81;29,13;7.395.640
2018-01-15;29,09;29,09;28,88;28,98;5.959.414
2018-01-16;29,05;29,11;28,72;28,75;7.803.321
2018-01-17;28,63;28,76;28,42;28,59;9.240.492
2018-01-18;28,72;28,78;28,54;28,67;7.742.388
2018-01-19;28,56;28,67;28,43;28,53;9.783.185
2018-01-22;28,61;28,83;28,57;28,82;6.287.218
2018-01-23;28,95;28,98;28,82;28,92;6.964.094
2018-01-24;28,98;29,08;28,81;28,83;7.672.437
2018-01-25;28,82;29,08;28,76;28,78;7.378.448
2018-01-26;28,81;28,98;28,74;28,75;6.381.949
2018-01-29;28,72;28,91;28,64;28,79;7.128.106
2018-01-30;28,60;28,72;28,37;28,38;11.561.383
2018-01-31;28,36;28,49;28,16;28,24;9.796.951
2018-02-01;27,92;28,23;27,42;27,61;16.666.814
2018-02-02;27,70;27,85;27,26;27,33;10.580.060
2018-02-05;27,05;27,09;26,69;26,89;12.027.026
2018-02-06;25,80;26,56;24,20;25,96;27.711.257
2018-02-07;26,50;26,78;26,18;26,63;16.897.848
2018-02-08;26,41;26,57;26,03;26,20;11.636.287
2018-02-09;26,00;26,05;25,46;25,58;14.808.197
2018-02-12;25,92;26,27;25,76;25,97;12.415.276
2018-02-13;26,08;26,16;25,94;25,96;8.049.067
2018-02-14;26,10;26,16;25,61;25,92;12.749.689
2018-02-15;26,09;26,09;25,49;25,69;12.408.223
2018-02-16;25,94;25,95;25,61;25,83;9.415.630
2018-02-19;25,90;25,96;25,74;25,79;4.514.055
2018-02-20;25,85;25,98;25,76;25,83;7.007.678
2018-02-21;25,75;25,87;25,61;25,75;7.971.934
2018-02-22;25,50;25,84;25,39;25,77;8.704.919
2018-02-23;25,85;25,96;25,66;25,84;5.137.296
2018-02-26;25,97;26,10;25,86;26,00;5.657.020
2018-02-27;0,00;0,00;0,00;26,35;0
2018-02-28;26,22;26,53;26,20;26,21;11.021.947
2018-03-01;26,06;26,19;25,80;26,00;9.676.365
2018-03-02;25,81;25,88;25,26;25,37;10.286.327
2018-03-05;25,36;25,71;25,30;25,65;8.446.317
2018-03-06;25,90;26,07;25,76;25,82;7.270.446
2018-03-07;25,65;25,81;25,48;25,65;8.230.811
2018-03-08;25,57;25,69;25,46;25,61;6.698.903
2018-03-09;25,61;25,72;25,44;25,68;7.398.204
2018-03-12;25,84;25,84;25,49;25,64;8.480.202
2018-03-13;25,72;25,82;25,39;25,43;11.020.101
2018-03-14;25,42;25,44;25,10;25,21;14.378.025
2018-03-15;25,25;25,28;25,02;25,05;10.990.740
2018-03-16;0,00;0,00;0,00;25,26;0
2018-03-19;0,00;0,00;0,00;24,96;0
2018-03-20;0,00;0,00;0,00;25,30;0
2018-03-21;0,00;0,00;0,00;25,71;0
2018-03-22;0,00;0,00;0,00;25,50;0
2018-03-23;25,42;25,64;25,15;25,45;10.689.485
2018-03-26;25,53;25,82;25,41;25,55;7.934.124
2018-03-27;25,96;26,25;25,79;26,05;10.378.624
2018-03-28;25,88;25,94;25,62;25,76;10.283.796
2018-03-29;25,77;25,98;25,68;25,79;7.736.963
2018-04-03;25,57;26,04;25,57;25,89;7.783.431
2018-04-04;25,95;26,05;25,71;26,04;9.324.570
2018-04-05;26,29;26,97;26,29;26,96;10.888.357
2018-04-06;26,94;27,16;26,90;26,97;7.315.964
2018-04-09;27,04;27,09;26,91;27,00;7.414.759
2018-04-10;27,20;27,63;27,14;27,59;10.036.389
2018-04-11;27,59;27,83;27,44;27,74;10.169.923
2018-04-12;27,70;27,85;27,52;27,61;8.762.927
2018-04-13;27,64;27,78;27,56;27,73;6.516.478
2018-04-16;27,65;27,72;27,33;27,59;6.959.671
2018-04-17;27,62;27,92;27,59;27,84;7.671.408
2018-04-18;27,94;28,40;27,83;28,39;10.965.741
2018-04-19;28,40;28,88;28,38;28,81;9.607.108
2018-04-20;28,70;28,97;28,53;28,77;10.861.480
2018-04-23;28,70;28,99;28,69;28,99;8.627.390
2018-04-24;29,00;29,35;28,98;29,33;10.716.148
2018-04-25;29,00;29,22;28,83;29,10;12.500.656
2018-04-26;28,42;29,00;27,70;28,94;15.018.688
2018-04-27;28,95;29,04;28,76;28,96;10.355.188
2018-04-30;28,95;29,02;28,76;29,01;7.345.491
2018-05-02;28,69;29,16;28,69;28,91;8.395.834
2018-05-03;28,84;29,10;28,77;28,95;7.802.503
2018-05-04;28,97;29,33;28,95;29,29;7.940.822
2018-05-07;29,20;29,62;29,20;29,59;5.621.192
2018-05-08;29,43;29,54;29,08;29,15;10.612.377
2018-05-09;29,55;30,19;29,53;30,16;17.439.490
2018-05-10;30,05;30,08;29,73;29,91;9.549.536
2018-05-11;29,92;30,17;29,85;30,16;8.524.995
2018-05-14;30,00;30,24;29,93;30,22;8.668.005
2018-05-15;30,20;30,79;30,15;30,62;12.570.648
2018-05-16;30,52;30,83;30,52;30,65;7.755.768
2018-05-17;30,65;31,25;30,65;31,24;10.858.944
2018-05-18;31,12;31,20;30,96;31,09;12.158.941
2018-05-21;31,06;31,38;31,04;31,35;6.465.271
2018-05-22;31,27;31,38;31,09;31,22;7.041.110
2018-05-23;30,90;30,95;30,05;30,21;14.962.288
2018-05-24;30,27;30,44;29,64;29,64;11.665.296
2018-05-25;29,71;29,73;29,01;29,20;12.004.526
2018-05-28;29,14;29,39;29,03;29,10;4.617.658
2018-05-29;29,00;29,49;28,52;29,29;10.778.780
2018-05-30;29,25;29,85;29,25;29,85;8.977.252
2018-05-31;29,86;29,96;29,62;29,69;9.075.261
2018-06-01;29,76;30,02;29,76;29,95;6.602.722
2018-06-04;29,99;30,18;29,77;29,85;5.704.606
2018-06-05;29,62;29,97;29,41;29,63;8.086.405
2018-06-06;29,63;29,81;29,27;29,44;8.419.589
2018-06-07;29,50;29,86;29,35;29,80;8.460.584
2018-06-08;29,64;29,95;29,53;29,69;7.152.428
2018-06-11;29,66;29,93;29,58;29,86;6.041.571
2018-06-12;29,84;29,97;29,47;29,48;7.841.695
2018-06-13;29,30;29,53;29,07;29,13;9.395.888
2018-06-14;29,00;30,01;28,94;29,87;11.367.559
2018-06-15;29,93;29,93;28,88;28,88;14.117.256
2018-06-18;28,70;29,27;28,68;29,21;8.598.018
2018-06-19;28,90;29,21;28,85;29,14;7.059.228
2018-06-20;29,21;29,42;28,88;28,98;6.318.997
2018-06-21;28,96;29,00;28,66;28,82;6.616.769
2018-06-22;28,79;29,87;28,59;29,77;11.610.391
2018-06-25;29,56;29,62;28,76;28,85;7.861.786
2018-06-26;28,80;29,36;28,73;29,19;7.654.710
2018-06-27;29,30;30,07;29,25;29,92;9.890.087
2018-06-28;29,98;30,04;29,55;29,95;7.922.729
2018-06-29;29,95;30,11;29,70;29,77;6.473.176
2018-07-02;29,46;29,56;29,28;29,40;5.950.371
2018-07-03;29,69;29,98;29,37;29,55;6.664.162
2018-07-04;29,64;29,69;29,40;29,49;3.594.535
2018-07-05;29,45;29,99;29,38;29,62;7.152.623
2018-07-06;29,67;29,76;29,22;29,60;5.924.998
2018-07-09;29,75;30,15;29,70;30,04;6.439.106
2018-07-10;30,16;30,69;30,14;30,48;8.008.299
2018-07-11;30,20;30,25;29,74;29,80;8.022.147
2018-07-12;29,70;30,05;29,62;29,79;8.260.030
2018-07-13;29,80;30,00;29,70;29,97;4.458.264
2018-07-16;30,00;30,04;29,22;29,33;5.977.717
2018-07-17;29,33;29,54;29,20;29,44;5.721.926
2018-07-18;29,45;29,70;29,23;29,48;6.413.948
2018-07-19;29,60;29,97;29,56;29,81;8.453.647
2018-07-20;29,76;29,93;29,55;29,76;9.201.506
2018-07-23;29,67;30,00;29,58;29,79;5.656.907
2018-07-24;29,76;30,17;29,57;30,02;6.028.045
2018-07-25;30,04;30,23;29,65;29,96;6.756.436
2018-07-26;29,85;29,89;28,80;29,09;16.166.724
2018-07-27;29,14;29,42;29,03;29,30;7.785.829
2018-07-30;29,15;29,40;29,04;29,19;6.370.490
2018-07-31;29,10;29,60;29,08;29,34;7.562.629
2018-08-01;29,37;29,53;28,84;28,91;10.139.884
2018-08-02;28,73;28,89;28,31;28,48;12.131.018
2018-08-03;28,63;28,68;28,41;28,61;6.022.986
2018-08-06;28,65;28,84;28,46;28,70;5.825.227
2018-08-07;28,77;29,14;28,74;28,98;6.762.128
2018-08-08;28,91;29,16;28,84;28,95;6.051.998
2018-08-09;28,50;28,67;28,45;28,52;6.418.594
2018-08-10;28,43;28,47;28,19;28,34;6.788.140
2018-08-13;28,35;28,55;28,23;28,23;4.805.644
2018-08-14;28,27;28,36;28,04;28,04;5.189.327
2018-08-15;28,04;28,08;27,24;27,49;8.997.043
2018-08-16;27,49;27,79;27,44;27,65;5.133.005
2018-08-17;27,70;27,75;27,40;27,58;5.487.572
2018-08-20;27,72;27,92;27,65;27,79;4.474.680
2018-08-21;27,78;28,05;27,61;27,92;4.478.317
2018-08-22;27,77;28,22;27,69;28,11;4.607.593
2018-08-23;28,06;28,46;28,05;28,13;5.242.493
2018-08-24;28,19;28,48;28,18;28,37;5.276.584
2018-08-27;28,38;28,48;28,23;28,32;2.804.495
2018-08-28;28,39;28,48;28,18;28,20;4.009.951
2018-08-29;28,20;28,27;27,94;28,21;5.147.638
2018-08-30;28,36;28,49;28,12;28,41;5.429.350
2018-08-31;28,30;28,38;27,97;27,99;5.893.097
2018-09-03;28,03;28,31;28,03;28,26;4.911.560
2018-09-04;28,30;28,43;28,15;28,15;5.424.474
2018-09-05;28,03;28,10;27,77;27,82;6.543.679
2018-09-06;27,83;28,00;27,40;27,44;7.073.538
2018-09-07;27,41;27,45;27,00;27,32;6.864.096
2018-09-10;27,32;27,40;27,14;27,23;5.791.193
2018-09-11;27,34;27,59;27,11;27,56;7.021.770
2018-09-12;27,60;27,94;27,60;27,83;7.540.878
2018-09-13;27,74;27,84;27,52;27,62;6.500.433
2018-09-14;27,70;27,85;27,65;27,73;4.639.981
2018-09-17;27,73;28,02;27,68;27,82;5.164.790
2018-09-18;27,81;28,31;27,76;28,23;8.054.597
2018-09-19;28,30;28,42;28,14;28,33;6.307.087
2018-09-20;28,44;28,52;28,19;28,35;6.586.538
2018-09-21;28,41;28,75;28,39;28,62;9.432.682
2018-09-24;28,69;29,16;28,69;28,95;7.512.612
2018-09-25;29,06;29,74;29,05;29,68;11.222.677
2018-09-26;29,73;29,75;29,39;29,53;6.054.919
2018-09-27;29,52;29,84;29,50;29,51;5.940.816
2018-09-28;29,48;29,69;29,12;29,58;8.944.058
2018-10-01;29,65;29,89;29,62;29,82;7.218.789
2018-10-02;29,95;30,02;29,71;29,84;7.572.043
2018-10-03;29,98;30,15;29,85;30,06;7.227.704
2018-10-04;30,10;30,34;29,91;30,07;7.182.377
2018-10-05;30,00;30,13;29,49;29,57;9.643.832
2018-10-08;29,48;29,53;29,09;29,28;8.284.760
2018-10-09;29,45;29,66;29,31;29,62;7.136.282
2018-10-10;29,75;30,01;29,18;29,33;9.817.897
2018-10-11;28,80;28,94;28,26;28,38;13.573.867
2018-10-12;28,52;28,60;28,15;28,20;8.345.490
2018-10-15;28,20;28,58;28,09;28,39;7.734.746
2018-10-16;28,41;28,65;28,12;28,52;7.364.722
2018-10-17;28,60;28,68;28,10;28,37;9.519.011
2018-10-18;28,29;28,65;28,23;28,29;6.402.368
2018-10-19;28,48;28,78;28,35;28,59;9.224.643
2018-10-22;28,74;28,79;28,20;28,28;6.459.734
2018-10-23;28,05;28,14;27,38;27,46;12.339.566
2018-10-24;27,45;27,86;27,19;27,38;8.865.128
2018-10-25;27,00;27,46;26,89;27,26;10.222.618
2018-10-26;27,16;27,17;26,36;27,16;10.485.408
2018-10-29;27,20;27,49;27,20;27,28;4.780.360
2018-10-30;27,36;27,64;26,98;27,30;9.492.520
2018-10-31;27,83;28,30;27,74;28,16;12.132.487
2018-11-01;28,10;28,51;27,44;27,61;13.137.888
2018-11-02;27,89;27,93;27,29;27,37;10.000.859
2018-11-05;27,45;27,95;27,30;27,79;7.814.149
2018-11-06;27,86;27,88;27,59;27,65;6.644.287
2018-11-07;27,75;28,31;27,70;27,85;9.759.785
2018-11-08;28,09;28,12;27,66;27,81;5.987.546
2018-11-09;27,53;27,74;27,41;27,69;8.820.739
2018-11-12;28,01;28,31;27,79;27,79;8.397.974
2018-11-13;27,61;27,78;27,08;27,41;12.234.133
2018-11-14;26,90;27,39;26,75;27,14;13.291.788
2018-11-15;26,88;27,07;26,66;27,07;10.253.919
2018-11-16;27,32;27,49;26,98;27,10;10.599.149
2018-11-19;27,21;27,27;26,83;26,92;6.387.650
2018-11-20;26,79;27,03;26,26;26,52;9.949.814
2018-11-21;26,50;27,03;26,44;27,02;8.958.190
2018-11-22;27,02;27,12;26,78;26,90;5.293.321
2018-11-23;26,82;26,95;25,86;26,00;12.981.537
2018-11-26;26,24;26,86;26,20;26,70;9.864.570
2018-11-27;26,66;26,68;26,26;26,55;10.752.649
2018-11-28;26,76;26,84;26,42;26,54;8.948.093
2018-11-29;26,63;26,81;26,22;26,64;11.999.999
2018-11-30;26,67;26,85;26,49;26,71;8.365.328
2018-12-03;27,70;27,73;27,11;27,12;10.012.578
2018-12-04;27,18;27,33;27,08;27,11;7.401.204
2018-12-05;26,85;26,93;26,57;26,77;6.316.722
2018-12-06;26,50;26,54;25,38;25,55;16.346.533
2018-12-07;25,84;26,68;25,73;26,22;13.497.375
2018-12-10;26,02;26,19;25,43;25,57;10.547.974
2018-12-11;25,78;26,23;25,62;25,87;8.418.995
2018-12-12;25,91;26,31;25,86;26,14;7.098.983
2018-12-13;26,10;26,23;25,69;26,05;8.435.095
2018-12-14;25,86;26,29;25,85;26,07;6.976.168
2018-12-17;26,00;26,13;25,73;25,83;9.343.921
2018-12-18;25,31;25,49;25,10;25,22;13.918.305
2018-12-19;25,08;25,56;25,02;25,45;9.871.557
2018-12-20;25,09;25,31;24,90;25,08;12.070.357
2018-12-21;24,85;25,15;24,73;25,15;20.535.890
2018-12-24;25,22;25,26;25,02;25,04;3.124.594
2018-12-27;25,50;25,54;24,64;24,95;9.251.440
2018-12-28;25,15;25,58;25,12;25,51;7.727.230
2018-12-31;25,74;25,86;25,58;25,66;2.458.190
2019-01-02;25,41;26,11;25,05;25,96;8.391.460
2019-01-03;25,71;26,18;25,54;25,93;12.060.839
2019-01-04;26,24;26,65;26,17;26,42;9.510.992
2019-01-07;26,66;26,67;26,06;26,37;8.518.752
2019-01-08;26,45;26,63;26,33;26,33;7.955.068
2019-01-09;26,49;26,49;26,28;26,30;9.468.321
2019-01-10;26,29;26,54;26,07;26,51;6.388.957
2019-01-11;26,58;26,80;26,25;26,41;8.061.329
2019-01-14;26,22;26,51;26,06;26,33;7.035.736
2019-01-15;26,44;26,63;26,37;26,51;5.763.168
2019-01-16;26,68;26,71;26,22;26,32;6.833.120
2019-01-17;26,25;26,37;26,03;26,19;6.190.893
2019-01-18;26,45;26,97;26,40;26,83;11.756.956
2019-01-21;26,89;26,97;26,78;26,91;4.093.393
2019-01-22;26,57;26,62;26,26;26,36;7.402.569
2019-01-23;26,32;26,37;25,87;25,93;10.016.455
2019-01-24;25,93;26,15;25,68;26,06;8.350.265
2019-01-25;26,15;26,33;25,99;26,01;7.707.056
2019-01-28;25,93;25,94;25,47;25,49;8.917.792
2019-01-29;25,57;25,98;25,51;25,77;9.245.694
2019-01-30;25,79;26,34;25,78;26,05;9.778.312
2019-01-31;26,92;27,17;26,61;27,08;17.550.179
2019-02-01;27,01;27,22;26,88;27,20;10.231.418
2019-02-04;27,30;27,66;27,30;27,58;10.926.319
2019-02-05;27,76;28,00;27,67;27,91;9.836.178
2019-02-06;27,72;28,04;27,72;27,96;8.779.376
2019-02-07;28,04;28,23;27,64;27,66;9.631.504
2019-02-08;27,56;27,71;27,47;27,57;7.758.800
2019-02-11;27,75;28,08;27,54;27,66;6.865.942
2019-02-12;27,92;28,03;27,77;27,80;5.649.103
2019-02-13;28,05;28,06;27,78;27,96;7.333.321
2019-02-14;27,78;27,80;27,45;27,53;7.656.996
2019-02-15;27,48;27,86;27,43;27,64;7.822.001
2019-02-18;27,69;27,74;27,52;27,62;4.159.343
2019-02-19;27,60;27,77;27,49;27,73;4.477.381
2019-02-20;27,85;27,95;27,58;27,91;4.942.202
2019-02-21;27,90;27,93;27,63;27,75;3.876.001
2019-02-22;27,56;27,82;27,49;27,65;3.918.630
2019-02-25;27,73;27,82;27,46;27,51;4.961.056
2019-02-26;27,50;27,76;27,29;27,70;5.464.180
2019-02-27;27,52;27,67;27,43;27,67;6.001.559
2019-02-28;27,51;27,58;27,42;27,43;6.253.007
2019-03-01;27,53;27,58;27,29;27,34;5.364.555
2019-03-04;27,45;27,53;27,36;27,39;4.048.516
2019-03-05;27,45;27,59;27,38;27,56;5.208.845
2019-03-06;27,47;27,67;27,42;27,58;5.131.937
2019-03-07;27,52;27,69;27,42;27,55;6.780.987
2019-03-08;27,39;27,51;26,86;26,98;10.598.552
2019-03-11;27,03;27,29;27,00;27,27;6.100.877
2019-03-12;27,38;27,39;27,07;27,21;6.518.095
2019-03-13;27,13;27,67;27,13;27,63;7.747.930
2019-03-14;27,77;28,09;27,75;27,92;7.690.679
2019-03-15;27,90;28,12;27,84;27,97;19.355.076
2019-03-18;27,96;28,24;27,90;28,24;6.715.272
2019-03-19;28,25;28,55;28,21;28,36;6.181.618
2019-03-20;28,17;28,31;28,06;28,18;7.330.861
2019-03-21;28,18;28,44;28,18;28,21;5.006.048
2019-03-22;28,17;28,22;27,83;27,96;6.758.177
2019-03-25;27,76;27,99;27,74;27,76;6.175.972
2019-03-26;27,88;28,28;27,81;28,00;6.188.622
2019-03-27;28,00;28,08;27,69;27,88;5.857.467
2019-03-28;27,74;27,95;27,64;27,81;4.538.624
2019-03-29;27,95;28,14;27,88;27,98;7.437.094
2019-04-01;28,12;28,34;28,06;28,26;5.504.611
2019-04-02;28,18;28,46;28,18;28,33;4.151.197
2019-04-03;28,48;28,60;28,42;28,52;5.194.593
2019-04-04;28,37;28,48;28,27;28,44;4.573.523
2019-04-05;28,49;28,75;28,46;28,75;6.172.602
2019-04-08;28,77;29,00;28,77;29,00;6.297.907
2019-04-09;29,00;29,19;28,66;28,70;6.969.183
2019-04-10;28,84;28,98;28,70;28,95;5.877.254
2019-04-11;28,96;29,00;28,77;28,85;4.726.011
2019-04-12;28,86;29,05;28,63;28,68;5.831.933
2019-04-15;28,68;28,78;28,53;28,63;5.549.871
2019-04-16;28,61;28,70;28,39;28,55;4.800.873
2019-04-17;28,59;28,77;28,54;28,63;5.308.278
2019-04-18;28,52;28,65;28,47;28,56;6.613.200
2019-04-23;28,89;29,19;28,84;29,07;9.200.326
2019-04-24;29,00;29,06;28,55;28,62;7.497.671
2019-04-25;28,62;28,77;28,36;28,66;6.162.646
2019-04-26;28,56;28,65;28,08;28,26;7.518.811
2019-04-29;28,25;28,30;28,03;28,13;5.115.860
2019-04-30;28,11;28,49;28,10;28,48;7.316.532
2019-05-02;28,75;28,87;28,48;28,60;10.960.453
2019-05-03;28,55;29,11;28,55;28,86;6.689.360
2019-05-06;28,40;28,60;28,31;28,60;5.653.583
2019-05-07;28,53;28,55;27,67;27,76;11.240.389
2019-05-08;27,75;28,19;27,74;28,04;8.720.242
2019-05-09;27,98;28,22;27,85;27,98;7.863.129
2019-05-10;28,09;28,25;27,94;28,12;6.900.240
2019-05-13;28,26;28,55;28,19;28,25;8.439.592
2019-05-14;28,31;28,71;28,24;28,71;6.554.397
2019-05-15;28,75;28,93;28,52;28,91;7.338.535
2019-05-16;28,60;28,90;28,49;28,85;6.787.473
2019-05-17;28,89;29,12;28,79;28,92;7.422.897
2019-05-20;29,00;29,23;28,74;28,92;5.922.464
2019-05-21;29,05;29,13;28,97;29,00;5.077.951
2019-05-22;28,87;29,00;28,74;28,84;5.951.771
2019-05-23;28,45;28,55;27,92;28,06;9.550.807
2019-05-24;28,07;28,32;28,04;28,18;5.922.473
2019-05-27;28,31;28,32;28,17;28,26;1.988.416
2019-05-28;28,30;28,44;28,17;28,17;6.219.168
2019-05-29;27,98;27,98;27,67;27,86;7.865.584
2019-05-30;28,07;28,29;27,87;27,92;3.770.747
2019-05-31;27,78;27,92;27,60;27,86;6.289.055
2019-06-03;27,50;27,98;27,26;27,87;6.736.563
2019-06-04;27,74;27,82;27,39;27,75;10.723.562
2019-06-05;27,81;28,08;27,68;27,82;8.261.957
2019-06-06;27,93;28,21;27,90;28,12;6.477.637
2019-06-07;28,32;28,55;28,27;28,37;6.896.698
2019-06-10;28,56;28,70;28,44;28,49;2.779.465
2019-06-11;28,54;28,76;28,52;28,60;8.113.258
2019-06-12;28,38;28,56;28,26;28,29;6.748.357
2019-06-13;28,24;28,46;28,21;28,24;5.033.533
2019-06-14;28,30;28,35;28,09;28,27;5.015.943
2019-06-17;28,35;28,35;27,92;28,14;4.986.205
2019-06-18;28,10;28,64;28,03;28,53;8.973.393
2019-06-19;28,65;28,77;28,58;28,66;6.164.595
2019-06-20;28,90;29,13;28,78;28,96;9.641.694
2019-06-21;28,93;29,26;28,91;28,98;11.950.847
2019-06-24;28,95;29,13;28,85;28,88;4.795.075
2019-06-25;28,86;29,03;28,78;28,99;4.584.137
2019-06-26;29,10;29,24;29,02;29,12;5.292.583
2019-06-27;29,10;29,17;28,79;28,79;6.077.011
2019-06-28;28,68;28,82;28,61;28,71;5.990.315
2019-07-01;29,03;29,40;29,01;29,01;8.457.144
2019-07-02;29,03;29,26;28,89;28,92;6.183.308
2019-07-03;28,80;28,90;28,65;28,73;7.185.691
2019-07-04;28,73;28,99;28,65;28,84;3.698.532
2019-07-05;28,84;28,94;28,71;28,83;4.325.626
2019-07-08;28,71;28,90;28,71;28,76;4.212.624
2019-07-09;28,79;28,88;28,67;28,80;3.487.657
2019-07-10;28,85;29,05;28,80;28,90;4.576.322
2019-07-11;29,08;29,20;28,92;29,00;4.789.416
2019-07-12;29,06;29,11;28,89;28,90;3.048.793
2019-07-15;28,90;29,00;28,69;28,82;4.097.436
2019-07-16;28,72;28,74;28,56;28,66;5.847.447
2019-07-17;28,45;28,58;28,27;28,28;6.461.001
2019-07-18;28,09;28,30;28,03;28,07;6.326.831
2019-07-19;28,18;28,35;28,13;28,27;5.340.903
2019-07-22;28,37;28,56;28,36;28,45;4.550.305
2019-07-23;28,58;28,86;28,53;28,62;7.337.410
2019-07-24;28,70;28,70;28,39;28,52;5.550.276
2019-07-25;28,51;28,77;28,26;28,39;9.290.444
2019-07-26;28,35;28,59;28,28;28,38;4.660.817
2019-07-29;28,34;28,78;28,27;28,54;6.271.414
2019-07-30;28,58;28,76;28,41;28,50;5.510.497
2019-07-31;28,58;28,72;28,33;28,48;6.647.832
2019-08-01;27,46;27,55;26,82;27,08;22.238.933
2019-08-02;26,67;26,67;26,14;26,28;16.476.045
2019-08-05;26,10;26,12;25,58;25,68;12.334.844
2019-08-06;25,65;25,72;25,33;25,41;11.733.471
2019-08-07;25,60;25,79;25,16;25,29;11.686.336
2019-08-08;25,68;25,80;25,36;25,80;8.965.587
2019-08-09;25,94;25,95;25,48;25,57;9.425.488
2019-08-12;25,58;25,81;25,54;25,57;7.194.713
2019-08-13;25,60;26,04;25,39;25,82;9.095.482
2019-08-14;25,85;25,92;25,18;25,39;9.095.745
2019-08-15;25,10;25,12;24,52;24,83;11.176.046
2019-08-16;24,94;25,05;24,81;24,89;7.350.652
2019-08-19;25,30;25,43;25,10;25,34;6.675.353
2019-08-20;25,32;25,38;24,98;25,11;6.623.493
2019-08-21;25,21;25,48;25,20;25,37;5.574.983
2019-08-22;25,35;25,47;25,11;25,29;5.306.492
2019-08-23;25,31;25,39;25,01;25,03;7.875.090
2019-08-26;24,87;25,15;24,85;25,02;3.689.636
2019-08-27;24,91;25,16;24,88;24,93;4.948.988
2019-08-28;24,90;25,23;24,85;25,16;6.029.551
2019-08-29;25,09;25,46;25,03;25,32;6.130.742
2019-08-30;25,35;25,35;25,13;25,23;7.117.318
2019-09-02;25,25;25,37;25,24;25,28;3.695.703
2019-09-03;25,28;25,30;24,91;25,11;5.879.800
2019-09-04;25,28;25,40;25,09;25,33;5.309.069
2019-09-05;25,44;25,56;25,35;25,51;6.626.486
2019-09-06;25,35;25,48;25,04;25,15;9.258.922
2019-09-09;25,31;25,53;25,31;25,42;5.326.220
2019-09-10;25,51;26,07;25,48;26,02;8.394.210
2019-09-11;25,85;26,09;25,81;25,85;7.957.150
2019-09-12;25,72;25,81;25,37;25,57;9.069.368
2019-09-13;25,55;25,84;25,55;25,68;5.089.861
2019-09-16;26,54;26,65;26,30;26,33;13.517.438
2019-09-17;26,36;26,73;26,05;26,35;11.227.064
2019-09-18;26,22;26,52;26,20;26,38;7.727.297
2019-09-19;26,34;26,67;26,19;26,46;8.304.974
2019-09-20;26,48;26,69;26,40;26,63;10.216.206
2019-09-23;26,63;26,77;26,40;26,62;6.688.983
2019-09-24;26,68;26,70;26,31;26,41;5.813.497
2019-09-25;26,22;26,46;26,16;26,40;5.563.068
2019-09-26;26,43;26,80;26,40;26,69;7.947.974
2019-09-27;26,80;27,14;26,76;27,07;8.425.818
2019-09-30;27,00;27,19;26,78;26,90;7.178.957
2019-10-01;27,01;27,12;26,72;26,78;6.774.120
2019-10-02;26,62;26,66;25,89;25,90;9.434.420
2019-10-03;25,76;25,96;25,54;25,82;6.991.749
2019-10-04;25,94;26,11;25,84;25,99;6.284.924
2019-10-07;25,98;26,29;25,86;26,22;4.821.384
2019-10-08;26,16;26,21;25,89;25,89;4.811.261
2019-10-09;25,85;25,95;25,69;25,82;5.993.834
2019-10-10;25,69;26,07;25,68;25,97;5.760.790
2019-10-11;26,25;26,42;26,11;26,29;7.741.201
2019-10-14;26,23;26,36;26,02;26,16;4.644.534
2019-10-15;26,34;26,35;26,10;26,18;5.724.811
2019-10-16;26,17;26,27;26,03;26,09;6.076.529
2019-10-17;25,93;26,26;25,91;26,13;7.062.911
2019-10-18;26,21;26,26;25,91;25,92;7.277.025
2019-10-21;25,90;26,13;25,80;26,09;4.784.707
2019-10-22;26,17;26,60;26,05;26,49;6.205.244
2019-10-23;26,52;26,78;26,48;26,68;6.784.381
2019-10-24;26,71;27,01;26,66;26,84;5.667.290
2019-10-25;26,78;26,95;26,71;26,90;3.994.564
2019-10-28;26,96;27,16;26,93;27,00;5.592.434
2019-10-29;27,00;27,08;26,79;27,02;6.992.033
2019-10-30;26,98;27,05;26,82;26,94;4.745.519
2019-10-31;26,82;26,91;25,99;26,04;20.154.003
2019-11-01;26,05;26,30;26,03;26,26;10.261.566
2019-11-04;26,32;26,87;26,32;26,76;10.817.365
2019-11-05;26,85;27,19;26,81;27,09;8.771.832
2019-11-06;27,08;27,31;27,03;27,21;6.539.566
2019-11-07;27,11;27,34;27,10;27,24;5.064.667
2019-11-08;27,20;27,32;27,14;27,22;5.179.261
2019-11-11;27,20;27,27;26,95;27,20;7.454.276
2019-11-12;27,30;27,48;27,20;27,36;4.764.812
2019-11-13;27,26;27,37;27,08;27,31;5.883.253
2019-11-14;27,00;27,15;26,89;26,89;5.375.493
2019-11-15;26,95;27,04;26,75;26,98;4.920.205
2019-11-18;27,00;27,08;26,79;26,86;4.619.973
2019-11-19;26,85;27,10;26,69;26,75;5.592.162
2019-11-20;26,51;26,61;26,19;26,55;8.318.870
2019-11-21;26,30;26,54;26,14;26,40;7.588.244
2019-11-22;26,60;26,83;26,53;26,54;7.701.840
2019-11-25;26,63;26,81;26,63;26,67;6.030.718
2019-11-26;26,66;26,75;26,29;26,36;7.085.787
2019-11-27;26,41;26,49;26,25;26,26;5.354.864
2019-11-28;26,27;26,36;26,22;26,28;4.787.124
2019-11-29;26,23;26,31;26,00;26,00;6.208.530
2019-12-02;26,08;26,34;25,80;25,87;8.736.579
2019-12-03;25,83;25,89;25,30;25,41;10.824.456
2019-12-04;25,37;25,71;25,37;25,63;7.253.569
2019-12-05;25,75;25,81;25,50;25,51;5.199.855
2019-12-06;25,53;26,03;25,53;25,96;6.751.883
2019-12-09;25,97;26,03;25,89;25,95;4.104.126
2019-12-10;25,85;26,03;25,72;25,91;4.264.219
2019-12-11;25,94;26,11;25,83;25,86;6.080.512
2019-12-12;25,87;26,07;25,74;25,95;6.294.494
2019-12-13;26,00;26,23;25,89;25,91;13.794.513
2019-12-16;25,92;26,27;25,92;26,10;7.497.625
2019-12-17;26,11;26,43;26,03;26,30;11.967.063
2019-12-18;26,25;26,48;26,17;26,38;10.489.051
2019-12-19;26,34;26,60;26,34;26,54;8.425.029
2019-12-20;26,40;26,45;26,20;26,30;10.649.389
2019-12-23;26,20;26,40;26,15;26,38;3.963.601
2019-12-24;26,44;26,70;26,44;26,50;2.409.280
2019-12-27;26,60;26,79;26,50;26,55;6.721.904
2019-12-30;26,46;26,51;26,30;26,30;3.996.408
2019-12-31;26,13;26,46;26,11;26,17;3.023.351
2020-01-02;26,38;26,69;26,33;26,55;6.006.940
2020-01-03;26,75;26,98;26,66;26,93;8.818.074
2020-01-06;27,15;27,39;27,15;27,15;8.674.073
2020-01-07;27,25;27,27;26,92;26,98;5.868.298
2020-01-08;27,16;27,17;26,76;26,83;6.493.618
2020-01-09;26,84;26,90;26,60;26,64;6.076.837
2020-01-10;26,87;26,87;26,60;26,62;5.626.736
2020-01-13;26,62;26,63;26,35;26,49;5.520.182
2020-01-14;26,50;26,58;26,35;26,45;5.492.430
2020-01-15;26,49;26,56;26,29;26,43;6.675.259
2020-01-16;26,45;26,73;26,40;26,49;6.167.060
2020-01-17;26,50;26,55;26,41;26,41;6.299.732
2020-01-20;26,48;26,51;26,21;26,35;4.510.486
2020-01-21;26,24;26,24;25,90;26,00;9.227.974
2020-01-22;26,03;26,12;25,91;25,94;7.208.727
2020-01-23;25,87;25,97;25,67;25,81;7.547.990
2020-01-24;26,00;26,21;25,88;25,91;8.884.918
2020-01-27;25,65;25,76;25,38;25,44;10.735.162
2020-01-28;25,51;25,54;25,26;25,42;12.810.567
2020-01-29;25,41;25,48;25,21;25,26;10.246.073
2020-01-30;24,50;24,85;24,03;24,23;25.664.236
2020-01-31;24,39;24,39;23,63;23,75;16.817.112
2020-02-03;23,61;23,67;23,11;23,15;16.574.402
2020-02-04;23,48;23,67;23,27;23,61;14.546.885
2020-02-05;23,55;24,18;23,45;24,00;16.725.717
2020-02-06;24,30;24,32;23,73;23,79;13.580.851
2020-02-07;23,75;23,81;23,48;23,68;10.426.206
2020-02-10;23,69;23,69;23,44;23,48;8.927.816
2020-02-11;23,65;23,83;23,53;23,64;11.498.820
2020-02-12;23,85;24,17;23,80;24,01;11.098.529
2020-02-13;23,71;23,75;23,27;23,53;11.112.217
2020-02-14;23,55;23,62;23,23;23,28;8.207.178
2020-02-17;23,38;23,56;23,32;23,39;5.742.710
2020-02-18;23,30;23,36;23,08;23,21;7.623.706
2020-02-19;23,40;23,43;23,18;23,30;7.359.681
2020-02-20;23,35;23,36;23,13;23,18;8.737.452
2020-02-21;22,90;22,99;22,51;22,74;15.046.837
2020-02-24;22,14;22,23;21,65;21,86;18.438.113
2020-02-25;22,00;22,04;21,41;21,47;14.458.400
2020-02-26;21,22;21,45;21,05;21,31;16.853.846
2020-02-27;20,96;20,97;20,14;20,48;23.172.846
2020-02-28;19,71;19,93;19,21;19,41;39.361.906
2020-03-02;20,40;20,40;19,27;19,81;26.653.290
2020-03-03;20,28;20,58;19,81;19,93;24.212.895
2020-03-04;19,99;20,50;19,75;20,13;15.283.247
2020-03-05;20,22;20,26;19,62;19,67;14.055.905
2020-03-06;19,43;19,52;18,51;18,51;26.232.834
2020-03-09;14,73;16,33;14,31;15,27;69.773.344
2020-03-10;16,12;17,41;15,39;15,80;57.369.875
2020-03-11;16,25;16,37;15,31;15,43;38.403.819
2020-03-12;14,86;14,96;12,97;12,97;48.810.956
2020-03-13;13,84;14,62;12,49;12,80;60.691.280
2020-03-16;12,50;12,51;11,58;11,74;39.793.295
2020-03-17;12,22;12,31;10,95;12,03;39.489.611
2020-03-18;11,45;11,53;10,56;10,68;39.239.548
2020-03-19;10,31;11,75;10,30;11,29;41.084.466
2020-03-20;12,30;12,60;11,72;11,85;57.574.176
2020-03-23;11,50;12,50;11,31;12,23;43.585.916
2020-03-24;13,10;14,98;13,04;14,98;51.459.606
2020-03-25;15,55;16,33;14,68;16,08;55.724.148
2020-03-26;15,28;15,96;14,98;15,79;42.430.051
2020-03-27;15,30;15,42;14,27;14,58;38.992.087
2020-03-30;14,19;15,23;13,94;15,15;36.937.265
2020-03-31;15,47;16,30;15,39;16,30;39.688.596
2020-04-01;15,57;16,90;15,53;16,36;43.154.540
2020-04-02;16,95;18,57;16,90;17,83;58.113.611
2020-04-03;17,63;17,79;16,67;16,90;26.559.811
2020-04-06;17,30;17,59;16,77;17,02;22.484.513
2020-04-07;17,60;17,86;17,14;17,57;24.149.909
2020-04-08;17,07;17,50;16,93;17,25;15.819.659
2020-04-09;17,69;17,98;17,24;17,44;28.938.963
2020-04-14;17,73;17,77;16,69;16,90;21.134.461
2020-04-15;16,73;16,73;15,50;15,65;24.461.503
2020-04-16;15,93;15,97;14,92;15,11;22.990.658
2020-04-17;15,61;15,98;15,42;15,93;21.272.840
2020-04-20;15,93;16,22;15,45;15,80;17.094.753
2020-04-21;15,19;15,31;14,77;15,05;29.593.708
2020-04-22;15,25;16,10;14,86;15,98;21.645.724
2020-04-23;16,16;16,68;16,09;16,52;18.375.975
2020-04-24;16,34;16,54;15,93;15,98;12.776.590
2020-04-27;16,20;16,35;15,83;16,25;10.026.364
2020-04-28;16,38;16,76;16,06;16,67;15.559.874
2020-04-29;16,72;17,37;16,65;17,28;15.614.273
2020-04-30;16,78;16,96;15,08;15,48;44.122.748
2020-05-04;14,90;15,06;14,15;14,64;33.911.303
2020-05-05;15,28;16,02;15,12;15,59;24.530.797
2020-05-06;15,50;15,51;14,88;14,92;19.147.283
2020-05-07;15,10;15,51;14,99;15,30;12.572.874
2020-05-08;15,35;15,51;15,11;15,47;8.073.193
2020-05-11;15,58;15,58;15,05;15,24;13.489.425
2020-05-12;15,12;15,35;14,99;15,08;12.657.290
2020-05-13;14,99;14,99;14,37;14,47;17.009.320
2020-05-14;14,20;14,29;13,44;13,80;29.813.243
2020-05-15;14,15;14,30;13,75;14,00;23.045.701
2020-05-18;14,37;15,12;14,36;15,12;20.717.377
2020-05-19;15,31;15,38;14,72;14,89;18.911.188
2020-05-20;14,76;15,23;14,53;15,21;12.009.308
2020-05-21;15,12;15,22;14,71;14,78;11.465.058
2020-05-22;14,53;14,93;14,25;14,68;12.920.260
2020-05-25;14,83;15,09;14,64;15,00;7.673.432
2020-05-26;15,21;15,40;14,85;14,91;14.468.244
2020-05-27;15,04;15,27;14,70;14,98;17.856.088
2020-05-28;15,00;15,18;14,86;14,90;14.170.901
2020-05-29;14,75;14,81;14,15;14,18;23.391.204
2020-06-01;14,58;14,70;14,38;14,68;11.787.104
2020-06-02;14,87;15,24;14,83;15,19;18.512.461
2020-06-03;15,41;15,93;15,41;15,82;26.078.384
2020-06-04;15,80;15,94;15,47;15,65;16.866.136
2020-06-05;15,91;16,87;15,85;16,82;27.034.718
2020-06-08;17,08;17,64;16,86;17,13;29.224.840
2020-06-09;17,30;17,35;16,25;16,35;21.109.521
2020-06-10;16,43;16,64;15,91;16,07;15.853.252
2020-06-11;15,49;15,53;14,96;14,96;24.834.704
2020-06-12;14,80;15,52;14,61;15,22;19.598.302
2020-06-15;14,82;15,14;14,66;15,08;16.734.693
2020-06-16;15,50;15,94;15,31;15,62;18.814.884
2020-06-17;15,60;15,81;15,31;15,45;14.611.900
2020-06-18;15,29;15,48;15,06;15,31;14.518.403
2020-06-19;15,45;15,66;15,36;15,42;17.473.571
2020-06-22;15,26;15,37;15,05;15,22;9.308.119
2020-06-23;15,32;15,82;15,22;15,60;10.689.212
2020-06-24;15,51;15,74;14,81;14,81;12.996.063
2020-06-25;14,75;15,07;14,54;14,92;13.085.890
2020-06-26;15,08;15,19;14,69;14,73;9.701.040
2020-06-29;14,68;14,93;14,51;14,86;11.148.870
2020-06-30;14,85;15,00;14,23;14,40;16.652.906
2020-07-01;14,60;14,82;14,20;14,67;15.950.085
2020-07-02;14,73;14,89;14,55;14,77;11.457.551
2020-07-03;14,76;14,79;14,45;14,62;7.099.836
2020-07-06;14,92;15,16;14,76;14,81;12.716.105
2020-07-07;14,77;14,84;14,61;14,65;8.260.971
2020-07-08;14,51;14,68;14,35;14,42;11.123.340
2020-07-09;14,55;14,58;13,92;13,94;10.921.379
2020-07-10;13,74;14,20;13,54;14,13;12.684.846
2020-07-13;14,37;14,50;14,18;14,41;9.998.509
2020-07-14;14,33;14,67;14,25;14,63;12.537.971
2020-07-15;14,80;14,95;14,63;14,85;11.079.445
2020-07-16;14,75;14,92;14,60;14,78;7.838.520
2020-07-17;14,63;14,71;14,49;14,51;7.213.045
2020-07-20;14,34;14,46;14,16;14,28;9.666.048
2020-07-21;14,35;14,73;14,29;14,73;11.681.352
2020-07-22;14,60;14,71;14,06;14,06;14.255.154
2020-07-23;14,12;14,33;13,93;13,97;9.963.085
2020-07-24;13,90;14,06;13,81;13,86;9.149.348
2020-07-27;13,82;13,97;13,68;13,68;9.208.981
2020-07-28;13,78;13,97;13,73;13,76;7.615.739
2020-07-29;13,74;13,88;13,59;13,71;7.613.667
2020-07-30;13,82;13,97;12,82;13,01;19.210.091
2020-07-31;13,10;13,28;12,66;12,69;14.210.747
2020-08-03;12,85;12,91;12,49;12,89;13.453.164
2020-08-04;13,03;13,33;13,00;13,31;12.245.292
2020-08-05;13,45;13,62;13,32;13,44;9.763.975
2020-08-06;13,30;13,41;13,05;13,21;7.773.162
2020-08-07;13,15;13,20;12,96;12,99;7.805.640
2020-08-10;13,16;13,39;13,10;13,28;8.287.909
2020-08-11;13,48;13,96;13,43;13,77;13.312.591
2020-08-12;13,72;14,10;13,69;14,01;11.481.462
2020-08-13;13,83;13,88;13,46;13,49;8.088.654
2020-08-14;13,48;13,48;13,04;13,17;9.853.198
2020-08-17;13,19;13,30;13,02;13,02;7.006.709
2020-08-18;13,00;13,17;12,85;12,93;8.154.048
2020-08-19;12,87;13,00;12,75;13,00;7.221.941
2020-08-20;12,80;12,89;12,66;12,68;8.412.731
2020-08-21;12,75;12,78;12,49;12,59;8.631.881
2020-08-24;12,67;13,08;12,67;13,07;9.645.541
2020-08-25;13,06;13,24;12,68;12,72;11.386.228
2020-08-26;12,60;12,83;12,54;12,70;8.516.885
2020-08-27;12,71;12,80;12,56;12,62;8.932.162
2020-08-28;12,74;12,76;12,55;12,61;9.666.988
2020-09-01;12,55;12,57;12,09;12,35;15.370.134
2020-09-02;12,36;12,55;12,25;12,26;11.238.148
2020-09-03;12,29;12,52;12,27;12,32;13.278.072
2020-09-04;12,23;12,53;12,14;12,26;14.257.842
2020-09-07;12,27;12,50;12,17;12,47;9.231.672
2020-09-08;12,50;12,61;11,83;11,95;18.417.800
2020-09-09;11,95;12,34;11,91;12,15;15.976.130
2020-09-10;12,15;12,18;11,94;12,00;11.408.947
2020-09-11;11,92;12,04;11,77;11,89;10.803.174
2020-09-14;12,04;12,09;11,68;11,73;11.013.569
2020-09-15;11,75;11,99;11,71;11,90;10.909.743
2020-09-16;11,84;11,97;11,70;11,92;11.873.764
2020-09-17;11,81;11,89;11,63;11,69;13.115.922
2020-09-18;11,65;11,68;11,41;11,45;21.061.946
2020-09-21;11,36;11,36;10,94;11,09;19.370.417
2020-09-22;11,17;11,59;11,07;11,39;14.330.562
2020-09-23;11,43;11,66;11,28;11,39;14.558.084
2020-09-24;11,19;11,54;11,12;11,22;13.096.780
2020-09-25;11,43;11,52;11,05;11,13;12.854.621
2020-09-28;11,25;11,37;11,14;11,22;14.751.120
2020-10-01;10,85;10,90;10,35;10,35;23.330.050
2020-10-02;10,20;10,46;10,10;10,46;20.457.737
2020-10-05;10,68;10,83;10,53;10,70;16.897.539
2020-10-06;10,82;11,18;10,71;10,98;16.485.218
2020-10-07;10,88;10,96;10,71;10,81;12.035.323
2020-10-08;10,95;11,22;10,79;11,13;15.033.118
2020-10-09;11,25;11,54;11,18;11,35;16.200.953
2020-10-12;11,32;11,34;11,11;11,13;12.014.877
2020-10-13;11,16;11,23;10,93;11,00;9.196.882
2020-10-14;10,99;11,15;10,91;11,12;11.216.837
2020-10-15;10,92;10,92;10,54;10,71;18.971.372
2020-10-16;10,81;10,93;10,63;10,90;13.009.048
2020-10-19;10,87;11,01;10,70;10,86;6.611.029
2020-10-20;10,72;10,85;10,61;10,72;12.385.546
2020-10-21;10,82;10,82;10,52;10,53;10.323.081
2020-10-22;10,50;10,67;10,35;10,64;12.102.091
2020-10-23;10,73;11,03;10,70;10,87;13.188.346
2020-11-02;10,95;11,44;10,77;11,41;19.488.848
2020-11-03;11,74;11,74;11,51;11,58;19.678.809
2020-11-04;11,33;11,64;11,20;11,59;16.826.650
2020-11-05;11,68;11,69;11,34;11,34;12.805.766
2020-11-06;11,33;11,49;11,21;11,34;12.055.729
2020-11-09;11,54;13,04;11,38;12,79;43.667.863
2020-11-10;12,93;13,54;12,73;13,37;35.990.323
2020-11-11;13,60;13,77;13,24;13,51;24.634.368
2020-11-12;13,20;13,34;13,03;13,24;18.704.090
2020-11-13;12,96;13,25;12,89;13,15;15.195.793
2020-11-16;13,32;14,03;13,23;13,99;28.929.088
2020-11-17;13,95;14,16;13,70;14,13;16.853.454
2020-11-18;14,13;14,41;13,99;14,26;16.614.888
2020-11-19;13,92;14,00;13,76;13,82;15.559.231
2020-11-20;13,89;14,17;13,86;14,10;14.926.529
2020-11-23;14,32;14,81;14,32;14,75;22.671.434
2020-11-24;15,03;15,62;15,02;15,61;28.612.583
2020-11-25;15,70;15,89;15,07;15,29;21.409.689
2020-11-26;15,25;15,28;15,05;15,14;10.068.075
2020-11-27;15,08;15,24;14,86;15,12;12.194.162
2020-11-30;15,00;15,01;14,39;14,39;19.676.282
2020-12-01;14,20;14,90;14,09;14,73;13.052.738
2020-12-02;14,57;15,16;14,51;15,13;14.270.020
2020-12-03;15,17;15,27;14,91;15,26;12.298.830
2020-12-04;15,40;15,80;15,34;15,78;20.744.921
2020-12-07;15,75;15,77;15,42;15,59;11.652.256
