2014-01-02;29,30;29,50;28,85;28,90;8.512
2014-01-03;29,06;29,14;28,91;29,11;25.758
2014-01-06;29,01;29,09;28,82;28,88;20.379
2014-01-07;29,16;29,16;28,91;29,14;8.774
2014-01-08;29,10;29,10;28,58;28,74;19.210
2014-01-09;28,80;28,80;28,21;28,29;11.227
2014-01-10;28,24;28,47;28,24;28,46;10.558
2014-01-13;28,57;28,58;28,16;28,42;20.262
2014-01-14;28,45;28,72;28,20;28,57;13.955
2014-01-15;28,51;28,51;28,12;28,27;24.034
2014-01-16;28,37;28,70;28,37;28,66;8.581
2014-01-17;28,70;28,85;28,49;28,66;12.176
2014-01-20;28,72;28,76;28,58;28,70;7.977
2014-01-21;29,60;30,20;29,45;29,50;81.202
2014-01-22;29,60;30,01;29,60;29,90;19.545
2014-01-23;29,96;29,99;29,56;29,70;10.772
2014-01-24;30,03;30,03;28,91;28,91;34.115
2014-01-27;29,03;29,26;28,76;28,77;11.577
2014-01-28;28,71;28,71;28,38;28,38;15.163
2014-01-29;28,62;28,74;27,88;28,12;23.941
2014-01-30;27,99;28,11;27,45;28,11;36.825
2014-01-31;27,97;27,97;27,24;27,70;16.526
2014-02-03;27,80;28,12;27,55;27,55;11.644
2014-02-04;27,33;27,68;27,33;27,48;18.324
2014-02-05;27,47;27,47;26,96;27,17;22.327
2014-02-06;28,73;28,73;27,21;27,50;19.164
2014-02-07;27,50;27,71;27,35;27,70;12.580
2014-02-10;27,98;27,98;27,70;27,72;10.712
2014-02-11;27,94;28,00;27,76;28,00;12.937
2014-02-12;27,93;28,10;27,90;27,90;25.679
2014-02-13;27,72;27,99;27,68;27,71;37.268
2014-02-14;27,80;28,17;27,66;28,17;15.663
2014-02-17;28,00;28,24;27,79;28,09;25.907
2014-02-18;28,12;28,25;28,00;28,21;4.831
2014-02-19;28,29;28,49;28,29;28,31;3.750
2014-02-20;28,11;28,49;28,05;28,37;29.033
2014-02-21;28,50;28,62;28,49;28,52;9.149
2014-02-24;28,73;28,78;28,50;28,78;19.143
2014-02-25;28,72;28,94;28,64;28,94;18.719
2014-02-26;29,00;29,00;28,72;28,93;20.608
2014-02-27;29,10;29,10;28,47;28,47;7.088
2014-02-28;28,68;28,92;28,63;28,63;4.927
2014-03-03;28,59;28,59;27,96;27,96;36.595
2014-03-04;28,35;28,84;28,35;28,83;16.223
2014-03-05;28,67;28,71;28,56;28,71;11.950
2014-03-06;28,65;28,68;28,42;28,55;11.369
2014-03-07;28,81;28,81;28,30;28,37;17.832
2014-03-10;28,23;28,46;28,10;28,11;7.186
2014-03-11;28,13;28,14;27,84;27,89;10.287
2014-03-12;28,09;28,09;27,50;27,69;18.490
2014-03-13;27,87;27,87;27,53;27,53;5.531
2014-03-14;27,50;27,83;27,50;27,70;14.545
2014-03-17;27,92;27,92;27,55;27,66;13.663
2014-03-18;27,56;28,01;27,50;27,96;23.133
2014-03-19;27,47;27,95;27,47;27,81;12.006
2014-03-20;27,47;27,76;27,47;27,76;4.295
2014-03-21;27,86;28,17;27,86;28,05;6.631
2014-03-24;27,76;28,35;27,76;28,29;7.762
2014-03-25;28,30;28,76;28,30;28,76;6.685
2014-03-26;28,74;29,20;28,74;28,96;15.501
2014-03-27;28,71;29,46;28,71;29,40;31.859
2014-03-28;29,50;29,96;29,45;29,90;36.581
2014-03-31;29,95;30,09;29,85;29,85;99.490
2014-04-01;29,83;29,83;29,50;29,71;78.748
2014-04-02;29,70;29,84;29,53;29,77;14.603
2014-04-03;29,51;29,78;29,51;29,75;9.501
2014-04-04;29,69;29,90;29,69;29,90;2.211
2014-04-07;29,83;29,83;29,68;29,81;22.664
2014-04-08;29,81;30,58;29,81;30,48;23.960
2014-04-09;30,48;30,73;30,48;30,62;20.248
2014-04-10;30,57;30,70;30,41;30,58;9.769
2014-04-11;30,50;30,63;30,33;30,44;23.544
2014-04-14;30,28;31,06;30,28;30,89;27.317
2014-04-15;30,70;30,95;30,55;30,55;24.778
2014-04-16;30,84;30,84;30,47;30,65;14.666
2014-04-17;31,34;31,34;30,10;30,53;13.267
2014-04-22;30,77;30,85;30,62;30,62;17.540
2014-04-23;30,89;30,89;30,57;30,72;4.927
2014-04-24;30,75;30,80;29,89;30,09;13.834
2014-04-25;30,00;30,19;29,95;30,03;5.387
2014-04-28;30,18;30,53;30,18;30,41;3.822
2014-04-29;30,55;30,90;30,55;30,90;1.256
2014-04-30;30,61;31,00;30,52;30,52;11.471
2014-05-02;31,49;31,49;30,32;30,60;8.552
2014-05-05;30,42;30,57;30,10;30,57;3.285
2014-05-06;30,45;30,51;30,32;30,33;8.626
2014-05-07;30,17;30,43;30,09;30,28;46.140
2014-05-08;30,35;30,76;30,35;30,76;8.118
2014-05-09;30,71;31,12;30,71;30,95;21.408
2014-05-12;30,90;31,40;30,90;31,40;13.756
2014-05-13;31,29;31,48;31,25;31,45;7.695
2014-05-14;31,41;31,52;31,29;31,52;6.189
2014-05-15;31,50;31,99;31,48;31,99;28.864
2014-05-16;31,64;32,37;31,59;32,00;32.651
2014-05-19;32,15;32,31;31,97;32,24;14.880
2014-05-20;32,16;32,16;31,71;31,94;8.313
2014-05-21;31,65;32,00;31,65;32,00;10.478
2014-05-22;32,00;32,04;31,70;31,80;9.372
2014-05-23;31,64;31,74;31,55;31,74;9.646
2014-05-26;31,78;31,94;31,71;31,90;19.150
2014-05-27;31,87;31,87;31,58;31,69;6.001
2014-05-28;31,70;31,70;31,35;31,65;14.771
2014-05-29;31,70;31,71;31,67;31,71;1.846
2014-05-30;31,88;31,99;31,75;31,99;2.546
2014-06-02;31,95;31,95;31,76;31,95;13.639
2014-06-03;31,67;32,00;31,67;32,00;4.466
2014-06-04;31,80;32,13;31,80;32,10;16.981
2014-06-05;31,85;32,33;31,78;32,21;31.816
2014-06-06;31,77;31,77;31,51;31,60;13.845
2014-06-09;32,34;32,34;31,51;31,82;2.227
2014-06-10;31,81;32,28;31,70;32,28;12.953
2014-06-11;32,20;32,35;32,06;32,29;11.160
2014-06-12;32,27;32,64;32,18;32,18;20.566
2014-06-13;32,28;32,41;32,18;32,26;8.219
2014-06-16;32,20;32,37;32,04;32,37;9.575
2014-06-17;32,25;32,50;32,02;32,02;4.598
2014-06-18;32,30;32,50;32,21;32,50;7.430
2014-06-19;32,50;32,53;32,22;32,22;5.947
2014-06-20;32,00;32,60;32,00;32,30;3.324
2014-06-23;32,54;32,65;32,43;32,56;3.541
2014-06-24;32,77;32,77;32,49;32,61;22.560
2014-06-25;32,58;32,58;32,12;32,15;6.329
2014-06-26;32,05;32,20;31,90;31,93;5.164
2014-06-27;32,03;32,13;31,81;32,09;5.922
2014-06-30;32,12;32,12;31,69;32,06;5.444
2014-07-01;31,48;32,02;31,01;32,00;5.724
2014-07-02;32,12;32,21;32,00;32,03;4.107
2014-07-03;32,06;32,49;32,06;32,49;16.382
2014-07-04;32,05;32,40;32,05;32,37;5.278
2014-07-07;32,26;32,34;32,04;32,34;9.574
2014-07-08;32,00;32,12;31,02;31,02;24.634
2014-07-09;31,90;31,91;31,04;31,04;7.173
2014-07-10;31,67;31,67;31,17;31,17;18.576
2014-07-11;31,65;31,67;31,20;31,67;11.828
2014-07-14;31,25;31,63;31,25;31,58;2.695
2014-07-15;31,69;31,86;31,38;31,38;9.927
2014-07-16;31,74;31,75;31,52;31,63;3.059
2014-07-17;31,71;32,00;31,52;31,52;10.472
2014-07-18;31,40;31,54;31,37;31,41;10.861
2014-07-21;31,50;31,65;31,23;31,65;10.011
2014-07-22;31,69;32,42;31,02;32,42;30.421
2014-07-23;32,49;32,60;32,33;32,33;5.771
2014-07-24;31,72;32,42;31,60;31,87;5.325
2014-07-25;31,65;31,77;31,37;31,49;13.317
2014-07-28;31,40;32,34;31,40;32,34;9.824
2014-07-29;32,16;32,16;31,63;31,88;14.558
2014-07-30;31,81;31,88;31,43;31,43;8.198
2014-07-31;31,33;31,39;30,75;31,39;12.095
2014-08-01;30,79;31,16;30,40;31,16;31.031
2014-08-04;31,20;31,20;30,20;30,20;13.077
2014-08-05;30,20;30,74;30,20;30,47;2.421
2014-08-06;32,00;32,00;29,99;30,35;3.996
2014-08-07;30,30;30,62;30,30;30,44;2.145
2014-08-08;30,12;30,20;29,89;30,20;20.895
2014-08-11;30,20;31,78;30,10;31,78;3.880
2014-08-12;30,96;30,96;30,24;30,24;2.413
2014-08-13;30,46;30,53;30,34;30,48;5.685
2014-08-14;30,26;30,67;30,25;30,54;14.403
2014-08-15;30,60;30,87;30,56;30,72;4.560
2014-08-18;30,81;30,81;30,74;30,78;4.034
2014-08-19;30,96;31,10;30,86;31,10;5.834
2014-08-20;31,20;31,20;30,87;31,05;3.635
2014-08-21;31,20;31,26;31,05;31,26;4.229
2014-08-22;31,20;31,20;30,91;31,15;2.579
2014-08-25;31,22;31,62;31,12;31,62;14.168
2014-08-26;31,41;31,68;30,94;31,68;8.195
2014-08-27;31,61;31,63;31,31;31,63;14.975
2014-08-28;31,42;31,56;31,42;31,56;4.301
2014-08-29;31,31;31,69;31,31;31,69;4.776
2014-09-01;31,70;31,98;31,63;31,98;4.200
2014-09-02;31,99;31,99;31,76;31,89;5.790
2014-09-03;31,89;32,17;31,89;32,02;20.917
2014-09-04;32,00;32,76;32,00;32,50;46.855
2014-09-05;32,51;32,55;32,36;32,55;14.122
2014-09-08;32,37;32,46;32,09;32,46;12.975
2014-09-09;32,00;32,14;31,88;32,14;27.375
2014-09-10;32,00;32,02;31,78;32,02;3.967
2014-09-11;32,02;32,08;31,66;32,03;10.612
2014-09-12;32,00;32,05;31,90;32,01;7.205
2014-09-15;31,84;32,07;31,83;31,86;3.823
2014-09-16;31,90;31,92;31,74;31,77;6.202
2014-09-17;31,62;31,99;31,13;31,25;13.536
2014-09-18;31,26;31,41;31,00;31,41;5.923
2014-09-19;31,46;31,62;31,36;31,56;28.126
2014-09-22;31,45;31,49;31,34;31,44;2.717
2014-09-23;31,40;31,40;31,02;31,04;5.127
2014-09-24;30,92;31,14;30,89;31,14;6.062
2014-09-25;31,25;31,30;30,80;30,80;4.087
2014-09-26;30,83;31,18;30,69;31,09;3.580
2014-09-29;31,07;31,21;30,83;30,98;10.172
2014-09-30;31,22;31,61;31,10;31,56;17.933
2014-10-01;31,39;31,44;31,03;31,03;9.016
2014-10-02;30,97;31,00;30,50;30,50;4.064
2014-10-03;30,98;30,98;30,63;30,79;10.992
2014-10-06;31,08;31,08;30,81;30,86;13.097
2014-10-07;30,70;30,70;30,50;30,50;1.823
2014-10-08;30,50;30,60;30,40;30,55;4.416
2014-10-09;30,83;30,90;30,61;30,67;3.712
2014-10-10;30,70;30,86;30,22;30,22;17.184
2014-10-13;30,55;30,55;30,07;30,21;18.629
2014-10-14;30,01;30,29;29,39;29,50;12.929
2014-10-17;28,95;29,60;28,81;29,57;8.837
2014-10-20;30,50;30,50;29,36;30,50;12.275
2014-10-21;30,50;30,50;29,21;30,22;20.607
2014-10-22;30,37;30,55;30,01;30,55;7.530
2014-10-23;29,70;29,70;29,19;29,49;12.327
2014-10-24;29,32;29,32;29,05;29,28;5.206
2014-10-27;29,65;29,65;29,40;29,61;13.604
2014-10-28;29,65;29,95;29,65;29,84;9.335
2014-10-29;30,09;30,20;29,87;30,20;13.688
2014-10-30;30,30;30,30;29,80;30,16;9.987
2014-10-31;30,55;31,08;30,55;31,08;9.975
2014-11-03;30,92;30,92;30,55;30,66;7.790
2014-11-04;30,66;30,74;30,40;30,40;12.594
2014-11-05;30,85;31,21;30,83;31,21;8.011
2014-11-06;30,87;31,15;30,74;31,15;13.074
2014-11-07;31,10;31,20;30,68;30,97;7.728
2014-11-10;31,00;31,33;30,93;31,33;5.026
2014-11-11;31,42;31,58;31,39;31,52;6.821
2014-11-12;31,31;31,31;31,08;31,08;8.406
2014-11-13;31,48;31,59;31,30;31,52;7.788
2014-11-14;31,35;31,66;31,26;31,66;6.000
2014-11-17;31,40;31,61;31,09;31,61;3.359
2014-11-18;31,55;31,76;31,48;31,65;7.812
2014-11-19;31,50;31,68;31,47;31,68;7.580
2014-11-20;30,30;31,73;30,30;31,70;5.602
2014-11-21;31,50;32,49;31,50;32,49;18.179
2014-11-24;32,36;32,43;32,19;32,28;4.150
2014-11-25;32,19;32,30;31,90;31,91;2.980
2014-11-26;31,78;32,12;31,78;32,12;6.206
2014-11-27;32,06;32,49;31,98;32,49;14.136
2014-11-28;32,40;32,90;32,40;32,90;17.701
2014-12-01;32,65;32,80;32,56;32,73;6.242
2014-12-02;32,70;33,10;32,70;32,90;5.382
2014-12-03;31,52;33,10;30,00;33,01;19.407
2014-12-04;32,97;34,00;32,61;32,61;30.609
2014-12-05;33,00;33,50;33,00;33,47;22.152
2014-12-08;33,34;33,40;33,19;33,36;7.765
2014-12-09;33,03;33,19;32,54;32,54;5.406
2014-12-10;32,82;32,88;32,45;32,45;6.370
2014-12-11;32,70;32,77;32,50;32,50;13.020
2014-12-12;32,45;32,58;31,70;31,78;3.907
2014-12-15;31,70;31,78;30,81;30,81;8.037
2014-12-16;32,74;32,74;30,34;30,97;10.566
2014-12-17;31,03;31,18;30,78;30,90;7.211
2014-12-18;31,65;32,13;31,39;31,56;4.995
2014-12-19;32,50;32,57;31,73;31,99;16.228
2014-12-22;31,71;32,52;31,71;32,16;7.660
2014-12-23;32,39;32,79;32,39;32,68;7.855
2014-12-24;32,17;32,84;32,17;32,46;3.622
2014-12-29;32,94;32,94;32,51;32,67;16.999
2014-12-30;32,60;32,70;31,86;31,86;10.333
2014-12-31;32,35;32,48;32,20;32,46;2.076
2015-01-02;32,60;32,83;32,10;32,28;6.596
2015-01-05;32,10;32,50;31,61;31,61;9.607
2015-01-06;32,50;32,50;31,41;31,59;5.184
2015-01-07;31,83;32,14;31,83;31,96;5.136
2015-01-08;32,50;33,23;32,43;33,23;24.634
2015-01-09;33,17;33,17;32,39;32,82;12.660
2015-01-12;32,83;33,29;32,64;33,10;8.701
2015-01-13;33,00;33,78;32,96;33,47;9.765
2015-01-14;33,18;33,85;33,18;33,30;8.883
2015-01-15;33,75;34,63;33,17;34,56;42.535
2015-01-16;34,59;35,15;34,50;35,00;29.145
2015-01-19;34,90;35,08;34,62;34,81;26.860
2015-01-20;34,11;34,86;33,96;34,77;46.439
2015-01-21;34,90;35,30;34,77;35,15;18.636
2015-01-22;35,30;35,72;34,82;35,68;19.148
2015-01-23;36,00;37,33;36,00;36,91;24.159
2015-01-26;37,22;37,92;37,15;37,92;41.296
2015-01-27;37,70;38,17;37,64;37,99;19.322
2015-01-28;38,10;38,25;37,82;37,83;29.219
2015-01-29;37,99;38,75;37,99;38,75;22.984
2015-01-30;38,49;38,76;38,17;38,64;28.987
2015-02-02;38,50;38,55;37,71;38,08;19.062
2015-02-03;38,10;38,13;37,40;37,41;19.978
2015-02-04;37,40;37,67;37,14;37,67;12.029
2015-02-05;37,50;37,50;36,96;37,38;16.479
2015-02-06;37,25;37,25;36,97;37,08;16.080
2015-02-09;36,50;36,84;36,29;36,70;9.759
2015-02-10;36,90;37,34;36,82;37,28;14.051
2015-02-11;37,50;37,50;37,02;37,28;16.912
2015-02-12;37,39;37,39;37,02;37,02;15.776
2015-02-13;37,02;37,45;36,90;37,03;5.507
2015-02-16;36,91;36,91;36,30;36,46;11.104
2015-02-17;36,28;37,00;36,28;37,00;9.194
2015-02-18;37,50;37,50;36,62;36,74;8.493
2015-02-19;36,86;37,50;36,86;37,37;12.572
2015-02-20;37,36;37,46;36,92;37,46;6.120
2015-02-23;37,80;38,16;37,56;38,03;17.652
2015-02-24;38,23;38,50;37,72;38,50;20.139
2015-02-25;38,26;38,29;37,80;38,06;21.821
2015-02-26;38,50;38,70;37,88;38,58;19.727
2015-02-27;38,45;38,94;38,42;38,94;7.527
2015-03-02;39,00;39,20;38,77;39,18;22.955
2015-03-03;39,25;39,60;39,00;39,12;28.215
2015-03-04;39,00;39,21;38,98;39,20;17.050
2015-03-05;39,77;39,94;39,48;39,94;14.452
2015-03-06;39,90;40,15;39,62;39,62;17.906
2015-03-09;39,50;39,50;39,02;39,37;5.740
2015-03-10;39,25;39,49;39,15;39,16;6.818
2015-03-11;38,90;39,94;38,90;39,78;9.970
2015-03-12;39,76;39,82;39,46;39,46;3.678
2015-03-13;40,00;40,00;39,53;39,82;3.716
2015-03-16;40,00;40,60;40,00;40,47;15.833
2015-03-17;40,60;40,65;39,98;40,15;18.916
2015-03-18;40,19;40,50;39,86;40,34;7.093
2015-03-19;40,30;40,58;39,77;39,98;7.786
2015-03-20;39,50;40,03;39,50;39,93;18.115
2015-03-23;39,67;39,79;39,30;39,67;14.512
2015-03-24;39,75;39,93;39,66;39,83;6.234
2015-03-25;39,99;39,99;38,95;39,08;14.319
2015-03-26;38,82;38,83;35,50;38,67;21.353
2015-03-27;38,50;39,15;38,50;38,88;19.056
2015-03-30;39,19;39,86;39,19;39,75;26.437
2015-03-31;39,75;39,75;38,75;39,06;11.629
2015-04-01;38,67;39,25;38,42;38,74;10.813
2015-04-02;38,70;39,42;38,70;39,19;9.703
2015-04-07;40,00;40,34;39,58;40,08;16.590
2015-04-08;40,00;40,26;39,93;39,93;6.997
2015-04-09;40,17;40,52;40,15;40,39;21.479
2015-04-10;40,37;40,95;40,37;40,95;25.060
2015-04-13;41,00;41,00;40,59;40,77;7.216
2015-04-14;40,77;40,87;40,42;40,50;13.643
2015-04-15;40,70;41,06;40,40;40,77;21.186
2015-04-16;41,85;42,75;41,82;42,00;48.517
2015-04-17;41,63;41,80;41,05;41,35;17.389
2015-04-20;42,00;42,00;41,23;41,27;6.845
2015-04-21;42,98;42,98;41,41;41,75;15.323
2015-04-22;41,90;41,90;41,07;41,19;5.136
2015-04-23;41,25;41,37;40,59;40,85;10.509
2015-04-24;41,01;41,40;41,01;41,23;6.074
2015-04-27;41,35;41,52;40,75;41,46;9.418
2015-04-28;41,42;41,42;40,56;40,65;24.417
2015-04-29;40,65;40,96;39,20;39,20;16.677
2015-04-30;39,24;39,27;38,79;38,99;19.533
2015-05-04;39,10;39,14;38,65;38,86;13.033
2015-05-05;39,06;39,47;38,09;38,09;13.153
2015-05-06;39,40;39,40;37,79;37,79;13.934
2015-05-07;37,76;38,20;37,35;38,04;43.886
2015-05-08;38,04;39,45;38,04;39,30;11.972
2015-05-11;39,30;39,39;38,87;39,14;10.455
2015-05-12;39,30;39,30;38,38;38,65;10.508
2015-05-13;38,69;38,94;38,03;38,24;7.106
2015-05-14;38,24;38,64;37,71;38,64;4.333
2015-05-15;38,57;38,96;38,11;38,11;6.653
2015-05-18;38,16;38,39;37,55;38,28;9.049
2015-05-19;38,75;39,40;38,60;39,40;11.707
2015-05-20;39,40;39,51;39,06;39,31;8.978
2015-05-21;39,21;39,31;39,00;39,16;9.815
2015-05-22;39,00;39,60;39,00;39,26;9.178
2015-05-25;39,52;39,63;39,25;39,56;6.596
2015-05-26;39,41;39,65;39,05;39,07;4.532
2015-05-27;39,00;39,75;39,00;39,45;16.999
2015-05-28;39,76;39,85;39,41;39,41;7.309
2015-05-29;39,40;39,62;38,73;38,73;8.482
2015-06-01;39,07;39,28;38,71;38,73;3.336
2015-06-02;38,73;38,73;37,55;37,55;6.896
2015-06-03;38,14;38,70;37,79;37,79;7.922
2015-06-04;37,80;38,15;37,00;37,18;15.978
2015-06-05;37,18;37,68;37,05;37,05;5.720
2015-06-08;37,50;37,50;36,50;36,50;4.222
2015-06-09;36,66;36,94;36,50;36,80;6.921
2015-06-10;36,85;37,57;36,72;37,29;23.812
2015-06-11;37,24;38,35;37,18;37,70;9.204
2015-06-12;38,50;38,50;36,89;36,89;20.346
2015-06-15;36,73;37,11;36,41;36,85;13.885
2015-06-16;36,71;37,50;36,44;37,27;6.840
2015-06-17;37,37;37,50;36,79;36,90;14.980
2015-06-18;36,74;37,21;36,74;37,03;11.016
2015-06-19;37,40;37,98;37,29;37,45;40.481
2015-06-22;38,36;38,65;38,00;38,32;12.502
2015-06-23;38,83;39,50;38,83;39,15;8.519
2015-06-24;39,00;39,27;38,85;38,85;11.230
2015-06-25;38,85;39,20;38,49;38,74;26.385
2015-06-26;38,75;39,24;38,53;38,99;3.548
2015-06-29;37,52;38,11;37,52;37,62;19.189
2015-06-30;37,53;37,91;37,27;37,40;21.934
2015-07-01;39,05;39,05;37,17;38,07;26.805
2015-07-02;38,31;38,55;37,50;37,50;6.731
2015-07-03;37,61;37,78;37,20;37,20;17.129
2015-07-06;37,11;37,34;36,57;36,89;19.229
2015-07-07;38,90;38,90;36,73;36,96;18.263
2015-07-08;38,75;38,75;36,90;37,15;22.361
2015-07-09;37,15;38,26;37,15;38,18;9.482
2015-07-10;39,15;39,55;38,81;39,49;24.382
2015-07-13;40,00;40,17;39,77;40,10;27.773
2015-07-14;40,20;40,68;40,04;40,57;17.294
2015-07-15;40,50;40,95;40,17;40,95;16.256
2015-07-16;40,89;41,64;40,89;41,40;12.578
2015-07-17;41,31;41,56;41,20;41,46;7.354
2015-07-20;41,56;41,80;41,14;41,29;7.553
2015-07-21;41,60;41,69;40,50;40,50;12.112
2015-07-22;40,30;41,59;40,25;40,71;6.002
2015-07-23;41,77;41,78;40,91;41,25;11.968
2015-07-24;41,96;41,96;40,83;41,03;7.841
2015-07-27;41,96;41,96;40,01;40,01;11.093
2015-07-28;40,20;40,54;40,08;40,26;6.657
2015-07-29;40,67;40,67;40,00;40,49;5.753
2015-07-30;40,68;41,07;40,47;41,07;10.444
2015-07-31;41,20;41,20;40,49;40,69;4.340
2015-08-03;40,84;41,81;40,84;41,65;4.947
2015-08-04;41,65;41,77;41,30;41,77;6.539
2015-08-05;41,80;42,34;41,80;42,12;17.810
2015-08-06;42,38;42,46;41,96;42,42;13.068
2015-08-07;42,11;42,20;41,75;41,86;18.129
2015-08-10;42,00;42,30;41,86;42,00;8.092
2015-08-11;40,50;42,11;40,50;41,51;7.268
2015-08-12;39,65;40,09;38,75;38,82;26.459
2015-08-13;38,82;39,76;38,82;39,29;10.795
2015-08-14;40,44;40,44;38,61;38,61;12.904
2015-08-17;39,75;40,39;38,61;39,21;12.380
2015-08-18;39,22;39,40;38,58;39,15;9.962
2015-08-19;38,84;39,08;38,40;38,40;6.942
2015-08-20;38,32;38,32;37,31;37,31;26.709
2015-08-21;37,18;37,45;35,84;35,84;39.957
2015-08-24;35,08;35,33;32,92;34,19;50.305
2015-08-25;35,00;35,87;34,34;35,50;27.714
2015-08-26;34,99;35,26;34,29;34,73;28.772
2015-08-27;36,29;36,29;35,36;35,50;13.259
2015-08-28;36,95;36,95;35,20;35,57;16.473
2015-08-31;35,51;35,89;35,40;35,59;15.300
2015-09-01;35,28;35,28;34,56;34,86;9.721
2015-09-02;35,18;35,24;34,70;34,97;5.797
2015-09-03;34,75;36,10;34,75;35,77;21.327
2015-09-04;35,82;35,82;34,84;34,90;14.116
2015-09-07;35,36;35,60;35,20;35,23;2.470
2015-09-08;35,50;35,96;35,42;35,42;6.634
2015-09-09;36,95;36,95;35,73;35,91;15.623
2015-09-10;35,50;35,57;34,77;34,85;24.673
2015-09-11;34,80;34,89;34,35;34,38;7.494
2015-09-14;34,40;34,86;34,29;34,29;20.956
2015-09-15;34,68;34,68;34,10;34,67;6.890
2015-09-16;34,50;35,74;34,50;35,74;10.873
2015-09-17;35,75;36,00;35,74;35,82;7.746
2015-09-18;35,51;35,95;35,12;35,45;12.748
2015-09-21;35,50;36,11;35,48;35,89;7.118
2015-09-22;35,88;35,88;34,74;34,94;13.055
2015-09-23;34,90;35,16;34,75;34,90;2.879
2015-09-24;34,80;34,80;33,59;33,59;14.685
2015-09-25;33,70;35,70;33,70;35,52;12.258
2015-09-28;35,31;35,58;34,94;34,94;4.052
2015-09-29;34,55;35,00;34,24;34,78;7.561
2015-09-30;35,83;36,28;35,68;35,92;20.731
2015-10-01;36,46;36,48;35,71;35,91;3.004
2015-10-02;36,00;36,47;35,00;35,00;12.631
2015-10-05;36,60;37,50;36,60;37,24;12.770
2015-10-06;37,30;37,69;36,27;36,27;21.654
2015-10-07;37,49;37,56;36,79;36,97;33.578
2015-10-08;37,00;37,10;36,60;37,07;9.447
2015-10-09;37,37;37,39;37,07;37,32;19.670
2015-10-12;37,40;38,00;37,19;38,00;16.162
2015-10-13;37,72;37,95;37,32;37,95;18.637
2015-10-14;36,60;37,91;36,60;37,52;8.723
2015-10-15;38,80;39,52;38,77;39,18;30.525
2015-10-16;39,84;39,84;39,30;39,76;31.276
2015-10-19;39,75;40,47;39,75;40,31;36.105
2015-10-20;40,32;40,47;39,95;39,95;7.504
2015-10-21;40,15;40,33;39,96;40,00;8.894
2015-10-22;40,00;41,43;40,00;41,25;12.232
2015-10-23;41,50;42,25;41,44;42,25;27.537
2015-10-26;41,99;41,99;41,21;41,29;9.298
2015-10-27;41,31;41,32;41,10;41,12;4.685
2015-10-28;41,12;41,60;41,12;41,36;30.122
2015-10-29;41,49;41,57;41,27;41,53;11.402
2015-10-30;41,63;41,63;40,80;40,92;18.081
2015-11-02;40,76;41,34;40,76;41,18;13.138
2015-11-03;41,21;41,49;41,06;41,49;13.172
2015-11-04;41,36;41,83;41,36;41,50;8.016
2015-11-05;41,40;41,96;41,40;41,53;13.491
2015-11-06;41,63;41,68;40,96;41,27;10.242
2015-11-09;41,05;41,05;40,00;40,43;5.305
2015-11-10;40,98;40,98;40,20;40,75;5.504
2015-11-11;41,35;41,58;41,28;41,42;3.040
2015-11-12;41,45;41,65;40,51;40,51;4.887
2015-11-13;40,52;40,52;39,78;39,96;3.856
2015-11-16;40,00;41,24;39,66;41,24;3.405
2015-11-17;40,87;41,75;40,87;41,75;7.221
2015-11-18;41,10;41,10;40,80;41,07;3.010
2015-11-19;41,94;41,94;41,09;41,60;13.327
2015-11-20;41,48;41,90;41,18;41,90;7.483
2015-11-23;41,95;42,07;41,46;41,96;3.560
2015-11-24;41,47;41,61;40,71;41,15;5.057
2015-11-25;42,00;42,41;41,47;42,20;4.434
2015-11-26;42,18;42,78;42,18;42,50;10.933
2015-11-27;42,37;42,65;42,03;42,36;19.457
2015-11-30;42,09;42,69;41,47;41,47;12.731
2015-12-01;41,66;41,66;41,10;41,10;4.787
2015-12-02;41,27;42,11;41,27;42,02;5.943
2015-12-03;41,96;42,79;39,78;39,87;40.534
2015-12-04;39,76;39,96;39,18;39,72;17.556
2015-12-07;40,10;40,83;40,04;40,39;12.963
2015-12-08;40,48;40,81;39,91;39,91;2.524
2015-12-09;39,85;40,03;39,50;39,62;4.531
2015-12-10;39,50;39,66;38,91;39,40;16.943
2015-12-11;39,37;39,37;38,50;38,70;6.670
2015-12-14;38,93;39,43;38,10;38,10;6.632
2015-12-15;38,10;39,44;38,10;39,42;5.293
2015-12-16;39,45;39,69;39,26;39,46;1.911
2015-12-17;40,43;40,61;40,17;40,23;8.908
2015-12-18;39,78;40,04;39,21;39,36;7.234
2015-12-21;39,66;40,01;38,93;38,94;5.826
2015-12-22;38,94;38,97;38,40;38,68;7.664
2015-12-23;39,31;40,10;39,31;39,95;5.707
2015-12-24;39,74;39,98;39,67;39,98;932
2015-12-28;39,92;40,12;39,50;39,73;4.190
2015-12-29;39,97;40,51;39,97;40,45;6.857
2015-12-30;40,57;40,74;40,38;40,51;3.146
2015-12-31;40,56;40,74;40,30;40,74;1.573
2016-01-04;39,62;39,62;38,48;38,68;15.036
2016-01-05;39,29;39,29;38,59;39,14;4.962
2016-01-06;38,88;38,88;38,20;38,57;4.548
2016-01-07;37,55;38,20;37,20;37,95;15.769
2016-01-08;37,94;38,09;37,31;37,45;10.121
2016-01-11;37,40;37,70;37,05;37,34;10.982
2016-01-12;37,75;38,20;37,38;37,95;4.863
2016-01-13;38,50;38,93;38,20;38,93;7.427
2016-01-14;38,15;38,15;36,90;37,55;6.324
2016-01-15;37,18;37,30;36,49;36,80;17.403
2016-01-18;36,97;38,09;36,97;37,57;17.516
2016-01-19;38,49;38,94;38,30;38,63;27.707
2016-01-20;37,36;37,75;37,13;37,43;6.567
2016-01-21;37,45;38,58;37,45;38,52;11.161
2016-01-22;39,00;39,61;38,91;39,38;18.214
2016-01-25;39,67;39,90;39,41;39,61;7.629
2016-01-26;39,30;39,85;38,80;39,76;8.718
2016-01-27;39,81;40,00;39,34;40,00;2.138
2016-01-28;39,60;40,00;39,05;39,48;75.046
2016-01-29;39,84;40,71;39,84;40,68;17.594
2016-02-01;39,40;41,06;39,40;40,96;5.773
2016-02-02;41,50;41,50;40,51;40,74;2.952
2016-02-03;39,50;40,73;39,50;39,82;27.018
2016-02-04;39,95;39,95;38,20;38,28;10.874
2016-02-05;38,24;38,84;38,18;38,22;6.737
2016-02-08;39,90;39,90;37,50;37,50;5.198
2016-02-09;37,23;38,05;37,00;37,38;9.653
2016-02-10;37,77;38,21;37,23;37,73;9.889
2016-02-11;37,10;37,16;36,42;36,80;7.909
2016-02-12;36,86;37,54;36,86;37,54;7.836
2016-02-15;38,11;38,81;37,96;38,81;11.419
2016-02-16;38,87;39,11;38,05;38,31;5.494
2016-02-17;38,43;38,79;38,41;38,72;4.231
2016-02-18;39,00;39,22;38,89;39,22;10.358
2016-02-19;38,92;38,92;38,75;38,83;1.313
2016-02-22;39,65;39,74;39,36;39,36;4.722
2016-02-23;39,06;39,40;38,96;39,13;4.546
2016-02-24;38,98;38,98;38,22;38,46;7.094
2016-02-25;38,50;39,39;38,50;39,34;4.565
2016-02-26;39,63;40,56;39,50;39,61;11.745
2016-02-29;38,93;39,53;38,75;39,53;4.837
2016-03-01;39,45;40,45;39,44;40,45;5.619
2016-03-02;40,56;40,60;39,53;39,65;8.180
2016-03-03;39,74;39,74;38,95;39,22;7.463
2016-03-04;39,50;40,24;39,31;39,75;10.796
2016-03-07;39,75;39,95;39,58;39,71;4.960
2016-03-08;39,23;39,76;39,06;39,76;4.824
2016-03-09;39,94;40,36;39,85;39,97;4.862
2016-03-10;39,88;41,45;39,18;39,18;32.847
2016-03-11;39,57;39,92;39,52;39,62;4.841
2016-03-14;39,84;40,11;39,72;39,83;7.078
2016-03-15;39,68;40,00;39,54;39,99;4.128
2016-03-16;40,33;40,33;39,49;39,53;5.048
2016-03-17;39,08;39,65;38,64;39,30;5.763
2016-03-18;39,36;39,60;39,20;39,60;2.511
2016-03-21;39,60;39,60;39,12;39,39;5.294
2016-03-22;38,98;39,12;38,67;39,11;5.496
2016-03-23;39,44;39,75;39,44;39,70;709
2016-03-24;39,65;39,65;39,49;39,51;4.613
2016-03-29;39,50;39,97;39,50;39,97;2.089
2016-03-30;39,94;40,66;39,94;40,42;4.691
2016-03-31;39,93;39,93;39,39;39,46;10.388
2016-04-01;39,00;39,07;38,37;39,07;4.399
2016-04-04;39,10;40,05;39,10;39,44;10.389
2016-04-05;39,14;39,57;39,14;39,51;6.175
2016-04-06;39,43;39,74;39,25;39,74;5.254
2016-04-07;39,81;39,81;39,41;39,42;6.792
2016-04-08;39,69;39,74;39,20;39,49;9.623
2016-04-11;39,47;39,60;39,10;39,51;1.655
2016-04-12;39,51;39,53;39,13;39,47;4.369
2016-04-13;40,23;40,53;40,20;40,52;2.609
2016-04-14;39,92;40,65;39,65;39,90;3.206
2016-04-15;40,44;40,62;40,25;40,30;2.590
2016-04-18;40,07;40,51;40,07;40,49;4.991
2016-04-19;40,61;41,52;40,50;41,52;9.627
2016-04-20;41,36;41,36;41,10;41,19;3.590
2016-04-21;41,32;41,40;40,25;40,56;9.263
2016-04-22;40,94;40,94;39,76;40,28;10.861
2016-04-25;40,03;40,35;39,76;40,35;16.558
2016-04-26;40,42;40,42;39,94;40,04;9.953
2016-04-27;39,89;40,06;39,77;39,77;3.898
2016-04-28;39,35;39,53;38,68;39,53;10.127
2016-04-29;38,99;39,10;38,32;38,56;26.902
2016-05-02;38,43;38,80;38,41;38,65;8.272
2016-05-03;38,47;38,59;37,91;38,33;17.309
2016-05-04;38,31;38,55;38,04;38,31;2.713
2016-05-05;38,41;38,89;38,39;38,89;3.064
2016-05-06;38,45;38,68;38,16;38,55;1.147
2016-05-09;39,00;39,68;38,91;39,26;1.814
2016-05-10;39,76;40,00;39,50;39,54;7.030
2016-05-11;39,36;39,36;39,16;39,26;1.107
2016-05-12;38,60;39,88;38,60;39,51;810
2016-05-13;39,00;39,47;38,87;39,47;2.120
2016-05-16;39,20;39,24;38,83;39,20;1.941
2016-05-17;39,83;39,83;38,70;38,70;904
2016-05-18;38,70;38,92;38,54;38,83;3.116
2016-05-19;39,01;39,01;38,29;38,74;3.641
2016-05-20;39,08;39,21;38,94;38,98;659
2016-05-23;38,88;38,92;38,62;38,92;1.072
2016-05-24;38,78;39,99;38,65;39,99;3.105
2016-05-25;40,11;40,45;40,03;40,06;26.099
2016-05-26;40,00;40,25;40,00;40,25;5.274
2016-05-27;40,08;40,63;40,08;40,58;11.358
2016-05-30;40,67;40,91;40,66;40,88;6.431
2016-05-31;40,88;40,94;40,67;40,67;2.465
2016-06-01;40,25;40,61;40,16;40,60;4.014
2016-06-02;40,47;40,60;40,20;40,60;2.086
2016-06-03;40,60;40,83;40,18;40,50;1.870
2016-06-06;40,50;40,82;40,45;40,82;4.427
2016-06-07;40,71;41,06;40,61;40,80;8.032
2016-06-08;40,54;40,79;40,54;40,68;5.462
2016-06-09;40,64;40,68;40,41;40,65;6.514
2016-06-10;40,00;40,56;39,66;39,84;3.557
2016-06-13;39,49;39,58;38,99;38,99;3.731
2016-06-14;38,60;38,60;38,11;38,11;7.523
2016-06-15;38,40;38,59;38,10;38,31;7.944
2016-06-16;37,96;38,50;37,90;38,50;11.826
2016-06-17;38,59;38,59;37,90;38,11;5.014
2016-06-20;39,00;39,63;38,94;39,49;5.616
2016-06-21;39,54;40,30;39,54;40,30;7.802
2016-06-22;40,51;40,60;40,16;40,35;4.588
2016-06-23;40,50;41,25;40,39;40,68;28.430
2016-06-24;38,30;40,36;38,26;39,70;46.783
2016-06-27;38,99;39,70;38,89;39,17;8.401
2016-06-28;39,88;40,33;39,61;39,78;13.595
2016-06-29;40,78;40,89;40,20;40,84;7.909
2016-06-30;40,87;41,85;40,87;41,48;15.586
2016-07-01;42,06;42,72;42,00;42,04;9.393
2016-07-04;42,42;42,55;42,05;42,18;11.943
2016-07-05;41,86;42,20;41,64;42,20;9.346
2016-07-06;42,29;42,29;41,25;41,25;3.687
2016-07-07;41,50;42,10;41,50;41,68;3.981
2016-07-08;41,54;42,01;41,24;41,86;17.839
2016-07-11;42,00;42,07;41,72;42,02;19.829
2016-07-12;41,21;42,02;41,21;41,85;23.171
2016-07-13;42,00;42,00;41,48;42,00;6.720
2016-07-14;42,00;42,30;42,00;42,03;5.128
2016-07-15;41,73;41,85;41,72;41,85;264
2016-07-18;41,97;42,03;41,78;41,98;5.484
2016-07-19;42,00;42,02;41,46;41,60;1.399
2016-07-20;41,90;41,90;41,70;41,80;3.056
2016-07-21;42,63;42,63;41,25;41,25;9.774
2016-07-22;41,72;41,83;41,27;41,83;6.783
2016-07-25;41,90;42,20;41,65;41,68;8.928
2016-07-26;41,74;42,12;41,72;41,73;5.893
2016-07-27;42,33;42,33;41,42;41,70;20.641
2016-07-28;41,54;41,60;41,27;41,60;1.125
2016-07-29;41,42;41,91;40,83;41,91;7.283
2016-08-01;41,98;41,98;41,12;41,29;5.473
2016-08-02;41,19;41,97;41,10;41,10;1.526
2016-08-03;42,95;42,95;40,08;40,11;1.726
2016-08-04;42,95;42,95;40,08;40,71;7.915
2016-08-05;40,73;41,30;40,73;41,07;3.116
2016-08-08;41,11;41,23;40,73;40,80;12.613
2016-08-09;41,24;41,38;41,24;41,38;8.163
2016-08-10;41,32;41,37;40,98;40,98;5.400
2016-08-11;41,50;41,87;41,30;41,86;4.849
2016-08-12;41,85;41,90;41,56;41,90;10.825
2016-08-15;41,90;41,95;41,51;41,72;2.880
2016-08-16;41,55;41,61;41,34;41,38;24.200
2016-08-17;41,62;41,62;41,32;41,32;618
2016-08-18;41,71;41,71;41,30;41,30;1.439
2016-08-19;41,28;41,28;41,10;41,21;956
2016-08-22;41,21;41,40;40,70;40,86;3.139
2016-08-23;41,36;41,36;41,07;41,07;4.895
2016-08-24;40,96;41,06;40,95;40,95;2.952
2016-08-25;40,60;41,07;40,60;41,04;6.858
2016-08-26;41,03;41,20;40,75;41,20;3.463
2016-08-29;41,18;41,47;41,02;41,47;4.536
2016-08-30;41,52;41,61;41,38;41,46;6.987
2016-08-31;41,44;41,54;41,18;41,24;3.511
2016-09-01;41,58;41,65;41,32;41,36;8.831
2016-09-02;41,30;43,10;41,30;43,10;20.478
2016-09-05;43,03;43,03;42,64;42,68;15.189
2016-09-06;42,79;42,79;42,26;42,50;4.625
2016-09-07;42,50;42,50;42,20;42,28;4.099
2016-09-08;42,09;42,14;41,53;41,53;7.927
2016-09-09;41,60;41,60;40,97;41,04;5.655
2016-09-12;40,89;40,89;40,50;40,75;9.633
2016-09-13;40,90;41,02;40,43;40,54;6.482
2016-09-14;40,66;40,66;40,44;40,50;8.362
2016-09-15;40,55;40,55;40,31;40,53;1.699
2016-09-16;40,50;40,57;40,20;40,25;2.356
2016-09-19;40,64;40,83;40,50;40,82;3.737
2016-09-20;40,73;40,80;40,65;40,70;4.093
2016-09-21;40,80;40,80;40,42;40,50;4.915
2016-09-22;40,74;41,51;40,74;41,50;3.038
2016-09-23;41,50;41,50;41,23;41,41;1.361
2016-09-26;41,15;41,15;40,54;40,68;5.113
2016-09-27;40,65;41,19;40,65;41,19;2.043
2016-09-28;41,45;41,55;41,28;41,36;3.864
2016-09-29;41,32;41,48;41,02;41,02;3.717
2016-09-30;40,60;41,15;40,50;41,15;7.978
2016-10-03;41,33;41,35;41,04;41,31;1.318
2016-10-04;41,55;42,01;41,55;41,88;5.904
2016-10-05;41,21;41,21;40,87;40,87;8.862
2016-10-06;40,95;40,98;40,66;40,87;2.936
2016-10-07;40,90;40,92;40,41;40,42;3.611
2016-10-10;41,19;41,19;40,60;40,64;2.298
2016-10-11;40,78;41,26;40,72;40,72;7.404
2016-10-12;40,75;40,98;40,57;40,98;4.529
2016-10-13;40,34;40,34;39,26;39,53;35.287
2016-10-14;39,59;39,74;39,19;39,33;22.793
2016-10-17;39,35;39,49;38,90;38,90;15.151
2016-10-18;40,06;40,06;39,15;39,34;7.172
2016-10-19;39,35;39,35;39,02;39,10;12.349
2016-10-20;39,16;39,30;38,96;39,22;17.660
2016-10-21;39,38;39,42;39,08;39,15;10.205
2016-10-24;39,23;39,44;39,05;39,05;25.495
2016-10-25;39,14;39,28;39,05;39,05;15.413
2016-10-26;39,00;39,07;38,60;38,66;9.840
2016-10-27;38,65;39,00;38,20;38,52;13.927
2016-10-28;38,32;38,43;37,86;38,34;27.358
2016-10-31;38,31;38,40;38,08;38,20;4.928
2016-11-01;38,53;38,56;38,28;38,40;7.195
2016-11-02;38,38;38,41;38,02;38,02;11.499
2016-11-03;38,00;38,16;37,77;37,77;6.215
2016-11-04;37,81;37,81;37,41;37,43;6.630
2016-11-07;37,92;38,19;37,75;38,19;23.717
2016-11-08;38,09;38,40;37,95;38,40;21.720
2016-11-09;37,46;37,92;37,03;37,89;30.336
2016-11-10;38,36;38,36;36,50;36,71;31.818
2016-11-11;37,16;37,16;36,27;36,42;40.664
2016-11-14;36,89;36,89;36,43;36,46;9.587
2016-11-15;36,75;37,00;36,67;37,00;14.994
2016-11-16;37,20;37,20;36,49;36,69;23.068
2016-11-17;36,90;36,90;36,45;36,67;7.579
2016-11-18;37,00;37,00;36,55;36,77;8.441
2016-11-21;36,96;36,96;36,34;36,68;11.450
2016-11-22;36,87;36,89;36,65;36,72;12.543
2016-11-23;36,80;36,91;36,40;36,60;9.794
2016-11-24;36,75;36,77;36,50;36,71;24.234
2016-11-25;36,97;37,50;36,89;37,50;9.417
2016-11-28;37,42;37,42;37,03;37,20;20.285
2016-11-29;37,18;37,24;36,93;36,93;8.849
2016-11-30;37,00;38,25;37,00;37,93;26.558
2016-12-01;37,71;37,71;36,57;36,75;29.478
2016-12-02;36,68;37,12;36,50;37,05;10.549
2016-12-05;37,05;38,00;37,05;37,64;39.384
2016-12-06;37,51;37,83;37,18;37,83;9.864
2016-12-07;37,50;37,50;37,00;37,04;7.504
2016-12-08;37,28;37,28;36,90;37,15;7.865
2016-12-09;37,37;37,92;37,37;37,81;11.977
2016-12-12;38,00;38,00;37,55;38,00;7.467
2016-12-13;38,11;38,63;38,00;38,51;19.794
2016-12-14;38,19;38,41;38,17;38,41;9.326
2016-12-15;38,20;38,38;37,75;38,38;24.081
2016-12-16;38,14;38,61;38,03;38,18;10.334
2016-12-19;38,61;38,90;38,46;38,71;11.748
2016-12-20;38,84;39,38;38,84;39,38;9.592
2016-12-21;39,30;39,36;38,97;39,29;8.981
2016-12-22;38,92;39,22;38,92;39,06;13.049
2016-12-23;39,35;39,35;39,12;39,12;2.376
2016-12-27;39,16;39,28;39,02;39,23;4.633
2016-12-28;38,77;39,16;38,77;39,03;9.428
2016-12-29;39,38;39,38;38,95;38,95;6.914
2016-12-30;38,95;39,15;38,87;39,05;8.889
2017-01-02;38,90;39,45;38,90;39,27;6.425
2017-01-03;39,42;39,51;38,95;38,95;11.627
2017-01-04;39,11;39,26;38,85;39,26;5.329
2017-01-05;39,00;39,12;38,86;39,08;3.877
2017-01-06;39,00;39,15;38,83;39,15;2.727
2017-01-09;39,11;39,11;38,89;39,10;9.354
2017-01-10;39,10;39,15;38,78;39,14;5.235
2017-01-11;38,92;39,29;38,57;38,94;18.153
2017-01-12;38,89;39,30;38,77;39,30;5.829
2017-01-13;39,24;39,24;38,83;39,03;5.703
2017-01-16;39,05;39,10;38,85;38,90;10.172
2017-01-17;39,00;39,00;38,53;38,70;6.801
2017-01-18;38,99;38,99;38,53;38,53;17.486
2017-01-19;38,92;38,92;38,65;38,65;1.621
2017-01-20;38,66;39,10;38,65;39,00;10.761
2017-01-23;38,98;39,27;38,44;38,94;6.141
2017-01-24;38,87;39,04;38,87;39,04;6.056
2017-01-25;39,18;39,39;39,18;39,29;7.735
2017-01-26;38,25;38,27;37,55;37,62;64.702
2017-01-27;37,74;38,01;37,64;37,90;11.876
2017-01-30;38,00;38,00;37,61;37,62;21.537
2017-01-31;37,68;37,92;37,46;37,49;9.995
2017-02-01;37,72;37,95;37,45;37,53;17.709
2017-02-02;37,37;37,76;37,33;37,63;12.139
2017-02-03;37,52;38,07;37,52;37,87;16.190
2017-02-06;38,17;38,20;37,83;37,92;18.367
2017-02-07;37,93;38,55;37,92;38,18;16.344
2017-02-08;38,71;39,00;38,25;38,95;20.302
2017-02-09;38,90;39,21;38,73;38,97;9.498
2017-02-10;39,47;39,47;38,57;38,74;11.179
2017-02-13;39,00;39,01;38,77;38,95;3.143
2017-02-14;38,90;39,15;38,82;38,92;4.666
2017-02-15;38,86;39,36;38,53;39,36;11.116
2017-02-16;39,42;39,55;39,32;39,54;9.490
2017-02-17;39,51;44,82;39,41;44,41;156.054
2017-02-20;41,10;42,20;39,11;42,20;86.500
2017-02-21;42,08;42,75;42,08;42,44;22.618
2017-02-22;42,63;45,08;42,50;44,38;47.426
2017-02-23;44,00;44,56;44,00;44,27;15.940
2017-02-24;44,06;44,60;44,00;44,26;33.323
2017-02-27;44,21;45,10;44,11;44,65;16.855
2017-02-28;44,82;44,97;44,27;44,45;18.215
2017-03-01;44,85;45,14;44,73;45,14;28.950
2017-03-02;44,76;44,90;44,33;44,76;19.300
2017-03-03;44,50;44,64;44,31;44,33;8.354
2017-03-06;44,03;45,40;44,03;44,56;18.769
2017-03-07;44,71;45,16;44,64;44,64;9.903
2017-03-08;44,92;45,00;44,51;44,58;8.967
2017-03-09;44,93;45,69;44,92;45,65;25.495
2017-03-10;45,51;46,05;45,50;46,05;18.299
2017-03-13;46,05;46,05;45,25;45,25;14.616
2017-03-14;45,32;46,20;45,32;46,18;5.322
2017-03-15;46,21;46,30;45,81;46,10;9.291
2017-03-16;46,36;46,56;46,21;46,50;17.785
2017-03-17;46,13;46,54;45,95;46,50;6.544
2017-03-20;46,42;46,75;46,32;46,75;12.848
2017-03-21;46,51;46,80;46,22;46,35;24.434
2017-03-22;46,20;46,80;46,12;46,33;13.195
2017-03-23;46,44;46,89;46,13;46,76;11.629
2017-03-24;46,90;46,90;46,51;46,88;9.984
2017-03-27;46,18;46,90;46,15;46,66;7.505
2017-03-28;46,75;46,75;46,40;46,45;4.785
2017-03-29;46,54;46,90;46,50;46,56;2.232
2017-03-30;46,67;46,78;46,57;46,65;7.049
2017-03-31;46,60;46,60;46,14;46,35;7.451
2017-04-03;46,70;46,75;46,35;46,35;11.788
2017-04-04;46,35;46,46;46,11;46,27;6.785
2017-04-05;46,45;46,67;46,33;46,56;7.132
2017-04-06;45,77;47,00;44,73;46,90;24.017
2017-04-07;47,02;47,60;46,88;47,40;20.941
2017-04-10;47,91;47,99;47,49;47,75;10.024
2017-04-11;47,88;48,19;47,85;48,19;5.840
2017-04-12;48,12;48,42;47,96;48,06;10.899
2017-04-13;47,99;48,25;47,99;48,10;14.723
2017-04-18;48,00;48,23;47,69;47,91;4.633
2017-04-19;47,66;47,85;47,45;47,55;2.563
2017-04-20;48,11;48,46;47,73;47,73;11.665
2017-04-21;47,50;47,92;47,26;47,92;3.587
2017-04-24;48,00;48,58;47,86;48,07;18.198
2017-04-25;48,55;48,55;47,88;47,88;12.132
2017-04-26;47,91;48,14;47,75;48,14;4.021
2017-04-27;48,14;48,14;47,65;47,93;3.789
2017-04-28;47,64;48,14;47,63;47,90;6.059
2017-05-02;48,00;48,70;48,00;48,55;15.806
2017-05-03;48,51;48,67;48,24;48,50;21.534
2017-05-04;48,45;48,50;47,98;48,00;6.596
2017-05-05;48,09;48,22;48,06;48,10;4.348
2017-05-08;48,17;49,00;48,17;49,00;9.431
2017-05-09;48,88;49,53;48,88;49,29;7.741
2017-05-10;48,83;49,36;48,83;49,24;6.328
2017-05-11;49,80;49,80;49,20;49,24;4.368
2017-05-12;49,42;49,55;48,97;48,97;2.881
2017-05-15;49,06;49,45;49,06;49,41;8.071
2017-05-16;49,21;49,78;49,21;49,53;9.592
2017-05-17;49,59;49,75;49,15;49,15;5.889
2017-05-18;49,43;49,44;48,71;48,92;5.964
2017-05-19;48,90;49,42;48,90;49,23;16.318
2017-05-22;49,39;49,75;49,07;49,75;3.271
2017-05-23;49,44;49,80;49,44;49,70;3.199
2017-05-24;49,59;50,12;49,59;50,12;3.110
2017-05-25;49,94;50,57;49,94;50,23;4.139
2017-05-26;50,86;50,86;50,17;50,48;8.197
2017-05-29;50,45;50,54;50,41;50,54;2.099
2017-05-30;50,41;50,55;49,71;50,46;25.873
2017-05-31;50,99;50,99;50,49;50,82;5.571
2017-06-01;50,74;51,04;50,51;50,68;7.876
2017-06-02;50,87;51,16;50,86;50,86;3.211
2017-06-05;51,04;51,09;50,85;50,85;4.068
2017-06-06;50,80;51,28;50,80;50,87;6.337
2017-06-07;50,75;51,29;50,68;50,86;8.023
2017-06-08;50,87;50,89;50,21;50,80;18.111
2017-06-09;50,20;50,73;49,66;50,11;9.365
2017-06-12;50,13;50,13;49,34;49,68;16.839
2017-06-13;49,28;49,49;49,28;49,49;1.308
2017-06-14;49,75;49,75;49,15;49,17;6.308
2017-06-15;49,03;49,56;48,96;49,56;1.260
2017-06-16;49,82;50,09;49,55;49,55;4.407
2017-06-19;50,00;50,31;49,90;49,90;641
2017-06-20;50,38;50,92;50,21;50,27;16.774
2017-06-21;49,64;50,12;49,57;50,06;2.550
2017-06-22;49,98;50,14;49,90;50,06;4.591
2017-06-23;49,91;50,10;49,66;49,91;8.370
2017-06-26;49,97;50,71;49,97;50,28;5.332
2017-06-27;50,00;50,23;49,57;49,57;7.551
2017-06-28;49,52;50,03;49,31;49,31;2.184
2017-06-29;49,54;49,71;48,10;48,18;9.071
2017-06-30;48,22;48,89;48,20;48,49;2.578
2017-07-03;48,46;48,67;48,17;48,26;2.908
2017-07-04;48,11;48,55;48,11;48,44;2.283
2017-07-05;48,30;48,81;48,10;48,48;2.799
2017-07-06;48,30;48,30;47,42;47,98;7.053
2017-07-07;47,73;48,28;47,70;48,07;4.129
2017-07-10;48,77;49,20;48,15;49,20;15.096
2017-07-11;48,71;48,71;48,35;48,40;9.986
2017-07-12;48,50;49,20;48,40;49,20;4.616
2017-07-13;49,20;49,66;49,08;49,39;3.261
2017-07-14;49,13;49,64;49,13;49,59;6.222
2017-07-17;49,70;49,89;49,45;49,89;7.101
2017-07-18;49,79;49,79;49,40;49,40;2.196
2017-07-19;49,62;49,73;49,62;49,63;2.661
2017-07-20;49,67;50,13;49,65;49,65;13.112
2017-07-21;49,76;50,25;49,64;49,74;12.052
2017-07-24;49,76;49,87;49,26;49,87;4.460
2017-07-25;49,35;50,25;49,35;50,25;2.974
2017-07-26;49,64;50,23;49,64;50,04;4.108
2017-07-27;49,65;50,10;49,61;49,92;5.599
2017-07-28;49,40;49,65;49,15;49,37;6.788
2017-07-31;49,28;49,82;49,00;49,00;15.013
2017-08-01;50,00;50,00;49,03;49,36;3.337
2017-08-02;49,47;49,47;49,02;49,15;3.547
2017-08-03;49,00;49,24;48,75;49,24;2.944
2017-08-04;49,07;49,55;49,07;49,52;2.113
2017-08-07;49,50;49,58;49,32;49,35;2.446
2017-08-08;49,48;49,90;49,47;49,90;2.433
2017-08-09;49,88;50,00;49,66;49,99;21.668
2017-08-10;49,62;49,69;49,39;49,42;2.417
2017-08-11;49,67;49,67;49,10;49,35;4.879
2017-08-14;49,36;49,70;49,23;49,63;4.458
2017-08-15;50,11;50,11;49,75;49,92;2.358
2017-08-16;50,00;50,33;50,00;50,23;2.566
2017-08-17;50,20;50,25;50,05;50,17;5.098
2017-08-18;49,84;49,84;49,73;49,78;413
2017-08-21;49,78;49,93;49,70;49,78;1.975
2017-08-22;49,87;50,17;49,87;50,00;5.426
2017-08-23;50,10;50,10;49,84;49,84;2.018
2017-08-24;50,15;50,20;49,99;50,20;3.599
2017-08-25;50,22;50,22;49,85;49,96;2.202
2017-08-28;49,90;49,98;49,44;49,59;2.015
2017-08-29;49,37;49,58;49,23;49,53;7.337
2017-08-30;49,60;49,76;49,55;49,55;2.261
2017-08-31;49,65;50,05;49,65;50,03;8.746
2017-09-01;49,90;50,30;49,90;50,00;5.320
2017-09-04;49,88;50,12;49,87;50,08;8.405
2017-09-05;50,00;50,19;49,99;49,99;2.251
2017-09-06;49,87;50,22;49,81;50,00;2.186
2017-09-07;50,12;50,59;50,11;50,20;3.377
2017-09-08;50,24;50,54;50,24;50,40;895
2017-09-11;50,40;50,80;50,40;50,68;10.813
2017-09-12;50,66;50,73;50,56;50,66;3.586
2017-09-13;50,21;50,51;50,19;50,51;2.777
2017-09-14;50,54;50,57;50,34;50,49;1.189
2017-09-15;50,20;50,57;50,00;50,00;5.729
2017-09-18;50,40;50,81;50,40;50,50;1.602
2017-09-19;50,63;50,70;50,46;50,70;2.166
2017-09-20;50,75;50,75;50,29;50,74;2.550
2017-09-21;50,24;50,24;49,44;49,55;14.056
2017-09-22;49,25;49,91;49,05;49,91;5.574
2017-09-25;49,00;49,53;49,00;49,40;3.035
2017-09-26;49,38;49,64;49,05;49,05;3.479
2017-09-27;49,29;49,60;49,29;49,37;1.974
2017-09-28;49,41;49,41;49,25;49,35;602
2017-09-29;49,52;49,95;49,52;49,90;9.497
2017-10-02;50,00;50,69;50,00;50,62;6.305
2017-10-03;50,75;50,75;50,31;50,40;6.445
2017-10-04;50,40;50,50;50,30;50,38;4.348
2017-10-05;50,44;50,92;50,42;50,73;10.171
2017-10-06;50,64;50,64;49,97;50,00;7.316
2017-10-09;50,00;50,26;49,98;49,98;4.278
2017-10-10;49,90;50,35;49,90;50,10;2.404
2017-10-11;49,96;50,45;49,96;50,45;3.150
2017-10-12;50,54;51,29;50,54;51,29;8.360
2017-10-13;51,36;52,02;51,36;52,02;11.083
2017-10-16;51,76;52,27;51,74;51,75;6.768
2017-10-17;51,76;51,97;51,55;51,97;4.667
2017-10-18;51,75;52,29;51,70;52,16;8.351
2017-10-19;50,61;50,73;49,05;49,27;34.710
2017-10-20;48,95;48,97;47,85;47,85;60.145
2017-10-23;47,86;48,08;47,60;47,70;20.664
2017-10-24;47,77;47,79;47,30;47,40;19.951
2017-10-25;47,36;47,61;47,20;47,20;11.333
2017-10-26;47,61;49,00;47,61;49,00;19.892
2017-10-27;49,17;49,58;48,75;49,39;33.850
2017-10-30;49,35;49,35;48,70;48,97;8.906
2017-10-31;49,10;49,86;49,10;49,86;25.011
2017-11-01;49,81;50,00;49,20;49,20;20.130
2017-11-02;48,82;49,44;48,60;49,07;11.494
2017-11-03;49,26;49,52;49,10;49,48;4.210
2017-11-06;49,20;49,41;49,10;49,12;1.823
2017-11-07;49,37;49,50;48,90;49,06;2.575
2017-11-08;49,08;49,52;48,90;49,27;4.818
2017-11-09;49,40;49,54;49,10;49,41;5.146
2017-11-10;49,32;49,32;48,76;48,88;2.507
2017-11-13;48,96;49,21;48,56;49,01;4.958
2017-11-14;48,62;48,74;48,20;48,20;4.707
2017-11-15;48,25;48,63;48,14;48,14;5.517
2017-11-16;48,11;48,47;48,03;48,03;14.377
2017-11-17;48,12;48,42;47,67;48,42;15.252
2017-11-20;47,74;48,50;47,59;48,18;7.311
2017-11-21;48,03;48,77;48,03;48,71;14.047
2017-11-22;48,75;48,81;48,13;48,13;13.255
2017-11-23;48,18;48,50;48,15;48,15;880
2017-11-24;48,51;48,85;48,40;48,40;9.546
2017-11-27;48,45;49,00;48,35;48,35;2.729
2017-11-28;48,50;49,46;48,50;48,89;2.527
2017-11-29;49,55;49,55;48,80;48,82;3.769
2017-11-30;49,26;49,26;48,50;48,50;3.095
2017-12-01;48,32;48,51;47,75;47,88;9.330
2017-12-04;47,76;48,49;47,75;48,07;13.061
2017-12-05;48,28;48,70;48,28;48,29;4.950
2017-12-06;48,25;48,99;48,25;48,99;8.863
2017-12-07;49,13;49,13;48,70;48,92;10.765
2017-12-08;49,00;49,08;48,64;49,08;5.412
2017-12-11;49,13;49,20;48,55;48,56;7.287
2017-12-12;48,66;49,05;48,66;49,01;4.571
2017-12-13;48,72;48,87;48,64;48,74;9.226
2017-12-14;48,55;48,84;48,27;48,28;2.928
2017-12-15;48,25;48,67;48,01;48,67;8.135
2017-12-18;48,75;48,80;48,43;48,80;16.701
2017-12-19;48,88;49,00;48,30;48,37;4.440
2017-12-20;48,30;48,30;47,46;47,62;7.977
2017-12-21;47,40;47,65;47,09;47,65;6.943
2017-12-22;47,58;47,78;47,30;47,55;5.580
2017-12-27;47,49;47,59;47,25;47,54;6.858
2017-12-28;47,49;47,60;47,24;47,60;6.813
2017-12-29;47,27;47,36;46,96;47,23;7.891
2018-01-02;47,40;47,40;46,30;46,30;16.257
2018-01-03;46,50;46,50;46,00;46,40;10.956
2018-01-04;46,20;47,20;46,20;47,20;12.680
2018-01-05;46,50;47,00;46,40;46,90;13.119
2018-01-08;47,10;47,30;47,00;47,20;11.724
2018-01-09;47,30;47,30;46,90;47,10;14.112
2018-01-10;47,00;47,00;45,80;46,20;31.342
2018-01-11;46,30;46,50;45,80;45,80;7.251
2018-01-12;46,00;46,00;45,20;45,70;13.572
2018-01-15;45,90;46,10;45,60;46,10;6.781
2018-01-16;45,80;46,00;45,70;45,80;3.535
2018-01-17;45,80;46,60;45,30;46,20;8.445
2018-01-18;46,00;46,40;45,90;46,20;6.892
2018-01-19;46,00;47,20;46,00;47,20;9.208
2018-01-22;47,20;47,20;46,80;47,00;5.219
2018-01-23;47,10;47,30;47,10;47,10;4.989
2018-01-24;47,30;47,30;46,90;46,90;5.258
2018-01-25;46,80;47,00;46,10;46,30;6.796
2018-01-26;46,70;46,70;46,10;46,10;3.093
2018-01-29;46,30;46,30;45,80;46,20;14.686
2018-01-30;46,00;46,40;45,70;46,40;12.929
2018-01-31;46,50;46,90;46,40;46,60;7.412
2018-02-01;47,00;47,40;46,30;47,00;13.785
2018-02-02;47,30;47,30;46,70;46,90;7.576
2018-02-05;46,10;46,20;45,70;45,70;9.674
2018-02-06;44,40;45,20;44,00;44,50;44.117
2018-02-07;45,00;45,30;44,30;45,30;18.271
2018-02-08;44,90;44,90;44,20;44,30;5.718
2018-02-09;44,10;44,30;43,40;43,60;14.067
2018-02-12;44,50;44,50;43,90;44,10;12.456
2018-02-13;44,40;44,40;43,60;43,60;9.222
2018-02-14;43,90;44,00;43,50;43,70;7.926
2018-02-15;43,60;43,60;43,00;43,40;23.198
2018-02-16;43,90;44,10;43,60;44,10;28.871
2018-02-19;44,10;44,10;43,10;43,20;28.985
2018-02-20;43,40;43,50;43,10;43,50;5.316
2018-02-21;43,70;43,70;42,90;43,20;5.950
2018-02-22;42,80;43,20;42,70;43,20;5.089
2018-02-23;43,20;43,60;43,00;43,40;3.782
2018-02-26;43,60;44,60;43,60;44,50;6.607
2018-02-27;44,50;44,60;43,20;43,20;10.628
2018-02-28;43,40;43,50;42,90;43,10;10.320
2018-03-01;43,10;43,10;42,40;42,60;10.217
2018-03-02;42,50;42,50;42,10;42,10;11.326
2018-03-05;42,30;43,00;42,20;42,80;9.355
2018-03-06;43,40;43,40;42,60;42,60;2.148
2018-03-07;42,70;43,20;42,50;43,10;3.809
2018-03-08;43,00;44,30;43,00;44,20;9.673
2018-03-09;44,20;44,80;44,20;44,30;7.277
2018-03-12;45,00;45,00;44,50;44,60;2.350
2018-03-13;44,60;44,60;43,40;43,50;11.108
2018-03-14;43,50;43,80;43,40;43,40;3.084
2018-03-15;43,60;43,60;42,70;43,10;13.121
2018-03-16;0,00;0,00;0,00;43,30;0
2018-03-19;0,00;0,00;0,00;43,50;0
2018-03-20;0,00;0,00;0,00;43,40;0
2018-03-21;0,00;0,00;0,00;43,40;0
2018-03-22;0,00;0,00;0,00;43,40;0
2018-03-23;43,30;43,70;43,20;43,60;10.646
2018-03-26;43,80;43,80;43,00;43,10;7.236
2018-03-27;43,30;43,50;43,00;43,30;15.897
2018-03-28;43,80;45,40;43,70;45,40;26.339
2018-03-29;45,50;46,30;45,30;46,30;12.169
2018-04-03;45,70;45,90;45,40;45,80;4.546
2018-04-04;45,50;46,20;45,40;46,20;7.421
2018-04-05;46,50;47,10;46,40;47,10;24.017
2018-04-06;47,00;47,10;46,60;46,90;8.578
2018-04-09;46,90;47,00;46,30;46,40;5.053
2018-04-10;46,40;46,50;45,90;46,10;10.551
2018-04-11;45,90;46,10;45,40;45,80;3.522
2018-04-12;45,80;46,30;45,60;46,30;3.051
2018-04-13;46,30;46,60;45,90;46,60;2.322
2018-04-16;46,40;46,40;45,90;46,10;2.149
2018-04-17;46,00;46,40;45,90;46,40;2.787
2018-04-18;46,20;46,40;46,20;46,30;1.399
2018-04-19;46,30;46,30;45,10;45,20;19.203
2018-04-20;45,30;45,60;44,90;45,20;9.904
2018-04-23;45,40;45,40;44,70;45,20;7.099
2018-04-24;45,30;46,00;45,10;46,00;10.962
2018-04-25;45,50;46,00;45,50;45,90;6.324
2018-04-26;46,00;46,40;45,80;46,10;4.849
2018-04-27;46,40;47,00;46,30;46,90;8.292
2018-04-30;46,40;47,70;46,30;47,30;14.268
2018-05-02;47,60;47,60;46,10;46,10;18.437
2018-05-03;46,10;46,10;45,70;45,70;8.599
2018-05-04;45,80;46,10;45,80;45,90;9.443
2018-05-07;46,10;46,40;46,00;46,40;3.629
2018-05-08;46,30;47,40;46,30;47,00;11.192
2018-05-09;47,00;47,40;46,80;47,40;2.888
2018-05-10;47,40;47,70;47,30;47,50;6.182
2018-05-11;47,70;47,80;47,40;47,60;4.072
2018-05-14;47,80;48,00;47,60;47,60;4.012
2018-05-15;47,50;47,60;46,90;47,20;7.360
2018-05-16;47,10;47,40;47,10;47,30;13.556
2018-05-17;47,40;47,40;47,20;47,40;9.549
2018-05-18;47,50;48,10;47,20;47,80;7.266
2018-05-21;48,00;48,20;48,00;48,20;4.038
2018-05-22;48,30;48,40;48,00;48,10;9.740
2018-05-23;47,90;48,40;47,90;48,30;3.693
2018-05-24;48,10;48,50;47,90;47,90;3.248
2018-05-25;48,00;48,40;48,00;48,10;3.618
2018-05-28;48,20;48,50;48,10;48,10;1.256
2018-05-29;48,00;48,50;48,00;48,30;6.593
2018-05-30;48,40;48,40;48,00;48,20;8.477
2018-05-31;48,50;48,50;47,70;47,80;10.075
2018-06-01;47,80;47,80;47,60;47,60;5.265
2018-06-04;47,80;48,40;47,80;48,10;4.277
2018-06-05;47,90;48,40;47,80;48,10;5.400
2018-06-06;48,20;48,20;46,90;47,10;2.035
2018-06-07;47,50;47,50;46,80;47,10;3.192
2018-06-08;46,90;47,40;46,70;47,30;4.682
2018-06-11;47,80;47,80;47,10;47,50;2.439
2018-06-12;47,80;47,90;47,40;47,90;4.255
2018-06-13;47,60;47,60;47,30;47,30;943
2018-06-14;47,20;47,80;45,70;47,80;8.421
2018-06-15;46,60;47,30;46,50;47,00;5.826
2018-06-18;47,10;47,10;46,40;46,40;6.246
2018-06-19;46,30;46,70;46,30;46,40;1.288
2018-06-20;46,70;48,00;46,70;48,00;1.337
2018-06-21;47,10;47,70;46,80;46,80;659
2018-06-22;47,00;47,50;47,00;47,50;2.711
2018-06-25;47,70;47,80;47,10;47,10;11.147
2018-06-26;47,50;47,50;47,10;47,50;2.935
2018-06-27;47,40;47,80;47,20;47,30;3.452
2018-06-28;47,30;47,90;47,10;47,10;4.282
2018-06-29;47,70;48,10;47,50;47,50;12.515
2018-07-02;47,20;47,80;47,20;47,30;2.256
2018-07-03;47,70;48,20;47,40;47,80;1.608
2018-07-04;48,00;48,40;47,90;48,40;3.888
2018-07-05;48,50;48,50;47,70;47,70;3.577
2018-07-06;48,30;48,30;47,80;47,80;4.279
2018-07-09;48,20;48,20;47,80;48,00;1.522
2018-07-10;47,70;48,10;47,60;47,80;4.027
2018-07-11;47,80;47,90;47,20;47,20;1.803
2018-07-12;47,50;47,80;47,50;47,50;9.960
2018-07-13;47,70;48,10;47,70;48,10;14.886
2018-07-16;48,00;48,10;47,70;48,00;6.581
2018-07-17;48,00;48,00;47,40;47,60;571
2018-07-18;47,60;48,20;47,60;47,90;5.816
2018-07-19;47,40;49,00;47,40;48,50;94.020
2018-07-20;48,80;49,80;48,80;49,60;9.417
2018-07-23;49,30;49,50;49,00;49,00;5.850
2018-07-24;49,30;49,30;48,70;49,20;7.720
2018-07-25;48,80;49,10;48,80;48,90;1.437
2018-07-26;48,90;49,00;48,70;48,90;4.778
2018-07-27;48,70;49,50;48,60;49,50;4.328
2018-07-30;48,80;49,40;48,50;48,50;5.055
2018-07-31;49,10;49,40;49,00;49,00;23.193
2018-08-01;49,40;49,60;49,00;49,00;2.604
2018-08-02;49,10;49,40;49,00;49,10;2.059
2018-08-03;49,40;49,60;49,30;49,60;7.041
2018-08-06;49,50;49,70;49,30;49,30;19.722
2018-08-07;49,60;50,00;49,60;50,00;8.762
2018-08-08;49,80;49,90;49,40;49,40;4.812
2018-08-09;49,80;49,90;49,60;49,90;1.312
2018-08-10;49,40;49,90;49,20;49,90;1.596
2018-08-13;49,20;49,40;48,90;49,20;2.915
2018-08-14;49,20;49,90;49,20;49,90;1.639
2018-08-15;49,30;49,70;49,20;49,20;8.816
2018-08-16;49,20;49,80;49,20;49,80;12.711
2018-08-17;49,70;49,90;49,30;49,90;1.621
2018-08-20;49,90;50,20;49,60;50,00;6.814
2018-08-21;50,00;50,00;49,60;50,00;4.310
2018-08-22;49,50;49,90;49,20;49,20;14.116
2018-08-23;49,70;49,90;49,70;49,90;4.786
2018-08-24;50,00;50,00;49,60;49,90;490
2018-08-27;49,80;49,90;49,70;49,90;1.313
2018-08-28;49,60;50,20;49,60;49,80;2.874
2018-08-29;49,90;50,20;49,80;50,00;2.581
2018-08-30;50,00;50,00;49,80;50,00;3.237
2018-08-31;49,70;49,80;48,90;49,20;1.892
2018-09-03;49,30;49,70;49,30;49,50;184
2018-09-04;49,40;49,40;48,60;48,60;500
2018-09-05;48,90;48,90;47,60;47,60;2.016
2018-09-06;47,80;48,10;47,50;47,50;969
2018-09-07;47,60;47,80;47,40;47,40;2.747
2018-09-10;47,70;48,40;47,70;48,40;6.201
2018-09-11;48,40;48,50;48,20;48,50;250
2018-09-12;48,60;48,60;48,40;48,60;1.043
2018-09-13;48,60;48,80;48,30;48,50;5.095
2018-09-14;48,40;48,50;48,20;48,30;1.646
2018-09-17;48,30;48,30;48,00;48,20;5.266
2018-09-18;48,20;48,40;48,10;48,20;1.450
2018-09-19;48,00;48,10;47,10;47,10;2.588
2018-09-20;47,00;47,80;47,00;47,80;3.756
2018-09-21;48,00;48,20;47,80;48,20;1.579
2018-09-24;48,20;48,30;47,50;48,30;1.991
2018-09-25;47,90;47,90;47,30;47,50;1.691
2018-09-26;47,40;47,70;47,40;47,50;4.528
2018-09-27;47,60;48,10;47,50;47,80;9.303
2018-09-28;48,30;48,30;47,80;47,90;2.746
2018-10-01;48,00;49,00;47,90;49,00;2.470
2018-10-02;48,20;48,20;47,40;47,70;6.481
2018-10-03;47,70;48,20;47,70;48,20;2.554
2018-10-04;48,10;48,10;46,80;46,80;12.964
2018-10-05;47,50;48,30;46,50;48,30;11.236
2018-10-08;47,10;47,10;46,60;46,90;1.651
2018-10-09;46,90;47,00;46,50;47,00;2.461
2018-10-10;46,80;46,90;46,60;46,80;278
2018-10-11;46,40;46,90;45,80;45,80;16.428
2018-10-12;45,70;45,90;45,40;45,40;3.352
2018-10-15;45,60;46,20;45,30;46,20;5.979
2018-10-16;46,10;46,90;46,10;46,90;4.208
2018-10-17;46,50;46,80;46,20;46,20;918
2018-10-18;45,90;46,30;45,60;45,90;2.642
2018-10-19;46,30;47,90;46,30;47,70;7.261
2018-10-22;48,00;48,10;47,40;47,50;2.584
2018-10-23;47,00;48,20;47,00;47,20;4.443
2018-10-24;48,00;48,50;48,00;48,10;12.738
2018-10-25;47,90;48,50;47,90;48,50;3.943
2018-10-26;48,40;48,40;47,20;48,00;3.899
2018-10-29;47,50;48,20;47,30;48,20;1.667
2018-10-30;48,30;48,30;46,90;47,50;9.296
2018-10-31;48,00;48,30;47,40;47,70;16.769
2018-11-01;47,20;47,60;47,20;47,40;1.864
2018-11-02;47,50;47,50;47,00;47,40;2.181
2018-11-05;47,50;47,70;47,20;47,60;4.675
2018-11-06;47,70;47,70;47,30;47,70;2.816
2018-11-07;47,80;48,00;47,60;47,70;17.384
2018-11-08;47,90;48,10;47,60;47,60;2.264
2018-11-09;47,80;48,60;47,80;48,60;2.308
2018-11-12;48,70;48,70;48,30;48,30;1.348
2018-11-13;48,90;48,90;48,60;48,70;3.810
2018-11-14;48,70;48,90;48,40;48,40;2.654
2018-11-15;48,30;49,20;48,30;49,20;8.996
2018-11-16;49,20;49,40;48,70;49,40;1.942
2018-11-19;49,20;49,30;48,70;48,70;9.148
2018-11-20;48,90;49,20;48,50;48,80;1.754
2018-11-21;49,00;49,20;48,80;48,80;5.906
2018-11-22;48,90;49,20;48,60;48,80;8.964
2018-11-23;48,50;49,00;48,50;49,00;2.952
2018-11-26;49,20;49,20;48,20;48,20;4.254
2018-11-27;49,00;49,10;48,70;49,10;6.880
2018-11-28;49,20;49,50;48,80;49,50;20.189
2018-11-29;49,10;49,40;48,50;48,90;2.544
2018-11-30;48,90;49,10;48,80;48,80;5.681
2018-12-03;49,20;49,40;48,70;48,70;1.535
2018-12-04;48,20;49,50;48,20;49,20;6.610
2018-12-05;49,20;49,40;48,80;48,80;4.225
2018-12-06;48,60;48,80;48,00;48,00;6.115
2018-12-07;48,60;49,20;48,10;48,90;1.880
2018-12-10;48,70;49,10;48,20;48,20;4.705
2018-12-11;48,40;49,30;48,40;48,80;3.274
2018-12-12;49,50;49,90;49,30;49,40;10.643
2018-12-13;50,00;50,00;49,40;50,00;12.755
2018-12-14;49,60;49,70;49,30;49,30;4.553
2018-12-17;49,30;49,40;48,50;49,40;7.085
2018-12-18;48,90;48,90;48,00;48,10;3.545
2018-12-19;48,20;48,20;47,70;47,80;3.301
2018-12-20;48,00;48,60;47,60;48,60;2.774
2018-12-21;47,80;48,10;47,00;48,10;4.167
2018-12-24;47,80;47,80;47,10;47,10;5.295
2018-12-27;47,50;47,60;46,10;47,40;12.287
2018-12-28;47,00;47,20;46,60;46,80;3.261
2018-12-31;46,80;47,40;46,70;47,40;2.294
2019-01-02;46,90;47,30;46,80;47,10;8.107
2019-01-03;47,20;47,20;46,60;47,10;826
2019-01-04;47,40;48,00;46,60;48,00;2.369
2019-01-07;47,50;47,50;46,50;46,90;1.079
2019-01-08;46,50;46,70;46,30;46,40;10.513
2019-01-09;46,40;46,90;46,30;46,90;2.136
2019-01-10;46,00;46,90;45,90;46,90;7.494
2019-01-11;46,60;47,00;46,40;46,70;6.061
2019-01-14;46,80;46,80;46,00;46,00;6.118
2019-01-15;46,40;46,70;46,20;46,50;727
2019-01-16;46,70;46,70;46,00;46,00;1.211
2019-01-17;46,50;46,60;46,10;46,60;1.914
2019-01-18;46,60;46,90;46,40;46,80;18.072
2019-01-21;46,90;46,90;46,50;46,60;883
2019-01-22;46,90;47,70;46,50;47,70;682
2019-01-23;46,70;47,50;46,40;46,90;1.226
2019-01-24;47,00;47,40;46,90;46,90;2.563
2019-01-25;46,90;47,20;46,60;46,60;2.680
2019-01-28;46,60;46,70;46,10;46,20;2.982
2019-01-29;46,60;47,40;46,60;47,00;2.215
2019-01-30;46,70;47,30;46,70;47,20;1.075
2019-01-31;46,40;46,80;45,60;46,50;8.102
2019-02-01;46,90;47,30;46,90;47,10;1.480
2019-02-04;46,90;48,00;46,90;47,80;4.660
2019-02-05;47,90;48,80;47,80;48,60;2.206
2019-02-06;48,80;48,80;48,40;48,40;3.441
2019-02-07;48,40;48,60;48,20;48,60;6.289
2019-02-08;48,60;48,80;48,20;48,50;6.986
2019-02-11;48,60;48,80;48,20;48,80;6.352
2019-02-12;48,80;49,10;48,60;48,80;3.104
2019-02-13;49,40;49,40;49,00;49,40;11.047
2019-02-14;48,90;49,20;48,60;48,70;2.536
2019-02-15;49,00;49,20;48,70;48,70;7.637
2019-02-18;49,00;49,20;48,80;49,20;11.231
2019-02-19;49,00;49,10;48,80;48,90;648
2019-02-20;49,10;49,30;48,80;49,10;3.003
2019-02-21;49,30;49,70;49,30;49,40;2.221
2019-02-22;49,00;49,00;48,60;48,80;1.684
2019-02-25;49,00;49,00;48,40;48,40;1.442
2019-02-26;48,30;48,70;48,10;48,60;12.893
2019-02-27;48,30;48,30;47,00;47,80;6.124
2019-02-28;47,10;47,60;47,10;47,40;7.721
2019-03-01;47,80;47,90;47,00;47,10;6.088
2019-03-04;47,60;47,60;47,00;47,30;2.263
2019-03-05;47,40;47,80;47,20;47,80;5.643
2019-03-06;48,00;48,00;47,50;47,50;1.965
2019-03-07;48,00;48,50;47,50;47,50;6.436
2019-03-08;48,50;49,00;48,50;48,80;5.770
2019-03-11;48,80;49,00;48,10;48,10;4.690
2019-03-12;48,30;48,80;47,90;48,10;3.534
2019-03-13;48,70;49,00;48,70;48,80;5.422
2019-03-14;49,00;49,90;49,00;49,80;12.651
2019-03-15;50,00;50,60;49,80;50,60;29.435
2019-03-18;50,80;50,80;50,40;50,40;2.611
2019-03-19;50,40;50,60;50,20;50,20;10.564
2019-03-20;50,20;50,60;50,20;50,20;9.724
2019-03-21;50,60;51,20;50,60;50,60;9.576
2019-03-22;51,20;51,20;50,60;51,20;4.599
2019-03-25;51,00;51,20;50,80;51,20;7.650
2019-03-26;51,00;52,00;51,00;51,20;11.875
2019-03-27;51,60;51,80;51,20;51,60;23.091
2019-03-28;52,00;52,00;51,60;51,60;2.853
2019-03-29;51,80;52,00;51,60;51,60;5.279
2019-04-01;52,00;52,00;51,20;51,20;9.815
2019-04-02;51,60;52,00;51,60;51,80;5.641
2019-04-03;52,00;52,00;51,20;51,80;6.100
2019-04-04;51,80;52,20;51,80;52,00;10.244
2019-04-05;51,80;51,80;51,60;51,60;2.372
2019-04-08;51,80;51,80;51,40;51,40;2.256
2019-04-09;51,80;51,80;51,20;51,80;2.057
2019-04-10;51,00;51,60;51,00;51,40;6.999
2019-04-11;51,40;51,80;51,20;51,40;4.598
2019-04-12;51,80;51,80;50,80;50,80;976
2019-04-15;50,80;51,00;50,60;50,80;3.587
2019-04-16;50,80;51,20;50,60;51,20;3.705
2019-04-17;50,80;50,80;50,00;50,80;5.088
2019-04-18;51,20;52,60;51,20;52,20;6.381
2019-04-23;52,20;52,60;51,80;52,60;2.962
2019-04-24;52,60;52,60;52,00;52,60;3.075
2019-04-25;52,80;53,00;52,40;53,00;9.387
2019-04-26;53,00;53,20;52,40;53,20;6.027
2019-04-29;53,20;53,40;52,60;53,40;7.537
2019-04-30;53,00;54,00;53,00;54,00;6.132
2019-05-02;53,00;53,40;53,00;53,40;11.012
2019-05-03;53,60;54,00;53,40;53,60;8.682
2019-05-06;53,20;53,60;53,20;53,60;7.841
2019-05-07;53,40;54,00;53,40;53,40;1.210
2019-05-08;53,20;53,60;53,20;53,60;1.593
2019-05-09;53,60;53,80;53,00;53,00;2.305
2019-05-10;53,00;53,40;52,80;52,80;2.564
2019-05-13;53,60;53,60;52,80;53,40;6.756
2019-05-14;53,00;53,00;52,80;53,00;5.076
2019-05-15;52,80;53,60;52,80;53,60;6.906
2019-05-16;53,20;54,00;53,20;54,00;4.953
2019-05-17;54,20;54,40;54,00;54,40;1.967
2019-05-20;54,40;54,60;53,80;53,80;7.306
2019-05-21;54,00;54,40;53,80;53,80;1.617
2019-05-22;54,00;54,60;54,00;54,60;2.570
2019-05-23;54,60;54,60;53,80;54,20;3.440
2019-05-24;54,60;54,80;54,20;54,80;5.782
2019-05-27;54,60;55,00;54,40;54,40;930
2019-05-28;54,60;55,00;54,40;54,60;1.975
2019-05-29;54,60;54,60;53,60;54,40;5.429
2019-05-30;54,00;54,60;54,00;54,60;4.786
2019-05-31;54,60;54,60;53,80;53,80;3.579
2019-06-03;54,00;54,40;53,40;54,40;3.439
2019-06-04;54,00;54,00;53,20;53,40;749
2019-06-05;53,80;54,00;53,40;53,60;308
2019-06-06;54,00;54,20;53,80;53,80;3.263
2019-06-07;53,80;54,40;53,80;54,00;2.647
2019-06-10;53,80;54,20;53,60;54,20;1.905
2019-06-11;54,00;54,40;53,80;54,20;2.607
2019-06-12;54,20;55,00;54,00;55,00;2.052
2019-06-13;54,40;55,00;54,40;54,60;5.801
2019-06-14;54,60;54,80;54,20;54,60;2.080
2019-06-17;54,60;54,80;54,20;54,40;2.717
2019-06-18;54,60;55,40;54,20;55,20;12.818
2019-06-19;54,80;54,80;54,40;54,40;4.497
2019-06-20;54,60;55,00;54,00;54,00;1.893
2019-06-21;54,00;54,20;53,60;53,80;4.951
2019-06-24;53,80;54,60;53,80;54,20;2.945
2019-06-25;54,60;54,60;54,00;54,60;957
2019-06-26;54,40;54,40;53,40;53,40;3.873
2019-06-27;53,60;53,60;52,60;53,60;2.420
2019-06-28;53,40;53,60;53,00;53,40;7.860
2019-07-01;54,40;54,40;53,40;53,80;1.371.947
2019-07-02;53,60;54,38;53,60;54,35;3.169.388
2019-07-03;54,69;55,28;54,41;55,10;2.337.446
2019-07-04;55,35;55,35;54,52;54,94;1.930.880
2019-07-05;54,93;55,06;54,37;54,78;2.392.319
2019-07-08;54,97;55,09;54,67;54,82;1.921.384
2019-07-09;54,63;54,84;54,13;54,25;3.235.645
2019-07-10;54,04;54,22;53,53;54,01;2.709.367
2019-07-11;54,03;54,20;53,71;53,84;2.989.465
2019-07-12;54,00;54,04;53,52;53,90;2.437.572
2019-07-15;53,98;54,22;53,53;54,00;2.520.887
2019-07-16;54,00;54,64;53,75;54,31;3.020.805
2019-07-17;54,32;54,66;53,94;54,11;2.964.775
2019-07-18;54,25;54,63;53,96;54,17;3.025.305
2019-07-19;54,36;54,70;53,74;53,77;3.284.233
2019-07-22;53,71;54,05;53,33;53,77;2.421.527
2019-07-23;54,01;54,75;53,92;54,31;3.023.831
2019-07-24;54,27;54,48;53,87;53,89;3.045.567
2019-07-25;54,40;54,40;52,30;52,75;5.813.069
2019-07-26;52,99;53,00;52,25;52,49;3.324.002
2019-07-29;52,75;53,42;52,35;52,92;3.092.882
2019-07-30;52,92;53,24;52,59;52,85;3.337.184
2019-07-31;52,60;52,64;52,03;52,33;3.916.105
2019-08-01;52,36;53,31;51,94;52,78;4.100.670
2019-08-02;52,41;52,95;51,68;51,91;5.915.177
2019-08-05;51,45;51,98;50,84;50,92;4.073.147
2019-08-06;50,72;51,67;50,45;50,47;4.901.567
2019-08-07;50,20;50,89;50,10;50,75;4.993.515
2019-08-08;50,66;50,83;50,33;50,83;3.920.520
2019-08-09;50,84;51,05;50,51;50,80;4.599.189
2019-08-12;51,25;51,44;50,89;51,30;2.811.193
2019-08-13;51,31;51,72;50,84;51,27;4.380.399
2019-08-14;51,47;52,18;51,28;52,18;6.290.069
2019-08-15;52,15;52,84;51,83;52,57;5.766.382
2019-08-16;52,83;53,36;52,67;53,34;4.563.192
2019-08-19;53,60;54,41;53,49;54,35;3.676.594
2019-08-20;54,50;55,04;54,30;54,40;4.472.341
2019-08-21;54,43;54,94;54,37;54,94;3.152.597
2019-08-22;54,89;54,94;54,07;54,39;3.912.814
2019-08-23;54,70;54,89;54,12;54,14;2.834.323
2019-08-26;54,00;54,47;53,83;54,34;2.614.550
2019-08-27;54,40;55,14;53,97;55,14;4.435.548
2019-08-28;54,87;55,46;54,68;55,36;3.154.048
2019-08-29;55,25;56,39;55,19;55,63;3.820.122
2019-08-30;55,92;56,61;55,71;56,44;4.020.795
2019-09-02;56,80;57,40;56,49;56,93;2.795.668
2019-09-03;56,83;57,42;56,62;57,39;3.415.616
2019-09-04;57,49;57,73;57,17;57,56;3.061.313
2019-09-05;57,67;57,77;56,69;56,89;4.047.527
2019-09-06;56,77;57,27;56,56;56,78;3.447.862
2019-09-09;56,80;56,83;55,48;55,48;3.907.573
2019-09-10;55,61;55,79;54,48;54,48;6.272.448
2019-09-11;54,62;54,76;54,16;54,69;4.002.913
2019-09-12;54,97;55,63;54,15;55,00;4.529.650
2019-09-13;54,82;54,87;54,05;54,43;3.682.258
2019-09-16;54,02;54,39;53,91;53,96;3.212.410
2019-09-17;53,97;54,80;53,75;54,71;3.538.693
2019-09-18;54,66;54,80;54,22;54,64;2.602.123
2019-09-19;54,42;54,80;54,36;54,47;3.066.170
2019-09-20;54,70;54,70;53,78;53,80;9.794.252
2019-09-23;53,88;54,58;53,80;54,35;3.462.753
2019-09-24;54,37;54,83;54,12;54,69;2.932.047
2019-09-25;54,70;55,04;54,02;54,39;3.846.741
2019-09-26;54,03;55,03;53,79;55,02;3.237.072
2019-09-27;55,25;55,57;54,84;55,04;2.679.130
2019-09-30;55,04;55,31;54,65;55,15;3.435.711
2019-10-01;55,43;55,70;54,88;55,19;4.976.791
2019-10-02;55,40;55,56;54,10;54,10;5.686.704
2019-10-03;54,15;54,33;53,86;54,10;3.966.495
2019-10-04;54,25;54,50;53,87;54,23;3.989.563
2019-10-07;54,44;54,80;54,30;54,75;2.883.982
2019-10-08;54,66;55,02;54,14;54,14;2.961.983
2019-10-09;53,90;54,74;53,88;54,25;2.811.964
2019-10-10;54,38;54,44;53,46;54,11;3.803.894
2019-10-11;54,15;54,15;53,31;53,61;5.550.486
2019-10-14;53,66;53,87;53,35;53,40;3.093.244
2019-10-15;53,39;53,70;52,12;53,07;4.953.620
2019-10-16;53,31;54,07;53,25;54,01;5.383.236
2019-10-17;54,82;54,94;54,05;54,45;5.857.480
2019-10-18;54,41;54,43;53,73;54,07;4.312.051
2019-10-21;54,14;54,22;53,06;53,51;3.656.337
2019-10-22;53,28;53,72;52,82;53,71;3.268.674
2019-10-23;53,67;53,85;52,99;53,14;4.663.442
2019-10-24;53,17;53,47;52,92;53,00;5.211.212
2019-10-25;53,05;53,24;52,62;53,24;3.037.352
2019-10-28;53,01;53,04;52,19;52,19;4.228.390
2019-10-29;52,37;52,68;51,89;52,49;4.064.675
2019-10-30;52,55;53,15;52,26;52,95;3.995.238
2019-10-31;52,74;53,23;52,68;52,95;4.885.107
2019-11-01;53,29;53,39;52,56;52,70;2.960.303
2019-11-04;52,85;52,85;52,21;52,50;4.585.729
2019-11-05;52,35;53,06;52,15;52,99;4.125.493
2019-11-06;53,08;54,32;52,67;54,20;4.371.916
2019-11-07;54,25;54,29;53,57;53,91;2.776.889
2019-11-08;53,81;54,72;53,80;54,36;3.871.827
2019-11-11;54,45;54,73;53,81;54,04;3.852.518
2019-11-12;54,23;54,24;53,73;53,93;3.070.261
2019-11-13;54,00;54,33;53,89;54,15;2.959.656
2019-11-14;54,20;54,64;53,47;53,70;2.829.521
2019-11-15;53,64;53,84;53,09;53,48;3.214.097
2019-11-18;53,54;53,86;53,16;53,67;3.264.872
2019-11-19;53,54;53,79;53,44;53,54;3.444.278
2019-11-20;53,72;53,72;52,96;53,23;2.849.970
2019-11-21;53,16;53,21;52,59;52,71;3.970.721
2019-11-22;52,72;52,86;52,54;52,65;2.964.918
2019-11-25;52,80;52,80;52,37;52,49;3.931.305
2019-11-26;52,52;53,23;52,15;53,22;6.365.397
2019-11-27;53,53;53,54;53,10;53,39;2.928.670
2019-11-28;53,39;53,62;53,23;53,51;1.638.812
2019-11-29;53,54;53,98;53,24;53,80;3.481.992
2019-12-02;54,14;54,53;53,13;53,26;5.436.887
2019-12-03;53,67;53,73;53,18;53,37;3.214.591
2019-12-04;53,44;53,91;53,36;53,84;2.911.926
2019-12-05;54,07;54,07;53,41;53,51;2.891.969
2019-12-06;53,91;54,50;53,29;54,38;3.601.470
2019-12-09;54,32;54,61;53,96;54,47;2.365.207
2019-12-10;54,60;54,64;53,57;54,41;3.141.514
2019-12-11;54,18;54,48;53,69;54,00;3.729.605
2019-12-12;53,85;54,18;53,71;53,77;3.790.127
2019-12-13;53,60;54,36;53,38;54,18;3.994.631
2019-12-16;54,50;55,19;54,32;54,99;3.580.707
2019-12-17;52,52;52,79;51,07;51,45;16.107.351
2019-12-18;51,00;51,71;50,92;50,95;6.048.194
2019-12-19;51,00;51,41;50,74;51,18;4.998.653
2019-12-20;51,31;51,84;51,13;51,68;7.542.155
2019-12-23;51,68;52,22;51,51;51,82;2.592.498
2019-12-24;51,49;51,49;51,22;51,45;954.057
2019-12-27;51,60;52,03;51,43;51,93;2.875.209
2019-12-30;52,06;52,12;51,46;51,46;2.241.601
2019-12-31;51,35;51,62;51,22;51,23;915.924
2020-01-02;51,58;51,71;51,34;51,38;3.016.236
2020-01-03;51,05;51,40;50,95;51,36;2.832.199
2020-01-06;51,01;51,14;50,66;50,96;3.739.973
2020-01-07;50,94;51,06;50,45;50,51;4.408.806
2020-01-08;49,90;50,24;49,50;49,82;6.031.771
2020-01-09;50,18;50,36;49,99;50,16;4.022.212
2020-01-10;50,25;50,56;50,07;50,30;3.247.018
2020-01-13;50,38;50,40;50,03;50,26;3.029.957
2020-01-14;50,34;50,51;49,93;50,22;3.348.959
2020-01-15;50,26;50,72;50,24;50,52;3.925.997
2020-01-16;50,54;50,84;50,43;50,68;3.633.920
2020-01-17;50,68;51,19;50,59;51,07;4.157.811
2020-01-20;51,10;51,17;50,91;51,04;1.996.173
2020-01-21;51,00;51,33;50,81;51,16;3.532.179
2020-01-22;51,17;51,33;50,93;51,11;3.743.592
2020-01-23;51,10;51,20;50,75;50,94;3.787.267
2020-01-24;51,49;52,16;51,36;51,86;4.440.714
2020-01-27;51,85;51,94;50,94;51,33;5.100.076
2020-01-28;51,54;52,07;51,39;51,88;4.311.913
2020-01-29;51,83;52,05;51,04;51,49;4.373.070
2020-01-30;51,95;52,82;51,76;52,45;6.614.898
2020-01-31;53,50;53,50;52,66;52,70;6.768.874
2020-02-03;52,96;53,26;52,51;52,97;4.157.252
2020-02-04;53,18;53,30;52,75;53,19;4.579.876
2020-02-05;52,91;54,02;52,86;53,97;4.719.273
2020-02-06;53,90;54,57;53,74;54,42;4.447.390
2020-02-07;54,30;54,64;54,24;54,51;3.926.356
2020-02-10;54,45;54,59;54,22;54,52;2.697.951
2020-02-11;54,54;54,95;54,37;54,75;3.479.213
2020-02-12;54,84;54,88;54,47;54,78;3.385.912
2020-02-13;54,44;54,72;53,98;54,70;4.181.362
2020-02-14;54,76;54,88;54,49;54,85;3.176.822
2020-02-17;55,00;55,39;54,90;55,00;2.319.605
2020-02-18;54,92;55,22;54,74;55,05;2.544.382
2020-02-19;54,96;55,31;54,74;54,86;3.542.047
2020-02-20;54,48;54,48;53,65;54,05;4.052.263
2020-02-21;54,06;54,14;53,54;53,92;3.963.196
2020-02-24;53,20;53,42;51,84;52,34;6.494.906
2020-02-25;52,40;52,50;51,47;51,52;5.507.823
2020-02-26;51,28;51,34;50,20;51,16;6.475.840
2020-02-27;50,50;51,06;49,52;49,87;7.666.339
2020-02-28;49,00;49,00;47,02;47,62;11.583.420
2020-03-02;48,09;48,92;47,29;48,53;9.373.781
2020-03-03;49,04;49,97;48,64;49,33;7.870.450
2020-03-04;49,29;50,53;49,10;50,40;5.552.385
2020-03-05;51,00;51,05;50,17;50,83;5.174.469
2020-03-06;49,99;50,62;48,76;49,05;7.343.325
2020-03-09;46,96;48,19;46,54;47,05;11.470.154
2020-03-10;47,59;48,29;45,65;45,83;10.617.128
2020-03-11;46,97;47,04;45,80;46,05;8.025.947
2020-03-12;44,26;44,90;41,80;42,75;13.804.158
2020-03-13;43,34;45,07;41,60;42,22;11.160.157
2020-03-16;40,20;41,09;38,42;40,29;12.309.687
2020-03-17;41,33;44,23;40,17;43,23;10.953.106
2020-03-18;42,28;45,31;41,34;43,45;9.971.637
2020-03-19;43,91;47,17;42,76;45,60;9.398.750
2020-03-20;47,39;48,26;43,51;44,80;16.680.961
2020-03-23;42,60;44,69;41,33;41,92;9.877.233
2020-03-24;42,50;42,74;41,01;42,20;9.474.052
2020-03-25;42,57;43,44;41,26;42,47;7.340.664
2020-03-26;41,98;43,24;41,42;43,24;6.885.650
2020-03-27;42,42;42,84;41,64;42,61;6.486.669
2020-03-30;42,64;43,75;41,67;43,75;5.143.421
2020-03-31;44,67;44,93;43,63;44,81;7.177.516
2020-04-01;43,58;44,11;42,79;43,78;5.854.226
2020-04-02;43,71;44,59;43,57;44,51;5.607.748
2020-04-03;44,54;44,91;44,16;44,25;5.075.830
2020-04-06;45,50;45,92;45,31;45,71;4.573.893
2020-04-07;46,10;46,54;45,52;46,01;4.702.998
2020-04-08;45,09;45,50;44,58;45,50;4.369.043
2020-04-09;45,45;46,22;44,86;45,69;5.290.949
2020-04-14;46,19;46,96;45,83;46,68;5.537.563
2020-04-15;46,46;47,30;45,48;45,99;4.803.595
2020-04-16;45,80;46,26;45,30;45,80;4.835.036
2020-04-17;47,00;47,13;45,62;45,68;6.927.974
2020-04-20;46,32;47,67;46,09;47,67;5.695.940
2020-04-21;47,47;47,89;46,05;46,13;5.122.272
2020-04-22;46,45;47,00;46,38;46,70;4.301.592
2020-04-23;45,00;46,41;44,12;45,90;7.654.966
2020-04-24;45,36;45,95;45,09;45,27;5.366.194
2020-04-27;45,97;46,15;45,17;45,39;3.830.948
2020-04-28;45,33;45,63;44,78;45,18;5.363.444
2020-04-29;45,19;45,57;44,69;45,32;4.497.169
2020-04-30;45,65;46,54;45,21;45,58;6.281.282
2020-05-04;44,61;44,97;43,59;44,36;7.471.445
2020-05-05;44,45;44,80;44,06;44,45;6.536.658
2020-05-06;44,64;44,96;43,94;43,94;4.483.837
2020-05-07;44,03;44,72;43,82;44,70;4.721.865
2020-05-08;44,50;45,33;44,37;45,00;2.664.704
2020-05-11;45,20;45,57;44,82;45,47;3.758.381
2020-05-12;45,18;45,88;45,07;45,87;3.867.030
2020-05-13;45,31;45,89;45,25;45,45;4.470.975
2020-05-14;44,80;45,09;44,17;44,35;6.613.966
2020-05-15;44,50;44,94;44,28;44,33;4.674.167
2020-05-18;44,82;45,43;44,75;45,23;4.633.658
2020-05-19;45,74;45,77;44,32;44,34;5.492.993
2020-05-20;44,05;44,91;44,04;44,48;4.588.471
2020-05-21;44,19;44,48;44,06;44,28;2.564.830
2020-05-22;43,74;44,09;43,35;44,05;3.342.928
2020-05-25;44,16;44,92;44,06;44,88;1.736.065
2020-05-26;45,04;45,12;43,96;44,40;4.078.314
2020-05-27;44,31;45,17;43,87;45,17;6.279.127
2020-05-28;45,14;46,29;44,97;46,23;5.035.532
2020-05-29;46,02;46,64;45,35;46,49;8.646.284
2020-06-01;46,65;46,72;46,26;46,66;3.056.397
2020-06-02;46,88;47,05;46,53;46,62;5.588.699
2020-06-03;47,00;47,66;46,64;47,52;5.344.970
2020-06-04;47,14;47,73;46,98;47,25;4.688.028
2020-06-05;47,15;47,90;46,88;47,85;5.547.227
2020-06-08;47,17;47,65;46,74;47,40;5.836.773
2020-06-09;47,48;47,91;46,60;46,85;5.695.839
2020-06-10;46,80;47,47;46,56;47,16;4.492.368
2020-06-11;47,96;49,20;47,39;47,39;10.144.271
2020-06-12;47,55;47,63;46,54;47,33;6.429.787
2020-06-15;46,75;47,25;45,76;46,98;4.586.327
2020-06-16;47,62;48,75;47,21;48,68;5.181.766
2020-06-17;48,56;49,60;48,44;49,54;5.125.019
2020-06-18;49,26;49,79;48,97;49,25;4.091.456
2020-06-19;49,61;50,60;49,56;50,50;12.132.788
2020-06-22;49,90;50,60;49,50;49,50;3.564.173
2020-06-23;49,45;49,63;49,14;49,51;3.688.852
2020-06-24;49,42;49,48;48,72;48,82;4.362.957
2020-06-25;48,69;49,21;48,20;48,75;3.579.853
2020-06-26;48,59;49,60;48,56;49,07;3.358.671
2020-06-29;48,31;48,47;47,61;47,83;4.975.590
2020-06-30;47,70;48,21;47,13;47,25;5.304.355
2020-07-01;47,28;47,59;46,69;47,48;3.291.687
2020-07-02;47,66;48,51;47,33;48,46;3.349.499
2020-07-03;48,60;48,60;47,23;47,36;2.183.727
2020-07-06;47,79;48,11;47,35;47,56;3.110.860
2020-07-07;47,26;47,47;46,74;46,92;2.819.424
2020-07-08;47,08;47,18;46,53;46,66;3.185.108
2020-07-09;46,65;46,98;46,42;46,44;3.314.751
2020-07-10;45,70;46,59;45,67;46,28;4.058.531
2020-07-13;46,74;47,14;46,56;46,88;2.612.537
2020-07-14;47,00;47,04;46,59;46,80;2.792.101
2020-07-15;47,01;47,61;47,01;47,45;4.391.027
2020-07-16;46,60;47,10;46,39;46,99;3.158.372
2020-07-17;47,19;47,61;46,97;47,40;2.887.802
2020-07-20;47,47;47,75;47,03;47,30;2.104.651
2020-07-21;47,35;48,01;47,12;47,54;2.615.645
2020-07-22;47,23;47,33;46,50;46,86;3.680.431
2020-07-23;50,20;51,34;49,70;50,50;9.660.345
2020-07-24;50,50;51,34;49,97;50,54;4.229.498
2020-07-27;50,40;51,28;50,36;50,70;3.024.941
2020-07-28;50,54;51,10;50,16;51,10;2.974.908
2020-07-29;51,50;52,40;51,34;51,74;3.755.205
2020-07-30;51,66;51,74;50,12;50,82;3.567.967
2020-07-31;50,28;50,70;50,02;50,08;3.725.094
2020-08-03;50,32;51,66;50,10;51,16;4.049.303
2020-08-04;51,30;51,38;50,66;51,02;2.488.605
2020-08-05;51,28;51,58;50,70;50,72;2.815.457
2020-08-06;50,28;50,28;49,66;49,89;3.306.323
2020-08-07;49,60;49,86;49,28;49,28;3.009.971
2020-08-10;49,53;49,96;49,39;49,46;2.559.226
2020-08-11;49,69;50,12;48,92;49,02;2.731.907
2020-08-12;49,10;50,06;49,00;49,99;2.973.483
2020-08-13;49,90;50,08;49,56;49,84;1.882.679
2020-08-14;49,69;49,72;48,77;49,50;2.539.616
2020-08-17;49,43;49,53;48,98;49,41;2.567.641
2020-08-18;49,34;49,57;48,93;49,03;3.088.337
2020-08-19;49,00;49,67;48,84;49,58;2.378.223
2020-08-20;49,11;49,59;48,96;49,42;2.751.356
2020-08-21;49,41;49,61;48,52;49,16;3.362.953
2020-08-24;49,49;50,10;49,39;49,73;2.642.648
2020-08-25;49,70;50,20;49,47;49,47;2.357.319
2020-08-26;49,50;49,72;49,11;49,71;1.578.624
2020-08-27;49,83;50,56;49,60;50,02;2.316.262
2020-08-28;50,02;50,14;48,81;48,98;3.039.963
2020-09-01;48,85;49,10;48,21;48,69;2.588.805
2020-09-02;48,82;50,08;48,77;49,95;3.001.522
2020-09-03;50,20;50,66;49,53;49,83;3.074.781
2020-09-04;49,40;49,72;48,44;48,82;3.743.505
2020-09-07;48,89;49,72;48,67;49,54;1.620.071
2020-09-08;49,57;49,94;49,25;49,69;3.440.958
2020-09-09;49,83;51,74;49,83;51,48;4.017.298
2020-09-10;51,42;51,58;50,84;51,20;2.654.188
2020-09-11;51,26;51,88;50,96;51,58;2.571.167
2020-09-14;52,00;52,04;51,32;51,42;2.073.140
2020-09-15;51,30;52,28;51,14;52,00;2.427.686
2020-09-16;51,96;52,28;51,80;52,08;2.329.468
2020-09-17;51,70;52,20;51,42;52,02;2.896.580
2020-09-18;52,24;52,24;50,94;50,98;8.189.126
2020-09-21;50,78;50,84;49,65;49,84;4.421.688
2020-09-22;49,87;50,94;49,67;50,56;3.079.974
2020-09-23;50,80;51,52;50,74;50,96;3.077.975
2020-09-24;50,68;51,46;50,46;50,58;2.667.898
2020-09-25;50,90;51,38;50,38;51,04;2.784.970
2020-09-28;51,24;52,32;51,06;52,18;3.737.582
2020-10-01;51,92;52,28;51,34;51,72;3.008.083
2020-10-02;51,64;52,42;51,22;52,40;3.061.363
