2014-01-02;42,53;42,71;41,83;41,91;218.563
2014-01-03;42,17;42,46;41,97;42,35;151.381
2014-01-06;42,40;42,50;41,74;41,78;134.358
2014-01-07;41,93;42,05;41,17;41,18;236.032
2014-01-08;41,24;41,28;40,54;40,91;378.100
2014-01-09;40,93;41,00;40,53;40,59;195.249
2014-01-10;40,65;40,99;40,58;40,79;139.520
2014-01-13;40,91;41,30;40,68;41,30;149.703
2014-01-14;41,08;41,84;40,94;41,83;212.975
2014-01-15;42,01;42,22;41,50;42,13;214.958
2014-01-16;42,23;42,78;42,10;42,78;273.301
2014-01-17;42,69;44,14;42,62;43,55;349.323
2014-01-20;43,63;43,95;43,56;43,83;128.155
2014-01-21;43,95;44,03;43,67;43,88;205.528
2014-01-22;43,89;44,00;43,42;43,50;164.588
2014-01-23;43,50;43,82;43,12;43,12;213.720
2014-01-24;43,10;43,19;41,53;41,94;273.417
2014-01-27;41,90;41,92;41,40;41,67;165.233
2014-01-28;41,64;41,93;41,19;41,74;233.335
2014-01-29;41,91;42,07;41,37;41,85;327.844
2014-01-30;41,96;42,03;41,34;41,63;222.318
2014-01-31;41,63;41,73;40,66;40,78;319.518
2014-02-03;40,70;41,07;40,24;40,38;319.582
2014-02-04;40,19;40,44;39,95;40,40;322.747
2014-02-05;40,46;40,50;40,13;40,33;221.702
2014-02-06;40,50;41,05;40,41;40,89;262.565
2014-02-07;40,95;41,36;40,89;41,28;270.640
2014-02-10;41,27;41,98;41,17;41,60;260.075
2014-02-11;41,66;42,54;41,66;42,35;331.393
2014-02-12;42,45;43,06;42,04;42,18;300.106
2014-02-13;42,05;42,99;41,78;41,93;329.164
2014-02-14;41,90;42,17;41,90;41,99;273.126
2014-02-17;41,95;42,67;41,93;42,35;207.383
2014-02-18;42,35;42,59;42,25;42,39;138.509
2014-02-19;42,24;43,00;42,24;42,80;214.449
2014-02-20;42,41;42,97;42,41;42,91;204.381
2014-02-21;43,00;43,26;42,73;43,07;310.492
2014-02-24;42,90;43,49;42,90;43,41;171.474
2014-02-25;43,35;43,40;42,84;42,90;160.325
2014-02-26;42,90;42,97;42,40;42,46;245.921
2014-02-27;42,56;42,67;41,98;42,18;297.852
2014-02-28;42,16;42,45;40,19;42,44;672.073
2014-03-03;42,24;42,32;41,65;41,65;335.638
2014-03-04;42,06;42,23;41,75;41,89;271.843
2014-03-05;41,74;42,05;41,71;41,89;291.292
2014-03-06;42,00;42,00;41,32;41,46;296.454
2014-03-07;41,47;41,64;41,10;41,20;196.049
2014-03-10;41,28;41,47;40,91;41,39;365.557
2014-03-11;41,46;41,46;40,77;40,81;258.241
2014-03-12;40,62;40,78;40,22;40,34;261.961
2014-03-13;40,49;40,49;39,66;39,67;332.168
2014-03-14;39,60;40,00;39,21;39,87;288.008
2014-03-17;40,00;40,19;39,82;40,00;257.158
2014-03-18;40,08;41,07;39,90;40,76;192.784
2014-03-19;40,70;40,87;40,30;40,42;178.687
2014-03-20;40,21;40,47;39,83;40,47;163.241
2014-03-21;40,26;40,27;39,40;39,97;990.100
2014-03-24;39,98;40,02;39,59;39,73;652.161
2014-03-25;39,77;40,37;39,77;40,37;289.130
2014-03-26;40,38;40,55;39,80;39,90;333.669
2014-03-27;39,94;40,45;39,61;40,45;361.509
2014-03-28;40,49;41,11;40,49;40,95;185.305
2014-03-31;41,22;41,29;40,53;40,53;183.765
2014-04-01;40,72;40,77;39,91;40,10;228.314
2014-04-02;40,12;40,16;39,95;40,08;223.875
2014-04-03;40,23;40,65;40,02;40,28;181.111
2014-04-04;40,20;40,82;40,20;40,82;187.633
2014-04-07;40,73;40,81;40,42;40,74;152.138
2014-04-08;40,80;41,04;40,50;40,76;202.664
2014-04-09;40,92;41,46;40,81;41,46;195.576
2014-04-10;41,59;41,79;41,25;41,45;198.579
2014-04-11;41,24;41,73;40,99;41,69;197.541
2014-04-14;41,65;41,94;41,45;41,85;291.793
2014-04-15;41,99;42,19;41,76;42,10;207.837
2014-04-16;42,31;42,50;41,45;42,08;182.977
2014-04-17;42,05;42,05;40,99;41,09;267.854
2014-04-22;41,23;41,84;41,09;41,84;266.704
2014-04-23;38,06;39,37;37,13;38,58;1.500.195
2014-04-24;38,73;38,73;37,39;37,49;651.117
2014-04-25;36,34;36,69;35,07;35,43;1.290.717
2014-04-28;34,82;36,25;34,82;35,98;558.709
2014-04-29;36,04;36,40;35,57;35,69;314.109
2014-04-30;35,56;35,96;35,55;35,89;353.281
2014-05-02;36,06;36,61;35,62;35,90;497.771
2014-05-05;35,99;36,00;35,47;35,83;171.837
2014-05-06;35,79;35,93;35,45;35,57;294.484
2014-05-07;35,41;35,54;35,00;35,06;325.987
2014-05-08;35,02;35,46;34,87;35,02;284.591
2014-05-09;34,91;35,81;34,90;35,76;304.063
2014-05-12;35,87;37,27;35,83;37,17;494.012
2014-05-13;37,20;37,54;36,74;37,51;459.370
2014-05-14;37,44;37,61;36,97;37,06;258.241
2014-05-15;37,09;37,38;36,96;37,15;184.352
2014-05-16;37,00;37,53;36,92;37,53;218.613
2014-05-19;37,60;38,51;37,44;38,39;316.653
2014-05-20;38,35;38,41;38,04;38,15;260.940
2014-05-21;38,15;38,37;38,00;38,16;191.711
2014-05-22;38,10;38,33;37,48;37,64;233.397
2014-05-23;37,76;38,67;37,64;38,60;278.104
2014-05-26;38,62;38,90;38,43;38,70;152.423
2014-05-27;38,58;38,79;38,22;38,24;212.923
2014-05-28;38,10;38,45;37,54;37,65;249.340
2014-05-29;37,80;38,38;37,79;38,01;232.026
2014-05-30;37,88;38,06;37,38;37,38;252.493
2014-06-02;37,74;37,92;37,27;37,87;248.405
2014-06-03;37,94;38,27;37,80;38,00;165.764
2014-06-04;38,00;38,14;37,35;37,58;190.406
2014-06-05;37,80;38,04;37,62;37,70;174.400
2014-06-06;37,84;38,17;37,69;37,75;363.727
2014-06-09;37,71;38,50;37,70;38,24;169.537
2014-06-10;38,14;38,35;37,60;37,83;219.160
2014-06-11;37,83;37,98;37,66;37,80;302.649
2014-06-12;37,80;38,05;37,80;37,91;261.336
2014-06-13;38,00;38,09;37,70;37,93;195.257
2014-06-16;37,96;37,98;37,69;37,77;424.635
2014-06-17;37,70;37,84;37,55;37,77;475.961
2014-06-18;37,71;38,23;37,37;37,45;307.485
2014-06-19;37,58;37,81;37,09;37,32;359.728
2014-06-20;37,37;37,70;37,25;37,32;406.546
2014-06-23;37,32;37,38;36,83;37,00;244.920
2014-06-24;37,03;37,10;36,77;36,96;164.225
2014-06-25;37,02;37,02;35,60;35,92;399.664
2014-06-26;35,95;36,09;35,65;35,89;242.895
2014-06-27;35,90;36,12;35,71;35,81;223.516
2014-06-30;35,86;35,97;35,58;35,70;185.111
2014-07-01;35,70;35,70;35,28;35,46;244.783
2014-07-02;35,45;36,37;35,40;36,05;723.612
2014-07-03;36,21;36,21;35,52;35,53;377.559
2014-07-04;35,58;35,97;35,55;35,82;177.816
2014-07-07;35,69;35,77;33,97;34,08;481.692
2014-07-08;34,07;34,19;33,48;33,60;428.501
2014-07-09;33,55;33,73;33,48;33,60;342.566
2014-07-10;33,68;33,76;32,91;33,25;401.250
2014-07-11;33,34;33,48;33,03;33,16;192.629
2014-07-14;33,33;33,76;33,04;33,58;170.500
2014-07-15;33,61;34,05;33,32;33,32;236.339
2014-07-16;33,40;33,71;33,19;33,57;314.827
2014-07-17;33,42;33,62;33,13;33,31;152.792
2014-07-18;33,23;33,27;32,97;33,09;151.397
2014-07-21;33,26;33,26;32,73;32,96;116.110
2014-07-22;32,96;33,13;32,69;33,00;159.780
2014-07-23;33,05;33,48;32,97;33,25;229.688
2014-07-24;33,24;33,59;33,12;33,30;181.150
2014-07-25;33,27;33,27;32,90;33,03;180.892
2014-07-28;33,20;33,20;32,74;32,86;143.655
2014-07-29;33,00;33,45;32,88;33,40;180.835
2014-07-30;33,47;34,65;33,24;34,28;396.668
2014-07-31;34,29;34,78;34,29;34,65;546.570
2014-08-01;34,64;34,65;33,66;33,87;291.247
2014-08-04;34,00;34,13;33,46;33,49;227.230
2014-08-05;33,62;33,62;33,28;33,39;457.121
2014-08-06;33,37;33,48;33,03;33,15;243.287
2014-08-07;33,15;33,20;32,90;33,01;189.635
2014-08-08;32,91;32,95;32,32;32,44;413.038
2014-08-11;32,74;33,19;32,57;32,99;232.074
2014-08-12;32,99;33,66;32,97;33,30;436.880
2014-08-13;33,39;33,40;33,05;33,13;180.369
2014-08-14;33,11;33,30;32,85;33,09;309.883
2014-08-15;33,20;33,86;33,20;33,46;326.092
2014-08-18;33,81;33,99;33,76;33,93;111.387
2014-08-19;34,06;34,26;33,86;34,16;177.790
2014-08-20;36,98;40,27;36,55;38,76;1.499.681
2014-08-21;38,64;38,70;37,43;37,71;591.668
2014-08-22;38,00;38,77;38,00;38,15;390.534
2014-08-25;38,16;38,82;38,10;38,55;200.867
2014-08-26;38,80;39,37;38,55;39,03;272.468
2014-08-27;38,96;39,54;38,96;39,19;259.070
2014-08-28;39,23;39,74;38,96;39,29;259.500
2014-08-29;39,36;39,36;38,41;39,02;290.140
2014-09-01;39,00;39,42;38,90;39,09;135.166
2014-09-02;39,25;39,44;38,99;39,36;178.591
2014-09-03;39,38;39,65;39,19;39,37;184.067
2014-09-04;39,33;40,36;39,33;40,15;352.017
2014-09-05;40,00;41,57;39,97;40,75;409.883
2014-09-08;40,65;41,14;40,48;41,05;169.423
2014-09-09;41,00;41,91;40,95;41,61;605.145
2014-09-10;41,40;41,65;40,91;40,92;206.993
2014-09-11;41,08;41,50;40,97;41,15;210.245
2014-09-12;41,26;41,71;41,25;41,51;184.143
2014-09-15;41,19;42,12;41,19;42,12;269.091
2014-09-16;42,12;42,61;42,12;42,61;316.913
2014-09-17;42,62;42,80;42,17;42,17;350.154
2014-09-18;42,20;42,31;41,98;42,06;260.437
2014-09-19;42,13;42,21;41,80;42,14;302.389
2014-09-22;41,96;42,30;41,90;42,16;179.188
2014-09-23;42,10;42,10;40,72;40,91;301.968
2014-09-24;40,91;41,52;40,77;41,52;184.202
2014-09-25;41,52;41,73;41,44;41,71;208.569
2014-09-26;41,60;41,96;41,35;41,83;147.088
2014-09-29;41,80;42,37;41,68;42,32;179.887
2014-09-30;42,38;42,96;42,32;42,73;360.243
2014-10-01;42,72;43,52;42,53;43,52;367.483
2014-10-02;43,38;43,38;42,44;42,44;407.304
2014-10-03;42,62;42,71;41,92;41,95;258.771
2014-10-06;42,20;42,20;41,45;41,73;367.610
2014-10-07;41,68;41,73;41,18;41,25;305.606
2014-10-08;41,08;41,10;40,66;40,84;280.519
2014-10-09;41,16;41,38;40,66;40,97;283.530
2014-10-10;40,56;40,80;40,48;40,70;270.752
2014-10-13;40,35;40,35;39,82;39,93;203.581
2014-10-14;39,73;40,31;39,64;40,04;231.626
2014-10-17;39,57;39,84;39,37;39,71;399.440
2014-10-20;39,67;39,77;39,21;39,40;306.518
2014-10-21;39,25;40,28;39,09;40,28;347.854
2014-10-22;40,27;40,62;39,98;40,30;282.560
2014-10-23;40,15;40,30;39,73;40,09;372.632
2014-10-24;40,08;40,17;39,64;40,00;166.431
2014-10-27;40,17;40,45;39,64;39,89;158.440
2014-10-28;40,00;40,10;39,72;39,90;155.770
2014-10-29;39,97;40,25;39,88;39,98;217.471
2014-10-30;40,08;40,23;38,57;39,24;296.759
2014-10-31;39,49;39,98;38,81;39,96;279.902
2014-11-03;39,97;40,20;39,52;39,66;194.405
2014-11-04;39,56;39,93;39,29;39,44;150.998
2014-11-05;39,50;40,00;39,40;39,85;238.462
2014-11-06;39,68;40,22;39,68;39,98;195.131
2014-11-07;40,00;40,56;39,90;39,98;282.424
2014-11-10;39,90;41,56;39,89;40,67;456.224
2014-11-11;42,50;42,50;41,37;41,45;1.425.086
2014-11-12;41,51;41,86;41,34;41,51;585.978
2014-11-13;41,81;41,81;40,71;40,86;256.485
2014-11-14;41,05;41,05;39,87;40,56;510.188
2014-11-17;40,58;41,81;40,40;41,60;342.479
2014-11-18;41,60;41,86;41,40;41,79;161.235
2014-11-19;41,76;41,77;40,97;41,35;161.370
2014-11-20;41,43;41,75;41,16;41,70;171.860
2014-11-21;41,86;41,93;41,59;41,89;247.495
2014-11-24;42,00;42,00;41,51;41,58;161.830
2014-11-25;41,60;41,71;41,17;41,37;224.613
2014-11-26;41,26;41,38;40,84;40,94;149.089
2014-11-27;40,90;40,90;39,96;40,33;254.857
2014-11-28;40,27;40,40;39,80;40,40;337.764
2014-12-01;40,34;41,89;39,68;41,62;404.875
2014-12-02;41,62;42,02;41,42;41,50;367.534
2014-12-03;41,65;42,14;41,65;41,99;235.330
2014-12-04;41,92;42,89;41,83;42,71;299.635
2014-12-05;42,94;43,11;42,50;42,63;342.980
2014-12-08;42,65;43,21;42,37;43,19;306.684
2014-12-09;43,04;44,53;42,83;44,18;463.203
2014-12-10;44,45;44,55;42,91;42,91;404.503
2014-12-11;43,04;43,12;41,14;41,28;416.020
2014-12-12;41,29;41,62;40,67;41,21;251.050
2014-12-15;41,00;41,54;39,85;39,93;316.987
2014-12-16;40,11;40,24;39,38;40,00;360.742
2014-12-17;39,89;40,45;39,69;40,09;310.305
2014-12-18;40,49;41,88;40,34;41,65;230.295
2014-12-19;42,01;43,60;41,61;43,60;416.625
2014-12-22;43,83;44,41;43,70;44,21;228.273
2014-12-23;44,13;44,19;43,42;44,13;228.901
2014-12-24;44,23;44,44;43,88;43,95;49.940
2014-12-29;43,96;44,15;43,60;43,77;140.275
2014-12-30;43,74;43,74;43,04;43,34;124.929
2014-12-31;43,31;43,54;42,90;43,09;70.870
2015-01-02;43,36;43,75;42,74;43,27;136.319
2015-01-05;42,91;43,40;42,10;42,57;276.397
2015-01-06;42,53;43,06;42,24;42,78;272.913
2015-01-07;43,11;44,25;42,49;43,62;418.326
2015-01-08;44,05;46,41;43,76;46,00;629.753
2015-01-09;46,00;48,12;45,75;47,02;725.764
2015-01-12;47,33;50,00;47,12;49,81;671.648
2015-01-13;49,76;50,57;48,79;49,11;577.924
2015-01-14;49,02;49,92;48,11;49,46;534.935
2015-01-15;50,00;52,40;49,99;52,02;738.536
2015-01-16;51,50;52,43;51,40;51,95;448.888
2015-01-19;51,87;52,00;50,82;51,56;350.475
2015-01-20;51,50;51,94;51,13;51,67;370.898
2015-01-21;51,67;51,77;49,91;50,19;511.699
2015-01-22;50,19;50,67;49,76;49,96;479.608
2015-01-23;50,06;50,40;49,43;50,16;559.179
2015-01-26;49,92;50,94;49,81;50,49;410.522
2015-01-27;50,58;51,07;50,11;50,45;268.725
2015-01-28;50,51;50,94;49,59;50,00;432.646
2015-01-29;49,66;50,48;49,58;50,31;291.284
2015-01-30;50,60;50,60;49,51;49,59;303.926
2015-02-02;49,52;50,56;48,91;49,33;387.320
2015-02-03;49,40;49,80;48,79;49,28;364.086
2015-02-04;49,35;50,02;48,88;49,64;429.684
2015-02-05;49,34;49,95;48,90;49,71;202.871
2015-02-06;49,70;50,47;49,42;49,57;281.148
2015-02-09;49,44;49,44;48,37;48,73;238.004
2015-02-10;48,73;49,40;48,70;49,05;360.307
2015-02-11;49,18;49,34;48,63;49,34;222.776
2015-02-12;48,55;49,83;48,50;49,54;432.731
2015-02-13;49,50;50,28;49,35;49,66;379.586
2015-02-16;49,69;50,16;49,20;49,26;208.373
2015-02-17;48,90;49,39;48,41;49,25;231.793
2015-02-18;49,22;49,58;49,00;49,51;218.411
2015-02-19;49,48;49,61;48,80;49,13;313.707
2015-02-20;48,97;49,43;48,52;49,17;329.522
2015-02-23;49,26;49,48;48,72;49,34;374.672
2015-02-24;49,34;49,34;48,82;48,93;351.108
2015-02-25;48,80;50,95;48,22;50,29;584.837
2015-02-26;50,30;50,53;49,88;50,11;541.371
2015-02-27;50,39;50,48;45,53;47,00;1.288.827
2015-03-02;47,15;47,83;46,91;47,38;679.771
2015-03-03;47,38;48,32;46,94;48,10;570.325
2015-03-04;48,10;48,44;47,51;48,19;459.629
2015-03-05;48,14;49,60;47,94;49,60;571.896
2015-03-06;49,92;50,98;49,75;50,60;721.625
2015-03-09;50,49;51,00;50,06;50,67;410.284
2015-03-10;50,77;50,99;50,30;50,77;415.626
2015-03-11;51,00;51,17;50,53;51,02;424.518
2015-03-12;51,09;51,60;50,93;51,36;242.112
2015-03-13;51,35;51,57;50,70;51,05;200.227
2015-03-16;51,21;52,13;50,85;52,01;366.791
2015-03-17;52,10;52,15;50,95;51,40;230.442
2015-03-18;51,26;52,08;51,12;52,06;255.247
2015-03-19;52,06;52,47;51,58;51,87;271.715
2015-03-20;52,04;52,24;51,08;51,51;1.483.303
2015-03-23;51,68;51,78;50,67;50,88;241.261
2015-03-24;50,88;51,28;50,72;51,01;440.332
2015-03-25;51,03;51,45;50,78;51,06;210.306
2015-03-26;50,86;51,92;50,77;51,92;389.228
2015-03-27;51,92;52,09;51,00;51,08;295.196
2015-03-30;51,20;51,30;50,64;50,91;408.903
2015-03-31;50,90;51,63;50,45;51,40;466.285
2015-04-01;51,16;52,05;51,04;51,71;311.907
2015-04-02;51,59;52,17;51,32;51,65;233.222
2015-04-07;51,80;53,00;51,72;52,95;365.149
2015-04-08;52,90;53,35;52,82;53,06;319.319
2015-04-09;52,95;53,19;52,89;53,10;296.188
2015-04-10;53,20;54,32;53,10;54,12;328.762
2015-04-13;54,01;54,17;53,61;53,76;325.501
2015-04-14;53,63;54,01;53,39;53,61;315.460
2015-04-15;53,61;53,95;53,47;53,77;363.088
2015-04-16;53,74;53,74;53,16;53,20;311.824
2015-04-17;52,95;53,06;50,25;50,61;727.045
2015-04-20;50,87;50,94;50,03;50,10;573.127
2015-04-21;50,15;50,49;50,03;50,32;474.097
2015-04-22;50,35;50,40;47,47;48,48;723.624
2015-04-23;48,50;50,00;48,25;49,50;757.876
2015-04-24;48,93;49,52;48,87;49,16;788.675
2015-04-27;49,19;49,37;48,78;49,04;445.667
2015-04-28;49,10;49,25;48,23;48,33;409.845
2015-04-29;48,56;48,59;46,69;46,69;477.389
2015-04-30;46,85;47,74;46,57;46,84;568.890
2015-05-04;46,56;46,73;45,31;46,59;451.131
2015-05-05;46,63;47,46;46,50;46,68;463.181
2015-05-06;46,74;46,90;45,07;45,18;508.181
2015-05-07;45,01;45,45;44,38;44,94;609.391
2015-05-08;45,00;45,28;44,69;45,22;480.144
2015-05-11;45,22;45,32;44,97;45,06;216.313
2015-05-12;44,85;44,92;44,02;44,69;370.849
2015-05-13;44,81;44,89;43,80;44,00;305.059
2015-05-14;43,82;44,55;43,50;44,47;230.123
2015-05-15;44,53;44,53;44,01;44,15;227.573
2015-05-18;44,30;44,30;43,74;44,14;205.453
2015-05-19;44,34;44,51;43,76;43,83;480.265
2015-05-20;43,94;44,15;43,05;43,11;509.823
2015-05-21;43,15;43,37;42,90;43,37;440.617
2015-05-22;43,37;43,50;42,89;43,30;291.822
2015-05-25;43,28;43,45;43,13;43,40;58.538
2015-05-26;43,26;43,98;42,98;43,10;396.960
2015-05-27;43,21;43,83;43,19;43,82;520.195
2015-05-28;43,77;44,62;43,64;44,62;420.905
2015-05-29;45,50;45,77;44,97;45,30;762.569
2015-06-01;45,58;46,83;45,56;46,50;813.908
2015-06-02;46,58;46,68;46,08;46,17;569.886
2015-06-03;46,10;46,70;45,96;46,08;456.900
2015-06-04;45,95;45,96;45,16;45,30;407.792
2015-06-05;45,00;45,65;44,95;45,35;364.162
2015-06-08;45,38;45,41;44,63;45,06;282.846
2015-06-09;45,01;45,22;44,53;45,16;386.738
2015-06-10;46,10;47,68;45,76;46,96;931.384
2015-06-11;46,95;47,05;45,88;45,98;466.477
2015-06-12;45,95;45,95;45,20;45,51;467.652
2015-06-15;45,70;45,77;44,99;45,37;440.087
2015-06-16;44,82;45,60;44,69;45,54;380.658
2015-06-17;45,52;45,53;44,63;44,65;409.863
2015-06-18;44,50;44,68;43,93;44,60;343.364
2015-06-19;44,54;44,86;44,04;44,16;855.627
2015-06-22;44,68;44,83;44,39;44,62;315.865
2015-06-23;44,95;46,37;44,85;46,24;394.292
2015-06-24;46,25;46,69;46,19;46,55;435.649
2015-06-25;46,25;46,60;46,01;46,28;447.005
2015-06-26;46,00;46,58;45,80;46,42;306.383
2015-06-29;45,11;45,98;44,90;45,42;365.288
2015-06-30;45,40;46,54;45,27;45,27;755.114
2015-07-01;45,52;45,84;45,06;45,60;485.107
2015-07-02;45,57;45,85;44,78;44,93;339.446
2015-07-03;44,96;45,01;44,00;44,30;255.592
2015-07-06;43,88;44,32;43,63;43,97;325.983
2015-07-07;43,95;44,11;43,51;43,93;487.580
2015-07-08;44,00;45,75;43,65;45,19;500.749
2015-07-09;45,40;46,09;45,09;45,86;345.475
2015-07-10;46,43;46,58;45,96;46,43;330.733
2015-07-13;47,00;47,33;46,46;47,20;381.690
2015-07-14;47,20;47,66;46,87;47,40;300.765
2015-07-15;47,38;47,72;47,17;47,50;186.780
2015-07-16;47,55;47,63;46,71;46,71;514.686
2015-07-17;46,71;46,99;46,42;46,85;304.824
2015-07-20;47,09;48,23;46,96;47,49;432.982
2015-07-21;47,49;47,92;47,32;47,60;316.131
2015-07-22;47,47;47,63;46,88;46,98;219.487
2015-07-23;47,07;47,13;46,53;46,60;290.010
2015-07-24;46,64;47,09;46,19;46,33;338.247
2015-07-27;46,03;46,12;45,33;45,52;301.237
2015-07-28;45,58;45,90;45,40;45,79;320.095
2015-07-29;45,92;46,31;45,78;46,30;445.994
2015-07-30;46,45;47,58;46,34;46,96;391.065
2015-07-31;47,05;47,74;46,82;47,60;359.458
2015-08-03;47,40;47,97;47,40;47,76;230.429
2015-08-04;47,64;47,84;47,19;47,51;232.320
2015-08-05;47,74;47,92;47,53;47,67;307.948
2015-08-06;47,55;47,81;47,53;47,70;253.649
2015-08-07;47,77;47,85;47,17;47,28;192.587
2015-08-10;47,52;47,52;46,70;47,07;243.320
2015-08-11;47,13;47,53;46,98;46,99;221.353
2015-08-12;46,88;46,88;46,28;46,42;295.870
2015-08-13;46,99;47,37;46,66;46,93;231.430
2015-08-14;46,86;47,15;46,30;46,46;177.107
2015-08-17;46,61;46,85;46,13;46,74;159.128
2015-08-18;46,74;46,75;46,38;46,50;202.677
2015-08-19;46,39;46,42;45,64;45,70;341.484
2015-08-20;45,62;45,62;44,60;44,94;400.002
2015-08-21;41,80;41,87;37,13;38,00;2.102.715
2015-08-24;37,50;37,50;34,79;36,44;1.418.985
2015-08-25;36,96;38,20;36,20;37,50;1.018.574
2015-08-26;36,94;37,63;36,43;37,02;1.031.259
2015-08-27;38,00;38,00;35,64;36,83;1.214.632
2015-08-28;37,25;38,08;37,00;37,80;703.940
2015-08-31;37,63;37,79;36,51;36,72;523.383
2015-09-01;36,74;37,55;35,99;37,00;844.768
2015-09-02;37,01;37,79;36,39;37,05;717.105
2015-09-03;37,35;38,15;37,20;37,84;486.936
2015-09-04;37,68;37,99;37,04;37,22;580.663
2015-09-07;37,47;37,56;36,51;36,73;385.674
2015-09-08;36,79;37,50;36,71;37,35;416.771
2015-09-09;37,96;38,04;37,23;37,33;390.657
2015-09-10;37,11;37,41;36,65;36,90;547.614
2015-09-11;36,97;37,00;35,83;35,89;379.947
2015-09-14;35,84;36,09;35,31;35,59;400.947
2015-09-15;35,76;36,29;35,31;36,12;305.331
2015-09-16;36,47;36,52;36,00;36,42;325.715
2015-09-17;36,48;36,60;35,94;35,94;381.311
2015-09-18;35,83;36,06;35,00;35,42;528.100
2015-09-21;35,36;36,23;35,32;36,09;249.060
2015-09-22;36,04;36,18;35,13;35,28;397.968
2015-09-23;35,23;35,82;34,73;34,73;474.718
2015-09-24;34,70;35,27;34,25;34,47;513.024
2015-09-25;34,91;35,77;34,75;35,60;375.063
2015-09-28;35,70;35,79;34,59;34,59;394.385
2015-09-29;34,17;35,14;34,01;34,61;378.902
2015-09-30;35,10;35,75;35,08;35,69;445.840
2015-10-01;36,06;36,32;35,25;35,41;626.818
2015-10-02;35,72;36,20;35,19;35,69;572.586
2015-10-05;36,21;36,80;36,05;36,50;661.221
2015-10-06;36,58;36,58;35,80;36,03;669.746
2015-10-07;36,19;36,68;35,56;36,46;740.913
2015-10-08;36,48;37,17;36,20;36,96;310.570
2015-10-09;37,26;37,45;36,62;36,88;306.044
2015-10-12;36,95;37,12;36,41;36,49;350.393
2015-10-13;36,35;36,58;35,91;36,18;339.221
2015-10-14;36,06;36,26;35,45;35,45;290.209
2015-10-15;35,58;36,00;35,31;35,37;327.681
2015-10-16;35,67;35,80;35,15;35,36;452.432
2015-10-19;35,36;35,77;35,36;35,52;187.602
2015-10-20;35,52;36,00;35,21;35,87;295.259
2015-10-21;36,00;36,44;35,60;36,09;288.924
2015-10-22;35,99;36,84;35,79;36,71;340.294
2015-10-23;36,90;37,16;36,77;36,89;465.780
2015-10-26;36,99;37,23;36,73;37,10;271.447
2015-10-27;37,09;37,27;36,45;36,45;376.926
2015-10-28;36,43;36,85;35,94;36,81;296.491
2015-10-29;36,90;37,14;35,89;36,15;342.690
2015-10-30;36,31;36,58;36,08;36,58;267.717
2015-11-02;36,41;36,88;36,30;36,58;244.180
2015-11-03;36,94;37,09;36,72;37,04;307.464
2015-11-04;37,19;38,00;37,10;37,55;553.247
2015-11-05;37,53;37,76;36,88;37,75;428.317
2015-11-06;39,00;40,00;38,78;39,33;986.354
2015-11-09;39,61;39,85;38,77;38,83;462.924
2015-11-10;38,80;38,83;38,13;38,49;427.959
2015-11-11;38,50;39,00;38,50;38,64;386.588
2015-11-12;38,51;38,59;37,42;37,50;405.165
2015-11-13;37,39;37,77;36,98;37,77;343.328
2015-11-16;37,52;38,39;37,51;38,17;273.325
2015-11-17;38,38;39,43;38,28;39,35;350.518
2015-11-18;39,23;39,60;39,07;39,48;209.347
2015-11-19;39,75;40,20;39,67;40,07;207.912
2015-11-20;40,13;40,30;39,78;39,99;286.228
2015-11-23;40,05;40,07;39,49;39,69;223.019
2015-11-24;39,61;39,93;39,14;39,93;271.116
2015-11-25;39,95;40,82;39,83;40,82;285.753
2015-11-26;40,85;41,25;40,68;40,91;282.397
2015-11-27;40,87;41,13;40,58;40,73;147.026
2015-11-30;40,73;41,07;40,42;41,07;411.259
2015-12-01;41,13;41,66;40,65;40,65;309.813
2015-12-02;40,57;40,67;39,88;40,09;221.075
2015-12-03;39,99;40,41;38,65;38,69;453.210
2015-12-04;38,70;38,85;37,93;38,22;361.189
2015-12-07;38,26;38,58;37,93;38,03;396.101
2015-12-08;37,83;37,94;36,84;37,18;446.027
2015-12-09;37,13;37,28;36,32;37,01;400.010
2015-12-10;36,87;37,10;36,53;36,70;355.080
2015-12-11;36,66;36,81;35,92;36,13;270.919
2015-12-14;36,16;36,32;35,03;35,05;340.156
2015-12-15;35,25;35,71;35,14;35,66;355.917
2015-12-16;36,06;36,47;35,82;36,07;369.262
2015-12-17;36,53;37,04;36,27;37,00;659.932
2015-12-18;36,80;37,61;36,80;37,48;611.470
2015-12-21;38,00;39,55;38,00;38,99;568.816
2015-12-22;39,21;39,49;38,93;39,14;339.954
2015-12-23;39,39;40,76;39,39;40,48;426.867
2015-12-24;40,78;40,95;40,62;40,62;62.604
2015-12-28;40,71;40,91;40,36;40,48;140.993
2015-12-29;40,65;41,17;40,65;40,81;192.240
2015-12-30;40,67;40,94;40,29;40,29;197.382
2015-12-31;40,25;40,36;39,67;39,67;181.741
2016-01-04;39,44;40,04;38,99;39,75;501.426
2016-01-05;40,12;40,44;39,51;39,80;383.855
2016-01-06;39,66;39,88;38,44;38,47;331.289
2016-01-07;38,00;38,03;36,33;37,15;483.597
2016-01-08;37,15;37,33;36,33;36,64;450.488
2016-01-11;36,66;37,17;36,29;36,60;321.625
2016-01-12;36,43;37,93;36,06;37,65;484.708
2016-01-13;38,00;38,87;37,83;38,28;460.803
2016-01-14;38,00;38,57;37,30;38,22;672.554
2016-01-15;38,04;38,29;36,90;37,10;464.292
2016-01-18;37,01;37,93;36,81;37,33;356.396
2016-01-19;37,99;38,43;37,52;37,72;259.750
2016-01-20;37,14;37,21;35,97;36,25;382.002
2016-01-21;36,14;37,55;36,00;37,30;432.616
2016-01-22;37,95;38,72;37,51;38,30;635.442
2016-01-25;38,61;38,63;37,78;37,94;372.836
2016-01-26;37,52;38,87;37,33;38,75;273.377
2016-01-27;38,78;39,28;38,55;39,18;368.483
2016-01-28;39,20;39,92;38,75;39,13;453.676
2016-01-29;39,80;40,22;39,70;40,06;610.456
2016-02-01;40,15;40,61;39,48;39,71;357.572
2016-02-02;39,75;39,83;38,44;38,68;294.349
2016-02-03;38,58;39,46;38,42;39,39;411.590
2016-02-04;40,12;40,39;39,60;39,92;368.701
2016-02-05;39,79;39,96;39,33;39,42;318.908
2016-02-08;39,50;39,79;37,44;37,75;427.354
2016-02-09;37,75;38,04;36,48;36,74;424.345
2016-02-10;37,18;37,57;36,02;36,77;428.278
2016-02-11;36,35;36,66;35,43;36,17;445.145
2016-02-12;36,51;37,01;36,31;36,97;475.930
2016-02-15;37,59;38,65;37,56;38,50;332.385
2016-02-16;38,93;40,05;38,90;40,02;593.393
2016-02-17;39,90;41,66;39,85;41,66;409.306
2016-02-18;42,00;43,12;41,65;42,82;251.071
2016-02-19;42,28;42,28;41,07;41,31;474.903
2016-02-22;41,55;41,96;41,34;41,41;630.162
2016-02-23;41,38;41,38;40,36;40,40;560.012
2016-02-24;40,30;40,30;38,43;38,51;649.910
2016-02-25;39,00;39,71;38,95;39,33;653.524
2016-02-26;41,04;42,24;40,86;41,45;2.237.760
2016-02-29;41,40;42,09;40,77;42,01;703.371
2016-03-01;42,19;44,33;41,92;44,33;676.579
2016-03-02;44,75;44,80;43,06;43,75;352.988
2016-03-03;43,50;43,89;42,96;43,30;377.852
2016-03-04;43,50;44,09;43,12;44,04;366.903
2016-03-07;43,87;44,11;43,30;44,01;319.317
2016-03-08;43,70;43,81;42,78;43,17;368.931
2016-03-09;43,02;43,47;42,69;43,15;384.965
2016-03-10;43,08;44,73;42,43;42,43;551.563
2016-03-11;43,28;43,84;43,08;43,50;322.139
2016-03-14;43,50;44,21;43,40;44,00;274.558
2016-03-15;43,67;43,87;43,41;43,65;241.789
2016-03-16;43,85;44,67;43,85;44,48;305.657
2016-03-17;44,78;44,90;43,63;44,46;539.775
2016-03-18;44,50;45,27;44,44;44,74;539.776
2016-03-21;44,67;44,94;44,09;44,38;240.672
2016-03-22;44,68;44,76;43,87;44,23;300.340
2016-03-23;44,24;44,45;43,64;43,96;248.957
2016-03-24;43,53;43,66;42,72;43,12;307.153
2016-03-29;43,22;43,54;42,61;42,80;354.691
2016-03-30;42,90;44,67;42,90;44,27;402.150
2016-03-31;44,28;44,28;43,66;43,77;341.636
2016-04-01;43,41;44,21;43,16;43,92;366.829
2016-04-04;44,00;44,27;43,45;43,73;293.894
2016-04-05;43,37;43,37;42,58;42,66;306.812
2016-04-06;42,89;43,18;42,55;43,13;297.755
2016-04-07;43,30;43,50;43,23;43,44;388.749
2016-04-08;43,50;44,08;43,40;43,95;496.959
2016-04-11;43,95;44,08;43,58;43,89;357.534
2016-04-12;43,96;43,99;43,62;43,85;370.371
2016-04-13;44,20;44,42;44,11;44,31;359.460
2016-04-14;44,31;44,31;43,61;43,61;446.394
2016-04-15;43,68;44,09;43,33;43,49;338.043
2016-04-18;43,09;43,47;42,70;43,10;277.225
2016-04-19;43,38;44,72;43,32;44,72;336.536
2016-04-20;45,11;48,48;45,11;47,61;1.182.815
2016-04-21;47,87;49,18;47,65;47,65;671.208
2016-04-22;46,67;47,00;45,88;46,00;390.259
2016-04-25;46,16;46,16;45,33;45,38;293.610
2016-04-26;45,54;45,73;45,13;45,46;267.686
2016-04-27;45,37;45,91;45,29;45,33;249.990
2016-04-28;46,23;48,06;46,15;47,84;624.877
2016-04-29;47,50;47,78;47,38;47,45;547.877
2016-05-02;47,44;47,60;47,13;47,30;242.529
2016-05-03;47,30;47,36;46,44;46,72;338.052
2016-05-04;46,57;47,06;46,21;46,52;215.792
2016-05-05;46,53;46,84;46,16;46,47;428.909
2016-05-06;46,35;46,72;45,92;46,55;391.766
2016-05-09;46,95;46,98;45,96;46,08;247.372
2016-05-10;46,24;46,82;46,24;46,48;233.175
2016-05-11;46,42;46,81;46,00;46,81;220.580
2016-05-12;46,68;48,05;46,61;47,04;401.605
2016-05-13;46,80;47,08;46,46;46,83;220.699
2016-05-16;46,71;47,15;46,42;47,09;148.544
2016-05-17;47,41;47,75;47,04;47,07;303.361
2016-05-18;46,98;47,38;46,79;47,38;263.089
2016-05-19;47,10;47,16;46,23;46,37;274.647
2016-05-20;46,65;46,88;46,33;46,44;439.260
2016-05-23;46,30;46,76;46,01;46,58;205.159
2016-05-24;46,55;47,39;46,24;47,39;258.645
2016-05-25;47,64;48,30;47,55;47,75;289.797
2016-05-26;47,74;48,13;47,46;47,55;236.816
2016-05-27;47,49;47,66;46,81;46,93;323.932
2016-05-30;47,05;47,18;46,78;46,90;112.396
2016-05-31;47,00;47,18;46,72;46,83;535.342
2016-06-01;46,89;47,01;46,48;47,01;334.260
2016-06-02;47,10;47,37;46,82;47,09;286.388
2016-06-03;47,31;48,05;47,26;47,36;298.194
2016-06-06;47,37;48,01;47,28;47,97;263.512
2016-06-07;48,08;48,89;48,08;48,89;334.503
2016-06-08;48,74;49,10;48,64;48,82;205.130
2016-06-09;48,80;48,94;47,96;48,13;275.230
2016-06-10;48,00;48,00;46,05;46,13;377.115
2016-06-13;45,76;45,90;45,12;45,49;283.005
2016-06-14;45,01;45,01;43,59;43,68;402.185
2016-06-15;43,83;44,05;43,25;43,25;541.393
2016-06-16;42,92;43,24;42,42;42,66;466.133
2016-06-17;42,88;43,14;42,48;42,72;653.239
2016-06-20;43,38;44,87;43,33;44,34;442.270
2016-06-21;44,19;44,25;43,74;44,00;268.611
2016-06-22;44,25;44,64;44,12;44,12;244.553
2016-06-23;44,47;45,57;44,21;44,66;292.685
2016-06-24;41,51;44,10;40,65;43,42;565.460
2016-06-27;43,05;44,04;42,00;42,00;604.338
2016-06-28;42,75;43,03;42,10;42,66;360.547
2016-06-29;43,25;44,51;42,92;44,36;339.513
2016-06-30;44,43;45,00;44,29;44,90;479.401
2016-07-01;45,00;45,50;44,68;45,32;215.590
2016-07-04;45,39;45,55;43,86;44,05;296.003
2016-07-05;43,65;44,03;42,79;43,02;311.171
2016-07-06;42,95;42,95;42,03;42,38;271.407
2016-07-07;42,60;43,06;42,49;42,55;204.971
2016-07-08;42,50;43,18;42,02;43,14;418.954
2016-07-11;43,45;43,97;43,25;43,78;289.357
2016-07-12;43,99;44,09;43,37;43,85;290.049
2016-07-13;43,69;44,11;43,55;43,62;212.153
2016-07-14;44,12;44,43;43,44;43,76;301.600
2016-07-15;43,66;43,71;43,08;43,70;252.399
2016-07-18;43,52;44,08;43,40;43,65;189.929
2016-07-19;43,43;44,10;43,43;44,06;231.706
2016-07-20;44,25;44,99;44,02;44,66;322.102
2016-07-21;44,83;44,92;44,03;44,76;275.052
2016-07-22;44,77;45,01;44,40;44,57;213.950
2016-07-25;44,60;44,96;44,24;44,24;183.598
2016-07-26;44,29;45,04;44,21;44,90;168.777
2016-07-27;45,05;45,44;44,99;45,40;335.599
2016-07-28;45,50;46,01;45,25;45,28;387.657
2016-07-29;45,29;45,99;45,24;45,99;476.719
2016-08-01;46,25;46,56;45,39;45,47;238.055
2016-08-02;45,38;45,60;45,33;45,58;388.106
2016-08-03;45,76;46,12;45,64;45,68;37.071
2016-08-04;45,76;46,12;45,40;45,76;247.153
2016-08-05;45,76;46,57;45,59;46,49;183.219
2016-08-08;46,48;46,83;46,32;46,81;194.413
2016-08-09;46,72;47,46;46,68;47,30;242.528
2016-08-10;47,06;47,09;46,75;46,99;197.721
2016-08-11;47,21;47,98;46,93;47,87;292.382
2016-08-12;47,78;47,95;47,43;47,75;253.582
2016-08-15;47,97;48,03;47,28;47,30;208.458
2016-08-16;47,03;47,09;46,27;46,83;326.829
2016-08-17;47,00;47,47;46,66;47,29;307.574
2016-08-18;47,48;47,94;47,41;47,80;477.405
2016-08-19;46,54;46,93;43,99;44,42;1.204.427
2016-08-22;44,50;45,34;43,80;45,23;503.899
2016-08-23;45,26;45,38;44,52;45,25;327.669
2016-08-24;45,06;45,59;45,00;45,14;191.528
2016-08-25;45,00;45,10;44,60;44,61;279.226
2016-08-26;44,57;45,41;44,55;45,18;253.753
2016-08-29;45,14;45,37;44,72;45,27;159.642
2016-08-30;45,52;45,84;45,37;45,72;235.568
2016-08-31;45,69;45,87;45,40;45,46;205.131
2016-09-01;45,61;46,04;45,35;45,44;210.311
2016-09-02;45,46;46,00;45,09;45,97;233.111
2016-09-05;46,03;46,28;45,86;45,91;246.736
2016-09-06;46,10;46,42;45,94;46,27;222.938
2016-09-07;46,24;46,66;46,16;46,54;161.475
2016-09-08;46,47;46,95;45,93;46,40;236.268
2016-09-09;46,38;46,56;45,44;45,69;221.210
2016-09-12;45,25;45,34;44,72;45,31;205.387
2016-09-13;45,28;45,40;44,44;44,51;320.799
2016-09-14;44,70;45,18;44,44;44,69;352.402
2016-09-15;44,67;45,18;44,49;44,93;300.583
2016-09-16;44,88;45,14;44,25;44,87;390.976
2016-09-19;45,22;45,68;45,17;45,59;174.408
2016-09-20;45,53;46,38;45,50;46,16;233.388
2016-09-21;46,45;46,68;46,13;46,19;169.911
2016-09-22;46,99;47,67;46,87;47,04;334.483
2016-09-23;46,99;47,12;46,62;46,72;144.555
2016-09-26;46,45;46,50;45,90;46,00;159.507
2016-09-27;46,17;46,23;45,22;45,92;152.932
2016-09-28;45,92;46,80;45,89;46,58;212.899
2016-09-29;47,02;47,65;46,84;46,91;285.226
2016-09-30;46,55;46,97;46,15;46,72;265.961
2016-10-03;46,67;47,00;46,41;46,48;151.524
2016-10-04;46,44;47,10;46,26;46,92;311.815
2016-10-05;46,72;47,19;46,61;47,15;275.272
2016-10-06;47,19;47,49;47,05;47,21;209.721
2016-10-07;47,44;47,55;46,74;46,79;223.243
2016-10-10;46,84;47,91;46,72;47,57;211.978
2016-10-11;47,60;47,80;46,74;46,75;238.476
2016-10-12;46,74;47,34;46,65;47,08;202.965
2016-10-13;46,85;47,09;46,24;47,05;228.360
2016-10-14;47,27;47,69;47,05;47,20;173.887
2016-10-17;47,11;47,18;46,68;46,70;114.707
2016-10-18;46,87;47,63;46,87;47,07;166.484
2016-10-19;46,96;47,52;46,84;47,47;172.098
2016-10-20;47,50;47,56;46,82;47,01;184.844
2016-10-21;47,10;47,15;46,67;47,08;159.793
2016-10-24;47,32;47,89;47,32;47,45;297.263
2016-10-25;47,51;47,68;46,60;46,67;185.329
2016-10-26;46,54;46,57;45,66;46,08;287.539
2016-10-27;46,01;46,30;45,66;46,19;214.160
2016-10-28;46,12;46,41;45,40;46,23;213.149
2016-10-31;46,19;46,33;45,66;46,01;214.263
2016-11-01;46,39;46,69;45,75;45,83;203.592
2016-11-02;45,56;45,65;44,75;44,86;288.982
2016-11-03;44,85;44,96;44,49;44,53;259.228
2016-11-04;44,42;44,63;44,02;44,11;252.299
2016-11-07;44,51;44,92;43,39;43,53;525.498
2016-11-08;43,55;44,00;43,15;44,00;355.708
2016-11-09;42,86;43,77;42,60;43,67;409.849
2016-11-10;43,98;44,04;42,69;42,71;264.064
2016-11-11;42,75;43,12;42,31;42,47;299.033
2016-11-14;42,69;42,79;41,86;41,92;283.328
2016-11-15;42,33;43,41;42,31;43,32;342.721
2016-11-16;43,50;43,60;43,26;43,48;281.353
2016-11-17;43,50;43,97;43,26;43,81;273.241
2016-11-18;43,91;44,01;43,52;43,73;219.360
2016-11-21;43,70;44,08;43,33;44,05;202.959
2016-11-22;44,17;44,42;43,99;44,07;240.750
2016-11-23;44,29;44,29;43,22;43,66;243.408
2016-11-24;43,84;44,28;43,71;44,22;141.696
2016-11-25;44,10;44,29;43,77;43,91;106.801
2016-11-28;43,68;43,85;43,23;43,77;160.313
2016-11-29;43,77;43,77;42,60;43,26;289.605
2016-11-30;43,24;44,18;43,21;44,10;520.591
2016-12-01;43,80;44,11;42,18;42,22;482.181
2016-12-02;41,90;41,96;41,09;41,50;712.437
2016-12-05;41,18;41,94;41,18;41,54;408.677
2016-12-06;41,57;41,81;41,14;41,81;335.887
2016-12-07;42,00;42,49;41,81;42,30;323.238
2016-12-08;42,53;42,56;41,55;41,71;276.515
2016-12-09;41,86;43,07;41,72;42,80;414.975
2016-12-12;42,81;43,13;42,76;42,97;266.784
2016-12-13;43,05;43,10;42,45;42,57;279.576
2016-12-14;42,34;42,97;42,33;42,80;235.326
2016-12-15;42,94;43,82;42,84;43,22;492.937
2016-12-16;43,15;43,93;43,15;43,70;355.868
2016-12-19;43,63;44,15;43,51;44,06;221.194
2016-12-20;44,14;44,27;43,81;44,08;190.443
2016-12-21;43,98;44,54;43,98;44,18;327.067
2016-12-22;44,19;44,62;43,56;43,92;167.394
2016-12-23;43,88;44,37;43,80;44,20;131.010
2016-12-27;44,03;44,51;44,03;44,49;166.672
2016-12-28;44,50;44,92;44,50;44,81;170.200
2016-12-29;44,56;45,50;44,56;45,31;233.789
2016-12-30;45,40;45,40;44,85;44,88;140.204
2017-01-02;44,85;45,26;44,75;45,25;125.234
2017-01-03;45,37;45,62;45,17;45,39;236.591
2017-01-04;45,48;45,77;45,25;45,66;251.316
2017-01-05;45,47;45,66;45,06;45,14;243.547
2017-01-06;45,06;45,38;45,02;45,19;130.474
2017-01-09;45,20;45,20;44,48;44,61;171.313
2017-01-10;44,57;44,87;44,06;44,17;249.785
2017-01-11;44,08;44,33;43,77;44,07;236.006
2017-01-12;43,90;43,98;43,50;43,51;294.654
2017-01-13;43,73;44,03;43,71;43,93;200.850
2017-01-16;43,83;43,83;43,44;43,74;140.392
2017-01-17;43,62;44,09;43,40;43,84;216.926
2017-01-18;43,26;43,82;43,25;43,50;371.149
2017-01-19;43,68;43,73;43,25;43,43;248.338
2017-01-20;43,45;44,19;43,32;43,92;397.066
2017-01-23;43,62;43,75;43,38;43,52;201.762
2017-01-24;43,66;43,67;43,11;43,25;218.400
2017-01-25;43,55;43,71;42,86;42,88;320.152
2017-01-26;43,06;43,31;42,69;42,79;362.855
2017-01-27;42,74;43,16;42,51;43,16;215.407
2017-01-30;41,76;41,85;40,07;40,14;1.172.480
2017-01-31;40,21;40,42;39,72;39,72;788.542
2017-02-01;39,85;40,07;39,16;40,01;522.351
2017-02-02;39,71;40,23;39,51;40,08;381.558
2017-02-03;40,23;40,50;39,99;40,39;429.849
2017-02-06;40,41;40,42;39,81;39,93;380.640
2017-02-07;39,90;40,18;39,76;40,01;458.871
2017-02-08;40,10;40,15;39,72;39,98;386.769
2017-02-09;39,98;40,36;39,86;40,24;397.852
2017-02-10;40,48;40,93;40,43;40,85;354.532
2017-02-13;41,00;41,58;40,93;41,44;396.929
2017-02-14;41,41;41,58;41,11;41,45;334.093
2017-02-15;41,64;41,67;41,40;41,54;241.831
2017-02-16;41,68;42,00;41,42;41,79;568.573
2017-02-17;39,00;39,18;37,52;38,81;2.735.567
2017-02-20;39,19;39,24;38,52;38,95;824.026
2017-02-21;39,07;39,34;38,78;39,14;453.813
2017-02-22;39,14;39,18;38,76;39,14;701.511
2017-02-23;39,20;39,32;38,92;39,10;575.257
2017-02-24;39,64;39,89;38,82;39,28;727.359
2017-02-27;39,50;39,62;39,01;39,62;523.125
2017-02-28;39,77;40,03;39,55;39,92;405.176
2017-03-01;40,03;40,64;39,92;40,64;455.705
2017-03-02;40,70;41,39;40,45;41,39;568.676
2017-03-03;41,23;41,50;40,85;41,50;669.373
2017-03-06;41,40;41,40;40,92;41,19;385.750
2017-03-07;41,10;41,30;40,39;40,62;485.117
2017-03-08;40,51;40,53;39,66;39,99;646.108
2017-03-09;39,95;40,62;39,61;40,61;450.768
2017-03-10;40,70;40,99;40,45;40,67;405.329
2017-03-13;40,60;40,76;40,42;40,64;245.268
2017-03-14;40,64;40,73;39,83;40,04;543.721
2017-03-15;40,24;40,50;39,98;40,28;384.653
2017-03-16;40,60;40,81;40,08;40,34;434.276
2017-03-17;40,24;40,31;39,93;40,22;604.845
2017-03-20;40,20;40,65;40,17;40,50;486.377
2017-03-21;40,53;40,77;39,97;40,02;401.319
2017-03-22;40,00;40,03;39,25;39,56;599.890
2017-03-23;39,69;39,76;39,26;39,73;416.321
2017-03-24;39,70;39,70;39,36;39,67;319.574
2017-03-27;39,40;39,66;39,14;39,47;309.428
2017-03-28;39,44;39,98;39,44;39,93;349.190
2017-03-29;40,00;40,39;39,96;40,31;372.914
2017-03-30;40,31;40,99;40,29;40,70;411.961
2017-03-31;40,72;40,89;40,55;40,88;433.864
2017-04-03;41,00;41,38;40,98;40,98;450.886
2017-04-04;40,95;41,27;40,94;41,24;395.005
2017-04-05;41,16;41,33;41,11;41,13;443.286
2017-04-06;41,04;41,49;41,00;41,49;380.424
2017-04-07;41,50;41,66;41,40;41,50;315.624
2017-04-10;41,75;41,86;41,46;41,46;374.738
2017-04-11;41,35;41,51;40,61;41,51;791.890
2017-04-12;41,99;42,84;41,64;42,40;1.136.409
2017-04-13;42,30;42,49;42,21;42,27;453.546
2017-04-18;42,29;42,35;41,64;41,84;615.393
2017-04-19;43,00;44,59;41,43;41,53;1.224.859
2017-04-20;41,50;41,90;40,69;41,68;780.887
2017-04-21;40,52;41,41;40,52;41,03;740.637
2017-04-24;41,75;41,96;41,42;41,43;648.602
2017-04-25;41,59;41,59;40,90;40,92;500.400
2017-04-26;41,04;41,08;40,61;41,08;477.039
2017-04-27;40,90;41,34;40,65;41,30;478.340
2017-04-28;41,41;41,46;41,00;41,42;433.515
2017-05-02;41,50;42,14;41,47;42,00;650.533
2017-05-03;41,87;41,87;40,70;41,13;985.009
2017-05-04;41,30;41,95;41,16;41,87;641.458
2017-05-05;41,70;42,99;41,69;42,99;689.099
2017-05-08;42,88;43,20;42,48;42,48;489.959
2017-05-09;42,60;42,80;42,27;42,27;317.838
2017-05-10;42,14;42,52;41,89;42,46;454.218
2017-05-11;42,62;42,78;41,80;42,08;319.341
2017-05-12;42,04;42,12;41,60;41,85;307.970
2017-05-15;41,92;42,13;41,70;41,81;252.628
2017-05-16;41,85;41,86;41,43;41,63;341.162
2017-05-17;41,42;41,43;41,02;41,16;494.885
2017-05-18;41,10;41,54;40,60;40,74;531.705
2017-05-19;40,78;41,55;40,74;41,55;399.281
2017-05-22;41,57;41,96;41,52;41,53;347.388
2017-05-23;41,45;41,78;41,05;41,37;364.734
2017-05-24;41,31;41,70;41,17;41,70;382.690
2017-05-25;41,73;41,91;41,17;41,31;254.694
2017-05-26;41,16;41,16;40,82;41,10;253.813
2017-05-29;41,10;41,10;40,80;41,04;95.157
2017-05-30;41,02;41,02;40,36;40,67;311.093
2017-05-31;40,71;40,71;40,19;40,31;421.934
2017-06-01;40,45;40,89;40,26;40,89;249.875
2017-06-02;40,99;41,16;40,59;40,68;224.316
2017-06-05;40,61;40,70;40,29;40,29;182.047
2017-06-06;40,24;40,60;40,12;40,27;221.681
2017-06-07;40,40;41,12;40,27;40,95;338.425
2017-06-08;41,03;41,12;40,77;40,97;300.256
2017-06-09;41,00;41,11;40,65;40,95;353.020
2017-06-12;41,10;42,15;40,95;41,76;688.842
2017-06-13;41,88;42,53;41,81;42,50;686.895
2017-06-14;42,67;43,21;42,58;42,74;626.503
2017-06-15;42,72;42,72;42,12;42,22;536.799
2017-06-16;42,37;42,99;42,14;42,86;1.396.942
2017-06-19;43,03;43,41;42,93;43,30;585.782
2017-06-20;43,29;43,70;42,86;43,03;414.982
2017-06-21;43,05;43,05;42,44;42,83;303.329
2017-06-22;42,76;42,86;42,09;42,42;507.710
2017-06-23;42,25;42,28;41,82;42,20;352.960
2017-06-26;42,27;42,50;42,06;42,17;282.223
2017-06-27;42,00;42,20;41,43;41,52;464.148
2017-06-28;41,49;41,70;41,05;41,47;350.093
2017-06-29;42,00;42,51;41,76;41,97;609.360
2017-06-30;41,43;41,59;40,47;40,60;1.119.508
2017-07-03;40,71;41,09;40,52;41,00;401.968
2017-07-04;40,97;41,12;40,77;40,98;299.358
2017-07-05;41,12;41,33;40,78;40,91;337.945
2017-07-06;40,96;41,08;40,68;40,96;310.145
2017-07-07;40,91;41,09;40,71;41,09;272.880
2017-07-10;41,20;41,48;40,97;41,33;304.959
2017-07-11;41,45;41,70;41,03;41,07;339.177
2017-07-12;41,08;41,79;41,08;41,58;777.339
2017-07-13;41,62;41,78;41,48;41,78;366.053
2017-07-14;41,85;42,00;41,62;41,70;277.246
2017-07-17;41,83;41,98;41,73;41,89;395.838
2017-07-18;41,80;41,98;41,46;41,46;263.714
2017-07-19;41,49;41,65;41,27;41,52;309.496
2017-07-20;41,65;42,02;41,47;41,52;433.101
2017-07-21;41,55;41,85;41,01;41,17;501.248
2017-07-24;41,22;41,22;40,68;40,80;408.257
2017-07-25;40,93;41,00;40,61;40,75;478.659
2017-07-26;40,70;41,14;40,69;41,03;421.213
2017-07-27;40,80;41,02;40,68;40,74;387.138
2017-07-28;40,74;40,79;40,41;40,58;427.776
2017-07-31;40,48;40,58;40,25;40,27;408.674
2017-08-01;40,32;40,65;40,32;40,58;431.197
2017-08-02;40,74;40,90;40,36;40,75;361.813
2017-08-03;40,60;41,12;40,51;41,00;536.949
2017-08-04;41,00;41,59;40,84;41,53;304.856
2017-08-07;41,59;41,75;41,50;41,71;322.560
2017-08-08;41,71;41,94;41,51;41,85;302.262
2017-08-09;41,64;41,85;41,36;41,39;314.156
2017-08-10;41,45;41,53;41,28;41,38;348.054
2017-08-11;41,18;41,24;40,41;40,60;438.669
2017-08-14;40,90;40,94;40,51;40,85;382.477
2017-08-15;40,85;41,64;40,85;41,41;426.236
2017-08-16;41,50;41,73;41,36;41,48;423.119
2017-08-17;41,46;41,59;41,29;41,36;493.866
2017-08-18;39,25;39,70;37,50;37,60;2.272.324
2017-08-21;37,75;37,75;36,64;36,90;990.295
2017-08-22;36,95;38,16;36,95;37,44;818.535
2017-08-23;37,45;37,49;36,92;37,06;545.694
2017-08-24;36,93;36,96;36,31;36,69;701.546
2017-08-25;36,72;37,14;36,69;36,82;522.210
2017-08-28;36,75;37,13;36,40;36,79;406.412
2017-08-29;36,58;36,66;35,92;36,32;584.440
2017-08-30;36,12;36,13;35,45;35,78;609.215
2017-08-31;35,75;35,88;34,85;35,56;1.002.890
2017-09-01;35,64;36,04;35,55;35,92;541.444
2017-09-04;35,90;35,95;35,30;35,30;312.283
2017-09-05;35,35;35,82;35,34;35,50;370.112
2017-09-06;35,38;35,57;35,20;35,55;411.130
2017-09-07;35,61;35,67;35,22;35,44;543.103
2017-09-08;35,46;35,46;35,07;35,45;377.895
2017-09-11;35,57;35,85;35,41;35,49;347.181
2017-09-12;35,68;35,68;35,27;35,57;295.127
2017-09-13;35,56;35,86;35,40;35,86;451.810
2017-09-14;35,99;36,27;35,77;35,88;652.781
2017-09-15;35,80;35,86;35,14;35,20;709.814
2017-09-18;35,38;35,65;35,26;35,52;444.123
2017-09-19;35,51;35,69;35,46;35,53;399.258
2017-09-20;35,53;35,99;35,52;35,93;366.206
2017-09-21;36,00;36,24;35,85;36,00;336.972
2017-09-22;35,92;36,05;35,80;36,05;351.435
2017-09-25;36,10;36,17;35,80;36,00;367.985
2017-09-26;36,00;36,14;35,72;35,89;277.963
2017-09-27;35,89;36,01;35,74;35,95;328.196
2017-09-28;36,00;36,81;35,98;36,75;594.844
2017-09-29;36,80;37,18;36,78;37,11;502.364
2017-10-02;37,24;37,31;36,72;36,79;368.578
2017-10-03;37,00;37,15;36,58;37,15;280.591
2017-10-04;37,20;37,33;36,74;36,78;433.620
2017-10-05;36,87;37,11;36,59;37,05;425.450
2017-10-06;37,12;37,19;36,56;36,57;433.475
2017-10-09;36,60;36,86;36,43;36,64;254.707
2017-10-10;36,50;37,05;36,50;36,98;462.966
2017-10-11;36,95;37,16;36,70;37,13;427.847
2017-10-12;37,07;37,53;36,99;37,20;523.132
2017-10-13;37,09;37,27;37,02;37,25;301.429
2017-10-16;37,25;37,37;36,95;36,96;271.313
2017-10-17;37,03;37,03;36,18;36,31;714.987
2017-10-18;36,35;36,77;36,16;36,28;587.877
2017-10-19;36,25;36,33;35,91;36,20;585.640
2017-10-20;36,45;36,94;36,31;36,65;540.887
2017-10-23;36,69;36,69;36,30;36,55;320.482
2017-10-24;36,53;36,77;36,22;36,31;494.350
2017-10-25;36,40;36,41;35,93;36,18;455.887
2017-10-26;36,30;36,66;36,01;36,61;490.741
2017-10-27;36,66;37,34;36,32;36,69;515.536
2017-10-30;36,62;37,03;36,61;37,01;431.359
2017-10-31;37,05;37,27;36,98;37,18;403.177
2017-11-01;37,40;37,75;36,52;36,59;584.694
2017-11-02;36,60;36,96;36,13;36,42;537.730
2017-11-03;36,53;36,92;36,47;36,73;468.334
2017-11-06;35,00;36,13;33,99;34,50;1.830.446
2017-11-07;34,62;35,54;34,46;35,43;769.429
2017-11-08;35,60;36,36;35,60;36,06;795.568
2017-11-09;36,00;36,21;35,81;36,02;643.151
2017-11-10;36,00;36,19;35,85;36,11;425.684
2017-11-13;35,82;35,88;34,86;35,00;980.214
2017-11-14;35,00;35,51;34,92;35,46;608.094
2017-11-15;35,26;35,37;34,98;35,06;627.821
2017-11-16;35,17;35,79;34,97;35,66;520.037
2017-11-17;35,55;35,55;34,55;34,75;570.821
2017-11-20;34,70;34,70;34,23;34,38;503.360
2017-11-21;34,39;34,82;33,87;34,73;499.201
2017-11-22;34,79;35,22;34,75;34,90;501.720
2017-11-23;34,84;35,07;34,73;34,87;322.902
2017-11-24;34,85;34,85;34,24;34,25;402.942
2017-11-27;34,25;34,42;33,83;33,83;364.286
2017-11-28;33,90;34,93;33,90;34,70;794.607
2017-11-29;34,85;35,20;34,66;35,09;494.432
2017-11-30;35,15;35,64;34,94;35,50;898.500
2017-12-01;35,62;36,05;35,46;35,66;483.088
2017-12-04;36,10;36,69;35,97;36,69;606.891
2017-12-05;36,70;36,83;36,48;36,62;410.956
2017-12-06;36,37;36,63;36,15;36,25;349.892
2017-12-07;36,25;36,55;36,16;36,48;392.944
2017-12-08;36,50;36,50;35,78;35,88;581.332
2017-12-11;36,10;36,39;35,95;36,27;392.192
2017-12-12;36,25;36,42;36,08;36,33;369.485
2017-12-13;36,15;36,49;36,15;36,29;339.601
2017-12-14;36,18;36,83;36,03;36,75;391.651
2017-12-15;36,44;36,47;35,91;36,42;838.804
2017-12-18;36,50;36,50;36,18;36,50;445.293
2017-12-19;36,42;36,49;36,12;36,33;364.084
2017-12-20;36,23;36,39;36,21;36,26;311.929
2017-12-21;36,20;36,70;36,15;36,68;481.927
2017-12-22;36,57;36,93;36,45;36,73;304.927
2017-12-27;36,68;36,93;36,61;36,79;211.518
2017-12-28;36,80;36,92;36,42;36,83;233.280
2017-12-29;36,67;36,80;36,55;36,57;187.787
2018-01-02;36,74;36,74;35,94;36,00;315.224
2018-01-03;36,10;36,65;36,05;36,52;308.348
2018-01-04;36,56;37,10;36,56;36,76;386.360
2018-01-05;36,76;36,94;36,38;36,71;377.096
2018-01-08;36,75;36,88;36,52;36,59;320.406
2018-01-09;36,55;36,92;36,41;36,85;315.734
2018-01-10;36,88;37,56;36,78;37,56;557.592
2018-01-11;37,56;37,56;37,01;37,32;475.607
2018-01-12;37,49;37,72;37,11;37,20;277.825
2018-01-15;37,20;37,43;37,04;37,08;155.489
2018-01-16;37,17;37,40;36,86;36,90;250.033
2018-01-17;36,93;36,93;36,47;36,67;283.485
2018-01-18;36,71;36,75;36,31;36,75;292.191
2018-01-19;36,70;36,99;36,57;36,90;290.051
2018-01-22;37,00;37,61;37,00;37,61;320.195
2018-01-23;37,80;38,12;37,62;38,12;484.553
2018-01-24;38,16;38,38;38,04;38,25;322.877
2018-01-25;38,35;38,35;37,28;37,30;390.869
2018-01-26;37,41;37,47;36,82;37,05;310.560
2018-01-29;37,10;37,29;36,82;36,86;243.540
2018-01-30;36,85;36,87;36,25;36,30;245.098
2018-01-31;36,28;36,60;36,27;36,39;315.425
2018-02-01;36,66;36,91;35,95;36,07;431.954
2018-02-02;35,80;35,86;35,02;35,02;441.612
2018-02-05;34,79;34,80;34,15;34,19;625.005
2018-02-06;33,40;33,87;32,94;33,44;1.001.788
2018-02-07;33,94;34,58;33,65;34,54;609.518
2018-02-08;34,60;35,88;34,33;34,82;1.023.817
2018-02-09;34,63;34,73;33,84;34,14;680.560
2018-02-12;34,52;34,59;33,74;33,90;486.123
2018-02-13;33,98;33,98;33,37;33,41;450.930
2018-02-14;33,66;34,48;33,42;34,24;574.643
2018-02-15;34,68;34,68;34,14;34,46;289.884
2018-02-16;37,95;40,45;37,91;39,19;2.748.979
2018-02-19;39,40;39,71;38,00;38,20;846.228
2018-02-20;38,07;38,85;38,07;38,73;603.349
2018-02-21;38,47;39,41;38,44;39,30;661.037
2018-02-22;38,98;39,08;38,52;38,64;647.003
2018-02-23;38,68;38,77;38,30;38,52;491.433
2018-02-26;38,75;39,49;38,75;39,34;403.427
2018-02-27;0,00;0,00;0,00;38,90;0
2018-02-28;38,89;39,13;38,61;38,85;431.917
2018-03-01;38,65;38,74;37,90;37,91;408.553
2018-03-02;37,64;37,72;37,01;37,08;455.218
2018-03-05;37,04;37,95;36,98;37,75;414.927
2018-03-06;38,03;38,15;37,75;37,77;214.294
2018-03-07;37,61;37,97;37,39;37,90;323.613
2018-03-08;37,96;38,79;37,84;38,43;335.566
2018-03-09;38,47;39,03;38,33;38,83;320.722
2018-03-12;38,94;39,15;38,74;38,95;189.251
2018-03-13;38,98;39,15;38,58;38,81;264.242
2018-03-14;38,78;39,05;38,28;38,47;385.404
2018-03-15;38,50;38,74;38,44;38,48;298.527
2018-03-16;0,00;0,00;0,00;38,74;0
2018-03-19;0,00;0,00;0,00;38,27;0
2018-03-20;0,00;0,00;0,00;38,55;0
2018-03-21;0,00;0,00;0,00;39,03;0
2018-03-22;0,00;0,00;0,00;38,22;0
2018-03-23;38,05;39,58;37,70;39,46;747.084
2018-03-26;39,70;39,85;39,06;39,24;478.597
2018-03-27;39,68;39,78;39,37;39,44;354.331
2018-03-28;39,24;39,52;38,84;39,43;379.663
2018-03-29;39,42;39,98;39,42;39,85;505.501
2018-04-03;39,64;39,84;39,38;39,61;250.239
2018-04-04;39,80;39,80;39,33;39,64;255.990
2018-04-05;40,00;40,00;39,56;39,70;398.540
2018-04-06;39,51;40,12;39,50;39,81;481.037
2018-04-09;40,11;41,15;40,07;41,15;557.528
2018-04-10;40,80;40,86;40,32;40,73;678.070
2018-04-11;40,53;40,78;39,10;39,10;613.567
2018-04-12;39,06;39,16;38,44;38,70;445.874
2018-04-13;38,80;38,95;38,40;38,50;425.908
2018-04-16;38,58;38,59;38,32;38,36;320.753
2018-04-17;38,36;39,28;37,98;39,15;596.794
2018-04-18;40,00;42,09;40,00;41,83;1.661.822
2018-04-19;41,78;42,12;41,24;41,34;696.942
2018-04-20;40,20;40,52;39,78;40,15;610.201
2018-04-23;40,20;40,58;39,82;40,50;535.389
2018-04-24;40,48;40,70;39,97;40,24;468.103
2018-04-25;39,94;40,06;39,65;40,06;397.308
2018-04-26;40,19;41,02;40,00;40,92;462.861
2018-04-27;40,94;41,06;40,69;41,06;249.063
2018-04-30;40,94;41,06;40,80;40,90;337.438
2018-05-02;40,62;41,32;40,61;41,19;389.550
2018-05-03;41,19;41,33;40,89;41,01;287.197
2018-05-04;41,17;41,53;41,10;41,25;273.886
2018-05-07;41,34;41,51;41,02;41,51;139.100
2018-05-08;41,83;41,99;41,08;41,13;291.286
2018-05-09;41,35;41,54;41,08;41,31;232.181
2018-05-10;41,47;41,47;41,14;41,25;178.044
2018-05-11;41,23;41,48;41,18;41,35;152.164
2018-05-14;41,40;41,61;41,14;41,35;170.584
2018-05-15;41,38;41,54;41,17;41,40;220.881
2018-05-16;41,34;41,61;41,21;41,26;214.007
2018-05-17;41,47;41,63;41,24;41,35;198.532
2018-05-18;41,45;41,50;41,21;41,26;247.051
2018-05-21;41,44;42,00;41,38;41,93;246.407
2018-05-22;41,89;41,95;41,54;41,92;203.254
2018-05-23;41,79;41,79;41,27;41,57;338.718
2018-05-24;41,68;41,79;41,47;41,53;299.811
2018-05-25;41,74;42,08;41,43;41,63;260.949
2018-05-28;41,75;42,06;41,63;42,02;149.962
2018-05-29;41,86;42,17;41,26;41,62;396.615
2018-05-30;0,00;41,94;41,46;41,67;229.689
2018-05-31;41,69;42,26;41,56;42,00;515.572
2018-06-01;42,08;42,64;42,08;42,41;257.537
2018-06-04;42,49;42,97;42,41;42,83;221.909
2018-06-05;42,67;43,11;42,49;42,49;223.287
2018-06-06;42,43;42,67;42,25;42,40;363.351
2018-06-07;42,57;42,66;42,03;42,14;221.493
2018-06-08;41,97;42,12;41,61;42,06;235.918
2018-06-11;42,00;42,04;41,52;41,93;299.816
2018-06-12;42,00;42,05;41,70;41,82;323.318
2018-06-13;41,82;41,86;41,20;41,25;264.739
2018-06-14;41,10;41,78;41,01;41,70;368.319
2018-06-15;41,73;41,76;41,12;41,20;809.813
2018-06-18;41,10;41,13;40,83;40,89;234.298
2018-06-19;40,75;40,90;40,31;40,31;401.300
2018-06-20;40,49;40,80;40,24;40,31;277.081
2018-06-21;40,31;40,32;39,82;40,08;248.100
2018-06-22;40,00;40,23;39,92;39,96;475.677
2018-06-25;39,80;40,17;39,48;39,62;204.158
2018-06-26;39,60;39,62;39,18;39,41;252.876
2018-06-27;39,28;40,01;39,04;39,64;322.330
2018-06-28;39,55;39,85;38,98;39,12;342.463
2018-06-29;39,27;40,01;39,11;39,57;402.290
2018-07-02;39,39;39,47;39,13;39,30;212.582
2018-07-03;39,43;39,89;39,33;39,57;227.134
2018-07-04;39,49;39,52;39,11;39,24;147.253
2018-07-05;39,34;39,71;39,30;39,44;209.507
2018-07-06;39,47;39,55;38,90;39,30;254.661
2018-07-09;39,35;39,81;39,17;39,59;352.808
2018-07-10;39,60;40,20;39,50;40,07;297.811
2018-07-11;39,98;39,98;39,45;39,71;240.782
2018-07-12;39,59;40,06;39,38;40,06;238.079
2018-07-13;39,96;40,29;39,89;40,05;270.274
2018-07-16;40,00;40,30;39,84;39,97;265.353
2018-07-17;40,00;40,02;39,64;39,97;233.576
2018-07-18;39,85;40,02;39,83;39,97;245.265
2018-07-19;40,12;40,29;40,01;40,21;207.244
2018-07-20;40,04;40,32;39,86;40,25;438.901
2018-07-23;40,11;40,22;39,80;40,00;299.500
2018-07-24;39,93;40,03;39,82;39,98;198.778
2018-07-25;39,98;40,09;39,83;40,05;221.697
2018-07-26;40,10;40,50;40,09;40,29;344.018
2018-07-27;40,27;40,68;40,12;40,31;324.265
2018-07-30;40,30;40,43;40,02;40,15;377.700
2018-07-31;40,25;40,30;39,97;40,28;402.357
2018-08-01;40,30;40,39;40,16;40,33;332.772
2018-08-02;40,10;40,69;40,05;40,65;255.696
2018-08-03;40,64;41,39;40,64;41,27;232.941
2018-08-06;41,30;41,91;41,30;41,70;256.578
2018-08-07;41,70;42,57;41,70;42,51;295.977
2018-08-08;42,48;43,17;42,45;43,09;275.827
2018-08-09;43,00;43,04;42,18;42,49;260.808
2018-08-10;42,36;42,40;41,79;42,07;249.402
2018-08-13;41,85;41,91;41,64;41,75;208.609
2018-08-14;41,72;41,90;41,02;41,21;317.702
2018-08-15;41,18;41,30;40,51;40,80;234.222
2018-08-16;40,86;41,19;40,67;41,10;355.143
2018-08-17;39,40;40,50;37,60;38,46;1.129.136
2018-08-20;38,55;40,42;38,30;40,20;510.245
2018-08-21;40,26;41,45;40,04;41,08;408.567
2018-08-22;40,97;41,86;40,86;41,66;303.271
2018-08-23;41,70;42,53;41,70;42,35;473.991
2018-08-24;42,45;42,77;42,17;42,21;257.935
2018-08-27;42,20;42,98;42,14;42,86;203.337
2018-08-28;42,99;43,87;42,97;43,64;576.354
2018-08-29;43,60;44,17;43,56;43,98;325.082
2018-08-30;44,05;44,83;43,78;44,57;610.857
2018-08-31;44,60;44,60;44,24;44,40;432.145
2018-09-03;44,22;44,81;44,22;44,51;230.185
2018-09-04;44,70;44,88;43,10;43,35;664.407
2018-09-05;43,12;43,26;42,77;42,86;471.947
2018-09-06;42,84;43,25;42,46;42,93;410.098
2018-09-07;43,12;43,12;42,42;42,76;339.163
2018-09-10;42,78;43,02;42,70;42,96;217.310
2018-09-11;43,12;43,45;43,04;43,33;329.395
2018-09-12;43,30;43,81;43,30;43,44;294.762
2018-09-13;43,36;43,48;43,11;43,34;291.518
2018-09-14;43,49;43,77;43,43;43,66;298.297
2018-09-17;43,52;43,66;43,21;43,39;307.715
2018-09-18;43,14;43,56;42,86;43,00;430.835
2018-09-19;43,14;43,22;42,86;42,88;273.545
2018-09-20;42,86;43,16;42,74;43,06;348.213
2018-09-21;43,14;43,37;42,85;42,89;535.958
2018-09-24;42,50;43,04;42,46;42,66;225.004
2018-09-25;42,70;42,89;42,51;42,89;326.045
2018-09-26;42,96;43,24;42,67;42,81;257.544
2018-09-27;42,65;42,96;42,41;42,62;324.780
2018-09-28;42,37;42,54;41,63;42,44;434.495
2018-10-01;42,56;43,03;42,56;42,80;272.610
2018-10-02;42,73;42,75;42,21;42,50;290.776
2018-10-03;42,57;42,67;42,29;42,59;326.987
2018-10-04;42,56;42,72;41,76;42,19;397.308
2018-10-05;42,03;42,09;41,73;41,77;226.861
2018-10-08;41,60;41,70;41,03;41,16;270.392
2018-10-09;41,15;42,61;41,11;42,32;634.315
2018-10-10;42,43;42,46;41,50;41,50;324.238
2018-10-11;41,03;41,10;40,50;40,71;403.319
2018-10-12;40,98;41,51;40,78;40,90;317.385
2018-10-15;40,78;41,34;40,77;40,96;217.550
2018-10-16;41,00;41,62;40,92;41,62;324.449
2018-10-17;41,61;41,93;41,14;41,29;344.901
2018-10-18;41,31;41,69;40,98;41,22;420.724
2018-10-19;41,20;41,53;41,02;41,36;348.447
2018-10-22;41,62;41,92;40,78;40,97;304.910
2018-10-23;40,75;40,82;39,85;39,99;356.877
2018-10-24;40,09;40,81;39,92;40,17;244.622
2018-10-25;40,00;40,23;39,61;39,72;497.170
2018-10-26;39,65;39,69;38,90;39,38;440.262
2018-10-29;39,60;39,95;39,22;39,74;330.614
2018-10-30;39,75;39,96;39,42;39,67;291.911
2018-10-31;40,00;40,31;39,56;40,00;669.526
2018-11-01;39,66;40,02;39,66;39,83;400.998
2018-11-02;40,00;40,59;39,64;39,93;547.963
2018-11-05;41,52;42,39;41,16;41,94;1.216.707
2018-11-06;41,70;42,04;41,60;41,80;542.040
2018-11-07;41,95;42,36;41,92;42,03;427.943
2018-11-08;42,11;42,16;40,83;40,90;482.436
2018-11-09;40,94;40,94;40,41;40,55;631.457
2018-11-12;40,87;40,87;39,76;39,90;486.961
2018-11-13;40,21;40,21;39,52;39,79;281.831
2018-11-14;39,70;39,78;39,11;39,37;335.129
2018-11-15;39,65;39,65;39,25;39,59;274.024
2018-11-16;39,71;40,00;39,40;39,60;314.934
2018-11-19;39,72;39,95;39,12;39,23;277.450
2018-11-20;39,00;39,41;38,50;38,54;432.800
2018-11-21;38,63;39,29;38,48;39,18;305.832
2018-11-22;39,33;39,36;38,96;39,20;167.856
2018-11-23;39,30;39,30;38,51;39,01;200.557
2018-11-26;39,15;39,53;38,94;39,47;340.568
2018-11-27;39,40;39,82;38,84;38,88;466.813
2018-11-28;39,03;39,18;38,29;38,48;466.621
2018-11-29;38,57;39,05;38,39;38,81;433.852
2018-11-30;38,91;39,15;38,48;38,60;509.823
2018-12-03;39,23;39,83;39,08;39,28;347.879
2018-12-04;39,20;39,42;38,63;38,89;273.956
2018-12-05;38,50;39,28;38,42;39,24;241.284
2018-12-06;38,92;38,92;38,01;38,38;447.837
2018-12-07;38,67;39,79;38,50;39,26;545.822
2018-12-10;39,41;39,55;38,61;38,85;343.375
2018-12-11;39,21;40,61;39,21;40,28;579.199
2018-12-12;40,41;41,01;40,22;40,82;348.855
2018-12-13;40,60;41,72;40,60;41,47;444.970
2018-12-14;41,06;41,91;41,02;41,72;404.391
2018-12-17;41,68;41,84;41,19;41,44;370.048
2018-12-18;41,29;41,36;40,76;40,94;328.685
2018-12-19;41,08;41,09;40,52;40,81;279.511
2018-12-20;40,32;40,61;39,91;40,31;406.805
2018-12-21;40,26;40,28;39,57;40,13;689.938
2018-12-24;40,00;40,10;38,99;39,04;133.312
2018-12-27;39,49;39,66;38,28;38,55;323.326
2018-12-28;38,94;39,51;38,75;39,30;198.758
2018-12-31;39,62;40,03;39,31;39,68;67.392
2019-01-02;39,12;39,82;38,81;39,70;311.728
2019-01-03;39,40;40,05;39,22;39,89;334.244
2019-01-04;40,29;41,78;40,10;41,41;445.061
2019-01-07;41,79;42,61;41,75;42,49;337.128
2019-01-08;42,75;43,02;42,33;42,58;322.940
2019-01-09;42,95;43,57;42,61;43,41;398.372
2019-01-10;43,24;43,66;42,97;43,62;326.009
2019-01-11;43,70;43,78;43,27;43,50;178.871
2019-01-14;43,31;43,68;43,23;43,34;212.938
2019-01-15;43,60;43,76;43,45;43,64;218.940
2019-01-16;43,80;43,80;43,25;43,66;239.758
2019-01-17;43,31;43,52;42,74;42,94;278.199
2019-01-18;43,15;43,85;43,15;43,72;375.870
2019-01-21;43,75;43,94;43,46;43,84;156.130
2019-01-22;43,77;44,58;43,52;43,63;320.814
2019-01-23;43,58;44,03;43,45;43,55;200.114
2019-01-24;43,47;43,88;43,33;43,48;224.666
2019-01-25;43,82;44,57;43,70;44,33;277.997
2019-01-28;44,21;44,84;43,82;44,47;320.094
2019-01-29;45,00;45,37;44,75;45,00;478.726
2019-01-30;45,84;45,99;44,80;45,10;379.540
2019-01-31;45,46;45,50;44,25;44,41;571.560
2019-02-01;44,29;44,50;43,95;43,95;401.063
2019-02-04;44,00;44,23;43,90;44,03;335.096
2019-02-05;44,00;44,50;43,94;44,50;380.103
2019-02-06;44,46;44,73;44,25;44,50;216.301
2019-02-07;44,46;44,58;43,72;43,74;228.112
2019-02-08;43,51;43,92;43,40;43,64;216.771
2019-02-11;43,87;44,04;43,65;43,88;157.473
2019-02-12;44,04;44,30;43,77;44,00;307.187
2019-02-13;44,20;44,32;42,81;42,94;721.612
2019-02-14;42,88;43,86;42,88;43,64;469.772
2019-02-15;43,64;43,85;43,47;43,58;345.622
2019-02-18;43,58;43,69;43,20;43,49;193.066
2019-02-19;43,59;43,97;43,39;43,45;343.172
2019-02-20;43,65;43,75;43,22;43,30;299.120
2019-02-21;43,40;43,49;42,87;43,12;238.189
2019-02-22;43,05;43,42;42,85;43,02;266.747
2019-02-25;43,15;43,35;43,06;43,16;213.992
2019-02-26;43,12;43,62;43,02;43,48;286.647
2019-02-27;43,47;43,47;42,97;43,08;379.268
2019-02-28;42,91;43,17;42,77;42,99;404.259
2019-03-01;43,24;43,24;42,90;43,05;253.543
2019-03-04;43,39;43,40;42,96;43,11;268.503
2019-03-05;43,12;43,30;42,93;43,23;294.297
2019-03-06;43,12;43,40;43,07;43,26;197.496
2019-03-07;43,21;43,52;43,12;43,41;359.923
2019-03-08;43,11;43,27;42,90;42,97;259.192
2019-03-11;43,15;43,18;42,92;43,18;235.131
2019-03-12;43,34;43,50;43,14;43,24;234.262
2019-03-13;43,11;43,23;42,92;43,16;386.434
2019-03-14;43,20;43,38;43,00;43,00;390.677
2019-03-15;43,25;43,25;42,80;42,89;730.303
2019-03-18;42,85;43,06;42,84;43,05;238.963
2019-03-19;43,10;43,68;43,07;43,65;394.633
2019-03-20;43,52;43,69;43,34;43,40;199.783
2019-03-21;43,45;43,56;42,23;42,23;311.887
2019-03-22;42,36;42,42;41,38;41,58;368.900
2019-03-25;41,26;41,70;41,03;41,34;225.373
2019-03-26;41,68;42,13;41,55;41,99;294.395
2019-03-27;42,11;42,33;41,83;42,33;318.590
2019-03-28;42,28;42,37;41,80;41,82;196.784
2019-03-29;41,95;42,71;41,95;42,66;715.547
2019-04-01;43,00;43,46;42,85;43,46;318.638
2019-04-02;43,50;43,56;42,64;42,87;491.953
2019-04-03;43,03;43,18;42,25;42,72;498.986
2019-04-04;42,73;42,91;42,39;42,61;297.168
2019-04-05;43,10;43,48;42,78;43,00;573.936
2019-04-08;43,08;43,23;42,74;42,99;308.963
2019-04-09;43,00;43,13;42,44;42,60;372.836
2019-04-10;42,67;42,80;42,13;42,25;290.779
2019-04-11;42,27;42,37;42,08;42,15;278.589
2019-04-12;42,30;42,30;41,73;41,73;338.099
2019-04-15;41,72;42,13;41,42;42,06;347.146
2019-04-16;42,17;42,22;41,59;41,83;361.583
2019-04-17;42,20;44,12;42,03;43,63;892.763
2019-04-18;43,77;43,83;42,76;42,77;388.599
2019-04-23;42,00;42,03;41,04;41,23;366.867
2019-04-24;41,32;41,32;40,09;40,09;580.833
2019-04-25;40,12;40,90;40,01;40,78;359.059
2019-04-26;40,56;40,62;40,23;40,29;343.511
2019-04-29;40,35;40,35;39,74;39,98;328.392
2019-04-30;39,98;40,47;38,20;39,75;838.125
2019-05-02;39,59;39,90;39,25;39,35;531.688
2019-05-03;39,21;39,97;39,21;39,60;340.935
2019-05-06;39,02;39,50;38,87;39,17;317.405
2019-05-07;39,08;39,20;38,21;38,26;450.953
2019-05-08;38,44;38,57;37,93;38,02;403.155
2019-05-09;38,00;38,00;37,25;37,30;337.326
2019-05-10;37,45;38,35;37,45;38,06;327.909
2019-05-13;38,11;38,11;37,45;37,52;337.358
2019-05-14;37,60;37,64;37,27;37,41;265.235
2019-05-15;37,42;37,49;37,03;37,34;214.801
2019-05-16;37,30;37,81;37,09;37,72;263.520
2019-05-17;37,70;38,03;37,62;37,85;329.141
2019-05-20;37,99;38,17;37,49;37,77;442.007
2019-05-21;37,98;38,12;37,68;38,12;288.189
2019-05-22;37,86;38,17;37,74;38,08;316.021
2019-05-23;37,82;37,82;37,12;37,13;316.383
2019-05-24;37,25;37,25;36,79;36,79;319.114
2019-05-27;36,97;36,99;36,71;36,73;166.178
2019-05-28;36,72;37,00;36,55;36,84;372.735
2019-05-29;36,80;36,80;36,14;36,36;307.448
2019-05-30;36,51;36,81;36,41;36,50;211.349
2019-05-31;36,17;36,75;36,12;36,70;461.706
2019-06-03;36,40;36,57;36,05;36,39;271.782
2019-06-04;36,30;36,79;36,20;36,60;269.757
2019-06-05;36,60;36,98;36,60;36,90;336.192
2019-06-06;36,94;37,33;36,86;37,12;337.878
2019-06-07;37,26;37,63;37,17;37,63;303.744
2019-06-10;37,83;38,14;37,75;37,92;261.371
2019-06-11;37,92;38,19;37,87;38,00;364.099
2019-06-12;37,82;38,24;37,82;38,04;353.006
2019-06-13;38,09;38,62;38,05;38,38;393.178
2019-06-14;38,50;39,29;38,37;39,08;604.451
2019-06-17;39,22;39,44;38,48;38,63;441.399
2019-06-18;38,71;39,31;38,45;39,15;323.407
2019-06-19;39,27;39,75;39,02;39,75;567.081
2019-06-20;39,88;40,33;39,80;40,33;438.416
2019-06-21;40,32;40,64;40,30;40,61;830.273
2019-06-24;40,51;40,70;40,25;40,25;449.322
2019-06-25;40,23;40,43;40,09;40,30;301.719
2019-06-26;40,25;40,66;40,20;40,66;308.839
2019-06-27;40,75;40,75;40,01;40,22;343.583
2019-06-28;40,40;40,65;40,19;40,55;292.751
2019-07-01;40,76;41,26;40,76;41,18;327.206
2019-07-02;41,13;41,30;40,97;41,04;255.534
2019-07-03;41,25;41,56;41,08;41,42;241.015
2019-07-04;41,45;41,97;41,33;41,83;184.661
2019-07-05;41,95;42,11;41,62;42,11;305.433
2019-07-08;41,93;42,27;41,93;42,23;255.642
2019-07-09;42,20;42,32;41,85;42,21;315.585
2019-07-10;42,20;42,92;42,16;42,74;358.416
2019-07-11;42,81;43,12;42,64;42,67;337.224
2019-07-12;43,21;43,72;43,10;43,30;402.374
2019-07-15;43,37;43,46;42,90;43,00;290.398
2019-07-16;43,00;43,39;42,94;43,36;228.564
2019-07-17;43,24;43,24;42,74;42,92;253.283
2019-07-18;42,78;42,97;42,61;42,73;286.542
2019-07-19;42,84;42,98;42,69;42,96;199.976
2019-07-22;43,03;43,15;42,69;42,94;252.343
2019-07-23;43,11;43,21;42,84;43,09;185.802
2019-07-24;43,20;43,20;42,86;43,05;159.844
2019-07-25;43,22;43,33;42,90;43,21;306.939
2019-07-26;43,37;43,55;43,11;43,51;211.047
2019-07-29;43,50;43,73;43,43;43,62;213.655
2019-07-30;43,70;43,70;42,99;43,30;315.586
2019-07-31;43,31;45,27;43,31;44,60;685.489
2019-08-01;44,50;46,54;44,50;46,22;525.610
2019-08-02;45,85;45,90;44,71;44,82;357.726
2019-08-05;44,62;44,83;44,09;44,25;310.784
2019-08-06;44,02;44,59;43,86;44,11;269.130
2019-08-07;44,45;44,93;44,01;44,06;420.638
2019-08-08;44,37;44,74;44,27;44,33;350.589
2019-08-09;44,29;44,35;43,91;44,13;308.785
2019-08-12;44,50;44,70;43,92;43,98;222.574
2019-08-13;43,80;44,14;43,67;44,01;310.625
2019-08-14;44,00;44,33;43,36;43,55;295.569
2019-08-15;43,53;43,68;42,84;43,17;326.990
2019-08-16;43,10;43,50;43,07;43,33;367.902
2019-08-19;43,62;44,03;43,57;43,92;297.712
2019-08-20;44,06;44,20;43,69;43,71;193.993
2019-08-21;43,83;44,25;43,83;44,07;172.749
2019-08-22;43,90;44,02;43,68;43,74;244.548
2019-08-23;44,07;44,07;43,04;43,04;246.780
2019-08-26;42,88;43,14;42,78;43,11;291.063
2019-08-27;43,00;43,15;42,86;42,87;436.507
2019-08-28;42,73;43,00;42,57;42,91;459.988
2019-08-29;42,63;43,36;42,56;43,18;426.414
2019-08-30;42,94;43,37;42,94;43,36;302.750
2019-09-02;43,43;43,46;43,21;43,34;189.406
2019-09-03;43,11;43,49;42,87;43,04;200.348
2019-09-04;43,36;43,53;43,07;43,14;185.665
2019-09-05;43,32;43,86;43,27;43,55;216.215
2019-09-06;43,70;43,89;43,55;43,85;243.576
2019-09-09;43,83;44,06;43,63;43,79;184.134
2019-09-10;43,86;44,42;43,71;44,26;303.484
2019-09-11;44,25;44,81;44,22;44,43;314.503
2019-09-12;44,31;44,82;44,31;44,60;271.653
2019-09-13;44,50;44,94;44,48;44,48;265.153
2019-09-16;44,50;44,73;43,58;43,58;321.260
2019-09-17;43,89;44,51;43,64;44,00;308.697
2019-09-18;43,73;44,64;43,69;44,62;260.058
2019-09-19;44,66;44,66;44,13;44,27;235.588
2019-09-20;45,26;46,38;45,14;46,32;809.796
2019-09-23;46,26;46,26;45,28;45,75;270.300
2019-09-24;45,59;46,30;45,59;45,93;284.633
2019-09-25;45,95;46,13;45,49;45,91;241.464
2019-09-26;46,06;46,84;46,05;46,64;313.894
2019-09-27;46,88;46,88;46,24;46,80;234.872
2019-09-30;46,60;47,47;46,41;47,16;537.379
2019-10-01;47,10;47,78;47,06;47,29;311.573
2019-10-02;47,16;47,47;46,50;46,50;333.198
2019-10-03;46,56;46,87;46,16;46,48;221.859
2019-10-04;46,50;47,58;46,45;47,52;272.112
2019-10-07;47,50;48,54;47,43;48,53;378.887
2019-10-08;48,21;48,36;47,81;47,81;305.801
2019-10-09;47,81;48,44;47,68;48,38;223.444
2019-10-10;48,33;48,53;48,01;48,23;211.273
2019-10-11;48,50;48,58;47,86;48,17;247.858
2019-10-14;48,15;48,43;47,83;48,27;205.048
2019-10-15;48,33;48,82;48,23;48,80;260.658
2019-10-16;48,71;48,92;48,33;48,52;273.816
2019-10-17;48,25;49,08;48,18;48,56;241.637
2019-10-18;48,70;48,72;48,24;48,30;196.009
2019-10-21;48,26;48,69;48,21;48,66;185.520
2019-10-22;48,51;48,99;48,51;48,86;132.469
2019-10-23;48,88;49,00;48,64;48,75;278.598
2019-10-24;48,75;49,07;48,59;49,01;199.665
2019-10-25;48,88;49,22;48,67;48,84;221.254
2019-10-28;48,95;49,48;48,79;49,25;214.459
2019-10-29;49,25;49,65;49,01;49,62;306.539
2019-10-30;49,47;49,64;49,10;49,24;241.396
2019-10-31;49,02;49,49;48,92;49,19;316.742
2019-11-01;49,38;49,63;48,82;49,57;284.034
2019-11-04;48,80;48,99;47,12;47,75;580.367
2019-11-05;47,66;48,48;47,66;48,00;376.335
2019-11-06;48,10;48,15;47,07;47,80;519.165
2019-11-07;47,68;48,37;47,68;48,37;315.881
2019-11-08;48,40;48,46;47,95;48,46;239.867
2019-11-11;48,23;48,66;48,19;48,34;220.185
2019-11-12;48,55;49,31;48,33;49,15;413.134
2019-11-13;49,15;49,30;48,46;48,61;273.427
2019-11-14;48,84;51,14;48,71;50,92;539.561
2019-11-15;51,18;51,82;50,76;51,74;356.032
2019-11-18;51,72;51,96;50,98;51,04;365.732
2019-11-19;51,26;51,26;49,82;49,94;268.563
2019-11-20;50,20;50,24;49,15;49,65;272.034
2019-11-21;49,57;49,59;48,72;49,00;310.046
2019-11-22;49,24;49,61;48,88;49,08;256.898
2019-11-25;49,14;49,46;48,92;48,92;238.846
2019-11-26;48,92;49,44;48,92;49,43;974.779
2019-11-27;49,50;49,56;48,51;48,55;279.174
2019-11-28;48,55;48,61;48,16;48,55;124.634
2019-11-29;48,22;48,72;48,22;48,39;182.388
2019-12-02;48,39;48,67;47,64;47,85;304.898
2019-12-03;47,70;48,30;47,49;47,71;290.597
2019-12-04;47,86;48,26;47,72;48,21;228.145
2019-12-05;48,15;48,70;48,13;48,13;186.814
2019-12-06;48,52;49,26;48,21;49,00;257.978
2019-12-09;49,14;49,25;48,47;48,86;164.548
2019-12-10;48,66;49,03;48,42;48,68;265.587
2019-12-11;48,60;49,18;48,20;48,28;269.522
2019-12-12;48,25;48,28;47,49;47,57;280.742
2019-12-13;47,99;47,99;47,33;47,33;291.085
2019-12-16;47,70;49,10;47,62;47,89;303.267
2019-12-17;48,29;48,50;47,80;47,80;312.566
2019-12-18;47,76;48,05;47,69;47,84;199.002
2019-12-19;47,91;48,73;47,83;48,36;372.078
2019-12-20;48,40;48,70;48,40;48,50;328.201
2019-12-23;48,60;48,91;48,51;48,79;153.739
2019-12-24;48,93;48,93;48,56;48,70;47.150
2019-12-27;49,00;49,27;48,55;48,95;113.813
2019-12-30;48,75;48,80;48,27;48,28;128.820
2019-12-31;48,25;48,65;48,11;48,33;80.899
2020-01-02;48,60;49,07;48,42;48,90;185.410
2020-01-03;48,86;49,50;48,73;49,16;355.018
2020-01-06;49,16;49,66;49,00;49,49;276.587
2020-01-07;49,41;49,99;49,37;49,80;214.052
2020-01-08;49,76;49,86;49,36;49,81;241.627
2020-01-09;49,86;49,88;48,91;49,38;309.005
2020-01-10;49,57;49,76;49,25;49,56;134.736
2020-01-13;49,65;49,71;49,26;49,32;132.613
2020-01-14;49,32;49,61;49,24;49,61;186.423
2020-01-15;49,80;49,97;49,39;49,97;258.586
2020-01-16;49,80;50,38;49,80;50,06;268.880
2020-01-17;50,16;50,26;49,84;50,18;192.889
2020-01-20;50,20;50,32;49,19;49,27;212.045
2020-01-21;49,01;49,11;48,22;48,36;259.912
2020-01-22;48,48;48,50;47,91;48,26;345.828
2020-01-23;48,13;48,89;48,00;48,59;246.187
2020-01-24;48,55;49,29;48,55;48,66;198.267
2020-01-27;48,41;48,41;47,47;47,61;256.692
2020-01-28;47,75;47,93;47,37;47,90;150.242
2020-01-29;48,07;49,02;47,97;48,75;254.923
2020-01-30;48,51;48,61;48,17;48,48;188.708
2020-01-31;48,45;49,04;48,22;48,38;195.087
2020-02-03;48,45;48,53;48,05;48,10;305.798
2020-02-04;48,60;49,31;48,36;49,05;288.693
2020-02-05;48,93;49,52;48,89;49,27;226.512
2020-02-06;49,26;49,44;49,01;49,18;242.950
2020-02-07;49,18;49,38;48,66;49,11;184.751
2020-02-10;49,00;49,26;48,60;49,00;203.181
2020-02-11;49,00;49,97;49,00;49,59;225.104
2020-02-12;50,80;52,50;50,20;50,48;605.223
2020-02-13;50,02;51,96;50,00;51,04;677.797
2020-02-14;51,22;51,38;50,66;50,82;361.238
2020-02-17;50,82;51,52;50,54;51,50;260.890
2020-02-18;50,50;50,58;49,62;49,88;406.883
2020-02-19;50,12;50,26;49,86;50,12;216.874
2020-02-20;50,00;50,58;49,89;50,20;240.969
2020-02-21;50,04;50,78;49,85;50,22;337.326
2020-02-24;49,56;49,61;47,78;47,98;446.882
2020-02-25;47,90;48,44;47,10;47,29;409.294
2020-02-26;46,91;46,91;44,95;46,62;428.567
2020-02-27;45,95;46,25;44,27;44,69;625.804
2020-02-28;44,00;44,00;42,45;43,15;958.871
2020-03-02;43,55;44,46;42,64;43,47;705.258
2020-03-03;44,44;44,89;43,35;43,68;524.552
2020-03-04;43,68;44,12;43,24;44,05;394.785
2020-03-05;44,00;44,47;43,25;43,68;478.247
2020-03-06;42,99;43,22;41,88;42,76;600.065
2020-03-09;41,00;45,51;40,51;44,13;1.114.176
2020-03-10;44,94;45,81;43,18;43,54;1.182.804
2020-03-11;44,24;45,90;43,44;45,24;847.853
2020-03-12;43,42;44,28;42,30;43,05;1.021.558
2020-03-13;43,99;46,06;43,21;44,19;911.465
2020-03-16;42,04;43,04;40,27;41,79;804.878
2020-03-17;42,69;44,77;41,05;44,09;960.988
2020-03-18;43,42;47,89;42,43;47,89;815.512
2020-03-19;47,75;47,75;44,90;46,43;794.039
2020-03-20;48,86;49,06;43,53;45,47;1.166.920
2020-03-23;44,28;47,20;43,40;46,90;536.695
2020-03-24;47,89;48,28;45,07;46,20;637.922
2020-03-25;46,67;47,19;43,98;46,20;581.806
2020-03-26;45,53;46,97;45,46;46,97;443.830
2020-03-27;46,20;47,08;45,12;46,08;544.077
2020-03-30;46,36;47,45;45,87;46,76;381.653
2020-03-31;47,22;47,91;46,08;47,42;437.515
2020-04-01;46,43;48,31;45,66;48,31;612.424
2020-04-02;48,63;49,30;45,20;45,32;842.792
2020-04-03;45,79;46,90;45,34;46,03;550.519
2020-04-06;46,47;46,48;43,75;43,79;748.064
2020-04-07;44,25;45,11;43,60;43,76;620.011
2020-04-08;43,99;44,99;43,59;44,93;648.049
2020-04-09;45,00;46,48;44,77;46,25;1.135.411
2020-04-14;46,87;48,41;46,71;48,41;872.628
2020-04-15;48,16;48,74;47,03;48,35;479.803
2020-04-16;48,70;49,50;47,87;48,79;629.181
2020-04-17;49,48;50,70;49,48;50,50;806.311
2020-04-20;50,50;51,80;50,42;51,00;432.645
2020-04-21;51,60;52,08;50,08;51,72;536.354
2020-04-22;51,92;53,26;51,80;52,66;756.277
2020-04-23;51,70;51,98;50,80;51,78;488.223
2020-04-24;51,70;52,26;51,16;51,94;461.999
2020-04-27;52,08;53,70;52,00;53,54;479.679
2020-04-28;53,82;53,90;52,52;53,44;369.336
2020-04-29;53,14;54,24;52,94;53,04;464.050
2020-04-30;52,74;53,30;52,14;52,62;493.729
2020-05-04;51,54;51,80;50,56;51,30;458.804
2020-05-05;51,76;52,38;51,04;52,06;423.260
2020-05-06;51,86;51,86;49,68;49,74;1.330.351
2020-05-07;49,92;50,40;49,77;50,36;454.465
2020-05-08;50,50;50,70;49,66;49,87;227.898
2020-05-11;49,81;50,06;49,39;49,69;381.069
2020-05-12;49,46;49,78;49,15;49,35;515.636
2020-05-13;49,02;49,71;48,32;48,32;837.974
2020-05-14;48,06;49,02;47,69;48,05;663.180
2020-05-15;48,35;48,75;47,33;48,73;649.017
2020-05-18;49,36;49,53;48,53;48,75;390.108
2020-05-19;49,13;49,63;48,00;48,55;453.553
2020-05-20;48,42;48,67;47,97;48,19;465.922
2020-05-21;47,76;48,54;47,55;47,76;350.466
2020-05-22;47,51;47,92;47,03;47,92;283.387
2020-05-25;48,23;48,28;47,21;47,40;264.740
2020-05-26;47,90;48,26;46,90;48,22;442.066
2020-05-27;48,33;48,62;47,30;48,32;619.589
2020-05-28;48,48;48,80;47,64;48,75;572.961
2020-05-29;48,85;49,47;48,39;49,31;824.920
2020-06-01;49,56;49,56;48,04;48,77;330.503
2020-06-02;48,85;48,98;47,66;48,08;498.112
2020-06-03;48,36;48,66;47,91;48,47;493.942
2020-06-04;48,40;49,08;48,11;48,95;507.867
2020-06-05;49,11;49,11;47,79;48,23;500.907
2020-06-08;48,18;48,18;47,07;47,80;489.845
2020-06-09;47,39;48,82;47,39;48,61;626.909
2020-06-10;48,65;49,44;48,33;49,13;518.786
2020-06-11;48,97;49,64;48,71;49,29;573.713
2020-06-12;49,29;49,36;47,73;47,83;654.574
2020-06-15;47,50;47,84;46,56;47,71;436.079
2020-06-16;48,19;49,25;47,79;49,01;389.991
2020-06-17;48,90;49,68;48,70;48,76;388.073
2020-06-18;48,76;49,50;48,62;49,04;313.830
2020-06-19;49,90;51,60;49,10;49,40;1.005.221
2020-06-22;49,25;49,75;48,80;49,19;390.912
2020-06-23;49,40;49,40;48,61;49,10;355.208
2020-06-24;48,76;49,03;48,02;48,02;426.308
2020-06-25;47,94;48,57;47,53;48,30;293.820
2020-06-26;48,55;48,80;47,83;47,83;307.600
2020-06-29;47,80;48,07;47,05;47,80;294.851
2020-06-30;47,71;48,01;47,02;47,08;414.805
2020-07-01;47,09;48,00;47,00;47,75;352.863
2020-07-02;47,85;48,01;47,56;47,78;234.987
2020-07-03;47,62;47,87;47,27;47,41;249.598
2020-07-06;47,90;48,02;47,50;47,79;207.699
2020-07-07;47,52;48,47;47,46;48,19;231.880
2020-07-08;48,19;48,69;47,91;48,38;258.949
2020-07-09;48,46;48,86;48,15;48,32;248.180
2020-07-10;48,35;49,26;48,19;48,52;383.355
2020-07-13;48,73;48,88;48,25;48,75;292.816
2020-07-14;48,66;49,71;48,35;49,67;306.626
2020-07-15;49,50;49,76;48,88;48,92;290.909
2020-07-16;48,93;49,48;48,71;49,20;181.765
2020-07-17;49,21;49,36;48,62;48,92;379.235
2020-07-20;48,86;49,28;48,70;48,87;161.667
2020-07-21;48,80;49,09;48,54;48,56;267.950
2020-07-22;48,70;49,13;47,94;47,94;238.846
2020-07-23;48,41;48,77;47,67;47,67;226.033
2020-07-24;47,56;47,85;47,23;47,57;213.407
2020-07-27;47,85;47,85;47,23;47,57;208.042
2020-07-28;47,75;48,53;47,58;48,45;256.099
2020-07-29;47,96;48,10;45,77;47,87;575.620
2020-07-30;47,87;47,87;46,01;46,36;450.824
2020-07-31;46,54;47,64;46,18;46,35;365.571
2020-08-03;46,24;46,69;45,89;46,39;265.940
2020-08-04;46,59;46,77;46,29;46,52;288.341
2020-08-05;46,51;46,97;46,42;46,71;376.196
2020-08-06;46,50;46,70;46,26;46,34;177.213
2020-08-07;46,29;46,42;45,86;46,17;191.196
2020-08-10;46,21;46,65;46,09;46,47;206.241
2020-08-11;46,49;47,58;46,45;47,32;419.130
2020-08-12;47,27;47,70;47,26;47,70;223.605
2020-08-13;47,83;47,84;47,26;47,35;206.656
2020-08-14;47,24;47,42;46,88;47,42;175.278
2020-08-17;47,41;47,61;47,17;47,43;162.805
2020-08-18;47,39;47,42;47,04;47,22;194.484
2020-08-19;47,09;47,52;47,01;47,29;230.786
2020-08-20;47,00;47,43;46,82;47,00;247.647
2020-08-21;47,12;47,33;46,77;46,92;182.843
2020-08-24;46,81;47,72;46,56;47,34;294.774
2020-08-25;47,40;47,68;47,17;47,17;290.765
2020-08-26;47,11;47,34;46,65;46,81;372.256
2020-08-27;46,72;46,98;46,50;46,50;262.471
2020-08-28;46,50;46,58;46,15;46,40;218.228
2020-09-01;46,44;47,31;46,02;46,60;436.239
2020-09-02;46,83;47,21;46,46;46,91;382.195
2020-09-03;46,92;47,20;46,75;47,06;261.610
2020-09-04;46,73;46,85;46,00;46,19;262.978
2020-09-07;46,21;46,56;45,87;46,49;121.691
2020-09-08;46,39;46,68;46,05;46,39;238.716
2020-09-09;46,23;47,81;46,23;47,12;394.250
2020-09-10;47,19;47,49;46,72;47,34;258.554
2020-09-11;47,30;47,40;46,77;47,01;301.155
2020-09-14;47,54;48,10;47,22;47,42;498.515
2020-09-15;47,46;47,46;46,27;47,22;329.290
2020-09-16;47,12;47,75;47,07;47,67;294.384
2020-09-17;47,39;48,67;47,39;48,58;478.362
2020-09-18;48,61;49,39;48,44;49,09;629.765
2020-09-21;49,03;49,17;48,59;48,82;294.053
2020-09-22;49,15;50,06;48,88;49,78;426.929
2020-09-23;49,93;49,94;49,03;49,32;316.140
2020-09-24;49,02;49,14;48,12;48,50;489.724
2020-09-25;48,57;49,25;48,45;48,96;329.455
2020-09-28;49,01;49,26;48,49;48,74;422.987
2020-10-01;48,21;48,48;47,17;47,54;569.832
2020-10-02;47,36;47,37;46,97;47,13;291.227
2020-10-05;47,39;47,64;47,30;47,58;254.107
2020-10-06;47,74;48,03;47,47;47,67;181.301
2020-10-07;47,94;47,94;46,61;46,74;341.954
2020-10-08;46,84;47,49;46,60;46,97;307.265
2020-10-09;47,25;48,19;47,20;47,75;313.289
2020-10-12;48,00;48,58;47,89;48,46;272.832
2020-10-13;48,65;48,74;48,12;48,23;189.055
2020-10-14;48,30;48,50;47,88;48,44;223.623
2020-10-15;48,24;48,34;47,58;47,61;211.661
2020-10-16;47,99;48,08;47,58;47,79;144.582
2020-10-19;47,76;48,69;47,42;47,69;88.334
2020-10-20;47,33;47,63;47,00;47,59;351.268
2020-10-21;47,86;47,95;47,10;47,19;203.955
2020-10-22;47,30;47,30;46,37;46,50;214.457
2020-10-23;46,55;47,22;46,45;46,53;198.840
2020-11-02;44,63;45,75;44,63;45,71;263.069
2020-11-03;46,05;46,80;45,82;46,50;306.872
2020-11-04;46,12;46,84;45,96;46,83;238.963
2020-11-05;46,98;47,29;46,67;46,84;272.170
2020-11-06;47,44;47,44;45,52;46,41;413.535
2020-11-09;46,83;47,20;45,64;45,80;445.955
2020-11-10;45,80;45,99;44,13;44,40;609.258
2020-11-11;44,67;45,19;44,14;44,19;457.020
2020-11-12;44,00;45,70;44,00;45,25;389.846
2020-11-13;44,94;45,29;44,40;44,75;237.156
2020-11-16;45,00;45,00;44,00;44,28;360.199
2020-11-17;44,46;44,68;43,65;44,08;370.615
2020-11-18;44,00;44,57;43,90;44,05;350.467
2020-11-19;43,95;44,87;43,77;44,23;464.259
2020-11-20;44,18;44,97;44,18;44,77;287.846
2020-11-23;45,05;45,05;44,35;44,53;313.583
2020-11-24;44,81;44,81;44,15;44,46;465.875
