2014-01-02;20,83;20,90;20,67;20,73;749.209
2014-01-03;20,78;20,80;20,64;20,67;610.523
2014-01-06;20,67;20,73;20,57;20,57;546.402
2014-01-07;20,60;20,80;20,53;20,74;541.277
2014-01-08;20,69;20,74;20,62;20,69;577.485
2014-01-09;20,63;21,12;20,62;20,99;1.025.336
2014-01-10;21,08;21,19;21,00;21,15;745.320
2014-01-13;21,20;21,29;21,10;21,26;746.287
2014-01-14;21,23;21,70;21,18;21,70;907.874
2014-01-15;21,83;22,01;21,75;21,99;1.164.841
2014-01-16;21,95;22,04;21,89;21,98;994.115
2014-01-17;22,04;22,16;21,94;22,02;1.003.109
2014-01-20;22,01;22,03;21,78;21,89;569.712
2014-01-21;21,94;21,96;21,73;21,84;760.069
2014-01-22;21,90;21,96;21,65;21,68;611.601
2014-01-23;21,60;21,71;21,31;21,38;645.187
2014-01-24;21,46;21,48;20,96;21,03;819.897
2014-01-27;21,02;21,08;20,70;20,87;696.198
2014-01-28;20,87;20,91;20,72;20,81;633.451
2014-01-29;20,92;21,07;20,53;20,62;935.749
2014-01-30;20,56;20,71;20,46;20,50;953.243
2014-01-31;20,54;20,70;20,35;20,48;1.030.765
2014-02-03;20,44;20,78;20,42;20,54;821.143
2014-02-04;20,45;20,64;20,29;20,47;703.240
2014-02-05;20,50;20,75;20,40;20,65;883.480
2014-02-06;20,77;20,92;20,68;20,91;785.181
2014-02-07;20,91;21,01;20,83;20,96;710.772
2014-02-10;20,98;21,18;20,97;21,06;691.244
2014-02-11;21,10;21,29;21,10;21,28;631.213
2014-02-12;21,31;21,53;21,25;21,46;682.216
2014-02-13;21,48;21,52;21,34;21,52;946.248
2014-02-14;21,58;21,61;21,47;21,61;641.159
2014-02-17;21,64;21,82;21,59;21,76;537.514
2014-02-18;21,83;21,86;21,57;21,65;747.357
2014-02-19;21,50;21,52;20,49;20,66;2.409.627
2014-02-20;20,47;20,50;19,76;20,05;2.272.529
2014-02-21;20,10;20,34;20,04;20,24;2.345.063
2014-02-24;20,23;20,57;20,23;20,57;983.757
2014-02-25;20,63;20,75;20,55;20,67;901.147
2014-02-26;20,68;20,73;20,47;20,64;673.149
2014-02-27;20,68;20,90;20,58;20,83;1.003.742
2014-02-28;20,95;21,03;20,78;20,93;824.954
2014-03-03;20,62;20,68;20,31;20,37;1.075.324
2014-03-04;20,58;20,68;20,43;20,68;922.922
2014-03-05;20,66;20,73;20,51;20,58;590.882
2014-03-06;20,49;20,69;20,48;20,65;724.518
2014-03-07;20,64;20,88;20,62;20,70;588.010
2014-03-10;20,70;20,81;20,41;20,46;583.925
2014-03-11;20,46;20,48;20,26;20,33;547.662
2014-03-12;20,30;20,31;20,03;20,20;620.189
2014-03-13;20,28;20,28;19,96;20,00;709.606
2014-03-14;19,83;19,88;19,56;19,81;1.163.745
2014-03-17;19,85;20,21;19,79;20,12;829.740
2014-03-18;20,03;20,20;19,87;20,09;847.674
2014-03-19;20,16;20,24;19,95;20,09;769.577
2014-03-20;19,95;20,10;19,83;20,08;1.279.371
2014-03-21;20,13;20,19;19,90;20,01;2.696.126
2014-03-24;20,00;20,08;19,78;19,85;648.532
2014-03-25;19,85;20,07;19,83;19,91;500.604
2014-03-26;19,94;20,21;19,89;20,21;634.345
2014-03-27;20,23;20,48;20,15;20,36;813.699
2014-03-28;20,46;20,46;20,32;20,44;836.188
2014-03-31;20,56;20,65;20,48;20,48;830.259
2014-04-01;20,55;20,62;20,48;20,57;764.650
2014-04-02;20,54;20,60;20,34;20,42;782.928
2014-04-03;20,47;20,50;20,34;20,40;857.238
2014-04-04;20,48;20,54;20,32;20,43;430.083
2014-04-07;20,40;20,53;20,27;20,32;611.779
2014-04-08;20,29;20,32;19,81;20,01;1.038.509
2014-04-09;20,05;20,25;19,96;20,25;672.243
2014-04-10;20,35;20,47;20,15;20,23;763.536
2014-04-11;20,06;20,15;19,88;20,02;937.122
2014-04-14;19,97;20,00;19,73;19,92;747.952
2014-04-15;19,93;20,03;19,60;19,88;1.057.781
2014-04-16;20,05;20,25;19,92;20,23;1.005.910
2014-04-17;20,28;20,71;20,23;20,67;1.463.834
2014-04-22;20,85;21,14;20,80;21,02;1.578.555
2014-04-23;21,09;21,20;20,80;20,81;1.123.197
2014-04-24;20,98;21,16;20,77;20,83;1.193.607
2014-04-25;20,20;20,30;19,88;19,94;950.656
2014-04-28;19,95;19,99;19,59;19,71;973.105
2014-04-29;19,78;19,90;19,75;19,88;573.511
2014-04-30;19,81;20,11;19,79;20,07;756.326
2014-05-02;20,07;20,18;19,87;19,91;892.504
2014-05-05;19,80;19,85;19,56;19,81;448.707
2014-05-06;19,87;20,02;19,76;19,92;508.449
2014-05-07;19,91;20,21;19,90;19,97;1.174.208
2014-05-08;19,95;20,23;19,92;20,15;629.917
2014-05-09;20,11;20,25;19,91;20,20;839.551
2014-05-12;20,25;20,43;20,25;20,36;421.052
2014-05-13;20,50;20,94;20,44;20,77;1.322.776
2014-05-14;20,83;20,83;20,74;20,77;1.064.035
2014-05-15;20,74;20,80;20,44;20,57;828.238
2014-05-16;20,51;20,67;20,46;20,58;860.138
2014-05-19;20,60;20,71;20,47;20,70;495.621
2014-05-20;20,64;20,97;20,64;20,85;667.034
2014-05-21;20,85;21,19;20,79;21,19;904.934
2014-05-22;21,22;21,32;21,08;21,18;743.091
2014-05-23;21,22;21,39;21,15;21,33;424.874
2014-05-26;21,36;21,60;21,35;21,49;319.959
2014-05-27;21,49;21,75;21,46;21,59;661.212
2014-05-28;21,53;21,76;21,53;21,76;884.845
2014-05-29;21,76;22,00;21,73;21,87;484.535
2014-05-30;21,84;22,02;21,79;21,96;942.910
2014-06-02;22,00;22,05;21,85;21,95;362.993
2014-06-03;21,97;22,02;21,63;21,70;643.443
2014-06-04;21,66;21,75;21,55;21,66;495.742
2014-06-05;21,64;21,83;21,51;21,65;942.964
2014-06-06;21,64;21,75;21,49;21,75;741.460
2014-06-09;21,74;21,97;21,69;21,95;329.463
2014-06-10;21,86;22,04;21,86;22,04;584.650
2014-06-11;21,93;22,15;21,89;21,98;744.971
2014-06-12;22,00;22,26;21,98;22,15;869.772
2014-06-13;22,15;22,15;21,92;22,08;366.607
2014-06-16;22,06;22,13;21,86;21,90;390.549
2014-06-17;21,93;22,17;21,91;22,15;604.517
2014-06-18;22,12;22,20;21,95;22,11;672.765
2014-06-19;22,16;22,32;22,06;22,27;714.465
2014-06-20;22,24;22,33;22,08;22,23;945.821
2014-06-23;22,33;22,33;21,86;21,95;603.268
2014-06-24;21,97;22,02;21,79;21,85;576.889
2014-06-25;21,74;21,77;21,56;21,57;791.398
2014-06-26;21,59;21,78;21,59;21,70;607.311
2014-06-27;21,76;21,76;21,41;21,59;592.788
2014-06-30;21,58;21,70;21,52;21,62;524.829
2014-07-01;21,64;21,64;21,38;21,56;755.259
2014-07-02;21,52;21,70;21,51;21,56;561.828
2014-07-03;21,60;21,84;21,52;21,83;579.672
2014-07-04;21,83;21,95;21,80;21,85;374.115
2014-07-07;21,77;21,81;21,52;21,52;474.596
2014-07-08;21,49;21,58;21,16;21,22;750.762
2014-07-09;21,28;21,44;21,19;21,29;953.144
2014-07-10;21,35;21,36;20,82;20,95;724.274
2014-07-11;20,94;20,98;20,59;20,68;992.862
2014-07-14;20,71;21,02;20,68;20,96;590.177
2014-07-15;20,91;21,00;20,81;20,89;645.549
2014-07-16;20,94;21,17;20,92;21,08;675.160
2014-07-17;21,01;21,20;20,97;21,10;469.730
2014-07-18;21,00;21,07;20,82;21,01;328.796
2014-07-21;21,05;21,15;20,90;21,03;525.702
2014-07-22;21,18;21,21;21,03;21,14;466.794
2014-07-23;21,12;21,41;21,09;21,22;439.497
2014-07-24;21,29;21,57;21,21;21,42;669.687
2014-07-25;21,40;21,44;21,12;21,20;628.103
2014-07-28;21,27;21,27;21,03;21,17;454.371
2014-07-29;21,22;21,26;21,06;21,13;520.591
2014-07-30;21,15;21,19;20,64;20,85;722.063
2014-07-31;20,85;20,86;20,55;20,70;919.434
2014-08-01;20,70;20,77;20,47;20,53;777.932
2014-08-04;20,57;20,59;20,31;20,40;661.130
2014-08-05;20,41;20,56;20,32;20,34;506.361
2014-08-06;20,27;20,27;20,06;20,15;635.047
2014-08-07;20,17;20,17;19,89;19,96;788.284
2014-08-08;19,78;19,93;19,67;19,81;1.187.880
2014-08-11;19,83;20,06;19,79;20,00;680.434
2014-08-12;20,01;20,29;19,95;20,26;608.036
2014-08-13;20,39;20,39;20,22;20,30;464.947
2014-08-14;20,30;20,33;20,24;20,29;576.171
2014-08-15;20,36;20,51;20,18;20,25;571.332
2014-08-18;20,36;20,47;20,34;20,36;323.694
2014-08-19;20,44;20,76;20,43;20,72;523.937
2014-08-20;20,73;20,78;20,62;20,69;394.394
2014-08-21;20,74;20,88;20,67;20,76;527.040
2014-08-22;20,79;20,96;20,79;20,88;456.059
2014-08-25;21,02;21,10;20,87;20,89;258.084
2014-08-26;20,84;21,13;20,82;21,07;488.804
2014-08-27;21,04;21,15;21,00;21,06;389.316
2014-08-28;21,05;21,20;21,03;21,13;412.990
2014-08-29;21,16;21,17;20,90;21,08;593.089
2014-09-01;21,09;21,19;21,08;21,13;304.265
2014-09-02;21,19;21,31;21,04;21,10;487.447
2014-09-03;21,10;21,39;21,08;21,20;449.960
2014-09-04;21,21;21,32;21,12;21,26;685.666
2014-09-05;21,25;21,40;21,21;21,31;582.880
2014-09-08;21,36;21,40;21,22;21,40;469.065
2014-09-09;21,40;21,49;21,28;21,33;424.188
2014-09-10;21,24;21,29;21,15;21,19;448.552
2014-09-11;21,26;21,37;21,22;21,31;382.584
2014-09-12;21,32;21,39;21,23;21,34;368.211
2014-09-15;21,25;21,54;21,25;21,52;591.890
2014-09-16;21,51;21,59;21,39;21,56;412.261
2014-09-17;21,67;21,85;21,65;21,78;589.423
2014-09-18;21,79;21,95;21,79;21,83;619.288
2014-09-19;21,97;22,03;21,87;21,94;1.019.497
2014-09-22;21,89;22,04;21,81;21,84;504.438
2014-09-23;21,77;21,79;21,37;21,44;1.103.619
2014-09-24;21,48;21,48;20,76;20,91;1.933.863
2014-09-25;20,89;21,23;20,87;20,91;1.047.790
2014-09-26;20,92;20,99;20,71;20,92;851.164
2014-09-29;20,97;21,20;20,92;21,11;821.180
2014-09-30;21,18;21,31;21,01;21,12;1.027.076
2014-10-01;21,08;21,32;20,96;21,01;776.359
2014-10-02;20,98;21,03;20,64;20,65;734.968
2014-10-03;20,79;20,89;20,61;20,82;525.281
2014-10-06;20,88;21,12;20,84;20,93;536.980
2014-10-07;20,83;20,85;20,57;20,59;712.902
2014-10-08;20,51;20,57;20,30;20,53;690.796
2014-10-09;20,68;20,83;20,19;20,23;688.225
2014-10-10;20,02;20,10;19,81;20,01;888.487
2014-10-13;19,91;20,04;19,68;19,75;734.444
2014-10-14;19,64;19,88;19,39;19,79;701.755
2014-10-17;19,13;19,83;19,05;19,77;1.448.906
2014-10-20;19,69;19,81;19,48;19,57;1.170.309
2014-10-21;19,49;19,98;19,44;19,98;884.227
2014-10-22;20,04;20,41;20,04;20,27;749.534
2014-10-23;20,21;20,46;19,94;20,44;767.960
2014-10-24;20,38;20,47;20,32;20,38;527.347
2014-10-27;20,53;20,58;20,34;20,39;626.592
2014-10-28;20,44;20,67;20,43;20,52;506.424
2014-10-29;20,58;20,95;20,57;20,82;608.264
2014-10-30;20,87;21,06;20,69;20,98;746.586
2014-10-31;21,25;21,34;21,18;21,29;992.121
2014-11-03;21,37;21,75;21,33;21,61;1.211.382
2014-11-04;21,60;21,80;21,40;21,47;928.135
2014-11-05;21,58;21,83;21,58;21,71;957.985
2014-11-06;21,64;22,18;21,64;22,05;1.325.907
2014-11-07;22,16;22,22;21,88;21,98;625.458
2014-11-10;22,00;22,28;21,89;22,28;1.029.637
2014-11-11;22,27;22,50;22,27;22,40;793.465
2014-11-12;22,31;22,43;22,07;22,13;907.103
2014-11-13;22,26;22,40;22,20;22,31;1.042.433
2014-11-14;22,40;22,43;22,21;22,33;812.002
2014-11-17;22,18;22,43;22,16;22,42;734.880
2014-11-18;22,46;22,63;22,42;22,53;817.394
2014-11-19;22,59;22,61;22,46;22,53;494.934
2014-11-20;22,49;22,58;22,40;22,52;507.096
2014-11-21;22,56;22,73;22,53;22,66;983.045
2014-11-24;22,66;23,20;22,56;23,07;947.316
2014-11-25;23,16;23,50;22,99;23,24;1.024.577
2014-11-26;23,37;23,41;23,19;23,25;510.938
2014-11-27;23,32;23,58;23,27;23,51;508.359
2014-11-28;23,50;23,62;23,35;23,57;664.966
2014-12-01;23,41;23,82;23,41;23,68;798.931
2014-12-02;23,68;24,02;23,60;23,95;966.434
2014-12-03;23,91;24,37;23,91;24,10;1.120.600
2014-12-04;24,16;24,25;23,83;24,11;1.288.177
2014-12-05;24,23;24,29;24,10;24,28;757.845
2014-12-08;24,18;24,44;24,18;24,43;600.746
2014-12-09;24,19;24,46;23,75;23,91;1.416.401
2014-12-10;23,90;24,21;23,83;23,93;1.192.870
2014-12-11;23,81;24,20;23,81;24,03;1.045.456
2014-12-12;23,84;23,94;23,57;23,67;869.076
2014-12-15;23,60;23,93;23,44;23,54;1.255.155
2014-12-16;23,52;24,11;23,32;24,11;2.027.713
2014-12-17;23,96;24,01;23,77;23,90;1.002.022
2014-12-18;24,15;24,64;24,06;24,64;1.322.143
2014-12-19;24,76;24,97;24,64;24,86;1.544.440
2014-12-22;25,00;25,35;24,98;25,27;780.317
2014-12-23;25,33;25,54;25,16;25,24;593.312
2014-12-24;25,21;25,60;25,21;25,60;303.069
2014-12-29;25,53;25,67;25,30;25,45;696.701
2014-12-30;25,39;25,45;25,21;25,21;447.617
2014-12-31;25,18;25,46;25,02;25,35;274.791
2015-01-02;25,40;25,60;25,16;25,27;494.703
2015-01-05;25,19;25,57;24,91;24,95;786.775
2015-01-06;25,04;25,30;24,83;25,00;869.583
2015-01-07;25,17;25,29;24,71;24,94;1.425.258
2015-01-08;25,20;25,76;25,13;25,52;1.621.373
2015-01-09;25,50;25,95;25,35;25,49;1.006.777
2015-01-12;25,58;25,84;25,43;25,57;1.165.833
2015-01-13;25,55;26,66;25,49;25,69;2.356.109
2015-01-14;25,72;26,58;25,70;25,99;1.929.839
2015-01-15;26,11;26,28;25,53;26,02;1.837.930
2015-01-16;25,99;26,38;25,92;26,32;1.748.877
2015-01-19;26,27;26,80;26,26;26,76;1.042.813
2015-01-20;26,46;26,48;26,00;26,38;2.402.584
2015-01-21;26,35;26,71;26,24;26,46;1.425.627
2015-01-22;26,47;26,73;26,19;26,46;1.851.525
2015-01-23;26,41;27,03;26,20;26,84;1.838.164
2015-01-26;26,75;26,96;26,53;26,77;1.333.806
2015-01-27;26,75;26,93;26,44;26,55;1.209.446
2015-01-28;26,26;26,57;25,96;26,24;1.582.157
2015-01-29;26,07;26,54;26,07;26,54;1.286.775
2015-01-30;26,68;26,87;26,47;26,55;1.337.377
2015-02-02;26,58;26,71;25,84;26,18;1.611.048
2015-02-03;26,12;26,41;26,03;26,13;1.466.390
2015-02-04;26,18;26,26;25,98;26,26;1.496.759
2015-02-05;26,18;26,44;26,17;26,33;1.195.210
2015-02-06;26,30;26,45;26,04;26,39;1.172.931
2015-02-09;26,30;26,30;25,87;26,04;960.470
2015-02-10;26,03;26,64;25,96;26,56;1.174.590
2015-02-11;26,53;26,88;26,50;26,86;1.452.247
2015-02-12;26,88;27,53;26,88;27,30;1.494.560
2015-02-13;27,30;27,32;26,90;26,93;1.252.591
2015-02-16;26,93;26,96;26,49;26,67;852.315
2015-02-17;26,60;26,99;26,52;26,75;1.089.597
2015-02-18;27,05;28,55;27,05;28,12;2.596.825
2015-02-19;28,00;28,29;27,94;28,09;1.733.210
2015-02-20;28,09;28,30;27,99;28,21;1.139.610
2015-02-23;28,40;28,75;28,37;28,62;2.516.127
2015-02-24;28,71;28,85;28,48;28,63;921.971
2015-02-25;28,74;29,22;28,74;28,98;1.826.919
2015-02-26;29,06;29,08;28,58;28,86;1.293.002
2015-02-27;29,08;29,40;28,70;28,99;1.374.861
2015-03-02;29,15;29,40;28,92;29,35;1.318.142
2015-03-03;29,45;29,56;28,68;28,83;1.415.547
2015-03-04;28,90;29,24;28,61;29,24;1.493.229
2015-03-05;29,27;29,77;29,27;29,76;1.376.743
2015-03-06;29,69;30,10;29,69;30,04;1.114.660
2015-03-09;29,96;30,33;29,66;30,15;1.751.582
2015-03-10;30,06;30,49;29,97;30,19;1.705.485
2015-03-11;30,27;30,85;30,27;30,59;1.440.993
2015-03-12;30,53;30,88;30,38;30,85;1.234.916
2015-03-13;30,91;31,09;30,56;30,75;898.601
2015-03-16;30,77;31,13;30,73;30,96;1.610.783
2015-03-17;30,94;31,21;30,28;30,37;1.935.415
2015-03-18;30,50;30,61;29,88;30,57;1.696.432
2015-03-19;30,70;30,98;30,51;30,72;1.597.956
2015-03-20;30,89;31,10;30,55;30,55;3.778.347
2015-03-23;30,62;30,77;30,16;30,50;1.402.510
2015-03-24;30,49;31,17;30,45;31,11;1.277.890
2015-03-25;31,19;31,32;30,20;30,29;1.605.237
2015-03-26;30,00;30,03;29,17;29,85;1.752.674
2015-03-27;29,99;30,28;29,74;29,96;1.177.960
2015-03-30;30,22;30,60;30,14;30,55;1.152.426
2015-03-31;30,66;31,10;30,06;30,40;1.359.716
2015-04-01;30,29;30,78;29,99;30,30;1.603.727
2015-04-02;30,38;30,55;30,12;30,53;693.706
2015-04-07;30,83;31,08;30,50;31,08;1.235.154
2015-04-08;30,96;31,04;30,52;31,03;1.412.322
2015-04-09;31,19;31,75;31,16;31,70;1.052.740
2015-04-10;31,60;31,69;31,31;31,69;1.605.717
2015-04-13;31,68;31,93;31,42;31,90;1.147.747
2015-04-14;31,87;31,97;31,59;31,75;1.034.006
2015-04-15;31,88;31,88;31,34;31,44;1.390.207
2015-04-16;31,43;31,44;30,87;31,11;1.020.682
2015-04-17;30,99;31,28;30,33;30,58;1.771.594
2015-04-20;30,80;31,14;30,80;30,87;1.064.850
2015-04-21;31,07;31,49;30,87;31,39;1.236.945
2015-04-22;31,50;31,61;30,88;31,17;980.145
2015-04-23;31,16;31,38;30,59;30,83;1.442.733
2015-04-24;30,37;30,37;29,54;29,96;1.626.929
2015-04-27;29,84;30,31;29,50;30,20;1.114.123
2015-04-28;30,09;30,15;29,35;29,76;1.530.894
2015-04-29;29,75;29,97;28,70;28,70;1.619.825
2015-04-30;28,75;29,05;28,22;28,92;1.998.909
2015-05-04;28,91;29,08;28,54;28,82;966.630
2015-05-05;28,87;29,27;28,14;28,21;1.259.074
2015-05-06;28,12;28,27;27,64;27,88;1.297.301
2015-05-07;28,52;28,52;27,40;28,22;1.947.305
2015-05-08;28,49;29,05;28,27;28,91;1.151.464
2015-05-11;28,99;29,01;28,73;29,00;930.141
2015-05-12;28,94;28,94;28,51;28,76;1.212.013
2015-05-13;28,56;28,75;27,45;27,61;2.368.748
2015-05-14;27,63;28,17;27,35;28,01;1.525.204
2015-05-15;28,17;28,31;27,90;28,04;1.088.012
2015-05-18;28,04;28,16;27,71;28,14;864.230
2015-05-19;28,16;28,73;28,12;28,67;1.334.052
2015-05-20;28,76;28,94;28,67;28,71;1.103.089
2015-05-21;28,61;28,81;28,56;28,73;777.090
2015-05-22;28,68;29,53;28,43;28,65;930.735
2015-05-25;28,70;28,89;28,58;28,77;180.863
2015-05-26;28,71;28,85;28,50;28,58;1.306.721
2015-05-27;28,51;29,02;28,51;28,86;966.395
2015-05-28;28,89;29,03;28,68;28,80;855.799
2015-05-29;28,88;29,02;28,34;28,34;1.713.596
2015-06-01;28,59;29,04;28,56;28,67;1.407.276
2015-06-02;28,71;28,77;28,10;28,24;1.479.308
2015-06-03;28,21;28,53;28,11;28,32;1.218.178
2015-06-04;28,19;28,24;27,59;27,99;845.059
2015-06-05;27,75;27,77;27,24;27,46;1.031.541
2015-06-08;27,52;27,52;27,20;27,27;928.815
2015-06-09;27,28;27,55;27,03;27,47;1.516.727
2015-06-10;27,39;27,85;27,35;27,71;944.127
2015-06-11;27,61;28,06;27,48;27,88;1.251.692
2015-06-12;27,91;28,01;27,41;27,60;1.007.450
2015-06-15;27,35;27,50;27,13;27,17;1.509.785
2015-06-16;27,00;27,48;26,70;27,36;1.284.557
2015-06-17;27,30;27,46;26,94;27,03;1.423.712
2015-06-18;26,92;27,22;26,68;27,14;1.404.679
2015-06-19;27,11;27,42;27,01;27,11;2.254.510
2015-06-22;27,75;28,01;27,70;27,95;1.537.741
2015-06-23;28,26;28,73;28,21;28,53;1.321.427
2015-06-24;28,38;28,53;28,12;28,20;1.124.376
2015-06-25;28,07;28,53;28,04;28,35;1.275.823
2015-06-26;28,27;28,39;28,05;28,25;1.041.876
2015-06-29;27,29;27,79;27,03;27,43;1.806.023
2015-06-30;27,28;27,38;26,65;26,65;2.221.459
2015-07-01;26,82;27,51;26,78;27,27;1.903.631
2015-07-02;27,35;27,42;26,85;26,85;1.152.424
2015-07-03;26,81;27,01;26,49;26,53;1.243.296
2015-07-06;26,05;26,64;26,01;26,43;1.101.588
2015-07-07;26,47;26,69;25,93;25,96;1.162.240
2015-07-08;26,04;26,11;25,59;25,71;1.536.127
2015-07-09;25,73;26,20;25,51;26,15;1.995.363
2015-07-10;26,70;27,07;26,25;26,99;1.743.038
2015-07-13;27,16;27,89;27,16;27,81;1.659.355
2015-07-14;27,80;27,94;27,57;27,82;1.062.198
2015-07-15;27,77;28,19;27,73;28,13;1.031.887
2015-07-16;28,39;28,51;28,21;28,37;1.008.781
2015-07-17;28,36;28,66;28,36;28,61;1.364.561
2015-07-20;28,69;29,02;28,68;28,74;829.347
2015-07-21;28,86;29,10;28,53;28,61;816.414
2015-07-22;28,49;28,82;28,45;28,70;628.043
2015-07-23;28,95;28,95;28,38;28,66;878.352
2015-07-24;28,63;28,88;28,24;28,34;880.130
2015-07-27;28,17;28,28;27,54;27,69;902.927
2015-07-28;27,85;28,20;27,72;27,99;851.335
2015-07-29;28,50;29,75;28,44;29,72;2.382.584
2015-07-30;29,97;30,00;29,53;29,83;1.274.751
2015-07-31;29,89;30,18;29,84;30,18;1.285.353
2015-08-03;30,09;30,67;30,05;30,63;822.773
2015-08-04;30,54;30,69;30,40;30,69;718.515
2015-08-05;30,94;30,98;30,35;30,43;1.241.392
2015-08-06;30,31;30,62;30,26;30,30;767.529
2015-08-07;30,19;30,20;29,70;29,75;691.039
2015-08-10;29,95;30,03;29,55;29,95;629.167
2015-08-11;29,95;29,95;29,43;29,53;736.550
2015-08-12;29,30;29,30;28,59;28,79;999.399
2015-08-13;29,20;29,39;29,05;29,26;858.071
2015-08-14;29,33;29,60;29,13;29,52;1.109.476
2015-08-17;29,73;29,94;29,36;29,69;931.448
2015-08-18;29,54;30,26;29,53;30,07;1.042.373
2015-08-19;29,92;30,09;29,72;29,78;1.081.463
2015-08-20;29,60;29,73;29,14;29,25;893.257
2015-08-21;28,77;29,03;28,21;28,30;1.374.331
2015-08-24;27,48;27,55;25,74;27,07;2.080.329
2015-08-25;27,35;27,97;26,98;27,79;2.311.756
2015-08-26;27,50;28,03;26,95;27,48;1.704.674
2015-08-27;28,08;28,34;27,85;28,09;1.335.030
2015-08-28;28,22;28,33;27,90;28,31;741.868
2015-08-31;28,11;28,48;28,09;28,25;783.744
2015-09-01;27,85;28,04;27,38;27,73;1.163.036
2015-09-02;27,71;28,10;27,61;27,87;1.043.889
2015-09-03;28,07;29,10;27,94;28,89;1.717.425
2015-09-04;28,77;29,19;28,43;28,51;1.655.513
2015-09-07;28,76;28,82;28,39;28,59;666.292
2015-09-08;28,67;29,24;28,67;29,01;735.979
2015-09-09;29,59;29,74;29,27;29,35;881.267
2015-09-10;29,18;29,49;28,88;29,02;956.915
2015-09-11;29,14;29,14;28,43;28,50;1.047.619
2015-09-14;28,58;28,84;28,30;28,38;808.273
2015-09-15;28,38;28,57;28,13;28,47;699.121
2015-09-16;28,68;28,85;28,55;28,71;852.219
2015-09-17;28,81;28,93;28,66;28,75;739.177
2015-09-18;28,54;28,64;27,99;28,44;1.718.442
2015-09-21;28,30;29,00;28,23;28,88;672.844
2015-09-22;28,88;28,88;28,03;28,15;1.196.501
2015-09-23;28,09;28,36;27,79;28,12;1.306.553
2015-09-24;27,69;27,69;26,97;27,17;1.247.208
2015-09-25;27,52;28,03;27,40;27,73;1.337.714
2015-09-28;27,62;27,84;27,03;27,08;1.010.222
2015-09-29;26,70;27,26;26,50;27,09;1.393.336
2015-09-30;27,53;27,71;27,20;27,51;1.113.251
2015-10-01;27,79;27,97;27,39;27,47;1.168.735
2015-10-02;27,75;27,99;27,15;27,59;928.381
2015-10-05;28,01;28,51;27,84;28,41;1.258.327
2015-10-06;28,47;28,66;28,34;28,49;843.069
2015-10-07;28,64;28,80;28,33;28,41;1.026.570
2015-10-08;28,40;28,92;28,40;28,92;1.150.012
2015-10-09;29,11;29,16;28,50;28,63;830.708
2015-10-12;28,65;28,69;28,23;28,37;649.170
2015-10-13;28,39;28,39;27,98;28,33;678.463
2015-10-14;28,22;28,44;27,97;28,25;829.461
2015-10-15;28,41;29,01;28,21;28,97;1.268.966
2015-10-16;29,17;29,53;29,04;29,41;1.699.468
2015-10-19;29,40;29,86;29,40;29,80;1.004.214
2015-10-20;29,89;30,15;29,79;29,79;1.149.025
2015-10-21;29,81;30,08;29,50;29,86;1.177.501
2015-10-22;29,61;30,02;29,27;29,94;1.509.228
2015-10-23;30,11;30,58;30,00;30,46;1.172.444
2015-10-26;30,49;30,55;30,17;30,52;702.653
2015-10-27;30,55;30,77;30,45;30,46;838.982
2015-10-28;30,44;30,88;30,41;30,82;831.454
2015-10-29;30,90;31,13;30,81;31,05;1.095.843
2015-10-30;31,12;31,14;30,52;30,80;1.503.119
2015-11-02;30,50;31,03;30,50;30,86;905.262
2015-11-03;30,92;31,01;30,70;30,88;941.449
2015-11-04;31,25;31,84;31,09;31,55;1.739.893
2015-11-05;31,75;31,89;31,65;31,81;1.523.021
2015-11-06;31,78;32,06;31,58;31,83;1.005.462
2015-11-09;31,93;32,27;31,90;31,95;768.522
2015-11-10;31,99;32,22;31,67;32,14;1.225.947
2015-11-11;32,09;32,70;32,09;32,61;1.199.709
2015-11-12;32,55;32,80;32,16;32,32;872.734
2015-11-13;32,18;32,32;31,54;31,78;864.800
2015-11-16;31,26;31,75;31,26;31,68;824.241
2015-11-17;31,97;32,57;31,92;32,57;1.125.400
2015-11-18;32,50;32,61;32,11;32,22;786.771
2015-11-19;32,45;32,68;32,38;32,46;683.537
2015-11-20;32,57;32,63;32,24;32,45;595.059
2015-11-23;32,43;32,60;32,24;32,42;677.779
2015-11-24;32,37;32,38;31,64;32,01;845.960
2015-11-25;32,07;32,85;32,05;32,55;817.420
2015-11-26;32,63;32,97;32,55;32,78;425.073
2015-11-27;32,75;33,04;32,67;32,85;544.138
2015-11-30;32,88;33,04;32,65;32,71;1.491.556
2015-12-01;32,80;33,06;32,76;32,93;1.174.898
2015-12-02;33,05;33,46;33,04;33,34;931.562
2015-12-03;33,35;33,56;32,17;32,17;2.595.132
2015-12-04;32,01;32,01;31,38;31,57;1.347.114
2015-12-07;31,70;32,42;31,69;32,07;841.596
2015-12-08;32,07;32,26;31,50;31,78;1.210.428
2015-12-09;31,79;31,80;30,94;31,01;1.692.301
2015-12-10;30,83;31,19;30,35;30,88;1.004.413
2015-12-11;30,84;30,87;30,30;30,50;1.241.883
2015-12-14;30,65;30,75;29,97;30,06;1.046.112
2015-12-15;30,24;30,81;30,17;30,65;1.280.015
2015-12-16;30,77;30,78;30,47;30,54;964.534
2015-12-17;31,10;31,17;30,65;30,79;1.458.260
2015-12-18;30,67;30,72;30,33;30,54;1.323.363
2015-12-21;30,50;30,92;30,40;30,41;1.227.207
2015-12-22;30,68;30,73;30,10;30,55;873.401
2015-12-23;30,91;31,22;30,82;31,13;740.030
2015-12-24;31,00;31,00;30,74;30,99;143.046
2015-12-28;31,13;31,13;30,73;30,91;384.746
2015-12-29;31,15;31,44;31,04;31,42;552.008
2015-12-30;31,44;31,59;31,28;31,36;548.901
2015-12-31;31,20;31,36;30,90;30,97;218.990
2016-01-04;30,47;30,47;29,85;30,15;1.294.484
2016-01-05;30,49;30,59;29,91;30,43;587.296
2016-01-06;30,38;30,39;29,73;29,92;867.050
2016-01-07;29,57;30,84;29,50;30,69;1.799.924
2016-01-08;30,80;31,10;30,07;30,07;1.175.946
2016-01-11;29,98;30,30;29,76;29,95;1.010.122
2016-01-12;29,95;30,51;29,89;30,37;996.109
2016-01-13;30,61;30,90;30,16;30,30;973.800
2016-01-14;30,07;30,10;29,48;29,99;1.315.818
2016-01-15;29,84;30,15;29,04;29,49;1.241.663
2016-01-18;29,40;29,89;29,17;29,48;891.063
2016-01-19;29,69;29,81;29,21;29,34;1.066.674
2016-01-20;28,89;28,98;28,24;28,49;1.222.732
2016-01-21;28,45;29,07;28,44;28,98;1.615.272
2016-01-22;29,46;30,39;29,38;30,30;1.453.134
2016-01-25;30,55;30,60;30,11;30,27;1.005.570
2016-01-26;29,85;30,41;29,72;30,32;736.456
2016-01-27;30,30;30,84;30,19;30,84;655.191
2016-01-28;30,89;31,12;30,37;30,63;1.039.777
2016-01-29;31,00;31,34;30,77;31,34;1.177.650
2016-02-01;31,46;31,71;31,31;31,65;925.949
2016-02-02;31,77;31,78;31,06;31,30;795.592
2016-02-03;31,39;31,60;30,79;31,01;1.278.130
2016-02-04;31,27;31,42;30,50;30,62;1.142.176
2016-02-05;30,58;30,80;29,88;29,88;970.961
2016-02-08;30,03;30,10;28,98;29,14;1.208.310
2016-02-09;29,07;29,41;28,54;29,18;1.456.846
2016-02-10;29,47;29,86;29,03;29,45;940.165
2016-02-11;29,16;29,16;28,39;28,64;1.075.613
2016-02-12;28,75;28,91;28,44;28,87;886.001
2016-02-15;29,29;29,90;29,16;29,76;627.373
2016-02-16;29,90;30,12;29,60;29,93;853.135
2016-02-17;30,05;30,80;30,00;30,80;532.517
2016-02-18;30,83;31,28;30,69;31,20;401.066
2016-02-19;31,05;31,18;30,67;31,03;795.906
2016-02-22;31,51;31,64;31,36;31,50;742.803
2016-02-23;31,28;31,61;31,05;31,29;777.861
2016-02-24;32,44;33,55;32,38;32,93;2.771.958
2016-02-25;33,00;33,95;32,76;33,25;2.519.283
2016-02-26;33,67;33,95;33,29;33,82;1.868.524
2016-02-29;33,82;34,89;33,64;34,80;3.661.115
2016-03-01;34,75;35,63;34,66;35,30;1.233.951
2016-03-02;35,45;35,64;34,68;34,82;1.131.727
2016-03-03;34,85;34,94;34,11;34,17;1.070.373
2016-03-04;34,24;34,54;34,00;34,25;1.021.578
2016-03-07;34,12;34,36;33,89;34,10;928.858
2016-03-08;33,83;34,30;33,60;33,90;729.850
2016-03-09;34,08;34,62;33,83;34,34;730.047
2016-03-10;34,36;35,10;33,77;33,77;1.220.082
2016-03-11;34,24;34,49;34,04;34,35;588.254
2016-03-14;34,45;34,95;34,41;34,92;777.774
2016-03-15;34,77;35,29;34,73;35,14;1.026.195
2016-03-16;35,44;35,64;35,07;35,35;784.471
2016-03-17;35,69;35,73;34,84;34,92;1.316.253
2016-03-18;35,04;35,18;34,52;34,52;2.112.814
2016-03-21;34,53;34,99;34,40;34,71;1.089.902
2016-03-22;34,62;34,97;34,35;34,82;852.601
2016-03-23;34,92;35,13;34,55;35,10;954.472
2016-03-24;35,50;35,65;35,09;35,19;1.039.317
2016-03-29;35,37;35,50;35,08;35,36;787.495
2016-03-30;35,56;35,87;35,51;35,82;994.033
2016-03-31;35,80;35,80;35,08;35,08;1.014.843
2016-04-01;34,72;34,92;34,51;34,82;1.302.416
2016-04-04;34,82;35,23;34,58;34,98;1.047.321
2016-04-05;34,68;34,91;34,59;34,84;1.044.962
2016-04-06;35,01;35,05;34,57;35,04;868.505
2016-04-07;35,17;35,27;34,76;34,96;630.323
2016-04-08;35,08;35,35;34,86;35,28;802.878
2016-04-11;35,16;35,49;34,86;35,17;575.995
2016-04-12;35,24;35,40;34,76;35,32;852.723
2016-04-13;35,64;35,71;35,30;35,55;626.335
2016-04-14;35,71;35,73;35,42;35,61;813.102
2016-04-15;35,50;35,66;35,33;35,51;1.034.977
2016-04-18;35,12;35,67;35,12;35,58;572.108
2016-04-19;35,61;36,03;35,54;36,03;722.160
2016-04-20;36,00;36,11;35,88;35,95;1.087.799
2016-04-21;35,84;35,97;34,74;34,79;1.682.322
2016-04-22;34,63;34,68;34,05;34,26;1.266.524
2016-04-25;33,70;33,76;33,46;33,71;1.284.551
2016-04-26;33,80;33,83;33,32;33,41;951.207
2016-04-27;33,32;33,41;33,23;33,33;775.060
2016-04-28;33,09;33,62;32,86;33,62;522.821
2016-04-29;33,28;33,40;33,02;33,24;701.632
2016-05-02;33,33;33,44;33,19;33,28;433.019
2016-05-03;33,31;33,35;32,67;33,13;716.932
2016-05-04;33,07;33,18;32,73;32,99;624.831
2016-05-05;33,11;33,43;33,08;33,23;553.279
2016-05-06;33,22;33,52;33,15;33,44;959.599
2016-05-09;33,56;33,78;33,33;33,67;806.941
2016-05-10;33,92;34,11;33,68;33,75;695.416
2016-05-11;34,18;34,42;33,92;34,20;1.246.263
2016-05-12;33,63;34,21;33,33;33,97;1.145.293
2016-05-13;33,73;34,06;33,47;33,97;783.434
2016-05-16;33,73;34,13;33,44;34,10;511.653
2016-05-17;34,26;34,47;34,01;34,07;728.627
2016-05-18;33,84;34,11;33,73;34,04;580.184
2016-05-19;33,81;34,20;33,65;34,04;791.150
2016-05-20;34,35;34,94;34,35;34,81;1.233.999
2016-05-23;34,93;35,13;34,68;34,69;707.044
2016-05-24;34,80;35,52;34,54;35,38;982.611
2016-05-25;35,75;35,79;35,50;35,56;967.035
2016-05-26;35,43;35,76;35,36;35,68;607.125
2016-05-27;35,64;35,91;35,48;35,85;763.439
2016-05-30;35,94;36,16;35,82;36,07;357.917
2016-05-31;36,00;36,11;35,80;35,83;1.278.474
2016-06-01;35,83;36,19;35,78;36,12;1.027.612
2016-06-02;36,20;36,44;36,06;36,16;854.268
2016-06-03;36,30;36,58;35,84;36,02;925.321
2016-06-06;35,94;36,11;35,70;35,73;792.271
2016-06-07;35,84;35,96;35,74;35,85;996.953
2016-06-08;35,78;35,80;35,42;35,60;657.017
2016-06-09;35,57;35,57;35,04;35,05;724.240
2016-06-10;35,04;35,10;34,22;34,27;780.271
2016-06-13;33,99;34,06;33,59;33,63;929.432
2016-06-14;33,30;33,50;33,14;33,14;1.167.371
2016-06-15;33,29;33,53;33,11;33,30;1.189.496
2016-06-16;33,00;33,32;32,84;33,07;1.310.016
2016-06-17;33,25;33,43;33,10;33,41;1.872.861
2016-06-20;34,05;34,45;33,92;34,33;734.167
2016-06-21;34,41;34,92;33,99;34,78;871.048
2016-06-22;34,89;35,04;34,66;34,72;464.943
2016-06-23;34,84;35,50;34,73;35,01;640.291
2016-06-24;33,07;34,36;32,35;34,00;1.759.951
2016-06-27;33,93;34,74;33,79;34,48;1.846.401
2016-06-28;35,02;35,52;34,92;35,25;1.629.163
2016-06-29;35,60;35,97;35,43;35,83;1.033.510
2016-06-30;35,71;36,69;35,71;36,56;1.198.141
2016-07-01;36,79;37,14;36,37;36,70;830.086
2016-07-04;36,90;36,97;36,46;36,57;506.341
2016-07-05;36,34;36,55;36,12;36,25;922.037
2016-07-06;36,15;36,38;35,50;35,83;862.154
2016-07-07;36,06;36,20;35,81;35,95;697.325
2016-07-08;36,04;36,24;35,76;36,21;1.113.093
2016-07-11;36,43;36,89;36,23;36,74;861.542
2016-07-12;36,99;37,40;36,93;37,30;1.125.110
2016-07-13;37,29;37,83;37,21;37,53;758.509
2016-07-14;37,75;37,93;37,42;37,42;725.636
2016-07-15;37,36;37,39;36,89;37,39;932.365
2016-07-18;37,32;37,45;37,12;37,23;586.359
2016-07-19;37,27;37,54;37,15;37,48;681.068
2016-07-20;37,73;38,01;37,62;37,92;698.808
2016-07-21;38,00;38,00;37,56;37,79;625.501
2016-07-22;37,78;37,98;37,61;37,91;610.704
2016-07-25;37,89;38,16;37,83;38,15;607.952
2016-07-26;38,15;38,26;37,54;37,67;994.075
2016-07-27;37,79;37,97;37,50;37,62;948.573
2016-07-28;37,81;37,90;37,60;37,75;1.151.744
2016-07-29;38,43;38,68;37,24;37,63;1.501.840
2016-08-01;37,98;37,98;37,45;37,65;808.759
2016-08-02;37,62;37,69;37,23;37,48;1.063.313
2016-08-03;37,15;37,37;37,01;37,06;150.058
2016-08-04;37,15;37,65;37,01;37,43;1.494.294
2016-08-05;37,41;37,93;37,41;37,80;807.730
2016-08-08;37,76;37,78;37,29;37,51;824.230
2016-08-09;37,45;38,01;37,41;38,00;601.233
2016-08-10;37,84;38,15;37,74;38,15;759.207
2016-08-11;38,25;38,39;38,07;38,35;485.035
2016-08-12;38,30;38,52;38,18;38,41;605.280
2016-08-15;38,42;38,42;37,94;38,05;818.185
2016-08-16;37,87;37,87;37,50;37,61;818.973
2016-08-17;37,80;37,83;37,26;37,36;694.932
2016-08-18;37,50;37,94;37,50;37,94;785.839
2016-08-19;37,94;37,97;37,48;37,80;676.305
2016-08-22;37,64;38,04;37,64;37,77;698.812
2016-08-23;37,85;38,24;37,83;38,24;832.502
2016-08-24;38,08;38,31;37,96;38,10;500.330
2016-08-25;37,92;37,96;37,57;37,67;805.133
2016-08-26;37,54;37,80;37,37;37,76;589.900
2016-08-29;37,55;37,68;37,25;37,64;282.394
2016-08-30;37,72;37,97;37,66;37,74;543.552
2016-08-31;37,76;38,06;37,60;37,63;781.427
2016-09-01;37,71;38,02;37,41;37,49;668.716
2016-09-02;37,63;38,48;37,50;38,48;901.107
2016-09-05;38,63;38,65;38,31;38,45;389.274
2016-09-06;38,59;38,61;38,24;38,33;528.820
2016-09-07;38,30;38,69;38,27;38,60;628.129
2016-09-08;38,52;38,54;38,03;38,12;768.726
2016-09-09;37,95;38,08;37,52;37,69;896.336
2016-09-12;37,33;37,33;36,99;37,09;709.585
2016-09-13;37,16;37,40;37,10;37,20;742.169
2016-09-14;37,32;37,57;37,18;37,29;876.943
2016-09-15;37,19;37,60;37,17;37,55;570.531
2016-09-16;37,49;37,62;37,09;37,39;1.126.779
2016-09-19;37,71;37,95;37,57;37,77;475.340
2016-09-20;37,66;38,19;37,64;37,93;650.870
2016-09-21;38,16;38,24;37,75;37,83;615.723
2016-09-22;38,12;38,40;37,91;38,24;555.806
2016-09-23;38,10;38,27;38,01;38,19;546.869
2016-09-26;37,97;38,01;37,38;37,38;671.908
2016-09-27;37,67;38,16;37,30;37,80;716.987
2016-09-28;37,88;38,50;37,88;38,26;629.316
2016-09-29;38,56;38,64;37,98;38,05;510.361
2016-09-30;37,70;38,16;37,41;38,10;762.891
2016-10-03;38,11;38,23;37,93;38,12;463.884
2016-10-04;38,10;38,42;38,02;38,07;1.144.127
2016-10-05;37,82;37,86;37,22;37,22;887.308
2016-10-06;37,29;37,32;36,82;36,85;889.962
2016-10-07;36,90;36,92;36,14;36,14;812.399
2016-10-10;36,26;36,53;36,19;36,30;522.259
2016-10-11;36,27;36,28;35,55;35,63;692.587
2016-10-12;35,67;35,67;35,22;35,50;997.323
2016-10-13;35,42;35,59;35,17;35,58;812.386
2016-10-14;35,76;36,42;35,66;36,20;863.270
2016-10-17;36,09;36,12;35,55;35,75;629.990
2016-10-18;35,93;36,38;35,93;36,20;833.982
2016-10-19;36,21;36,65;36,09;36,49;546.751
2016-10-20;36,60;36,60;36,28;36,49;530.871
2016-10-21;36,49;36,72;36,15;36,26;618.518
2016-10-24;36,25;36,62;36,08;36,08;379.575
2016-10-25;35,96;36,20;35,57;35,60;632.420
2016-10-26;35,58;35,61;34,96;35,24;784.654
2016-10-27;35,24;35,67;35,15;35,35;607.554
2016-10-28;35,22;35,66;34,70;35,39;630.614
2016-10-31;35,25;35,56;35,23;35,26;769.307
2016-11-01;35,33;35,60;34,82;34,82;565.068
2016-11-02;33,69;33,69;32,39;33,33;1.499.462
2016-11-03;33,16;33,16;32,56;32,65;1.217.719
2016-11-04;32,33;32,95;32,15;32,73;995.077
2016-11-07;32,95;33,16;32,78;33,09;886.421
2016-11-08;33,09;33,33;32,95;33,06;911.138
2016-11-09;32,09;33,01;32,01;32,84;1.205.905
2016-11-10;33,03;33,08;31,58;31,67;1.092.195
2016-11-11;31,72;31,92;30,87;31,00;1.212.574
2016-11-14;31,23;31,29;30,65;30,88;1.183.849
2016-11-15;30,95;31,75;30,95;31,43;1.277.174
2016-11-16;31,48;32,81;31,48;32,67;1.333.785
2016-11-17;32,54;32,82;32,53;32,76;937.143
2016-11-18;32,85;33,05;32,72;32,84;862.781
2016-11-21;32,99;33,29;32,86;33,18;836.139
2016-11-22;34,07;34,62;33,64;33,71;1.225.182
2016-11-23;33,76;34,14;33,65;33,75;834.726
2016-11-24;33,80;33,97;33,63;33,80;412.950
2016-11-25;33,94;34,36;33,87;34,31;524.372
2016-11-28;34,27;34,27;33,78;33,93;694.965
2016-11-29;33,93;33,99;33,66;33,84;721.329
2016-11-30;33,84;34,26;33,78;34,02;1.317.278
2016-12-01;33,85;34,03;32,30;32,34;1.776.909
2016-12-02;32,01;32,11;31,32;32,05;1.336.485
2016-12-05;31,91;32,88;31,82;32,66;1.092.115
2016-12-06;32,61;32,93;32,50;32,70;943.082
2016-12-07;33,03;33,03;32,59;32,92;771.322
2016-12-08;33,09;33,12;32,75;32,84;1.023.792
2016-12-09;32,88;33,56;32,79;33,51;911.355
2016-12-12;33,51;33,52;33,09;33,25;574.760
2016-12-13;33,31;33,93;33,29;33,80;724.041
2016-12-14;33,77;33,85;33,45;33,67;961.786
2016-12-15;33,74;33,80;33,34;33,71;906.894
2016-12-16;33,75;33,91;33,39;33,74;1.185.648
2016-12-19;33,75;34,16;33,66;34,03;485.908
2016-12-20;34,10;34,19;33,94;34,09;625.634
2016-12-21;34,09;34,38;33,95;34,28;687.693
2016-12-22;34,35;34,51;34,12;34,23;635.538
2016-12-23;34,40;34,44;34,22;34,39;238.189
2016-12-27;34,48;34,71;34,34;34,60;268.716
2016-12-28;34,60;34,61;34,33;34,39;330.060
2016-12-29;34,28;34,58;34,27;34,52;239.644
2016-12-30;34,58;34,58;34,20;34,42;257.007
2017-01-02;34,30;34,81;34,30;34,79;206.454
2017-01-03;34,87;34,90;34,53;34,56;602.447
2017-01-04;34,64;34,65;34,34;34,42;827.459
2017-01-05;34,51;34,98;34,46;34,88;991.957
2017-01-06;34,81;34,94;34,60;34,75;442.078
2017-01-09;34,76;34,85;34,51;34,82;532.398
2017-01-10;34,80;35,06;34,58;34,66;655.903
2017-01-11;34,96;35,60;34,85;35,55;856.841
2017-01-12;35,26;35,49;35,10;35,28;717.935
2017-01-13;35,42;35,84;35,25;35,48;752.323
2017-01-16;35,35;35,52;35,23;35,30;471.421
2017-01-17;35,10;35,17;34,81;34,81;644.844
2017-01-18;34,93;35,13;34,39;34,43;734.462
2017-01-19;34,47;34,66;34,25;34,60;749.243
2017-01-20;34,60;35,40;34,49;35,35;1.369.541
2017-01-23;35,22;35,22;34,75;34,89;985.030
2017-01-24;34,98;35,00;34,52;34,74;597.961
2017-01-25;34,98;35,30;34,85;34,85;756.201
2017-01-26;35,04;35,04;34,61;34,79;773.410
2017-01-27;34,86;34,86;34,70;34,81;404.756
2017-01-30;34,66;35,58;34,66;35,50;926.529
2017-01-31;35,53;35,73;35,35;35,36;843.570
2017-02-01;35,52;35,71;35,25;35,28;733.011
2017-02-02;34,99;36,00;34,90;35,83;869.486
2017-02-03;35,87;36,08;35,76;35,96;648.193
2017-02-06;35,95;36,45;35,80;35,99;733.468
2017-02-07;35,99;36,62;35,99;36,47;791.399
2017-02-08;36,62;36,72;36,31;36,67;789.074
2017-02-09;36,81;37,16;36,69;37,09;783.075
2017-02-10;37,18;37,18;36,89;37,10;691.843
2017-02-13;37,13;37,36;37,13;37,21;480.348
2017-02-14;37,27;37,43;37,14;37,14;689.356
2017-02-15;37,34;37,40;36,98;37,20;736.266
2017-02-16;37,19;37,42;37,03;37,22;675.160
2017-02-17;37,20;37,41;37,08;37,33;846.767
2017-02-20;37,75;37,80;37,10;37,32;541.760
2017-02-21;37,23;37,34;36,76;36,84;904.797
2017-02-22;37,50;38,15;37,27;37,76;1.221.018
2017-02-23;37,76;38,32;37,71;38,15;1.050.009
2017-02-24;38,08;38,43;37,95;38,40;2.176.918
2017-02-27;38,49;39,06;38,28;38,69;1.435.458
2017-02-28;38,81;39,04;38,39;38,67;1.395.487
2017-03-01;38,70;38,95;38,56;38,92;853.809
2017-03-02;39,00;39,00;38,57;38,70;756.788
2017-03-03;38,50;38,67;38,25;38,27;769.818
2017-03-06;38,21;38,31;37,95;38,19;655.500
2017-03-07;38,14;38,24;37,88;37,88;887.522
2017-03-08;37,87;37,92;37,57;37,71;911.964
2017-03-09;37,65;37,99;37,50;37,90;777.370
2017-03-10;37,85;37,96;37,68;37,75;726.566
2017-03-13;38,00;38,23;37,92;38,15;791.101
2017-03-14;38,12;38,22;37,85;38,08;687.674
2017-03-15;38,13;38,21;37,85;38,06;666.038
2017-03-16;38,35;38,36;37,89;38,08;799.691
2017-03-17;37,97;38,47;37,87;38,47;1.467.691
2017-03-20;38,42;38,53;38,29;38,53;622.429
2017-03-21;38,52;38,57;38,07;38,20;1.351.852
2017-03-22;38,25;38,43;37,93;38,17;873.081
2017-03-23;38,08;38,54;37,98;38,54;892.243
2017-03-24;38,43;38,51;38,18;38,32;638.852
2017-03-27;38,10;38,20;37,98;38,16;741.743
2017-03-28;38,31;38,50;38,12;38,42;573.209
2017-03-29;38,50;38,53;38,16;38,38;523.591
2017-03-30;38,33;38,71;38,31;38,62;626.613
2017-03-31;38,64;38,98;38,58;38,97;577.818
2017-04-03;39,10;39,62;39,10;39,25;1.348.692
2017-04-04;39,29;39,68;39,29;39,50;852.859
2017-04-05;39,50;39,56;39,35;39,47;836.174
2017-04-06;39,45;39,45;38,89;39,00;942.444
2017-04-07;38,82;39,18;38,71;39,18;775.672
2017-04-10;39,30;39,41;39,04;39,11;546.382
2017-04-11;39,13;39,22;38,75;38,91;959.678
2017-04-12;39,03;39,52;38,92;39,46;508.391
2017-04-13;39,43;39,51;39,21;39,44;533.750
2017-04-18;39,65;39,75;39,14;39,25;795.016
2017-04-19;39,20;39,50;38,97;39,39;787.701
2017-04-20;39,19;39,49;38,98;39,01;783.428
2017-04-21;38,94;39,09;38,85;38,94;850.990
2017-04-24;38,50;38,89;38,17;38,80;1.088.553
2017-04-25;38,94;38,94;38,58;38,59;937.528
2017-04-26;38,51;39,08;38,51;39,05;543.865
2017-04-27;39,03;39,48;38,91;39,33;786.421
2017-04-28;39,26;39,43;38,89;38,99;1.004.497
2017-05-02;39,21;40,14;39,16;39,77;1.076.333
2017-05-03;39,80;39,89;39,68;39,74;534.318
2017-05-04;39,30;39,54;38,88;39,52;1.158.493
2017-05-05;39,49;39,78;39,49;39,63;612.804
2017-05-08;39,70;39,83;39,57;39,62;687.945
2017-05-09;39,64;39,85;39,33;39,77;831.504
2017-05-10;39,48;39,56;38,92;39,03;1.330.443
2017-05-11;39,06;39,29;38,79;38,79;1.572.837
2017-05-12;38,84;39,48;38,80;39,43;993.453
2017-05-15;39,49;39,72;39,35;39,39;703.389
2017-05-16;39,43;39,86;39,41;39,84;715.682
2017-05-17;39,79;40,16;39,70;39,82;1.148.663
2017-05-18;39,87;39,96;39,34;39,57;1.009.323
2017-05-19;39,51;39,95;39,46;39,72;665.052
2017-05-22;39,70;39,78;39,54;39,71;510.729
2017-05-23;39,58;39,82;39,42;39,45;638.348
2017-05-24;39,37;39,42;39,17;39,30;575.386
2017-05-25;39,41;39,41;38,79;38,98;592.802
2017-05-26;38,94;39,17;38,90;39,17;369.944
2017-05-29;39,23;39,23;38,91;39,06;234.394
2017-05-30;39,07;39,08;38,70;39,04;527.835
2017-05-31;39,15;39,37;39,04;39,05;1.121.369
2017-06-01;39,03;39,30;38,92;39,07;634.219
2017-06-02;39,14;39,24;38,79;38,92;613.744
2017-06-05;38,83;38,96;38,61;38,73;412.311
2017-06-06;38,69;38,74;38,51;38,59;459.938
2017-06-07;38,62;38,97;38,49;38,76;767.387
2017-06-08;38,81;38,84;38,38;38,43;617.081
2017-06-09;38,40;38,77;38,27;38,41;750.460
2017-06-12;38,33;38,45;38,17;38,36;593.744
2017-06-13;38,48;38,80;38,44;38,67;536.687
2017-06-14;38,67;39,07;38,67;38,83;560.701
2017-06-15;38,75;38,88;38,41;38,59;589.536
2017-06-16;38,72;39,29;38,72;39,29;1.187.236
2017-06-19;39,41;39,63;39,34;39,41;598.216
2017-06-20;39,59;40,02;39,57;39,57;776.894
2017-06-21;39,54;39,54;39,13;39,39;519.508
2017-06-22;39,37;39,50;39,14;39,28;510.200
2017-06-23;39,14;39,28;39,06;39,10;400.486
2017-06-26;39,22;39,43;39,14;39,20;530.824
2017-06-27;39,16;39,20;38,60;38,81;703.956
2017-06-28;38,54;38,56;37,78;37,88;1.277.722
2017-06-29;37,93;38,01;36,85;37,01;1.471.921
2017-06-30;37,00;37,44;36,75;37,07;1.085.090
2017-07-03;37,13;37,26;36,95;37,00;998.463
2017-07-04;36,90;37,05;36,83;37,00;548.586
2017-07-05;37,04;37,35;36,85;37,25;832.449
2017-07-06;37,25;37,47;36,46;36,75;668.747
2017-07-07;36,67;36,67;36,17;36,49;647.127
2017-07-10;36,50;36,96;36,48;36,72;841.172
2017-07-11;36,79;36,79;36,08;36,15;588.534
2017-07-12;36,15;36,71;36,12;36,55;623.940
2017-07-13;36,60;36,80;36,36;36,74;788.280
2017-07-14;36,79;37,37;36,69;37,15;787.332
2017-07-17;37,27;37,29;36,99;37,03;588.456
2017-07-18;36,96;37,12;36,93;36,96;862.838
2017-07-19;37,17;37,30;36,91;37,30;671.481
2017-07-20;37,53;37,76;37,32;37,49;864.811
2017-07-21;37,55;37,64;36,87;37,01;1.114.402
2017-07-24;37,10;37,20;36,76;36,80;680.217
2017-07-25;36,90;37,01;36,67;36,67;544.529
2017-07-26;36,62;36,81;36,41;36,74;609.828
2017-07-27;36,56;37,24;36,56;37,15;484.745
2017-07-28;37,17;38,24;36,84;37,19;975.890
2017-07-31;37,24;37,75;37,09;37,62;991.644
2017-08-01;37,58;37,70;37,30;37,51;658.176
2017-08-02;37,60;37,68;37,13;37,14;602.011
2017-08-03;37,06;37,42;37,05;37,23;550.349
2017-08-04;37,27;37,64;37,21;37,60;520.555
2017-08-07;37,54;37,76;37,32;37,40;502.416
2017-08-08;37,46;37,48;37,26;37,41;576.549
2017-08-09;37,36;37,48;37,06;37,06;575.227
2017-08-10;37,00;37,10;36,90;37,00;376.728
2017-08-11;37,00;37,09;36,68;36,71;549.827
2017-08-14;36,98;36,98;36,63;36,85;445.043
2017-08-15;36,97;37,15;36,78;36,85;350.990
2017-08-16;36,94;37,39;36,80;37,34;493.464
2017-08-17;37,39;37,96;37,34;37,87;874.082
2017-08-18;37,73;37,73;36,96;37,04;615.183
2017-08-21;36,86;36,97;36,62;36,73;428.357
2017-08-22;36,88;37,28;36,87;37,28;437.274
2017-08-23;37,18;37,24;36,98;37,06;528.737
2017-08-24;37,13;37,16;36,78;36,78;361.170
2017-08-25;36,71;36,86;36,59;36,59;358.889
2017-08-28;36,20;36,37;35,88;36,26;430.378
2017-08-29;35,98;36,02;35,36;35,77;640.268
2017-08-30;36,03;36,28;35,99;36,11;543.661
2017-08-31;36,33;36,70;36,13;36,70;763.918
2017-09-01;36,85;37,09;36,79;36,93;1.117.659
2017-09-04;36,61;36,92;36,61;36,85;471.409
2017-09-05;36,85;37,15;36,85;37,05;715.467
2017-09-06;36,91;37,37;36,91;37,30;752.844
2017-09-07;37,37;37,48;37,13;37,36;681.581
2017-09-08;37,28;37,56;37,14;37,56;548.592
2017-09-11;37,84;38,49;37,75;38,25;770.543
2017-09-12;38,43;38,54;38,21;38,38;1.286.547
2017-09-13;38,35;38,52;38,29;38,52;663.217
2017-09-14;38,41;38,95;38,40;38,69;919.029
2017-09-15;38,63;38,64;38,30;38,33;1.118.108
2017-09-18;38,58;38,58;38,07;38,17;582.653
2017-09-19;38,21;38,33;37,82;37,82;509.710
2017-09-20;37,77;37,92;37,68;37,72;428.784
2017-09-21;37,81;37,93;37,34;37,54;584.788
2017-09-22;37,58;37,82;37,47;37,66;421.465
2017-09-25;37,73;38,10;37,72;38,03;416.045
2017-09-26;37,95;38,10;37,78;38,05;498.239
2017-09-27;38,02;38,11;37,53;37,71;622.831
2017-09-28;37,75;38,62;37,67;38,61;791.190
2017-09-29;38,66;39,11;38,47;39,10;611.014
2017-10-02;39,30;39,84;39,21;39,73;813.024
2017-10-03;39,74;39,92;39,55;39,75;562.455
2017-10-04;39,85;39,93;39,55;39,60;584.515
2017-10-05;39,47;39,79;39,45;39,79;720.244
2017-10-06;39,89;39,90;39,57;39,69;614.210
2017-10-09;39,66;39,99;39,66;39,92;664.213
2017-10-10;39,81;40,08;39,75;40,05;586.193
2017-10-11;39,77;40,13;39,77;39,99;910.782
2017-10-12;39,95;40,18;39,87;40,07;569.655
2017-10-13;39,92;40,29;39,80;40,29;503.953
2017-10-16;40,29;40,40;40,18;40,35;391.904
2017-10-17;40,40;40,50;40,23;40,47;523.549
2017-10-18;40,50;40,72;40,38;40,64;610.340
2017-10-19;40,75;40,79;40,30;40,66;758.772
2017-10-20;40,78;41,26;40,78;41,21;994.262
2017-10-23;41,15;41,19;40,95;41,04;562.150
2017-10-24;40,94;41,12;40,72;40,82;554.817
2017-10-25;40,70;40,95;40,51;40,53;614.983
2017-10-26;40,52;41,34;40,33;41,29;1.017.385
2017-10-27;41,43;41,73;41,31;41,73;791.319
2017-10-30;41,60;41,87;41,52;41,83;483.672
2017-10-31;41,87;42,12;41,81;42,08;544.639
2017-11-01;42,25;42,41;41,70;41,75;742.648
2017-11-02;41,80;42,03;41,51;41,67;625.036
2017-11-03;41,96;42,56;41,81;42,53;552.125
2017-11-06;42,39;42,52;42,24;42,50;347.519
2017-11-07;42,52;42,60;42,34;42,39;402.614
2017-11-08;42,35;42,62;42,35;42,59;511.279
2017-11-09;42,49;42,79;42,32;42,45;684.908
2017-11-10;42,38;42,65;42,27;42,48;507.374
2017-11-13;42,59;42,77;42,13;42,27;655.440
2017-11-14;42,28;42,76;42,28;42,41;878.270
2017-11-15;42,28;42,46;41,82;42,10;753.199
2017-11-16;42,30;42,59;41,89;42,59;521.976
2017-11-17;42,46;42,48;42,08;42,22;875.580
2017-11-20;42,30;43,00;42,25;42,98;607.162
2017-11-21;43,00;43,40;42,76;43,34;700.465
2017-11-22;43,34;43,40;42,99;43,07;650.934
2017-11-23;42,88;43,37;42,79;43,17;402.424
2017-11-24;43,04;43,27;42,86;42,86;429.894
2017-11-27;42,79;43,05;42,57;43,00;532.695
2017-11-28;43,15;43,55;42,96;43,54;504.675
2017-11-29;43,66;43,82;43,34;43,39;687.385
2017-11-30;43,50;43,74;43,29;43,53;797.733
2017-12-01;43,70;43,90;43,18;43,27;825.397
2017-12-04;43,65;43,90;43,47;43,63;757.820
2017-12-05;43,60;43,96;43,54;43,58;880.409
2017-12-06;43,37;43,52;43,07;43,50;750.597
2017-12-07;43,83;43,84;43,49;43,80;630.961
2017-12-08;43,89;43,89;43,54;43,74;450.206
2017-12-11;43,84;43,89;43,67;43,82;508.195
2017-12-12;43,82;43,96;43,55;43,81;638.383
2017-12-13;43,72;44,21;43,61;44,14;689.784
2017-12-14;44,25;44,25;43,72;43,86;633.476
2017-12-15;43,72;44,36;43,68;44,36;1.411.397
2017-12-18;44,68;44,80;44,16;44,34;694.015
2017-12-19;44,44;44,46;44,05;44,05;657.216
2017-12-20;44,02;44,23;43,62;43,81;690.447
2017-12-21;43,81;43,99;43,42;43,87;535.365
2017-12-22;43,83;44,26;43,78;44,22;379.069
2017-12-27;44,17;44,18;43,74;44,01;398.043
2017-12-28;43,89;44,08;43,75;43,82;309.607
2017-12-29;43,78;43,91;43,48;43,48;278.875
2018-01-02;43,38;43,46;42,93;43,46;596.494
2018-01-03;43,45;43,75;43,26;43,70;684.267
2018-01-04;43,70;44,16;43,67;44,07;623.736
2018-01-05;44,22;44,55;44,22;44,55;503.141
2018-01-08;44,90;45,00;44,39;44,50;494.575
2018-01-09;44,45;44,89;44,39;44,70;469.201
2018-01-10;44,67;44,67;43,92;43,96;711.491
2018-01-11;44,04;44,06;43,19;43,19;595.657
2018-01-12;43,35;43,36;42,44;42,74;1.053.371
2018-01-15;42,75;43,01;42,63;42,70;483.206
2018-01-16;42,80;42,87;42,41;42,60;690.776
2018-01-17;42,51;42,73;42,32;42,60;776.266
2018-01-18;42,67;42,80;42,17;42,34;613.301
2018-01-19;42,41;43,09;42,40;43,08;573.797
2018-01-22;43,44;43,44;42,71;42,81;553.613
2018-01-23;42,93;43,38;42,44;43,26;581.429
2018-01-24;43,40;43,56;43,14;43,14;659.628
2018-01-25;42,92;43,08;42,02;42,12;796.244
2018-01-26;42,13;42,47;41,80;42,35;531.885
2018-01-29;42,38;42,40;41,91;42,24;563.801
2018-01-30;42,33;42,42;42,04;42,23;506.738
2018-01-31;42,40;42,63;42,35;42,63;759.561
2018-02-01;42,75;42,83;42,25;42,34;923.105
2018-02-02;42,18;42,40;42,05;42,11;589.658
2018-02-05;41,85;41,87;40,93;41,18;505.010
2018-02-06;39,63;40,56;39,31;39,91;1.382.290
2018-02-07;40,30;40,59;39,93;40,45;919.929
2018-02-08;40,41;40,61;39,68;39,76;706.938
2018-02-09;39,55;40,03;39,34;39,65;658.270
2018-02-12;39,89;40,07;39,53;39,68;559.716
2018-02-13;39,79;39,79;39,19;39,19;684.085
2018-02-14;39,40;39,97;39,19;39,61;555.658
2018-02-15;39,72;39,81;39,21;39,55;1.041.824
2018-02-16;39,67;39,92;39,53;39,87;766.434
2018-02-19;40,00;40,21;39,73;39,87;494.532
2018-02-20;39,90;40,45;39,90;40,36;489.455
2018-02-21;40,83;43,03;40,50;42,16;1.607.952
2018-02-22;41,79;42,22;41,65;41,81;1.520.209
2018-02-23;41,71;42,87;41,71;42,87;1.929.423
2018-02-26;42,91;42,91;42,04;42,31;893.690
2018-02-27;0,00;0,00;0,00;42,00;0
2018-02-28;41,84;42,05;41,49;41,68;1.595.606
2018-03-01;41,44;41,58;40,84;40,88;793.941
2018-03-02;40,65;40,71;40,14;40,22;852.474
2018-03-05;40,11;40,97;40,11;40,84;1.017.934
2018-03-06;41,19;41,53;41,10;41,11;650.569
2018-03-07;41,01;41,14;40,80;41,14;658.570
2018-03-08;41,35;42,01;41,24;41,83;938.101
2018-03-09;41,86;41,86;41,40;41,79;991.359
2018-03-12;41,84;42,05;41,73;41,86;440.861
2018-03-13;41,95;42,02;41,28;41,42;744.320
2018-03-14;41,37;41,77;41,30;41,40;656.087
2018-03-15;41,69;41,99;41,56;41,95;689.911
2018-03-16;0,00;0,00;0,00;42,30;0
2018-03-19;0,00;0,00;0,00;42,18;0
2018-03-20;0,00;0,00;0,00;42,42;0
2018-03-21;0,00;0,00;0,00;42,42;0
2018-03-22;0,00;0,00;0,00;42,22;0
2018-03-23;42,00;42,23;41,56;42,00;856.887
2018-03-26;42,08;42,21;41,58;41,70;799.093
2018-03-27;42,12;42,55;42,04;42,52;797.852
2018-03-28;42,23;42,84;42,10;42,63;871.789
2018-03-29;42,92;43,36;42,69;43,19;658.184
2018-04-03;42,76;42,85;42,26;42,26;765.010
2018-04-04;42,39;42,43;41,96;42,15;724.728
2018-04-05;43,00;43,23;42,61;43,12;775.300
2018-04-06;43,07;43,32;42,85;43,28;592.385
2018-04-09;43,48;43,82;43,44;43,82;1.160.214
2018-04-10;43,87;44,08;43,63;43,98;696.242
2018-04-11;43,88;43,90;43,47;43,49;666.505
2018-04-12;43,53;43,62;43,42;43,48;421.238
2018-04-13;43,62;43,66;43,39;43,47;594.262
2018-04-16;43,45;43,64;43,44;43,56;392.168
2018-04-17;43,58;44,02;43,28;44,00;886.770
2018-04-18;44,15;44,46;44,02;44,19;701.946
2018-04-19;44,16;44,48;44,14;44,40;670.024
2018-04-20;44,51;44,60;44,33;44,47;735.591
2018-04-23;43,80;43,90;43,61;43,74;876.735
2018-04-24;43,82;44,24;43,69;44,06;912.443
2018-04-25;43,85;44,05;43,70;43,70;686.943
2018-04-26;43,94;44,58;43,87;44,49;833.542
2018-04-27;44,48;44,68;44,26;44,39;660.954
2018-04-30;44,48;44,83;44,26;44,83;762.960
2018-05-02;44,83;45,28;44,73;45,27;868.103
2018-05-03;45,15;45,33;44,76;44,77;754.065
2018-05-04;44,95;45,60;44,95;45,52;824.867
2018-05-07;45,50;45,86;45,40;45,74;436.391
2018-05-08;45,83;45,89;45,40;45,88;845.657
2018-05-09;46,36;46,36;44,88;45,19;1.294.112
2018-05-10;45,23;46,84;45,21;46,55;1.018.265
2018-05-11;46,76;46,76;46,40;46,45;645.916
2018-05-14;46,56;46,61;46,16;46,53;367.242
2018-05-15;46,50;46,75;46,29;46,58;534.729
2018-05-16;46,18;46,55;45,99;46,55;535.141
2018-05-17;46,50;46,73;46,24;46,29;740.926
2018-05-18;46,35;46,55;46,27;46,41;696.830
2018-05-21;46,48;46,83;46,46;46,65;451.968
2018-05-22;46,73;46,76;46,39;46,45;599.182
2018-05-23;46,30;46,56;46,21;46,38;734.459
2018-05-24;46,38;46,95;46,32;46,57;701.669
2018-05-25;46,67;47,30;46,67;47,10;697.443
2018-05-28;47,32;47,63;47,28;47,32;394.171
2018-05-29;47,12;47,13;46,80;47,02;666.478
2018-05-30;0,00;47,26;0,00;47,26;606.648
2018-05-31;47,39;48,24;47,31;48,04;1.305.755
2018-06-01;48,00;48,00;47,08;47,27;793.370
2018-06-04;47,46;47,76;47,34;47,70;562.743
2018-06-05;47,46;48,40;47,28;48,00;761.286
2018-06-06;48,36;48,36;47,57;47,92;604.181
2018-06-07;48,18;48,18;47,30;47,66;589.656
2018-06-08;47,49;48,14;47,26;47,94;581.947
2018-06-11;48,18;48,38;48,00;48,08;520.810
2018-06-12;48,32;48,36;47,86;48,00;747.397
2018-06-13;47,97;48,19;47,76;47,76;962.475
2018-06-14;47,65;48,20;47,16;48,16;1.036.280
2018-06-15;48,21;48,69;48,02;48,17;1.536.005
2018-06-18;48,20;48,24;47,72;47,93;804.360
2018-06-19;47,60;47,67;47,12;47,29;829.751
2018-06-20;47,43;47,80;47,31;47,61;822.728
2018-06-21;47,70;48,35;47,69;47,80;690.322
2018-06-22;47,91;48,77;47,86;48,69;689.008
2018-06-25;48,75;48,75;47,99;47,99;588.786
2018-06-26;48,00;48,04;47,35;47,35;554.265
2018-06-27;47,30;48,21;47,29;47,80;613.127
2018-06-28;47,55;48,07;47,32;47,62;717.288
2018-06-29;47,80;48,49;47,80;48,26;736.125
2018-07-02;47,82;48,09;47,71;48,04;517.079
2018-07-03;48,41;48,80;48,27;48,40;424.264
2018-07-04;48,42;48,42;48,06;48,42;346.438
2018-07-05;48,36;48,59;48,16;48,46;413.197
2018-07-06;48,81;49,25;48,75;49,07;639.578
2018-07-09;49,36;49,44;49,17;49,28;768.950
2018-07-10;49,33;49,60;48,98;49,42;651.542
2018-07-11;49,07;49,67;48,89;49,43;812.965
2018-07-12;49,54;50,48;49,48;50,44;995.802
2018-07-13;50,52;51,00;50,52;50,74;820.056
2018-07-16;50,94;51,38;50,72;51,00;625.914
2018-07-17;51,00;51,62;50,90;51,56;999.250
2018-07-18;51,60;52,08;51,60;51,76;707.816
2018-07-19;51,80;52,16;51,58;51,82;598.899
2018-07-20;51,64;52,18;51,58;52,00;812.122
2018-07-23;52,10;52,24;51,74;52,02;552.171
2018-07-24;52,10;52,12;51,34;51,42;745.789
2018-07-25;51,44;51,96;51,22;51,74;617.959
2018-07-26;51,98;52,32;51,82;51,96;692.972
2018-07-27;52,10;52,18;51,66;51,92;717.521
2018-07-30;51,92;52,08;51,70;51,74;632.093
2018-07-31;51,64;51,70;51,28;51,56;791.000
2018-08-01;50,10;50,40;49,18;50,28;1.426.936
2018-08-02;50,52;52,10;50,50;52,00;1.523.747
2018-08-03;52,22;53,42;52,22;53,42;974.640
2018-08-06;53,50;53,92;53,26;53,92;696.903
2018-08-07;53,62;54,18;53,48;54,00;1.025.559
2018-08-08;54,20;54,76;54,10;54,46;775.008
2018-08-09;54,44;55,34;54,34;55,08;864.569
2018-08-10;54,86;54,88;54,30;54,46;656.528
2018-08-13;54,36;54,68;54,16;54,22;637.471
2018-08-14;54,40;54,76;54,26;54,60;670.756
2018-08-15;54,60;54,86;54,14;54,14;949.511
2018-08-16;54,40;54,60;54,12;54,48;877.477
2018-08-17;54,54;54,70;54,36;54,64;747.764
2018-08-20;54,66;55,48;54,66;55,38;615.833
2018-08-21;55,38;55,60;55,02;55,02;552.869
2018-08-22;54,82;55,56;54,70;55,24;539.715
2018-08-23;55,30;55,68;54,88;54,94;554.807
2018-08-24;55,02;55,02;54,72;54,92;712.737
2018-08-27;54,60;55,00;54,56;54,82;328.270
2018-08-28;54,90;55,22;54,70;54,92;614.740
2018-08-29;55,08;55,38;54,90;55,06;645.692
2018-08-30;55,20;55,20;54,80;55,00;620.245
2018-08-31;54,90;55,06;54,24;54,60;750.210
2018-09-03;54,76;55,22;54,48;54,96;562.964
2018-09-04;55,20;55,30;54,46;54,80;652.505
2018-09-05;54,84;54,94;53,70;53,70;1.095.676
2018-09-06;53,46;53,70;53,06;53,26;1.196.916
2018-09-07;53,40;53,64;53,20;53,60;664.606
2018-09-10;53,62;53,82;53,30;53,40;629.952
2018-09-11;53,60;53,60;52,96;53,16;757.008
2018-09-12;52,98;53,94;52,98;53,78;983.324
2018-09-13;53,60;53,96;52,70;52,86;655.220
2018-09-14;53,04;53,26;52,62;53,14;668.985
2018-09-17;53,12;53,54;52,98;53,18;683.567
2018-09-18;53,14;53,40;52,76;52,82;873.178
2018-09-19;52,60;53,00;51,66;51,80;948.793
2018-09-20;51,90;52,30;51,56;52,16;867.424
2018-09-21;52,18;52,40;51,86;52,14;1.504.243
2018-09-24;52,04;52,28;51,72;51,84;635.766
2018-09-25;51,84;52,74;51,76;52,50;680.424
2018-09-26;52,52;53,20;52,40;52,96;760.043
2018-09-27;52,88;53,14;52,50;53,14;731.506
2018-09-28;53,40;53,86;53,16;53,68;1.031.774
2018-10-01;53,54;54,26;53,54;53,86;668.374
2018-10-02;53,70;53,82;53,10;53,10;771.589
2018-10-03;53,00;53,90;52,92;53,78;670.670
2018-10-04;53,78;53,98;51,74;51,84;759.275
2018-10-05;51,76;52,20;51,48;51,72;670.184
2018-10-08;51,50;51,78;50,84;51,12;634.854
2018-10-09;52,00;52,00;50,98;51,10;852.797
2018-10-10;51,24;51,24;49,84;49,85;987.702
2018-10-11;49,53;49,61;48,86;49,04;1.004.741
2018-10-12;49,17;49,56;48,89;48,95;909.431
2018-10-15;48,84;49,33;48,64;49,24;779.101
2018-10-16;49,38;50,88;49,22;50,80;918.278
2018-10-17;51,54;51,80;50,48;50,80;970.873
2018-10-18;51,34;51,80;51,08;51,08;849.051
2018-10-19;51,26;52,62;51,08;52,40;1.002.583
2018-10-22;52,68;52,70;51,48;51,70;694.858
2018-10-23;51,44;51,96;50,90;51,10;938.441
2018-10-24;51,50;52,62;51,50;52,00;661.631
2018-10-25;51,60;52,26;51,20;52,14;901.724
2018-10-26;51,80;52,04;50,42;51,18;1.046.325
2018-10-29;52,00;52,00;50,88;50,88;656.739
2018-10-30;51,00;51,58;50,68;51,30;671.034
2018-10-31;49,79;50,36;49,00;50,16;1.169.274
2018-11-01;50,20;50,36;49,08;49,24;1.001.140
2018-11-02;49,69;50,08;49,52;49,73;844.317
2018-11-05;49,55;50,40;49,53;50,10;547.194
2018-11-06;49,99;50,36;49,79;50,02;800.625
2018-11-07;50,20;50,62;50,02;50,44;855.776
2018-11-08;50,44;51,10;50,34;50,88;665.630
2018-11-09;50,94;52,22;50,74;52,14;634.241
2018-11-12;52,28;52,74;51,62;52,04;597.157
2018-11-13;52,14;52,40;51,74;51,92;540.696
2018-11-14;51,80;52,74;51,66;52,50;761.109
2018-11-15;52,68;53,34;52,26;52,60;1.075.507
2018-11-16;52,46;53,32;52,10;52,28;935.921
2018-11-19;52,38;52,68;51,90;51,90;573.884
2018-11-20;51,70;52,18;50,74;51,10;986.264
2018-11-21;51,18;51,46;50,80;51,34;688.597
2018-11-22;51,50;52,22;51,44;51,90;525.844
2018-11-23;51,96;52,74;51,72;52,74;478.299
2018-11-26;52,86;53,28;52,64;53,04;857.843
2018-11-27;53,14;53,88;53,06;53,44;804.991
2018-11-28;53,64;53,90;53,30;53,40;527.909
2018-11-29;53,66;54,38;53,60;53,70;600.397
2018-11-30;53,94;54,00;53,14;53,32;1.076.448
2018-12-03;54,12;54,50;53,84;54,00;548.489
2018-12-04;53,92;54,40;53,82;53,90;702.180
2018-12-05;53,52;53,90;53,18;53,26;468.052
2018-12-06;52,68;52,76;51,56;51,92;958.081
2018-12-07;52,58;53,16;52,10;52,58;765.148
2018-12-10;52,54;52,72;51,84;52,10;627.862
2018-12-11;52,46;52,78;52,14;52,72;664.517
2018-12-12;52,46;53,92;52,46;53,66;622.988
2018-12-13;53,94;54,12;52,84;53,08;663.443
2018-12-14;52,56;53,34;52,08;53,14;717.892
2018-12-17;53,18;53,48;52,60;52,72;591.615
2018-12-18;52,52;52,76;51,04;51,42;1.033.307
2018-12-19;51,22;52,22;51,12;52,00;574.702
2018-12-20;51,30;51,48;50,98;51,12;740.527
2018-12-21;51,10;51,42;50,40;50,78;1.730.472
2018-12-24;51,02;51,56;50,86;51,12;155.356
2018-12-27;51,38;51,52;50,02;50,42;540.607
2018-12-28;50,44;51,40;50,44;51,26;367.937
2018-12-31;51,22;51,70;51,16;51,66;130.863
2019-01-02;51,32;51,78;50,78;51,20;573.832
2019-01-03;50,66;50,88;49,98;50,26;547.404
2019-01-04;50,54;51,22;50,38;51,20;500.883
2019-01-07;51,44;51,46;50,96;51,40;437.070
2019-01-08;51,50;52,50;51,46;52,28;577.934
2019-01-09;52,68;53,08;52,40;52,58;597.034
2019-01-10;52,26;52,58;51,94;52,58;528.369
2019-01-11;52,88;53,18;52,64;52,90;459.979
2019-01-14;52,50;52,78;52,26;52,60;468.632
2019-01-15;53,02;53,34;52,50;53,08;745.648
2019-01-16;53,08;53,18;51,94;52,80;496.094
2019-01-17;52,80;53,36;52,66;53,22;515.028
2019-01-18;53,32;53,54;53,12;53,36;626.827
2019-01-21;53,00;53,94;52,76;53,82;252.423
2019-01-22;53,86;54,50;53,70;53,76;501.300
2019-01-23;53,48;54,54;53,26;54,12;378.930
2019-01-24;54,38;54,38;53,56;53,82;520.887
2019-01-25;54,34;54,64;53,66;53,78;526.873
2019-01-28;53,58;54,56;53,58;53,84;461.620
2019-01-29;53,74;54,88;53,74;54,60;538.263
2019-01-30;54,66;55,12;54,42;55,02;459.458
2019-01-31;55,10;55,48;54,10;54,40;744.427
2019-02-01;54,88;54,90;54,14;54,48;550.665
2019-02-04;54,50;54,74;54,42;54,72;441.707
2019-02-05;54,98;55,80;54,68;55,80;516.946
2019-02-06;55,48;55,80;55,20;55,30;458.838
2019-02-07;55,22;55,92;55,08;55,12;593.049
2019-02-08;55,30;55,44;55,06;55,36;497.705
2019-02-11;55,70;56,16;55,52;56,16;567.248
2019-02-12;56,20;56,32;55,52;55,66;572.679
2019-02-13;55,90;55,92;55,24;55,66;678.803
2019-02-14;55,82;56,22;55,42;55,68;803.600
2019-02-15;55,90;56,34;55,74;56,00;840.374
2019-02-18;56,00;56,00;55,28;55,44;510.101
2019-02-19;55,12;55,76;54,96;55,20;726.428
2019-02-20;56,30;57,26;55,84;56,38;1.288.343
2019-02-21;56,50;58,02;56,50;58,02;1.236.953
2019-02-22;57,98;58,24;57,54;58,04;1.196.453
2019-02-25;58,50;58,68;57,58;57,98;672.597
2019-02-26;57,32;57,70;57,02;57,28;628.932
2019-02-27;57,34;57,34;56,66;56,96;626.733
2019-02-28;56,80;57,98;56,76;57,98;1.392.922
2019-03-01;58,62;58,62;57,28;57,74;886.076
2019-03-04;58,08;58,36;57,84;58,26;525.303
2019-03-05;58,32;58,76;58,06;58,44;616.454
2019-03-06;58,10;58,58;58,10;58,10;533.884
2019-03-07;58,10;58,72;58,10;58,56;510.333
2019-03-08;58,34;58,52;57,80;57,80;578.306
2019-03-11;57,94;58,14;57,56;57,96;536.486
2019-03-12;58,00;58,20;57,58;58,20;655.933
2019-03-13;58,12;58,60;58,02;58,28;524.076
2019-03-14;58,58;59,04;58,38;58,88;683.763
2019-03-15;59,00;59,60;58,78;59,52;2.926.722
2019-03-18;59,80;59,80;59,08;59,36;529.583
2019-03-19;59,52;59,88;59,32;59,62;457.848
2019-03-20;59,56;59,62;58,44;58,56;757.779
2019-03-21;58,56;58,72;58,32;58,54;560.279
2019-03-22;58,98;59,00;58,16;58,38;601.221
2019-03-25;58,10;58,80;57,94;58,62;657.239
2019-03-26;59,12;59,92;58,94;59,84;691.955
2019-03-27;60,00;60,14;59,44;59,86;622.814
2019-03-28;59,90;60,34;59,86;60,20;392.232
2019-03-29;60,22;60,72;60,22;60,70;505.116
2019-04-01;61,08;61,10;60,48;60,58;535.989
2019-04-02;60,80;61,18;60,56;60,88;482.352
2019-04-03;60,62;61,02;60,60;61,02;600.574
2019-04-04;61,08;61,26;60,90;60,90;356.201
2019-04-05;60,88;61,28;60,88;61,06;488.520
2019-04-08;61,00;61,08;60,72;60,92;725.991
2019-04-09;60,66;60,94;59,20;60,56;595.639
2019-04-10;60,42;61,16;60,34;61,16;571.844
2019-04-11;61,20;61,54;61,02;61,06;409.943
2019-04-12;61,26;61,34;60,72;60,98;409.844
2019-04-15;61,00;61,34;60,70;61,30;453.024
2019-04-16;61,12;62,10;61,12;62,00;471.905
2019-04-17;62,32;62,48;61,94;62,36;665.414
2019-04-18;62,06;62,74;62,06;62,50;546.284
2019-04-23;62,20;63,00;62,20;63,00;868.230
2019-04-24;62,42;62,92;62,26;62,34;682.963
2019-04-25;62,36;62,64;61,88;61,88;607.037
2019-04-26;62,00;62,22;61,78;62,12;658.331
2019-04-29;61,88;62,30;61,64;62,20;422.256
2019-04-30;62,00;62,28;61,84;62,18;756.023
2019-05-02;60,94;61,74;59,98;61,04;569.278
2019-05-03;61,28;61,72;61,08;61,38;373.036
2019-05-06;60,78;61,50;60,68;61,50;309.789
2019-05-07;61,30;61,74;60,58;60,58;797.690
2019-05-08;61,26;62,12;60,90;61,98;1.280.170
2019-05-09;61,80;62,16;60,80;60,96;645.101
2019-05-10;61,00;61,54;60,44;60,50;725.789
2019-05-13;60,18;60,86;60,08;60,40;758.851
2019-05-14;60,80;60,94;60,42;60,58;904.648
2019-05-15;60,90;60,94;60,40;60,94;851.772
2019-05-16;60,92;62,18;60,80;62,18;784.851
2019-05-17;61,32;61,68;60,82;61,24;536.388
2019-05-20;61,30;62,30;61,20;62,20;773.689
2019-05-21;62,40;62,96;62,20;62,52;732.172
2019-05-22;62,60;63,24;62,42;63,24;523.659
2019-05-23;62,92;63,04;61,92;62,18;461.242
2019-05-24;62,34;63,32;62,26;62,54;741.610
2019-05-27;62,98;63,06;62,34;62,56;275.934
2019-05-28;62,86;63,90;62,70;63,50;1.445.538
2019-05-29;63,40;63,54;61,32;61,84;735.884
2019-05-30;61,62;62,96;61,62;62,82;346.660
2019-05-31;62,72;62,72;62,06;62,54;641.022
2019-06-03;62,00;62,72;61,86;62,72;504.167
2019-06-04;62,48;62,52;61,78;61,96;805.059
2019-06-05;62,12;63,14;61,92;62,96;546.236
2019-06-06;62,90;63,78;62,88;63,58;623.362
2019-06-07;63,54;64,44;63,52;64,02;669.481
2019-06-10;64,32;64,36;64,00;64,02;233.787
2019-06-11;64,00;64,56;64,00;64,24;486.075
2019-06-12;64,12;65,04;64,10;64,70;523.616
2019-06-13;64,68;64,86;64,18;64,20;607.729
2019-06-14;63,96;64,36;63,94;64,34;521.079
2019-06-17;64,54;64,88;64,36;64,68;468.031
2019-06-18;64,68;65,86;64,46;65,28;771.205
2019-06-19;65,42;65,44;64,78;64,96;603.717
2019-06-20;65,68;65,76;65,26;65,38;450.401
2019-06-21;65,38;65,64;64,32;64,92;1.544.932
2019-06-24;64,74;65,94;64,70;65,08;1.113.970
2019-06-25;65,06;65,50;64,86;65,08;539.919
2019-06-26;65,00;65,32;64,40;64,72;642.842
2019-06-27;64,72;64,72;63,64;63,66;626.912
2019-06-28;63,54;64,14;63,54;64,02;1.001.019
2019-07-01;64,12;64,96;64,12;64,90;770.521
2019-07-02;65,00;65,22;64,68;65,02;632.501
2019-07-03;65,40;65,62;65,14;65,40;758.946
2019-07-04;64,94;65,16;64,08;64,94;654.355
2019-07-05;64,78;64,94;63,64;63,86;593.276
2019-07-08;63,74;64,30;63,58;64,30;646.088
2019-07-09;64,00;64,64;64,00;64,64;513.351
2019-07-10;64,36;64,50;63,80;64,28;578.890
2019-07-11;64,50;64,56;63,78;63,96;632.594
2019-07-12;63,96;64,18;63,90;63,96;429.015
2019-07-15;63,90;65,06;63,86;65,06;679.762
2019-07-16;64,86;64,98;64,26;64,84;576.228
2019-07-17;64,70;65,46;64,64;65,36;639.543
2019-07-18;64,78;65,28;64,76;64,88;589.580
2019-07-19;64,94;65,40;64,82;65,18;644.199
2019-07-22;64,82;65,42;64,80;65,42;478.646
2019-07-23;65,80;66,66;65,62;66,26;689.303
2019-07-24;66,24;66,64;66,02;66,02;614.968
2019-07-25;66,18;66,56;65,22;65,48;776.004
2019-07-26;65,62;66,92;65,48;66,88;447.776
2019-07-29;66,86;66,86;66,50;66,76;523.800
2019-07-30;66,84;66,90;65,64;65,64;595.862
2019-07-31;65,00;65,86;63,20;65,56;741.035
2019-08-01;65,66;67,72;65,50;67,20;949.822
2019-08-02;67,54;67,54;64,66;64,74;1.072.615
2019-08-05;64,00;64,84;63,04;64,26;740.707
2019-08-06;63,66;64,12;63,46;63,58;784.988
2019-08-07;64,02;65,52;63,84;65,08;982.520
2019-08-08;65,46;65,64;65,28;65,56;777.280
2019-08-09;65,36;65,86;65,10;65,26;638.868
2019-08-12;65,36;65,92;64,96;65,32;458.077
2019-08-13;65,06;65,62;64,62;65,46;608.845
2019-08-14;65,30;65,56;63,86;64,12;707.524
2019-08-15;64,22;64,66;63,46;64,08;728.523
2019-08-16;64,04;64,56;64,00;64,32;617.590
2019-08-19;64,74;65,06;64,10;64,86;698.325
2019-08-20;64,90;65,40;63,98;63,98;696.957
2019-08-21;64,00;65,14;63,98;65,14;847.730
2019-08-22;64,96;65,12;63,86;63,92;574.650
2019-08-23;64,00;64,32;63,54;63,66;503.746
2019-08-26;63,38;64,24;62,34;64,22;467.402
2019-08-27;63,78;64,80;63,48;64,80;1.012.424
2019-08-28;64,46;64,50;63,56;63,92;502.240
2019-08-29;64,32;65,12;64,24;64,96;500.792
2019-08-30;65,14;65,78;65,08;65,52;487.069
2019-09-02;65,14;66,04;65,14;65,94;311.859
2019-09-03;65,80;66,12;65,60;65,84;502.276
2019-09-04;66,30;66,94;65,76;66,46;474.863
2019-09-05;67,02;67,02;65,92;66,06;455.781
2019-09-06;65,96;66,72;65,96;66,56;425.091
2019-09-09;66,80;66,82;65,60;65,60;424.540
2019-09-10;65,50;65,70;63,44;64,26;769.580
2019-09-11;64,38;64,58;62,60;63,62;939.568
2019-09-12;63,98;64,90;63,78;64,60;826.939
2019-09-13;64,42;64,56;62,50;62,80;741.434
2019-09-16;62,12;62,44;60,68;62,38;1.266.509
2019-09-17;62,36;63,44;62,08;63,44;819.896
2019-09-18;63,22;64,18;63,18;64,18;646.435
2019-09-19;64,20;65,46;63,94;65,20;754.038
2019-09-20;65,20;65,22;64,22;64,22;1.327.923
2019-09-23;64,18;64,80;63,94;64,26;418.776
2019-09-24;64,38;65,20;63,98;65,20;438.624
2019-09-25;65,04;65,38;63,84;64,26;529.719
2019-09-26;64,18;65,68;63,96;65,66;542.768
2019-09-27;66,20;66,94;65,86;66,14;854.360
2019-09-30;65,92;66,98;65,84;66,98;567.559
2019-10-01;67,30;67,72;65,44;65,44;650.810
2019-10-02;65,44;65,74;64,22;64,30;850.324
2019-10-03;64,10;64,76;63,76;64,22;505.580
2019-10-04;64,50;65,50;64,40;65,32;563.533
2019-10-07;65,34;66,34;65,30;66,30;637.111
2019-10-08;66,24;66,70;65,38;65,46;634.581
2019-10-09;65,64;65,90;65,14;65,32;577.387
2019-10-10;65,46;65,48;64,62;64,78;443.620
2019-10-11;64,98;65,12;64,26;64,78;573.449
2019-10-14;64,74;64,94;63,90;63,92;413.505
2019-10-15;63,98;64,80;63,76;64,78;854.037
2019-10-16;65,34;65,40;63,80;63,88;603.622
2019-10-17;63,86;64,68;63,16;63,32;832.614
2019-10-18;63,00;63,64;62,50;63,50;563.025
2019-10-21;63,60;63,68;62,18;62,90;625.909
2019-10-22;62,70;64,10;62,54;64,08;724.464
2019-10-23;64,00;64,30;63,54;64,22;683.818
2019-10-24;64,42;65,06;63,96;64,86;562.270
2019-10-25;64,54;65,14;64,06;64,40;466.766
2019-10-28;64,38;65,62;63,90;65,26;550.735
2019-10-29;65,44;65,44;64,66;64,92;619.585
2019-10-30;64,94;66,54;64,78;66,32;689.738
2019-10-31;66,62;66,72;65,72;66,02;720.802
2019-11-01;65,50;66,02;64,46;64,58;673.430
2019-11-04;64,70;64,80;63,40;63,52;1.454.768
2019-11-05;63,36;63,74;62,92;63,50;620.384
2019-11-06;63,48;64,42;63,18;64,10;587.024
2019-11-07;64,14;64,36;63,40;63,90;624.879
2019-11-08;63,80;64,14;63,50;63,70;586.938
2019-11-11;63,62;64,24;63,56;63,74;473.567
2019-11-12;64,20;64,46;63,92;64,22;490.998
2019-11-13;64,34;64,86;64,20;64,36;597.721
2019-11-14;64,10;64,86;64,10;64,38;441.326
2019-11-15;64,80;64,96;64,28;64,70;517.552
2019-11-18;64,64;64,64;63,74;64,52;576.073
2019-11-19;64,64;65,38;64,46;64,80;513.291
2019-11-20;64,78;64,90;64,10;64,28;496.993
2019-11-21;64,02;64,14;63,30;63,62;507.070
2019-11-22;63,52;64,04;63,42;63,94;598.207
2019-11-25;63,98;64,94;63,68;64,66;586.823
2019-11-26;64,64;65,14;64,18;64,86;1.637.870
2019-11-27;64,86;65,90;64,76;65,68;622.914
2019-11-28;65,54;65,62;65,02;65,04;301.539
2019-11-29;64,64;65,58;64,62;65,16;455.151
2019-12-02;65,20;65,58;63,62;63,68;933.986
2019-12-03;63,78;64,26;63,58;63,58;828.836
2019-12-04;63,64;64,32;63,16;63,80;578.886
2019-12-05;63,90;64,00;63,36;63,58;500.198
2019-12-06;63,60;64,66;63,34;64,48;568.449
2019-12-09;64,50;64,84;64,18;64,38;317.111
2019-12-10;64,38;64,64;63,38;64,62;625.636
2019-12-11;64,70;64,76;64,16;64,50;491.259
2019-12-12;64,58;64,64;63,62;63,80;559.356
2019-12-13;64,20;64,24;63,04;63,14;774.610
2019-12-16;63,66;64,76;63,40;64,08;555.225
2019-12-17;64,30;64,64;63,92;63,98;854.263
2019-12-18;63,96;64,42;63,40;63,64;807.668
2019-12-19;63,80;64,10;63,60;64,00;687.817
2019-12-20;64,00;65,50;63,76;65,50;1.430.239
2019-12-23;65,44;65,76;65,18;65,30;281.401
2019-12-24;65,72;66,38;65,50;66,14;207.773
2019-12-27;66,60;66,64;65,72;65,76;349.428
2019-12-30;65,58;65,82;65,18;65,26;254.927
2019-12-31;65,00;65,30;64,84;65,02;167.309
2020-01-02;65,38;65,80;65,16;65,60;431.998
2020-01-03;65,24;65,50;64,92;65,40;443.218
2020-01-06;64,90;64,94;64,06;64,56;963.024
2020-01-07;64,74;65,04;64,46;64,70;530.189
2020-01-08;64,52;65,06;64,32;65,02;424.763
2020-01-09;65,64;66,76;65,30;66,42;649.688
2020-01-10;66,38;66,78;66,16;66,24;552.037
2020-01-13;66,46;67,16;66,30;66,30;501.987
2020-01-14;66,58;67,22;66,16;67,08;588.462
2020-01-15;66,94;67,62;66,70;67,62;545.912
2020-01-16;67,54;67,82;67,44;67,70;418.652
2020-01-17;67,96;68,46;67,74;68,30;561.420
2020-01-20;66,56;67,62;66,40;67,62;520.526
2020-01-21;67,04;67,62;66,80;67,62;313.509
2020-01-22;67,96;68,86;67,82;68,60;478.901
2020-01-23;68,32;68,60;68,14;68,48;395.363
2020-01-24;68,80;69,78;68,80;69,58;609.985
2020-01-27;68,50;69,16;68,46;68,50;646.372
2020-01-28;68,80;69,22;68,38;69,00;524.903
2020-01-29;69,22;69,76;68,88;69,44;462.257
2020-01-30;69,00;69,34;68,66;68,70;442.989
2020-01-31;68,86;69,30;67,92;67,92;735.297
2020-02-03;68,00;68,64;67,92;68,30;611.836
2020-02-04;68,64;69,88;68,52;69,68;599.493
2020-02-05;69,66;70,62;69,48;69,88;675.617
2020-02-06;70,26;70,48;69,78;70,28;547.410
2020-02-07;70,04;70,48;69,84;70,26;448.405
2020-02-10;70,00;70,20;69,86;69,94;379.874
2020-02-11;70,26;70,62;69,70;69,70;582.588
2020-02-12;69,86;70,12;69,28;69,72;523.408
2020-02-13;69,66;69,98;69,16;69,98;646.831
2020-02-14;69,98;70,42;69,46;69,90;570.012
2020-02-17;69,82;70,12;69,20;69,76;530.367
2020-02-18;69,32;69,94;68,98;69,00;770.866
2020-02-19;69,36;70,96;69,04;70,96;784.872
2020-02-20;70,74;70,88;69,86;70,06;598.331
2020-02-21;69,60;70,22;69,38;69,92;661.852
2020-02-24;68,88;68,88;67,00;68,10;735.966
2020-02-25;68,36;68,66;67,00;67,40;627.336
2020-02-26;68,98;70,06;68,40;69,82;1.102.233
2020-02-27;69,40;70,38;67,98;68,86;1.831.267
2020-02-28;67,58;67,74;64,86;66,32;2.632.479
2020-03-02;67,32;68,22;65,94;66,66;1.208.893
2020-03-03;67,50;69,52;67,20;68,48;1.094.174
2020-03-04;68,64;70,22;68,20;70,22;974.677
2020-03-05;70,30;70,72;69,78;70,36;1.123.702
2020-03-06;68,74;69,62;67,42;68,08;1.366.101
2020-03-09;62,78;65,54;62,72;64,54;1.518.330
2020-03-10;65,38;66,12;62,46;62,96;1.371.880
2020-03-11;63,42;64,38;62,06;62,18;1.210.239
2020-03-12;59,16;59,70;55,30;56,10;2.132.319
2020-03-13;57,40;59,76;55,04;56,28;2.426.802
2020-03-16;53,08;56,72;52,04;56,40;1.848.609
2020-03-17;59,18;59,94;55,98;56,20;1.786.023
2020-03-18;54,84;56,98;53,42;56,82;1.398.239
2020-03-19;56,80;61,12;56,80;61,12;2.145.144
2020-03-20;63,00;65,26;57,36;57,36;2.045.008
2020-03-23;54,94;57,34;53,20;56,18;1.463.715
2020-03-24;57,62;58,28;54,80;56,78;1.362.198
2020-03-25;57,62;58,50;55,24;58,44;1.250.278
2020-03-26;57,66;61,72;56,82;61,72;1.034.309
2020-03-27;60,46;61,28;58,42;59,62;838.497
2020-03-30;60,56;62,46;58,84;62,36;652.872
2020-03-31;63,10;64,54;62,72;64,18;1.403.312
2020-04-01;62,40;62,92;59,20;60,68;1.048.917
2020-04-02;60,98;61,10;59,86;60,54;740.150
2020-04-03;60,52;61,58;59,90;61,58;627.641
2020-04-06;62,68;62,90;61,90;62,36;575.501
2020-04-07;63,90;64,78;63,40;63,58;734.095
2020-04-08;63,20;64,30;62,98;64,30;557.054
2020-04-09;65,00;65,82;63,96;65,64;633.869
2020-04-14;65,96;66,18;64,80;66,06;779.492
2020-04-15;65,76;67,62;65,56;66,44;755.787
2020-04-16;66,86;67,16;65,94;65,94;866.264
2020-04-17;67,36;67,74;65,86;66,88;904.138
2020-04-20;67,14;67,30;66,52;67,04;527.321
2020-04-21;66,18;67,86;66,18;66,66;664.635
2020-04-22;66,84;67,88;66,72;67,70;543.515
2020-04-23;67,10;68,44;66,14;66,84;829.303
2020-04-24;66,14;68,46;66,00;67,74;694.748
2020-04-27;68,00;68,34;66,52;66,80;543.692
2020-04-28;66,94;68,02;66,76;67,46;695.962
2020-04-29;67,32;68,58;66,70;68,28;638.854
2020-04-30;68,78;69,04;66,88;67,12;720.622
2020-05-04;65,62;66,90;64,98;66,28;719.047
2020-05-05;66,72;67,42;65,72;67,08;586.675
2020-05-06;65,84;67,22;65,62;66,76;521.866
2020-05-07;66,98;67,18;65,96;66,84;474.258
2020-05-08;67,26;67,66;66,92;67,48;303.486
2020-05-11;67,56;67,86;66,76;67,02;356.939
2020-05-12;66,34;67,42;66,14;66,26;504.159
2020-05-13;65,12;66,36;65,12;65,80;652.360
2020-05-14;65,18;65,50;63,60;64,04;535.188
2020-05-15;64,22;65,34;64,08;65,04;650.976
2020-05-18;65,88;67,40;65,48;67,20;491.390
2020-05-19;67,60;67,64;66,32;66,86;479.569
2020-05-20;66,58;67,58;66,08;66,60;626.936
2020-05-21;66,12;67,36;65,72;67,06;360.967
2020-05-22;66,50;67,86;66,16;67,58;437.643
2020-05-25;68,10;68,76;67,78;68,52;203.956
2020-05-26;68,90;68,90;67,06;67,06;551.784
2020-05-27;67,32;68,04;66,48;67,16;591.481
2020-05-28;67,80;69,74;67,14;69,36;561.241
2020-05-29;68,96;71,68;68,58;71,68;2.440.331
2020-06-01;72,00;72,20;69,28;69,80;529.126
2020-06-02;70,04;70,38;68,88;68,88;858.990
2020-06-03;69,32;69,36;68,38;68,88;919.700
2020-06-04;68,76;70,20;68,64;68,84;885.553
2020-06-05;68,94;69,04;66,10;67,76;1.227.252
2020-06-08;67,40;67,46;65,98;66,82;965.097
2020-06-09;66,60;67,92;66,54;67,50;817.482
2020-06-10;67,70;68,48;67,02;68,20;660.662
2020-06-11;67,32;67,82;66,78;66,78;749.010
2020-06-12;66,66;67,84;66,32;66,60;778.519
2020-06-15;65,66;66,72;65,00;66,00;789.322
2020-06-16;66,74;67,84;66,38;67,18;757.079
2020-06-17;67,20;68,80;67,20;68,16;573.799
2020-06-18;67,90;68,80;67,78;68,04;498.389
2020-06-19;68,46;69,68;68,30;68,30;1.213.345
2020-06-22;68,00;70,18;67,58;68,72;550.264
2020-06-23;69,26;69,92;69,06;69,50;811.373
2020-06-24;69,34;69,34;67,46;67,46;711.080
2020-06-25;67,06;67,66;66,46;67,48;580.143
2020-06-26;67,90;69,12;67,70;68,12;517.044
2020-06-29;68,16;68,60;67,82;68,38;518.751
2020-06-30;69,20;69,64;68,62;69,52;792.873
2020-07-01;69,64;70,66;69,20;70,32;718.243
2020-07-02;70,72;70,76;69,34;69,94;562.706
2020-07-03;69,94;70,74;69,74;69,96;306.275
2020-07-06;70,74;70,74;69,58;70,10;412.670
2020-07-07;69,74;70,72;69,26;69,78;570.854
2020-07-08;69,58;70,94;69,26;70,52;548.843
2020-07-09;70,76;71,12;69,60;69,64;460.924
2020-07-10;69,82;70,30;69,72;69,98;519.967
2020-07-13;70,40;70,60;69,70;70,30;366.129
2020-07-14;70,02;70,18;69,14;69,72;555.114
2020-07-15;70,00;70,76;69,44;70,38;506.512
2020-07-16;69,98;71,16;69,72;71,04;589.123
2020-07-17;71,06;71,46;70,52;70,90;398.789
2020-07-20;70,72;71,64;70,58;71,50;443.769
2020-07-21;71,84;71,92;70,58;70,72;570.559
2020-07-22;70,50;70,52;69,06;69,10;567.924
2020-07-23;69,04;69,24;68,44;69,08;470.734
2020-07-24;68,26;68,42;67,20;67,36;462.006
2020-07-27;67,48;68,04;67,18;67,76;394.471
2020-07-28;67,80;68,28;67,36;67,96;513.684
2020-07-29;67,84;68,70;67,70;68,24;416.155
2020-07-30;68,40;68,60;66,88;67,80;554.310
2020-07-31;67,78;68,12;66,80;66,86;583.134
2020-08-03;67,24;68,86;67,14;68,58;476.722
2020-08-04;68,46;68,84;67,56;67,84;413.157
2020-08-05;69,30;71,06;68,60;70,06;850.659
2020-08-06;70,00;70,44;68,38;68,78;618.297
2020-08-07;68,56;68,92;68,26;68,92;486.520
2020-08-10;69,34;69,44;68,48;69,04;399.129
2020-08-11;69,28;70,28;69,18;69,58;660.038
2020-08-12;69,04;70,70;69,04;70,70;494.711
2020-08-13;70,42;70,74;70,16;70,54;355.565
2020-08-14;70,38;70,48;69,52;69,54;376.091
2020-08-17;69,50;70,54;69,06;70,16;433.587
2020-08-18;69,92;70,38;69,74;69,88;358.836
2020-08-19;69,62;71,10;69,56;70,58;521.957
2020-08-20;70,18;70,44;69,88;70,34;386.771
2020-08-21;70,28;71,08;70,28;70,88;458.018
2020-08-24;70,76;71,72;70,76;71,32;470.917
2020-08-25;71,46;71,74;70,28;70,40;574.595
2020-08-26;70,18;70,26;69,44;70,24;526.965
2020-08-27;70,12;70,60;69,82;69,82;447.889
2020-08-28;69,72;70,12;69,18;69,18;430.239
2020-09-01;68,40;69,52;68,40;68,68;595.439
2020-09-02;68,84;70,24;68,80;70,24;607.916
2020-09-03;70,42;71,12;68,52;68,52;840.451
2020-09-04;68,18;69,06;67,78;68,20;659.034
2020-09-07;68,34;69,66;68,18;69,66;326.495
2020-09-08;69,42;69,96;69,02;69,60;499.030
2020-09-09;69,82;71,84;69,64;71,62;611.510
2020-09-10;71,68;72,02;71,32;71,56;442.486
2020-09-11;71,60;72,02;71,48;71,90;427.403
2020-09-14;72,60;72,70;71,28;71,30;411.225
2020-09-15;71,28;72,30;71,16;72,04;595.382
2020-09-16;72,42;73,40;72,10;73,26;773.490
2020-09-17;72,58;73,06;72,22;72,92;480.664
2020-09-18;72,92;73,24;72,82;72,88;803.644
2020-09-21;72,48;72,72;71,64;72,32;599.231
2020-09-22;72,44;72,94;71,76;71,76;442.764
2020-09-23;72,08;73,52;71,96;73,02;531.064
2020-09-24;72,44;72,90;71,62;72,58;529.240
2020-09-25;73,00;73,18;72,30;73,18;482.440
2020-09-28;73,90;74,12;72,98;73,40;428.644
2020-10-01;72,88;73,46;72,64;72,92;447.552
2020-10-02;72,54;73,08;71,92;72,94;392.004
2020-10-05;73,32;73,60;72,86;72,90;352.455
2020-10-06;72,90;72,90;72,10;72,10;459.786
2020-10-07;72,00;72,42;71,16;71,42;499.644
2020-10-08;71,80;72,20;71,68;71,90;448.710
2020-10-09;72,06;72,70;71,80;72,70;370.398
2020-10-12;72,96;73,82;72,64;73,62;441.951
2020-10-13;73,56;74,44;73,32;73,88;251.972
2020-10-14;74,12;74,26;73,10;73,10;408.043
2020-10-15;72,56;72,58;72,02;72,04;470.055
2020-10-16;72,36;73,70;72,26;73,20;598.378
2020-10-19;73,48;74,00;72,64;72,64;266.994
2020-10-20;72,72;73,06;71,84;72,24;431.672
2020-10-21;72,42;72,42;71,72;71,76;434.136
2020-10-22;71,76;71,90;70,82;71,62;495.293
2020-10-23;71,32;71,98;71,06;71,34;398.880
2020-11-02;70,06;71,14;69,58;71,14;755.651
2020-11-03;71,40;72,88;71,08;72,88;675.273
2020-11-04;72,72;76,10;72,42;76,08;944.610
2020-11-05;76,74;78,22;76,44;77,78;763.164
2020-11-06;77,50;77,84;76,66;76,72;496.785
2020-11-09;77,54;78,20;74,54;74,86;1.120.454
2020-11-10;74,98;75,16;73,64;73,74;966.358
2020-11-11;74,02;74,52;73,56;74,10;675.885
2020-11-12;73,74;74,92;73,62;74,14;613.306
2020-11-13;74,00;74,10;73,10;73,48;522.032
2020-11-16;73,14;73,22;70,92;70,92;842.866
2020-11-17;70,60;71,30;69,70;70,10;693.951
