2014-01-02;187,40;187,65;181,95;182,15;389.117
2014-01-03;182,50;185,40;182,25;184,40;212.921
2014-01-06;183,85;186,30;183,85;184,45;190.595
2014-01-07;184,50;186,40;184,20;185,70;207.663
2014-01-08;185,30;186,00;183,50;184,45;248.159
2014-01-09;184,95;186,85;184,20;184,70;252.294
2014-01-10;186,10;187,60;185,05;186,25;192.677
2014-01-13;186,35;187,85;186,35;187,10;181.530
2014-01-14;185,00;186,30;184,40;186,15;264.938
2014-01-15;187,10;187,80;185,90;186,80;288.132
2014-01-16;186,00;187,35;185,55;187,05;223.725
2014-01-17;186,95;189,85;186,85;189,55;459.492
2014-01-20;189,55;189,95;188,25;188,45;191.060
2014-01-21;188,40;188,80;185,75;185,90;242.946
2014-01-22;186,70;187,45;184,90;185,75;239.224
2014-01-23;185,65;187,05;184,90;184,90;308.127
2014-01-24;182,00;182,45;178,50;178,70;559.131
2014-01-27;180,55;181,50;177,95;179,00;400.721
2014-01-28;180,40;180,40;176,50;178,50;343.359
2014-01-29;181,00;182,00;176,30;177,40;399.856
2014-01-30;177,90;180,00;176,25;178,45;367.122
2014-01-31;178,85;178,90;175,90;178,70;491.361
2014-02-03;178,50;181,90;178,10;180,10;460.485
2014-02-04;180,50;180,90;178,75;179,80;359.101
2014-02-05;177,50;177,50;174,25;175,85;574.088
2014-02-06;176,30;177,85;174,70;176,95;524.746
2014-02-07;177,05;180,70;176,70;180,65;339.223
2014-02-10;181,70;182,85;180,65;182,80;277.835
2014-02-11;183,85;186,65;183,05;186,65;402.356
2014-02-12;186,65;186,70;185,35;186,10;333.329
2014-02-13;186,15;187,75;184,75;187,75;346.824
2014-02-14;187,75;190,05;187,25;189,75;348.652
2014-02-17;190,00;190,00;189,15;189,55;149.785
2014-02-18;189,95;190,10;188,70;189,35;178.121
2014-02-19;188,85;190,75;188,30;190,65;209.653
2014-02-20;188,70;191,45;188,50;191,05;231.087
2014-02-21;192,45;192,45;190,10;191,55;303.448
2014-02-24;191,65;192,45;190,30;191,30;272.474
2014-02-25;190,00;191,75;189,80;191,65;257.654
2014-02-26;191,30;191,85;190,35;191,40;196.867
2014-02-27;191,70;192,30;189,50;191,35;269.145
2014-02-28;191,45;191,50;189,55;190,90;250.436
2014-03-03;188,00;189,80;187,65;188,30;424.623
2014-03-04;190,75;195,40;189,60;195,25;514.363
2014-03-05;194,45;195,00;193,15;193,70;379.310
2014-03-06;193,65;196,25;193,60;196,15;347.788
2014-03-07;196,40;197,20;195,20;195,60;481.942
2014-03-10;195,45;196,25;191,60;192,70;367.509
2014-03-11;193,40;193,40;189,30;190,00;340.034
2014-03-12;188,50;189,65;186,95;187,50;318.000
2014-03-13;188,20;189,70;187,10;187,85;298.413
2014-03-14;186,60;187,30;183,00;185,55;521.611
2014-03-17;185,75;187,85;185,15;187,50;203.186
2014-03-18;186,90;189,90;186,15;188,45;261.177
2014-03-19;188,10;189,10;187,35;187,55;248.512
2014-03-20;186,35;187,15;183,85;185,00;503.143
2014-03-21;185,75;189,50;185,00;188,70;771.237
2014-03-24;187,20;188,55;185,65;186,15;299.973
2014-03-25;187,30;190,55;186,95;190,25;310.173
2014-03-26;191,05;191,20;188,90;189,50;357.005
2014-03-27;189,45;191,70;189,35;191,20;251.073
2014-03-28;191,00;191,75;190,35;191,20;251.135
2014-03-31;191,95;192,00;188,35;188,50;349.504
2014-04-01;188,60;189,75;186,95;187,65;288.729
2014-04-02;188,20;190,00;187,55;189,70;235.490
2014-04-03;190,05;190,20;188,35;188,75;188.059
2014-04-04;189,20;190,45;188,60;190,25;212.827
2014-04-07;189,00;192,00;188,90;192,00;275.548
2014-04-08;192,25;192,75;190,55;191,85;264.397
2014-04-09;192,40;193,00;191,65;191,75;210.179
2014-04-10;192,45;193,20;191,35;192,40;229.929
2014-04-11;191,85;192,15;189,05;189,05;402.596
2014-04-14;188,30;189,55;187,20;188,05;301.273
2014-04-15;188,45;189,35;187,50;187,55;285.841
2014-04-16;189,45;190,45;188,65;189,65;302.113
2014-04-17;190,45;191,75;189,20;190,30;275.128
2014-04-22;191,80;191,95;190,70;191,00;300.298
2014-04-23;192,10;194,00;191,80;192,80;361.222
2014-04-24;193,95;195,00;190,70;192,70;308.005
2014-04-25;192,45;193,30;191,65;192,40;302.427
2014-04-28;193,25;194,00;192,40;193,65;204.470
2014-04-29;194,00;195,10;193,70;194,95;225.582
2014-04-30;194,50;195,40;193,50;194,45;182.537
2014-05-02;195,15;196,25;193,75;194,40;287.670
2014-05-05;194,55;195,85;191,60;195,80;171.529
2014-05-06;196,85;197,15;195,05;195,85;260.380
2014-05-07;195,00;198,55;195,00;198,30;379.270
2014-05-08;199,00;202,20;198,30;202,15;410.508
2014-05-09;201,00;203,90;201,00;202,35;373.577
2014-05-12;196,50;196,80;193,95;195,45;446.262
2014-05-13;195,85;198,85;195,85;198,50;296.414
2014-05-14;198,50;199,40;197,90;198,80;279.977
2014-05-15;198,25;199,50;196,05;196,70;302.166
2014-05-16;197,95;198,30;195,75;197,90;452.576
2014-05-19;198,60;199,65;197,90;198,95;262.186
2014-05-20;199,00;199,75;196,95;197,75;165.180
2014-05-21;198,50;200,95;197,15;199,30;255.665
2014-05-22;199,70;199,80;197,60;198,45;197.092
2014-05-23;198,60;200,00;197,25;199,50;251.992
2014-05-26;200,50;201,15;199,50;200,45;96.629
2014-05-27;200,30;202,00;199,75;202,00;228.786
2014-05-28;201,35;203,50;200,70;203,00;225.688
2014-05-29;202,75;203,10;202,15;203,10;104.487
2014-05-30;203,60;205,50;202,95;205,10;317.875
2014-06-02;206,40;206,90;205,30;206,35;221.877
2014-06-03;205,90;207,65;205,40;207,10;192.288
2014-06-04;207,05;208,55;206,35;207,30;202.595
2014-06-05;206,90;208,60;205,20;208,00;271.617
2014-06-06;208,45;212,85;207,30;212,25;353.326
2014-06-09;212,00;212,40;210,45;211,15;222.221
2014-06-10;211,40;211,75;209,70;211,20;229.858
2014-06-11;211,20;212,40;209,20;211,80;299.383
2014-06-12;211,80;213,10;210,90;211,85;187.557
2014-06-13;211,40;212,30;209,45;210,85;202.318
2014-06-16;210,65;210,95;208,85;209,70;172.841
2014-06-17;210,55;211,00;207,90;208,70;307.390
2014-06-18;209,45;210,25;207,45;207,45;290.374
2014-06-19;208,85;210,95;207,85;210,40;382.504
2014-06-20;209,90;212,20;209,60;210,10;446.580
2014-06-23;210,65;212,45;208,20;210,60;262.204
2014-06-24;211,35;212,80;210,95;212,70;215.665
2014-06-25;212,30;213,00;210,25;211,55;241.271
2014-06-26;212,30;213,00;210,90;212,00;261.326
2014-06-27;213,20;213,40;212,20;212,60;186.386
2014-06-30;212,15;213,35;211,30;212,45;326.512
2014-07-01;212,15;213,55;210,75;213,10;208.490
2014-07-02;211,75;212,90;210,90;212,30;230.836
2014-07-03;212,30;213,70;211,10;212,00;290.186
2014-07-04;211,70;212,20;209,80;209,80;213.911
2014-07-07;209,80;210,30;207,50;207,75;213.967
2014-07-08;208,70;208,70;204,55;204,55;266.646
2014-07-09;205,50;207,20;204,45;206,95;222.309
2014-07-10;206,50;207,40;204,05;205,25;302.251
2014-07-11;205,75;206,10;205,05;205,85;156.702
2014-07-14;205,45;208,10;205,30;207,05;156.139
2014-07-15;206,40;206,65;204,75;205,00;227.734
2014-07-16;206,00;207,50;205,40;205,90;258.753
2014-07-17;205,05;207,80;204,40;206,00;241.834
2014-07-18;206,00;206,35;203,30;205,30;336.263
2014-07-21;205,10;205,30;202,60;203,50;182.349
2014-07-22;203,50;205,45;203,50;205,10;238.268
2014-07-23;205,00;206,40;203,95;205,25;243.382
2014-07-24;204,50;205,60;203,15;204,65;262.093
2014-07-25;204,80;205,35;200,05;200,65;239.982
2014-07-28;201,65;202,70;198,85;202,45;265.487
2014-07-29;203,55;207,25;202,95;205,45;356.775
2014-07-30;206,00;207,25;203,90;204,40;295.114
2014-07-31;204,15;204,55;200,35;200,65;362.467
2014-08-01;200,35;200,70;196,50;196,70;382.721
2014-08-04;197,90;197,90;193,00;193,40;356.842
2014-08-05;194,10;196,40;194,00;195,15;295.425
2014-08-06;193,90;194,30;190,55;193,20;302.663
2014-08-07;193,50;194,20;187,90;188,00;801.472
2014-08-08;187,00;192,30;187,00;191,70;688.141
2014-08-11;193,50;196,05;192,25;195,50;352.281
2014-08-12;195,50;195,90;193,90;195,15;281.031
2014-08-13;195,75;197,05;195,05;195,95;244.408
2014-08-14;194,95;199,25;194,90;198,65;430.972
2014-08-15;198,40;199,65;195,90;196,05;477.552
2014-08-18;197,55;199,20;197,15;197,45;198.053
2014-08-19;198,05;199,35;197,65;199,00;157.794
2014-08-20;198,65;199,95;197,65;197,85;161.487
2014-08-21;198,40;198,75;197,10;198,30;229.332
2014-08-22;198,80;198,80;196,10;197,25;153.638
2014-08-25;199,65;203,55;199,15;203,35;323.249
2014-08-26;202,45;206,70;202,40;206,20;380.411
2014-08-27;206,25;206,60;205,05;205,15;279.001
2014-08-28;205,45;205,55;202,35;203,90;335.682
2014-08-29;204,90;205,30;202,50;204,40;249.581
2014-09-01;204,80;204,95;202,95;204,05;115.222
2014-09-02;204,10;204,55;202,45;203,20;159.809
2014-09-03;204,10;204,60;202,55;203,90;374.008
2014-09-04;204,15;206,40;202,75;205,55;472.975
2014-09-05;204,55;206,30;203,30;206,20;209.231
2014-09-08;207,15;208,75;206,55;207,95;254.679
2014-09-09;208,00;208,30;205,75;206,80;235.050
2014-09-10;206,45;207,65;205,95;207,40;379.014
2014-09-11;208,10;208,35;206,65;207,60;259.388
2014-09-12;207,85;208,20;206,30;207,10;233.637
2014-09-15;206,95;207,15;205,35;205,80;205.572
2014-09-16;206,15;206,15;203,05;203,75;190.237
2014-09-17;204,05;205,35;203,85;205,05;237.669
2014-09-18;204,45;205,55;203,70;205,00;313.337
2014-09-19;206,70;206,90;204,30;204,30;655.363
2014-09-22;204,30;204,80;203,35;204,50;166.513
2014-09-23;204,65;204,65;201,50;202,25;289.907
2014-09-24;203,10;204,25;201,90;204,25;333.845
2014-09-25;203,55;204,30;199,95;200,10;366.082
2014-09-26;200,80;203,55;198,85;202,25;328.443
2014-09-29;202,15;203,00;200,15;200,95;218.789
2014-09-30;202,15;204,35;201,30;203,70;392.441
2014-10-01;204,20;206,25;201,80;201,95;353.385
2014-10-02;201,50;201,95;197,85;197,85;457.549
2014-10-03;198,35;199,70;197,85;198,75;271.430
2014-10-06;200,45;200,95;199,00;199,50;230.041
2014-10-07;198,30;199,10;195,25;195,40;409.092
2014-10-08;195,00;195,55;193,75;194,45;320.598
2014-10-09;196,00;197,10;193,20;193,90;331.916
2014-10-10;192,90;194,40;191,40;193,10;437.110
2014-10-13;191,20;194,30;191,05;194,15;365.767
2014-10-14;192,40;193,75;191,00;193,00;408.803
2014-10-17;186,85;189,60;185,65;189,30;866.895
2014-10-20;188,45;189,55;187,20;189,15;380.032
2014-10-21;188,80;194,40;188,15;194,35;393.231
2014-10-22;194,30;194,35;192,50;193,35;395.583
2014-10-23;192,90;196,50;192,15;195,45;359.658
2014-10-24;194,10;196,15;193,60;195,05;252.847
2014-10-27;197,30;197,30;192,85;193,70;285.630
2014-10-28;195,35;199,00;194,15;198,75;372.479
2014-10-29;198,50;200,30;198,40;199,20;268.476
2014-10-30;200,05;200,10;195,05;199,55;297.420
2014-10-31;201,20;204,45;201,05;204,45;472.501
2014-11-03;204,00;204,65;201,85;202,10;229.492
2014-11-04;202,45;203,95;201,35;201,60;341.520
2014-11-05;203,60;205,25;203,10;204,55;299.025
2014-11-06;203,45;206,00;202,30;204,40;378.533
2014-11-07;204,95;205,05;200,25;201,50;298.749
2014-11-10;201,30;202,95;200,30;201,75;268.183
2014-11-11;202,70;204,30;202,35;202,85;223.943
2014-11-12;201,85;202,30;199,10;199,20;318.845
2014-11-13;200,65;202,15;199,25;201,25;263.083
2014-11-14;202,50;202,85;201,00;201,75;178.530
2014-11-17;199,80;201,90;198,80;201,20;241.071
2014-11-18;202,00;203,80;201,55;203,40;228.512
2014-11-19;203,90;204,50;202,85;202,85;216.273
2014-11-20;203,30;203,80;200,30;201,05;243.263
2014-11-21;201,25;205,45;200,90;204,90;564.536
2014-11-24;205,90;208,10;205,25;206,95;295.253
2014-11-25;207,40;209,05;205,95;207,35;285.445
2014-11-26;207,40;208,30;206,20;206,45;185.919
2014-11-27;206,75;211,35;206,75;210,80;226.723
2014-11-28;211,50;212,75;210,70;212,50;350.945
2014-12-01;212,15;213,25;210,30;211,10;252.684
2014-12-02;211,65;213,80;211,15;213,30;258.101
2014-12-03;213,05;214,30;212,15;212,55;224.382
2014-12-04;213,55;213,95;208,25;208,75;440.250
2014-12-05;210,60;211,35;209,70;210,15;323.493
2014-12-08;209,50;209,70;207,90;208,45;259.802
2014-12-09;206,55;209,55;204,80;204,80;379.186
2014-12-10;206,05;206,95;204,25;204,70;333.012
2014-12-11;204,60;206,15;203,35;205,30;347.906
2014-12-12;205,00;205,80;201,05;201,20;436.975
2014-12-15;202,40;202,40;196,25;196,30;437.157
2014-12-16;196,55;198,25;193,05;198,00;659.715
2014-12-17;196,70;199,45;196,00;198,65;408.811
2014-12-18;200,60;206,10;199,85;206,10;597.180
2014-12-19;207,70;210,25;206,35;210,10;895.063
2014-12-22;210,50;213,00;209,90;213,00;321.616
2014-12-23;213,10;214,70;210,85;214,70;266.444
2014-12-24;214,40;215,20;212,65;212,65;71.738
2014-12-29;214,45;215,30;212,90;215,30;204.157
2014-12-30;214,75;214,80;211,30;211,30;166.382
2014-12-31;212,70;214,10;212,15;212,85;52.775
2015-01-02;214,45;215,00;210,55;211,55;198.876
2015-01-05;210,20;213,65;209,85;209,85;613.692
2015-01-06;211,20;212,10;209,10;210,15;374.689
2015-01-07;211,90;215,05;210,20;213,15;352.213
2015-01-08;215,00;221,10;214,70;221,10;482.804
2015-01-09;219,50;220,30;215,75;217,00;467.848
2015-01-12;217,55;221,20;217,45;220,40;320.395
2015-01-13;219,45;224,95;219,05;224,60;374.328
2015-01-14;221,45;228,20;220,70;224,80;490.916
2015-01-15;225,45;230,85;219,25;230,30;762.213
2015-01-16;229,60;241,65;228,55;240,95;935.902
2015-01-19;241,15;241,50;237,40;238,40;542.907
2015-01-20;240,10;242,05;237,75;238,35;665.859
2015-01-21;238,00;238,10;232,70;235,20;750.206
2015-01-22;236,40;241,90;233,95;241,10;616.848
2015-01-23;242,05;250,45;241,65;250,05;881.232
2015-01-26;248,10;252,50;247,65;251,95;457.558
2015-01-27;252,55;253,05;242,85;244,85;486.051
2015-01-28;247,70;248,70;243,10;244,10;491.790
2015-01-29;239,00;251,95;236,30;251,35;767.168
2015-01-30;250,80;254,75;248,10;250,10;617.248
2015-02-02;251,85;255,40;250,55;255,40;465.973
2015-02-03;256,30;260,05;255,00;259,10;551.644
2015-02-04;260,00;260,15;254,25;257,35;504.847
2015-02-05;254,95;258,85;254,45;258,60;349.311
2015-02-06;258,00;259,45;255,90;256,45;305.590
2015-02-09;254,50;254,55;248,55;250,50;432.516
2015-02-10;251,40;256,35;248,20;254,10;370.539
2015-02-11;253,80;254,25;250,00;252,80;193.646
2015-02-12;253,50;258,20;252,35;255,15;268.493
2015-02-13;257,65;258,05;255,10;256,30;274.867
2015-02-16;256,55;257,25;255,10;255,90;157.890
2015-02-17;254,60;256,20;251,15;256,20;245.294
2015-02-18;256,20;257,50;252,75;253,75;379.317
2015-02-19;253,35;258,85;252,70;258,85;275.167
2015-02-20;258,50;258,50;252,15;255,85;490.178
2015-02-23;259,60;260,00;256,00;259,00;274.859
2015-02-24;258,40;261,95;257,70;260,25;290.585
2015-02-25;260,95;261,90;256,50;258,05;311.386
2015-02-26;258,80;260,70;256,70;260,45;239.258
2015-02-27;260,75;260,75;256,35;257,60;379.471
2015-03-02;258,35;260,25;256,90;259,95;382.332
2015-03-03;261,00;262,00;256,70;256,70;252.847
2015-03-04;258,55;258,70;255,05;258,20;251.523
2015-03-05;260,00;260,50;257,90;259,45;228.567
2015-03-06;258,90;260,30;252,85;253,35;307.448
2015-03-09;251,10;251,55;246,05;249,10;408.757
2015-03-10;247,80;251,40;247,15;248,00;242.657
2015-03-11;245,00;254,05;244,30;252,75;562.036
2015-03-12;252,30;253,05;250,55;251,05;296.796
2015-03-13;252,30;255,05;251,55;254,95;294.517
2015-03-16;255,25;258,00;254,75;256,00;313.680
2015-03-17;255,10;256,05;251,50;252,50;318.232
2015-03-18;253,55;255,45;252,55;255,20;328.400
2015-03-19;256,25;257,55;253,65;255,50;451.103
2015-03-20;257,00;258,70;254,35;257,40;830.560
2015-03-23;258,80;259,00;255,65;257,20;400.914
2015-03-24;252,95;257,15;251,90;255,70;363.709
2015-03-25;255,90;258,15;252,25;253,00;392.363
2015-03-26;250,65;253,10;247,10;249,50;429.313
2015-03-27;250,95;253,65;248,85;253,05;322.750
2015-03-30;255,85;258,00;255,05;256,20;318.286
2015-03-31;255,05;256,50;251,05;251,05;413.399
2015-04-01;250,50;254,05;249,60;250,75;294.735
2015-04-02;251,20;252,05;248,05;249,10;259.271
2015-04-07;252,80;254,50;251,00;252,35;227.597
2015-04-08;251,40;254,40;250,75;253,35;312.478
2015-04-09;253,70;254,95;253,40;254,55;250.517
2015-04-10;255,00;257,15;254,35;256,80;273.025
2015-04-13;257,75;257,80;253,70;253,70;273.839
2015-04-14;252,45;256,20;252,35;255,05;315.164
2015-04-15;256,20;257,50;253,80;254,25;264.803
2015-04-16;254,15;254,30;250,65;252,55;322.203
2015-04-17;252,45;255,30;249,30;249,90;515.636
2015-04-20;252,95;254,30;251,50;253,65;323.376
2015-04-21;255,10;255,50;253,25;254,30;298.319
2015-04-22;254,75;256,45;251,55;255,80;367.361
2015-04-23;255,35;256,40;251,75;252,25;425.867
2015-04-24;252,40;253,95;250,30;251,75;253.581
2015-04-27;252,20;256,25;249,00;255,65;325.081
2015-04-28;255,45;256,40;249,80;252,80;362.454
2015-04-29;253,75;255,20;247,95;247,95;379.340
2015-04-30;248,45;249,35;245,70;246,50;436.649
2015-05-04;247,75;250,70;245,70;249,10;204.454
2015-05-05;249,95;251,90;240,05;240,40;362.681
2015-05-06;240,05;240,60;233,70;234,05;611.946
2015-05-07;232,85;235,10;228,20;234,25;896.089
2015-05-08;238,30;243,70;236,20;243,70;406.648
2015-05-11;243,75;243,75;238,25;241,05;230.528
2015-05-12;238,70;239,60;233,20;235,35;533.101
2015-05-13;235,85;240,70;235,10;237,15;348.975
2015-05-14;236,10;242,25;234,40;241,90;224.139
2015-05-15;242,50;244,75;241,70;243,85;400.992
2015-05-18;243,00;243,75;237,55;238,90;319.363
2015-05-19;240,85;248,15;240,85;247,90;438.577
2015-05-20;247,50;248,00;241,20;243,05;319.288
2015-05-21;243,15;243,15;238,20;240,80;246.105
2015-05-22;240,80;242,10;238,65;239,05;278.900
2015-05-25;240,65;240,75;237,50;238,55;47.776
2015-05-26;237,95;240,65;236,35;237,50;324.565
2015-05-27;238,90;242,85;237,50;241,85;374.440
2015-05-28;241,85;243,50;238,65;240,30;311.642
2015-05-29;240,00;240,50;233,85;233,85;549.194
2015-06-01;235,85;237,15;233,20;234,85;296.545
2015-06-02;235,60;236,35;229,00;229,00;473.017
2015-06-03;228,70;230,80;224,50;225,20;479.241
2015-06-04;223,60;233,50;220,05;231,05;740.921
2015-06-05;229,20;230,00;223,20;224,70;510.246
2015-06-08;223,90;225,35;220,30;223,10;415.581
2015-06-09;222,80;228,70;221,85;225,40;470.659
2015-06-10;224,35;228,50;223,20;227,10;386.847
2015-06-11;226,60;235,00;225,20;232,65;444.829
2015-06-12;232,15;232,80;224,10;227,10;459.996
2015-06-15;224,40;226,60;223,65;225,05;259.302
2015-06-16;223,30;229,15;222,75;227,15;346.709
2015-06-17;227,50;228,50;222,10;222,10;336.917
2015-06-18;221,60;224,60;217,95;224,15;366.442
2015-06-19;224,00;227,55;223,40;224,80;660.014
2015-06-22;231,15;235,45;229,25;235,10;538.043
2015-06-23;238,45;238,45;234,55;236,40;348.473
2015-06-24;235,80;237,40;233,05;236,65;366.604
2015-06-25;234,00;240,35;233,90;234,90;591.738
2015-06-26;234,15;239,80;232,70;239,00;554.702
2015-06-29;229,00;235,90;228,00;230,00;528.638
2015-06-30;228,80;231,90;226,70;226,70;568.552
2015-07-01;228,20;234,70;226,60;232,40;479.887
2015-07-02;228,10;230,40;223,80;224,20;411.313
2015-07-03;224,60;226,30;222,50;223,75;255.233
2015-07-06;218,45;223,60;217,35;217,95;464.049
2015-07-07;219,55;220,40;215,20;215,35;467.059
2015-07-08;215,15;218,75;214,95;217,20;397.928
2015-07-09;218,30;225,00;217,45;224,10;340.840
2015-07-10;228,50;232,10;227,60;231,05;391.778
2015-07-13;235,65;238,00;233,10;237,15;325.495
2015-07-14;237,15;238,50;235,75;238,50;184.086
2015-07-15;237,95;241,15;237,40;240,40;247.026
2015-07-16;242,60;247,25;241,90;246,45;402.806
2015-07-17;247,20;248,55;244,25;246,50;382.334
2015-07-20;248,65;249,00;245,40;246,35;207.729
2015-07-21;246,70;247,70;243,25;244,15;261.352
2015-07-22;238,95;243,15;238,50;241,60;295.904
2015-07-23;243,00;244,60;240,35;243,90;346.077
2015-07-24;243,50;246,85;242,70;243,80;406.622
2015-07-27;242,00;243,20;238,85;238,85;383.423
2015-07-28;239,65;242,10;238,10;241,85;290.539
2015-07-29;242,60;244,50;241,15;243,45;275.805
2015-07-30;244,20;245,80;241,60;244,55;238.703
2015-07-31;244,35;245,65;240,20;242,30;357.542
2015-08-03;241,35;247,05;241,35;246,25;212.283
2015-08-04;246,70;247,00;243,95;246,80;191.883
2015-08-05;247,65;247,65;244,70;246,10;296.479
2015-08-06;246,00;247,30;243,85;245,65;356.272
2015-08-07;245,05;247,50;244,35;244,85;180.799
2015-08-10;246,15;249,85;244,30;248,90;230.313
2015-08-11;248,90;249,00;245,45;246,15;229.841
2015-08-12;244,60;245,15;237,95;238,55;454.703
2015-08-13;242,90;245,75;242,40;244,00;339.762
2015-08-14;244,60;246,90;242,75;246,05;306.457
2015-08-17;248,35;249,55;244,25;249,15;351.311
2015-08-18;248,95;251,80;247,70;250,95;275.231
2015-08-19;249,50;250,25;248,10;248,25;340.439
2015-08-20;247,85;249,05;244,25;244,55;409.734
2015-08-21;241,10;244,55;235,05;235,05;584.681
2015-08-24;228,00;230,70;212,30;221,10;1.069.007
2015-08-25;224,80;231,90;222,20;230,20;690.520
2015-08-26;226,35;231,90;223,45;226,50;511.848
2015-08-27;232,80;234,75;230,70;233,45;417.323
2015-08-28;233,45;233,70;229,45;230,75;309.382
2015-08-31;228,85;231,70;228,25;231,25;233.692
2015-09-01;228,25;229,35;223,00;224,50;396.127
2015-09-02;226,15;229,80;224,50;227,15;360.517
2015-09-03;229,90;234,50;228,75;232,15;443.675
2015-09-04;229,75;230,70;225,80;226,60;479.830
2015-09-07;228,85;229,85;225,40;226,30;173.096
2015-09-08;227,95;231,95;227,75;229,55;265.184
2015-09-09;234,30;234,60;230,25;230,35;407.015
2015-09-10;228,50;230,10;225,60;227,45;416.909
2015-09-11;228,60;228,65;222,75;222,85;374.360
2015-09-14;223,00;225,65;221,70;221,75;332.422
2015-09-15;221,95;223,00;219,65;220,45;349.290
2015-09-16;222,10;223,40;221,10;221,85;254.476
2015-09-17;222,25;224,10;221,90;223,40;242.899
2015-09-18;222,55;224,45;219,60;223,00;1.068.781
2015-09-21;222,55;228,70;222,55;227,10;343.539
2015-09-22;226,90;228,10;220,40;221,05;436.098
2015-09-23;221,35;226,80;220,10;225,00;508.417
2015-09-24;225,00;228,50;223,30;225,85;672.401
2015-09-25;228,95;233,85;227,65;232,30;477.289
2015-09-28;232,00;232,75;227,40;228,00;350.908
2015-09-29;225,85;229,70;225,15;227,95;418.939
2015-09-30;232,70;234,10;231,00;231,30;428.692
2015-10-01;234,00;234,50;227,40;227,40;363.452
2015-10-02;230,20;232,25;226,20;230,40;338.254
2015-10-05;235,30;239,50;234,05;238,10;419.992
2015-10-06;238,30;239,75;236,85;238,10;274.930
2015-10-07;239,80;239,80;233,05;234,05;293.120
2015-10-08;233,85;235,95;232,05;234,90;299.506
2015-10-09;236,90;237,00;233,00;233,35;258.363
2015-10-12;234,60;234,65;232,00;233,80;194.824
2015-10-13;233,80;234,25;231,50;233,70;218.538
2015-10-14;233,05;235,55;231,85;234,55;228.083
2015-10-15;236,25;238,00;234,15;237,85;253.688
2015-10-16;238,55;240,75;237,80;240,75;328.893
2015-10-19;240,00;242,20;239,00;240,85;334.438
2015-10-20;240,55;241,90;239,75;240,65;204.253
2015-10-21;242,00;243,30;240,25;243,00;205.472
2015-10-22;242,00;250,20;241,80;249,45;372.087
2015-10-23;250,45;254,70;248,60;254,20;447.802
2015-10-26;254,20;254,80;252,30;253,05;226.496
2015-10-27;252,95;254,00;251,50;252,70;276.542
2015-10-28;253,95;256,00;253,60;255,20;295.678
2015-10-29;256,50;256,65;254,55;256,15;284.844
2015-10-30;257,00;257,85;252,65;254,10;393.848
2015-11-02;251,95;256,50;251,95;254,10;271.720
2015-11-03;252,00;252,00;245,90;247,15;461.437
2015-11-04;248,70;250,10;246,05;246,65;300.023
2015-11-05;247,35;251,75;246,60;249,80;288.405
2015-11-06;250,80;251,75;246,50;246,50;397.649
2015-11-09;248,25;248,25;240,90;241,10;372.875
2015-11-10;241,50;242,60;237,45;241,70;373.192
2015-11-11;243,10;248,10;243,05;246,65;310.355
2015-11-12;246,50;249,60;243,95;243,95;262.024
2015-11-13;242,80;243,75;238,75;240,65;251.090
2015-11-16;238,00;241,30;234,40;241,05;276.118
2015-11-17;243,20;248,50;242,80;248,50;323.689
2015-11-18;247,25;248,20;245,25;247,60;162.507
2015-11-19;250,00;251,90;249,00;251,30;273.234
2015-11-20;252,00;254,80;250,35;254,80;400.891
2015-11-23;255,00;255,00;249,40;249,40;291.732
2015-11-24;246,90;247,00;235,45;239,65;566.819
2015-11-25;239,90;246,00;239,90;243,90;375.536
2015-11-26;244,50;244,55;242,40;243,55;211.971
2015-11-27;243,35;245,10;242,30;244,45;242.858
2015-11-30;244,55;245,60;242,40;243,10;294.532
2015-12-01;243,50;247,85;243,30;246,15;357.735
2015-12-02;247,90;249,40;243,50;243,50;358.983
2015-12-03;243,20;248,65;233,35;233,35;711.334
2015-12-04;232,50;233,95;227,65;232,60;612.610
2015-12-07;234,10;240,45;233,45;236,65;334.915
2015-12-08;236,10;239,10;234,25;234,85;331.253
2015-12-09;236,40;236,95;231,10;231,45;349.426
2015-12-10;230,00;231,95;228,25;230,15;330.240
2015-12-11;230,15;230,45;225,60;227,05;439.807
2015-12-14;228,70;232,85;224,10;224,20;432.083
2015-12-15;225,10;231,65;224,90;230,35;510.465
2015-12-16;230,85;231,95;229,40;230,20;335.705
2015-12-17;235,80;238,05;234,55;234,60;459.971
2015-12-18;232,30;236,90;230,60;233,60;656.803
2015-12-21;234,10;237,30;230,20;230,20;300.883
2015-12-22;232,20;232,40;226,80;230,05;222.358
2015-12-23;232,70;235,20;231,50;234,15;225.845
2015-12-24;235,40;236,15;233,85;236,15;29.173
2015-12-28;236,90;236,90;233,05;233,25;102.194
2015-12-29;234,85;237,60;234,60;237,60;198.679
2015-12-30;236,45;238,30;234,55;235,75;183.361
2015-12-31;235,00;237,25;234,40;234,40;72.460
2016-01-04;230,75;231,30;226,10;229,70;446.406
2016-01-05;227,95;232,45;227,75;232,45;323.170
2016-01-06;232,00;232,80;228,00;231,10;283.275
2016-01-07;224,95;227,95;224,60;226,10;396.064
2016-01-08;227,10;227,10;222,70;223,10;424.103
2016-01-11;223,40;227,50;222,25;224,50;375.052
2016-01-12;225,30;229,55;224,45;226,40;297.818
2016-01-13;228,95;230,60;226,55;227,95;285.176
2016-01-14;225,45;226,00;222,40;224,00;359.861
2016-01-15;222,55;225,05;219,05;221,15;565.956
2016-01-18;220,60;223,90;219,30;219,60;282.493
2016-01-19;223,15;224,95;221,70;222,05;304.139
2016-01-20;218,50;219,30;214,20;215,75;439.698
2016-01-21;215,50;220,60;213,85;218,60;613.807
2016-01-22;223,85;229,55;222,75;228,65;513.219
2016-01-25;229,90;231,25;228,25;230,35;307.075
2016-01-26;226,85;230,35;226,25;229,70;328.915
2016-01-27;229,50;229,50;224,45;227,15;314.998
2016-01-28;226,85;229,90;224,75;226,40;336.256
2016-01-29;229,60;232,30;228,10;232,00;420.766
2016-02-01;232,20;232,75;226,40;228,70;336.141
2016-02-02;229,10;230,00;223,45;225,00;259.283
2016-02-03;226,50;238,90;225,75;231,65;802.261
2016-02-04;235,75;235,95;230,80;231,15;539.660
2016-02-05;231,15;232,85;224,35;225,50;472.210
2016-02-08;226,45;226,70;219,25;222,20;572.784
2016-02-09;222,50;222,50;216,65;217,65;722.515
2016-02-10;220,15;225,95;218,50;221,70;419.333
2016-02-11;219,60;220,70;212,70;212,70;746.801
2016-02-12;214,50;216,45;212,05;214,40;545.114
2016-02-15;217,60;221,60;217,30;220,20;313.336
2016-02-16;221,15;221,85;219,25;220,15;302.043
2016-02-17;220,40;226,70;220,35;225,70;377.087
2016-02-18;226,70;228,35;225,30;227,90;104.800
2016-02-19;227,95;230,05;227,05;230,05;366.505
2016-02-22;232,70;235,25;231,75;234,30;368.084
2016-02-23;233,00;233,10;230,35;231,10;310.321
2016-02-24;231,60;231,60;224,20;225,95;345.838
2016-02-25;228,75;231,30;227,95;228,55;362.771
2016-02-26;231,45;233,20;227,55;227,55;316.045
2016-02-29;226,20;229,90;225,00;229,75;295.634
2016-03-01;230,45;233,50;228,55;233,40;364.669
2016-03-02;235,00;235,90;233,05;234,50;351.788
2016-03-03;234,40;235,30;232,35;234,20;274.317
2016-03-04;235,65;237,15;233,60;235,95;365.792
2016-03-07;234,95;236,25;233,60;234,65;230.538
2016-03-08;233,75;234,20;230,35;232,40;337.518
2016-03-09;231,60;234,00;230,95;232,35;303.933
2016-03-10;233,65;245,45;232,40;237,35;880.829
2016-03-11;241,55;245,00;240,00;243,65;437.141
2016-03-14;245,00;247,65;243,90;246,95;359.587
2016-03-15;245,65;248,45;245,00;248,45;550.518
2016-03-16;249,50;250,20;248,50;250,20;444.821
2016-03-17;252,55;252,95;249,45;251,75;520.592
2016-03-18;251,75;252,00;248,90;250,80;722.900
2016-03-21;249,20;251,65;248,30;249,50;410.921
2016-03-22;248,05;248,05;244,40;247,65;452.179
2016-03-23;244,95;245,70;240,75;242,00;345.653
2016-03-24;240,00;241,30;237,50;237,85;310.681
2016-03-29;238,20;242,75;238,20;242,15;338.257
2016-03-30;243,95;245,05;243,60;245,00;372.338
2016-03-31;244,20;244,55;240,60;241,80;361.639
2016-04-01;239,40;239,40;233,40;237,75;458.799
2016-04-04;237,75;241,20;236,10;238,60;269.852
2016-04-05;235,85;237,10;234,15;235,70;386.780
2016-04-06;235,05;235,55;233,80;235,00;368.565
2016-04-07;235,15;236,15;231,60;232,45;391.265
2016-04-08;232,90;238,50;232,90;236,85;344.094
2016-04-11;237,45;240,50;235,60;239,40;365.113
2016-04-12;239,30;240,65;236,20;239,25;408.528
2016-04-13;241,60;244,15;241,25;243,60;352.326
2016-04-14;244,50;244,75;239,40;240,65;375.337
2016-04-15;240,65;242,60;239,95;241,15;362.925
2016-04-18;239,15;242,65;239,05;241,45;227.326
2016-04-19;241,65;244,60;240,90;241,85;282.351
2016-04-20;242,05;244,35;241,20;243,85;280.685
2016-04-21;243,90;243,90;237,15;238,35;384.779
2016-04-22;238,95;239,75;236,50;237,00;254.222
2016-04-25;237,80;239,55;237,05;238,50;225.738
2016-04-26;240,20;242,35;239,05;239,80;214.149
2016-04-27;239,55;239,90;237,40;237,55;231.137
2016-04-28;236,00;238,30;234,35;238,25;226.830
2016-04-29;235,70;236,40;233,50;234,00;304.625
2016-05-02;235,35;238,05;234,00;237,65;143.190
2016-05-03;236,65;237,20;233,40;235,30;264.176
2016-05-04;234,90;236,35;232,15;232,95;223.129
2016-05-05;233,45;235,25;232,70;233,95;192.128
2016-05-06;233,50;235,45;233,00;235,30;258.921
2016-05-09;237,00;240,00;235,85;238,35;189.617
2016-05-10;240,10;241,00;237,35;238,25;193.347
2016-05-11;237,15;237,80;234,40;234,65;184.296
2016-05-12;234,25;235,30;231,40;231,40;263.750
2016-05-13;229,90;234,95;229,10;234,95;313.141
2016-05-16;233,10;236,00;231,70;236,00;137.337
2016-05-17;238,30;239,20;235,15;236,10;252.672
2016-05-18;234,05;234,45;232,35;233,75;295.979
2016-05-19;233,75;234,10;230,95;231,25;272.080
2016-05-20;233,85;235,70;232,55;235,70;311.318
2016-05-23;235,90;236,60;233,70;234,75;258.522
2016-05-24;234,00;241,40;233,00;241,30;343.454
2016-05-25;243,25;243,70;240,40;240,95;299.504
2016-05-26;240,30;243,20;239,70;243,20;218.609
2016-05-27;243,00;245,00;242,05;245,00;203.611
2016-05-30;244,90;245,65;243,50;244,75;122.490
2016-05-31;244,55;245,25;241,90;241,90;313.656
2016-06-01;241,50;242,90;239,70;240,30;297.525
2016-06-02;240,95;241,30;237,80;238,40;258.037
2016-06-03;239,50;242,25;238,20;240,40;219.081
2016-06-06;240,55;241,20;239,60;239,70;161.708
2016-06-07;240,25;243,15;239,80;242,10;296.115
2016-06-08;241,55;244,20;240,50;243,05;204.002
2016-06-09;242,25;242,50;240,20;241,45;247.311
2016-06-10;241,25;241,50;236,05;236,50;333.136
2016-06-13;233,70;236,85;233,50;234,40;333.132
2016-06-14;231,55;232,40;227,95;227,95;435.453
2016-06-15;229,50;231,30;228,20;228,65;406.594
2016-06-16;226,50;229,15;225,45;227,50;381.009
2016-06-17;229,00;229,55;227,60;229,30;716.692
2016-06-20;235,05;238,30;234,70;238,15;380.565
2016-06-21;237,15;241,75;237,15;241,35;317.315
2016-06-22;242,25;243,80;240,85;240,85;306.454
2016-06-23;242,60;247,00;240,75;244,95;381.986
2016-06-24;222,00;234,20;221,10;230,35;1.274.851
2016-06-27;230,00;233,30;224,30;225,70;713.926
2016-06-28;230,00;232,40;227,65;228,45;488.082
2016-06-29;230,55;233,40;229,90;232,55;451.978
2016-06-30;233,00;235,00;231,25;233,65;599.983
2016-07-01;236,10;236,60;231,80;235,85;515.867
2016-07-04;231,30;232,45;228,40;230,20;252.418
2016-07-05;228,90;229,80;223,55;224,35;457.316
2016-07-06;223,15;223,15;216,55;217,60;519.480
2016-07-07;217,80;220,85;217,80;220,50;413.273
2016-07-08;219,60;226,80;218,40;226,75;333.061
2016-07-11;231,30;232,65;229,40;232,00;331.729
2016-07-12;232,00;233,45;230,20;230,75;329.947
2016-07-13;229,50;232,30;229,50;231,30;242.544
2016-07-14;232,50;233,85;231,00;232,50;273.264
2016-07-15;232,90;234,65;231,40;232,95;287.499
2016-07-18;232,40;233,90;231,80;232,30;220.359
2016-07-19;231,25;233,70;230,60;233,40;214.239
2016-07-20;233,45;236,15;232,70;235,90;226.238
2016-07-21;241,70;241,70;234,25;236,85;382.711
2016-07-22;238,00;241,00;236,80;240,00;322.491
2016-07-25;240,00;243,00;239,50;242,50;235.966
2016-07-26;242,10;244,10;241,75;243,35;213.490
2016-07-27;244,00;245,00;243,05;243,05;243.873
2016-07-28;243,15;245,10;240,60;242,10;231.534
2016-07-29;243,50;246,15;242,80;246,15;313.879
2016-08-01;246,10;247,45;244,35;244,90;239.308
2016-08-02;243,85;244,80;241,80;243,05;265.410
2016-08-03;242,00;242,90;239,85;240,25;39.260
2016-08-04;242,00;244,35;239,70;244,35;252.945
2016-08-05;245,35;247,15;244,00;246,30;260.528
2016-08-08;246,50;246,95;244,10;245,05;178.260
2016-08-09;244,50;246,25;244,45;245,95;217.818
2016-08-10;245,50;247,20;245,00;246,20;159.887
2016-08-11;247,00;248,00;245,40;246,95;158.849
2016-08-12;246,15;248,55;245,95;248,40;143.027
2016-08-15;248,95;249,45;247,55;247,95;107.652
2016-08-16;246,40;247,00;244,80;245,45;181.875
2016-08-17;246,90;247,60;243,10;244,05;178.816
2016-08-18;245,50;245,65;244,05;245,30;159.585
2016-08-19;244,80;245,05;242,35;243,80;247.578
2016-08-22;244,00;245,85;241,95;244,05;177.242
2016-08-23;245,40;248,20;244,85;247,10;172.550
2016-08-24;245,75;247,50;244,60;245,90;138.270
2016-08-25;245,00;245,85;243,05;245,85;198.968
2016-08-26;245,20;246,60;243,70;245,20;155.771
2016-08-29;244,05;244,85;241,90;243,95;114.784
2016-08-30;245,60;247,80;245,15;245,40;240.713
2016-08-31;245,75;247,85;244,70;246,00;262.905
2016-09-01;246,35;249,05;245,40;245,80;256.092
2016-09-02;247,00;249,90;245,95;248,80;254.583
2016-09-05;250,00;250,00;247,45;248,50;197.324
2016-09-06;248,80;249,85;248,40;249,25;137.599
2016-09-07;250,00;250,55;248,20;250,15;183.191
2016-09-08;249,80;250,30;245,80;248,00;260.880
2016-09-09;247,85;248,50;241,20;241,20;268.037
2016-09-12;237,30;239,20;236,60;238,40;301.655
2016-09-13;239,75;240,40;235,85;235,85;244.724
2016-09-14;236,95;237,25;235,20;235,20;250.902
2016-09-15;235,00;235,40;232,80;233,25;244.882
2016-09-16;233,85;235,05;230,70;232,45;656.386
2016-09-19;234,45;235,90;233,60;235,45;184.948
2016-09-20;235,30;239,35;234,55;237,90;297.599
2016-09-21;240,50;240,50;235,80;236,10;169.625
2016-09-22;238,00;242,85;237,90;241,85;261.363
2016-09-23;244,00;244,25;242,15;243,60;280.165
2016-09-26;242,50;242,80;239,20;241,30;254.892
2016-09-27;243,55;244,35;239,85;243,10;237.654
2016-09-28;243,50;244,45;241,90;242,60;166.640
2016-09-29;243,40;244,70;239,60;240,15;194.361
2016-09-30;237,75;241,05;235,55;240,00;343.274
2016-10-03;239,20;240,55;238,00;239,70;150.951
2016-10-04;239,30;240,70;237,25;237,65;267.210
2016-10-05;236,00;236,70;227,65;227,90;562.190
2016-10-06;228,95;228,95;221,65;222,10;727.043
2016-10-07;222,35;222,50;218,65;219,40;631.169
2016-10-10;220,55;222,05;218,90;221,10;474.773
2016-10-11;221,50;223,40;219,45;219,45;527.834
2016-10-12;219,75;220,10;217,90;219,40;349.330
2016-10-13;219,00;223,95;217,90;223,50;449.209
2016-10-14;224,15;226,50;222,20;225,05;341.193
2016-10-17;224,55;225,05;222,75;223,25;194.686
2016-10-18;224,25;227,65;224,00;227,15;327.481
2016-10-19;226,35;227,10;224,35;226,45;289.799
2016-10-20;226,35;229,35;225,35;227,75;333.456
2016-10-21;227,70;227,70;225,80;227,15;344.071
2016-10-24;228,00;229,85;227,65;229,45;317.285
2016-10-25;229,45;230,90;228,40;229,65;256.099
2016-10-26;228,60;228,75;222,00;222,70;433.109
2016-10-27;221,95;223,95;215,35;216,80;525.420
2016-10-28;215,10;219,10;213,30;217,65;322.811
2016-10-31;217,30;217,70;214,90;217,00;297.063
2016-11-01;217,60;218,30;212,55;212,95;435.011
2016-11-02;212,15;216,75;211,50;214,90;358.768
2016-11-03;213,80;216,10;212,35;212,60;407.119
2016-11-04;212,00;212,40;210,35;211,20;282.518
2016-11-07;213,55;214,70;212,60;214,05;253.147
2016-11-08;213,70;215,70;213,20;214,25;251.309
2016-11-09;211,00;213,70;209,50;212,30;551.647
2016-11-10;212,25;213,80;204,10;206,05;548.590
2016-11-11;206,30;211,45;206,30;207,80;439.601
2016-11-14;208,75;209,30;203,55;205,15;436.724
2016-11-15;207,00;210,65;206,95;207,75;346.144
2016-11-16;207,35;208,75;204,75;205,85;260.347
2016-11-17;206,25;208,95;205,80;208,95;281.110
2016-11-18;209,10;209,50;207,00;208,30;522.534
2016-11-21;209,05;210,00;206,50;207,50;330.962
2016-11-22;210,00;213,45;208,40;208,60;400.611
2016-11-23;209,00;212,40;208,05;210,35;428.432
2016-11-24;211,35;211,45;209,40;210,15;195.444
2016-11-25;210,45;211,90;209,50;211,05;200.192
2016-11-28;210,10;211,95;210,00;210,70;356.816
2016-11-29;210,05;211,05;209,35;210,90;342.580
2016-11-30;210,95;212,00;207,10;208,25;525.488
2016-12-01;207,00;207,45;203,50;203,70;410.236
2016-12-02;205,00;209,05;203,10;205,50;546.997
2016-12-05;204,25;208,60;203,40;204,85;396.768
2016-12-06;206,45;208,00;205,60;207,40;384.250
2016-12-07;208,25;211,50;208,25;209,70;404.597
2016-12-08;210,55;212,20;207,85;210,15;547.254
2016-12-09;210,50;217,55;210,50;216,45;484.353
2016-12-12;215,70;216,05;209,55;211,70;390.256
2016-12-13;212,00;216,50;212,00;216,40;376.826
2016-12-14;215,15;216,75;214,25;215,50;358.235
2016-12-15;214,50;215,00;211,55;213,75;463.910
2016-12-16;213,00;217,65;212,95;216,80;818.754
2016-12-19;218,30;221,45;217,65;220,50;341.555
2016-12-20;220,50;222,70;219,85;221,85;302.125
2016-12-21;221,30;222,00;219,70;222,00;210.816
2016-12-22;221,95;222,45;220,30;221,50;226.533
2016-12-23;221,25;222,90;220,75;221,55;143.313
2016-12-27;222,55;223,25;221,20;222,90;93.615
2016-12-28;223,35;223,35;219,70;220,20;153.578
2016-12-29;219,85;223,30;219,35;223,20;194.808
2016-12-30;223,85;226,75;222,75;226,75;261.076
2017-01-02;225,45;228,00;225,05;226,50;111.385
2017-01-03;226,50;226,50;221,60;222,60;371.561
2017-01-04;223,00;223,15;220,75;223,15;312.796
2017-01-05;222,85;224,25;222,05;224,10;348.622
2017-01-06;223,90;226,80;223,90;225,80;234.285
2017-01-09;226,00;226,80;223,35;223,95;197.284
2017-01-10;224,50;225,45;221,90;222,55;248.691
2017-01-11;222,80;224,05;221,80;222,30;169.376
2017-01-12;222,75;223,15;221,15;222,10;262.256
2017-01-13;223,35;223,90;220,70;221,15;295.539
2017-01-16;219,60;220,60;218,50;218,50;261.556
2017-01-17;217,95;218,90;216,55;216,70;311.553
2017-01-18;217,20;217,95;215,50;217,60;320.691
2017-01-19;218,10;218,70;213,60;214,25;341.642
2017-01-20;214,25;216,45;212,70;214,05;455.858
2017-01-23;214,10;215,45;213,35;215,45;307.938
2017-01-24;216,45;216,45;212,80;213,00;236.829
2017-01-25;214,35;215,00;211,40;211,95;314.266
2017-01-26;212,25;215,00;210,50;212,60;360.879
2017-01-27;213,05;213,10;210,85;212,30;263.070
2017-01-30;212,80;213,35;209,65;211,10;323.639
2017-01-31;211,00;213,20;210,65;212,95;489.124
2017-02-01;214,60;214,60;212,90;214,00;278.691
2017-02-02;215,20;216,70;211,80;213,65;400.058
2017-02-03;214,00;215,25;213,60;215,05;294.582
2017-02-06;214,85;215,10;212,60;212,60;298.471
2017-02-07;213,15;216,70;212,85;215,90;314.885
2017-02-08;216,25;219,95;215,15;219,50;356.669
2017-02-09;220,55;222,25;218,60;220,10;328.007
2017-02-10;220,10;220,15;218,05;219,00;310.362
2017-02-13;219,80;219,80;217,95;218,40;265.929
2017-02-14;218,75;220,15;217,25;219,65;236.677
2017-02-15;220,45;222,15;220,00;222,10;266.575
2017-02-16;222,65;223,35;220,55;223,35;356.448
2017-02-17;223,55;223,55;220,15;220,65;416.273
2017-02-20;222,50;222,75;219,80;220,65;160.782
2017-02-21;220,40;220,40;217,30;218,20;272.741
2017-02-22;217,75;218,75;216,35;216,65;327.033
2017-02-23;216,75;219,00;216,75;218,05;223.453
2017-02-24;219,00;219,20;215,90;216,85;266.527
2017-02-27;217,25;217,50;214,30;215,15;235.786
2017-02-28;215,55;215,80;213,60;215,35;440.802
2017-03-01;215,70;218,35;215,65;217,35;282.554
2017-03-02;217,40;217,40;214,35;215,85;301.491
2017-03-03;214,90;217,55;214,30;217,45;237.103
2017-03-06;217,00;217,45;215,80;217,10;199.036
2017-03-07;217,70;217,70;214,55;214,60;250.965
2017-03-08;214,10;215,70;213,00;215,50;323.797
2017-03-09;215,40;217,95;214,50;217,40;289.446
2017-03-10;217,00;217,00;213,25;213,25;372.630
2017-03-13;213,30;214,75;213,10;213,90;223.367
2017-03-14;214,45;214,45;212,45;213,30;258.461
2017-03-15;214,40;215,00;212,15;212,90;254.151
2017-03-16;215,00;219,50;213,35;218,30;497.683
2017-03-17;218,50;220,20;216,90;220,15;716.348
2017-03-20;219,00;220,50;218,50;218,70;261.029
2017-03-21;218,50;219,45;217,65;219,45;284.956
2017-03-22;219,40;220,75;218,65;220,00;331.932
2017-03-23;220,55;221,90;220,00;221,90;306.036
2017-03-24;221,00;222,70;220,20;222,70;360.356
2017-03-27;217,60;218,30;216,20;217,70;303.332
2017-03-28;218,20;218,40;214,15;215,20;246.116
2017-03-29;216,20;217,05;214,60;216,80;193.326
2017-03-30;216,20;216,20;214,30;215,00;230.614
2017-03-31;215,35;219,10;214,90;219,10;459.852
2017-04-03;219,50;219,70;217,00;217,85;324.238
2017-04-04;218,75;219,70;217,50;219,20;220.326
2017-04-05;220,00;220,00;217,95;219,00;269.404
2017-04-06;219,35;222,80;219,30;222,80;277.605
2017-04-07;222,50;223,75;221,55;223,50;242.169
2017-04-10;223,75;223,75;222,50;223,10;172.777
2017-04-11;222,95;224,90;222,20;224,90;235.685
2017-04-12;225,00;225,50;223,95;224,70;240.314
2017-04-13;224,20;224,50;223,50;224,10;246.437
2017-04-18;224,60;224,90;222,25;223,80;286.727
2017-04-19;223,10;223,15;221,00;221,95;316.915
2017-04-20;221,00;222,95;219,65;220,90;423.817
2017-04-21;220,80;221,05;218,40;219,65;479.954
2017-04-24;228,00;228,25;224,70;227,05;660.838
2017-04-25;228,00;230,85;226,30;229,35;327.168
2017-04-26;227,20;229,00;226,05;228,10;271.465
2017-04-27;226,85;228,10;225,60;226,65;362.964
2017-04-28;226,60;226,60;224,10;225,45;352.978
2017-05-02;226,55;227,60;225,20;227,60;244.487
2017-05-03;227,95;228,40;226,60;227,45;178.400
2017-05-04;227,95;229,20;226,80;228,15;277.405
2017-05-05;228,15;229,75;227,65;229,60;261.005
2017-05-08;230,00;234,60;230,00;233,75;361.392
2017-05-09;233,90;235,75;233,50;235,15;255.951
2017-05-10;234,05;234,85;233,45;234,85;275.965
2017-05-11;234,25;237,40;234,25;236,25;304.670
2017-05-12;236,25;237,25;235,85;236,80;239.207
2017-05-15;237,50;238,15;236,55;237,35;258.037
2017-05-16;237,05;237,20;235,95;237,20;216.967
2017-05-17;237,00;237,00;234,35;234,70;334.692
2017-05-18;233,95;234,40;229,95;230,65;443.151
2017-05-19;232,10;232,80;229,40;229,80;492.887
2017-05-22;230,70;233,25;230,05;232,40;275.608
2017-05-23;231,55;232,70;229,75;230,30;339.985
2017-05-24;230,50;231,80;229,85;230,55;249.779
2017-05-25;232,20;232,75;230,40;231,25;185.513
2017-05-26;231,55;232,25;231,05;232,00;182.729
2017-05-29;231,60;231,85;231,25;231,65;118.591
2017-05-30;230,60;232,70;230,20;231,10;237.350
2017-05-31;231,95;232,45;229,65;229,65;365.793
2017-06-01;229,80;232,60;229,45;231,90;272.018
2017-06-02;235,10;237,00;234,70;236,15;439.893
2017-06-05;236,00;236,45;231,00;232,25;235.909
2017-06-06;231,25;233,50;229,80;233,30;355.868
2017-06-07;233,50;235,35;232,35;233,80;296.920
2017-06-08;234,50;234,50;231,95;232,25;290.864
2017-06-09;232,95;234,00;231,10;233,55;233.669
2017-06-12;232,55;232,85;230,70;231,55;235.349
2017-06-13;232,25;233,45;231,70;233,05;241.079
2017-06-14;233,20;234,90;233,00;233,45;296.511
2017-06-15;232,40;232,75;228,95;231,05;384.824
2017-06-16;231,60;232,80;230,50;232,00;739.125
2017-06-19;232,50;233,35;231,65;232,80;235.371
2017-06-20;234,25;234,25;232,15;232,40;354.608
2017-06-21;232,55;233,45;230,40;231,80;269.809
2017-06-22;231,35;231,35;229,25;230,75;308.498
2017-06-23;230,25;232,95;229,95;232,85;226.373
2017-06-26;233,55;234,10;232,45;232,45;287.402
2017-06-27;232,00;232,35;229,00;229,75;298.012
2017-06-28;227,00;229,50;225,10;225,35;452.195
2017-06-29;225,60;226,10;221,10;222,50;473.771
2017-06-30;222,55;223,20;220,50;220,65;408.379
2017-07-03;221,30;222,10;218,50;218,55;322.120
2017-07-04;214,20;216,10;212,90;215,85;331.584
2017-07-05;216,10;216,10;211,50;214,30;389.764
2017-07-06;213,95;215,40;210,50;212,50;518.053
2017-07-07;212,60;213,55;211,30;213,55;295.393
2017-07-10;214,15;215,55;213,40;213,55;290.483
2017-07-11;214,50;214,50;210,00;210,75;418.907
2017-07-12;212,05;215,95;209,90;213,45;560.356
2017-07-13;212,60;214,55;212,00;213,70;386.049
2017-07-14;214,00;215,40;213,10;215,30;233.116
2017-07-17;215,50;216,30;213,95;214,45;219.140
2017-07-18;214,45;217,50;214,45;215,75;415.029
2017-07-19;217,05;217,80;214,50;217,80;367.598
2017-07-20;218,50;219,75;217,65;218,15;352.990
2017-07-21;218,45;219,20;214,90;215,35;419.040
2017-07-24;215,75;217,50;214,80;215,25;227.672
2017-07-25;219,00;219,60;215,25;215,65;397.812
2017-07-26;215,25;217,65;214,70;216,75;326.971
2017-07-27;216,15;218,25;215,80;217,00;345.771
2017-07-28;216,20;216,55;211,65;213,45;507.318
2017-07-31;213,00;213,75;211,35;211,35;346.605
2017-08-01;213,40;214,40;211,20;213,75;310.610
2017-08-02;214,05;214,90;212,40;213,70;298.856
2017-08-03;213,25;214,65;212,90;214,05;269.919
2017-08-04;213,90;215,65;213,65;214,20;272.494
2017-08-07;214,70;215,15;212,25;212,70;259.195
2017-08-08;212,50;212,90;211,10;212,80;281.241
2017-08-09;211,85;213,00;210,70;211,65;264.960
2017-08-10;211,60;211,70;209,90;210,85;218.092
2017-08-11;210,60;210,65;207,55;208,15;310.713
2017-08-14;210,90;215,85;210,85;215,45;393.797
2017-08-15;216,00;217,25;214,55;216,00;181.615
2017-08-16;216,50;219,55;216,45;218,10;260.621
2017-08-17;218,30;218,95;217,25;217,25;176.661
2017-08-18;216,30;216,55;213,30;213,80;288.107
2017-08-21;213,00;213,60;211,85;212,60;153.200
2017-08-22;213,85;214,60;213,05;214,20;127.143
2017-08-23;213,80;214,55;212,40;212,80;122.875
2017-08-24;212,05;214,15;212,00;212,55;141.283
2017-08-25;213,30;213,30;211,45;212,15;160.845
2017-08-28;211,60;213,10;210,50;212,45;107.096
2017-08-29;211,20;212,75;208,90;212,00;209.773
2017-08-30;211,50;213,15;210,45;212,30;224.549
2017-08-31;213,45;214,80;212,85;213,55;259.178
2017-09-01;214,45;214,85;210,15;211,05;256.836
2017-09-04;209,95;212,10;209,80;210,95;99.534
2017-09-05;211,05;212,00;207,95;208,40;289.612
2017-09-06;208,50;210,45;207,60;210,00;254.302
2017-09-07;211,00;212,80;210,30;211,90;274.982
2017-09-08;212,05;212,65;211,35;212,60;172.057
2017-09-11;213,75;214,35;212,55;213,05;202.581
2017-09-12;213,90;214,30;212,15;212,60;192.628
2017-09-13;212,60;212,95;210,60;210,80;207.989
2017-09-14;210,60;211,05;209,60;210,50;243.854
2017-09-15;210,85;211,60;207,70;208,30;819.173
2017-09-18;207,65;209,00;206,05;206,70;262.502
2017-09-19;206,95;206,95;205,40;205,60;217.386
2017-09-20;205,15;206,40;204,90;205,15;200.171
2017-09-21;204,75;205,50;204,00;205,25;249.741
2017-09-22;204,45;206,25;204,30;205,00;213.723
2017-09-25;204,30;205,35;204,30;205,35;207.394
2017-09-26;204,70;205,85;204,45;205,00;309.468
2017-09-27;205,95;205,95;203,30;204,00;254.847
2017-09-28;204,05;204,05;202,15;203,20;253.156
2017-09-29;203,70;205,85;203,50;205,75;390.809
2017-10-02;205,90;207,20;204,80;205,55;261.838
2017-10-03;205,75;206,85;205,30;206,60;199.161
2017-10-04;207,05;207,05;205,05;205,65;270.805
2017-10-05;206,25;207,40;205,00;207,35;234.100
2017-10-06;207,35;207,35;204,50;205,80;231.845
2017-10-09;206,00;207,65;205,75;206,55;194.384
2017-10-10;207,00;207,35;205,80;207,10;202.990
2017-10-11;207,20;208,00;206,25;207,35;204.612
2017-10-12;207,35;209,00;206,95;208,50;211.833
2017-10-13;208,10;208,80;207,70;208,20;234.517
2017-10-16;208,95;209,15;207,05;208,85;177.994
2017-10-17;209,40;209,60;207,10;208,20;182.122
2017-10-18;208,95;208,95;207,80;208,75;166.608
2017-10-19;209,25;209,50;207,90;207,95;307.779
2017-10-20;208,75;208,95;206,90;206,90;313.644
2017-10-23;206,35;206,85;205,40;206,10;175.773
2017-10-24;205,50;208,25;205,50;207,75;376.506
2017-10-25;207,90;207,90;205,05;205,40;260.936
2017-10-26;205,40;209,55;205,15;208,75;345.952
2017-10-27;210,50;214,80;208,35;212,90;579.931
2017-10-30;212,80;213,75;212,10;212,80;242.639
2017-10-31;213,05;215,10;212,75;214,85;242.065
2017-11-01;215,20;216,25;211,60;211,85;348.893
2017-11-02;212,35;214,80;212,30;213,70;277.884
2017-11-03;214,55;216,80;213,45;216,05;296.941
2017-11-06;216,15;217,35;215,10;217,20;256.568
2017-11-07;218,00;218,00;216,40;217,50;317.563
2017-11-08;218,00;221,05;218,00;220,95;435.972
2017-11-09;220,80;221,85;218,80;219,95;442.664
2017-11-10;220,40;220,50;218,15;218,85;396.373
2017-11-13;219,30;219,50;216,10;217,90;327.482
2017-11-14;218,00;218,95;216,55;217,05;331.062
2017-11-15;217,15;217,80;215,65;217,00;327.068
2017-11-16;217,35;219,30;216,75;218,40;304.762
2017-11-17;218,65;219,10;217,30;218,20;342.779
2017-11-20;217,75;218,00;216,75;217,15;204.832
2017-11-21;216,80;218,15;216,05;216,45;222.078
2017-11-22;216,70;217,60;215,30;216,15;243.615
2017-11-23;216,00;219,15;214,90;218,60;225.852
2017-11-24;218,20;219,60;217,75;218,30;203.584
2017-11-27;218,65;219,95;218,30;218,45;203.791
2017-11-28;218,10;219,70;216,45;219,50;234.506
2017-11-29;219,95;219,95;216,80;217,40;374.353
2017-11-30;217,10;218,70;214,50;214,95;413.555
2017-12-01;215,45;216,50;213,90;214,55;360.054
2017-12-04;215,85;217,85;214,65;217,85;246.215
2017-12-05;218,25;221,55;218,10;220,55;318.869
2017-12-06;220,45;224,70;218,80;223,80;395.396
2017-12-07;224,65;225,10;222,95;224,70;294.856
2017-12-08;225,35;225,90;223,45;224,50;267.518
2017-12-11;224,90;225,15;223,60;224,10;203.267
2017-12-12;219,00;220,00;213,80;215,00;1.060.153
2017-12-13;218,00;218,55;214,45;214,45;672.297
2017-12-14;213,00;215,00;210,80;211,10;626.471
2017-12-15;211,00;212,50;208,95;212,05;929.847
2017-12-18;214,00;217,00;213,20;215,35;595.521
2017-12-19;215,85;217,50;215,65;217,45;446.411
2017-12-20;216,95;217,15;213,30;214,20;369.816
2017-12-21;213,20;214,65;209,80;214,60;390.464
2017-12-22;214,30;214,30;209,70;210,65;351.007
2017-12-27;211,80;212,40;209,80;211,30;240.476
2017-12-28;210,50;212,35;210,10;211,75;228.602
2017-12-29;211,00;211,90;209,75;210,00;245.130
2018-01-02;209,70;210,40;206,40;209,30;461.835
2018-01-03;209,00;211,40;207,10;210,60;446.487
2018-01-04;210,60;211,80;209,20;209,60;520.288
2018-01-05;209,00;211,20;207,80;211,10;352.288
2018-01-08;211,50;214,20;211,10;213,40;446.520
2018-01-09;213,90;214,00;210,40;211,60;317.431
2018-01-10;211,00;211,00;207,20;207,50;481.133
2018-01-11;207,30;207,70;204,00;204,00;539.458
2018-01-12;203,80;206,10;202,80;204,40;403.790
2018-01-15;204,50;205,00;202,40;204,20;379.846
2018-01-16;205,20;206,70;204,60;206,00;334.518
2018-01-17;206,40;207,50;205,00;205,30;340.680
2018-01-18;205,30;206,00;202,40;203,00;469.287
2018-01-19;202,50;204,50;202,00;203,00;473.532
2018-01-22;202,80;204,80;202,20;204,80;350.720
2018-01-23;205,00;207,70;205,00;207,30;495.819
2018-01-24;206,90;207,50;206,40;206,80;311.160
2018-01-25;206,20;207,30;203,60;204,30;442.713
2018-01-26;204,40;206,10;204,40;205,10;279.078
2018-01-29;205,00;205,10;202,40;203,60;379.634
2018-01-30;203,00;207,50;202,60;204,50;531.198
2018-01-31;208,00;208,00;204,60;206,60;540.913
2018-02-01;209,00;209,50;202,20;202,70;577.224
2018-02-02;203,00;203,10;200,00;201,10;463.427
2018-02-05;200,20;200,30;195,25;195,65;519.965
2018-02-06;190,00;193,25;188,35;190,30;890.202
2018-02-07;192,05;194,60;190,90;194,25;492.673
2018-02-08;191,90;191,90;187,95;188,40;664.298
2018-02-09;187,10;188,75;185,45;187,35;736.064
2018-02-12;189,25;189,70;187,50;188,50;415.336
2018-02-13;187,45;189,05;185,70;185,85;357.709
2018-02-14;187,50;191,00;186,05;187,30;428.023
2018-02-15;187,90;188,10;184,40;185,55;394.457
2018-02-16;186,35;189,35;185,60;188,85;381.184
2018-02-19;189,95;190,00;186,70;187,40;189.181
2018-02-20;187,00;189,25;186,90;188,60;256.912
2018-02-21;188,35;189,55;186,70;189,40;310.270
2018-02-22;188,15;190,85;186,45;190,55;329.008
2018-02-23;191,00;193,45;190,10;192,55;315.298
2018-02-26;193,40;194,65;192,15;193,25;299.161
2018-02-27;194,15;194,35;189,65;190,25;329.035
2018-02-28;189,60;191,95;188,30;191,75;414.291
2018-03-01;191,10;192,30;188,95;190,35;404.469
2018-03-02;189,40;190,85;186,80;187,40;394.747
2018-03-05;187,45;190,70;187,25;190,65;293.411
2018-03-06;191,05;191,55;186,85;187,75;390.500
2018-03-07;186,90;191,75;186,90;191,20;362.929
2018-03-08;191,20;193,50;189,70;192,75;376.521
2018-03-09;192,15;192,90;189,75;190,75;292.976
2018-03-12;191,45;191,55;189,55;190,60;223.608
2018-03-13;190,35;192,70;189,55;190,30;322.392
2018-03-14;189,80;191,65;189,00;191,00;319.226
2018-03-15;191,35;192,30;189,80;192,00;288.532
2018-03-16;0,00;0,00;0,00;191,60;0
2018-03-19;0,00;0,00;0,00;190,60;0
2018-03-20;0,00;0,00;0,00;192,20;0
2018-03-21;0,00;0,00;0,00;190,00;0
2018-03-22;0,00;0,00;0,00;189,70;0
2018-03-23;188,10;189,95;185,25;185,75;505.675
2018-03-26;186,60;187,15;182,55;183,55;473.616
2018-03-27;180,05;181,80;178,45;180,15;387.910
2018-03-28;179,05;183,55;177,35;183,55;552.648
2018-03-29;182,50;186,50;182,50;185,65;545.132
2018-04-03;185,55;185,90;183,95;184,70;433.032
2018-04-04;184,95;186,50;182,90;186,25;471.954
2018-04-05;188,75;190,15;187,05;190,10;472.224
2018-04-06;189,00;191,00;188,80;190,00;300.282
2018-04-09;191,15;191,20;189,50;189,90;224.069
2018-04-10;191,00;191,00;187,95;189,15;269.128
2018-04-11;189,00;189,70;188,50;189,40;223.305
2018-04-12;188,20;188,75;186,90;188,55;216.269
2018-04-13;188,95;191,20;188,05;190,85;325.576
2018-04-16;190,80;190,90;188,95;190,10;186.939
2018-04-17;190,65;196,85;189,70;195,80;506.869
2018-04-18;195,75;195,75;192,60;193,30;375.048
2018-04-19;192,75;194,05;191,70;191,80;297.572
2018-04-20;191,30;193,20;191,00;193,00;366.926
2018-04-23;193,00;193,10;190,45;191,90;278.043
2018-04-24;194,00;194,35;190,95;192,40;441.933
2018-04-25;191,90;194,60;191,60;193,25;347.824
2018-04-26;194,00;198,25;192,50;196,80;569.975
2018-04-27;196,80;198,70;196,20;197,35;321.310
2018-04-30;196,80;199,55;197,50;198,90;464.496
2018-05-02;198,50;198,90;196,55;197,10;480.915
2018-05-03;196,45;197,90;196,00;197,80;341.375
2018-05-04;197,15;197,95;196,30;197,50;342.472
2018-05-07;197,50;197,85;196,90;197,50;163.903
2018-05-08;197,50;197,70;196,60;197,50;297.878
2018-05-09;197,20;197,40;195,90;196,65;283.848
2018-05-10;196,15;196,70;195,85;196,40;193.783
2018-05-11;195,90;196,55;195,40;195,45;263.086
2018-05-14;196,00;196,80;195,45;196,00;224.698
2018-05-15;195,65;195,65;193,35;195,15;352.501
2018-05-16;195,00;195,30;192,95;193,20;269.916
2018-05-17;193,50;194,15;192,55;193,60;375.347
2018-05-18;192,80;195,20;192,30;194,25;598.495
2018-05-21;194,00;194,40;193,00;193,00;281.296
2018-05-22;192,50;193,65;191,80;192,95;383.630
2018-05-23;192,80;193,70;191,95;192,30;610.012
2018-05-24;191,50;193,40;190,35;192,00;696.527
2018-05-25;192,80;193,80;191,75;193,25;667.808
2018-05-28;187,85;189,90;187,20;189,65;414.396
2018-05-29;188,35;189,00;186,15;187,25;914.181
2018-05-30;0,00;191,25;0,00;190,85;2.628.749
2018-05-31;192,00;192,55;190,65;192,55;890.076
2018-06-01;192,55;192,80;189,65;189,65;988.403
2018-06-04;190,55;191,80;190,00;190,00;3.223.051
2018-06-05;191,45;193,00;189,95;192,45;584.424
2018-06-06;192,40;194,20;190,95;192,20;503.718
2018-06-07;195,50;195,50;191,50;193,70;447.970
2018-06-08;192,50;193,75;191,05;192,10;517.410
2018-06-11;191,85;193,10;187,90;189,60;641.750
2018-06-12;189,60;190,10;187,05;187,60;562.418
2018-06-13;187,00;189,85;187,00;189,30;544.595
2018-06-14;188,00;192,30;187,50;191,50;810.944
2018-06-15;192,25;194,70;191,75;193,10;1.093.662
2018-06-18;193,30;193,60;190,55;191,70;406.327
2018-06-19;189,85;190,95;189,05;190,50;428.199
2018-06-20;191,95;192,15;190,35;190,85;251.872
2018-06-21;190,95;191,35;188,25;188,80;365.742
2018-06-22;188,45;190,65;188,10;190,65;269.318
2018-06-25;188,50;189,90;187,95;188,10;307.636
2018-06-26;189,25;189,25;186,40;187,40;322.038
2018-06-27;187,50;188,55;185,65;187,90;300.821
2018-06-28;186,35;188,25;185,55;187,10;298.531
2018-06-29;188,65;189,60;187,85;188,55;432.235
2018-07-02;184,60;186,95;184,50;185,50;335.284
2018-07-03;185,80;187,15;185,25;186,30;269.797
2018-07-04;186,20;189,25;184,90;188,80;255.404
2018-07-05;188,30;189,85;188,05;188,55;286.363
2018-07-06;188,75;189,95;186,70;187,60;343.245
2018-07-09;188,60;189,05;187,15;188,40;278.905
2018-07-10;188,95;190,25;188,05;189,30;342.789
2018-07-11;188,80;189,30;186,25;186,25;345.518
2018-07-12;186,40;186,50;184,85;186,05;316.764
2018-07-13;187,25;188,20;186,25;188,00;285.550
2018-07-16;187,75;187,95;186,65;186,65;196.133
2018-07-17;186,00;186,35;184,40;186,10;273.873
2018-07-18;184,25;187,65;184,25;187,55;234.565
2018-07-19;187,00;187,40;185,45;187,05;227.701
2018-07-20;186,30;187,30;184,35;187,30;394.049
2018-07-23;186,90;187,35;185,60;186,10;214.615
2018-07-24;186,25;187,10;185,40;186,05;286.449
2018-07-25;186,00;186,95;185,65;186,45;253.060
2018-07-26;186,70;187,75;185,65;187,20;311.139
2018-07-27;186,75;188,15;186,75;187,75;342.794
2018-07-30;187,55;189,40;186,65;189,40;209.730
2018-07-31;189,45;191,00;189,05;189,85;379.911
2018-08-01;189,70;191,10;186,70;186,70;328.785
2018-08-02;187,05;188,75;186,65;188,75;433.236
2018-08-03;188,90;190,65;188,20;190,20;251.711
2018-08-06;190,95;190,95;188,05;189,80;198.607
2018-08-07;190,45;190,80;188,60;190,10;173.603
2018-08-08;189,75;190,60;188,55;189,65;173.146
2018-08-09;188,90;189,80;188,35;189,35;126.727
2018-08-10;188,10;188,45;184,85;184,90;364.029
2018-08-13;185,00;185,45;184,00;185,40;222.312
2018-08-14;186,00;186,00;184,00;184,10;244.784
2018-08-15;184,95;184,95;182,75;183,20;351.386
2018-08-16;183,60;186,10;182,45;186,10;255.416
2018-08-17;186,50;186,80;185,15;186,45;237.896
2018-08-20;186,50;188,00;186,25;186,60;197.655
2018-08-21;186,60;186,60;185,30;185,45;194.960
2018-08-22;185,45;186,90;185,05;185,60;200.996
2018-08-23;185,75;186,60;185,35;185,50;198.063
2018-08-24;185,85;186,60;185,45;185,55;177.029
2018-08-27;186,50;187,45;186,20;186,75;149.780
2018-08-28;187,85;188,70;185,90;188,45;284.470
2018-08-29;188,75;190,50;187,70;190,40;266.810
2018-08-30;187,00;187,25;178,25;182,15;805.830
2018-08-31;183,98;183,98;180,22;181,00;425.433
2018-09-03;181,00;181,30;177,06;177,08;369.782
2018-09-04;177,54;178,00;173,80;175,12;557.223
2018-09-05;175,10;175,40;172,64;175,34;482.531
2018-09-06;174,60;175,74;173,06;173,06;290.258
2018-09-07;172,74;173,62;171,78;172,38;319.262
2018-09-10;172,00;173,06;170,06;171,60;318.201
2018-09-11;171,48;171,48;169,16;171,20;290.071
2018-09-12;170,98;173,38;170,42;173,04;373.950
2018-09-13;171,32;174,96;171,26;174,28;324.339
2018-09-14;175,00;175,44;174,00;174,46;295.896
2018-09-17;174,00;175,76;173,66;174,84;239.640
2018-09-18;175,40;177,30;175,26;176,00;339.832
2018-09-19;176,20;177,12;174,84;175,66;407.651
2018-09-20;174,94;177,56;174,48;176,46;380.572
2018-09-21;176,66;177,98;172,80;172,80;1.985.462
2018-09-24;172,90;174,02;172,58;173,98;478.972
2018-09-25;174,50;174,72;173,30;174,12;298.192
2018-09-26;174,76;177,50;174,06;177,00;372.211
2018-09-27;176,20;177,20;175,34;176,20;254.602
2018-09-28;175,84;176,04;173,22;173,22;404.606
2018-10-01;174,00;174,26;172,78;172,78;324.476
2018-10-02;172,26;172,26;169,46;169,64;455.349
2018-10-03;170,14;171,54;169,80;170,62;271.924
2018-10-04;169,20;169,28;164,18;164,18;712.700
2018-10-05;164,04;165,74;163,18;163,58;547.640
2018-10-08;162,96;164,46;162,54;163,10;356.228
2018-10-09;163,82;165,54;162,62;165,16;389.600
2018-10-10;165,30;165,74;163,40;163,40;399.506
2018-10-11;163,76;163,76;160,62;161,22;533.847
2018-10-12;161,72;161,76;156,80;156,80;539.745
2018-10-15;156,58;157,10;155,26;155,30;356.028
2018-10-16;155,74;159,44;155,32;158,64;390.360
2018-10-17;158,00;161,98;157,78;161,96;510.137
2018-10-18;161,40;163,36;160,48;160,48;349.414
2018-10-19;161,30;162,80;160,50;161,30;508.668
2018-10-22;163,50;163,50;159,20;159,72;375.422
2018-10-23;158,34;160,06;157,80;158,92;406.729
2018-10-24;159,20;160,60;157,58;157,58;375.336
2018-10-25;159,80;160,84;158,68;160,46;351.770
2018-10-26;157,00;159,56;155,22;156,84;528.296
2018-10-29;158,40;159,28;157,14;158,06;401.507
2018-10-30;158,64;161,06;157,84;160,40;411.071
2018-10-31;161,30;162,00;159,08;160,28;604.316
2018-11-01;158,80;160,64;157,70;160,16;344.398
2018-11-02;159,78;162,18;159,60;159,60;317.049
2018-11-05;159,00;159,50;157,60;158,06;357.282
2018-11-06;159,14;159,24;157,38;158,80;291.925
2018-11-07;158,90;161,34;158,78;159,90;278.189
2018-11-08;159,08;160,56;157,92;159,66;244.092
2018-11-09;160,90;161,88;159,52;161,80;342.871
2018-11-12;162,48;162,48;159,08;159,50;329.030
2018-11-13;160,24;161,68;160,04;161,02;279.858
2018-11-14;159,68;162,00;159,10;159,98;377.497
2018-11-15;160,50;162,28;157,80;158,48;340.279
2018-11-16;158,76;159,70;155,00;157,22;579.842
2018-11-19;157,50;158,82;155,08;155,66;361.268
2018-11-20;155,18;155,40;153,02;153,96;410.840
2018-11-21;155,00;157,02;153,62;156,52;418.382
2018-11-22;155,80;156,86;154,58;155,16;296.391
2018-11-23;155,90;157,32;154,92;157,00;279.925
2018-11-26;158,82;160,42;157,26;157,50;335.281
2018-11-27;158,02;160,48;157,46;158,96;425.215
2018-11-28;159,98;160,52;157,20;157,64;364.730
2018-11-29;158,82;159,32;153,22;154,66;481.479
2018-11-30;154,36;154,36;149,08;151,84;843.093
2018-12-03;153,80;154,36;149,18;149,60;620.120
2018-12-04;149,22;149,76;147,58;147,74;536.602
2018-12-05;147,02;148,84;145,34;146,76;430.805
2018-12-06;145,72;146,04;141,68;142,90;839.278
2018-12-07;143,76;145,94;143,58;144,74;554.947
2018-12-10;144,90;145,48;142,50;143,08;536.321
2018-12-11;142,36;144,40;141,54;143,22;567.964
2018-12-12;144,80;148,04;144,56;147,32;627.753
2018-12-13;147,90;148,04;145,04;146,14;634.920
2018-12-14;143,96;145,34;142,70;144,62;517.687
2018-12-17;144,00;144,74;142,56;142,56;445.157
2018-12-18;139,98;140,58;139,10;139,40;792.810
2018-12-19;139,94;141,00;138,74;140,40;811.200
2018-12-20;138,00;138,72;136,34;137,54;1.018.834
2018-12-21;134,98;137,90;131,10;137,90;1.786.060
2018-12-24;137,00;137,44;134,54;134,54;223.255
2018-12-27;136,56;136,96;131,44;132,40;585.255
2018-12-28;133,00;134,06;131,42;133,26;520.989
2018-12-31;133,74;135,82;133,18;135,40;178.981
2019-01-02;133,14;133,34;130,18;132,62;531.727
2019-01-03;132,70;134,32;131,94;133,30;482.099
2019-01-04;135,34;139,14;135,10;138,12;674.713
2019-01-07;138,90;139,04;136,44;137,32;482.279
2019-01-08;137,92;143,56;137,78;141,66;836.377
2019-01-09;141,76;144,10;140,14;143,34;686.952
2019-01-10;142,40;144,02;142,40;143,28;518.565
2019-01-11;142,78;144,02;142,68;143,80;693.493
2019-01-14;142,42;144,66;142,18;143,88;520.415
2019-01-15;144,38;145,02;141,80;142,40;461.103
2019-01-16;143,98;145,50;143,64;145,46;415.633
2019-01-17;144,14;146,86;143,74;146,30;473.516
2019-01-18;147,16;151,50;147,10;150,24;674.092
2019-01-21;151,00;151,00;148,62;149,26;314.455
2019-01-22;148,54;150,04;148,18;148,50;414.995
2019-01-23;148,00;149,80;147,86;149,10;409.635
2019-01-24;148,66;150,78;147,96;150,24;369.858
2019-01-25;148,84;152,74;147,76;152,66;501.949
2019-01-28;152,00;154,46;151,64;154,10;355.080
2019-01-29;153,46;157,32;153,12;156,06;555.748
2019-01-30;155,64;157,98;155,36;157,98;471.551
2019-01-31;155,00;157,48;151,60;157,16;654.845
2019-02-01;157,00;158,16;155,50;157,02;455.553
2019-02-04;157,10;157,64;155,46;155,86;416.583
2019-02-05;155,66;156,16;153,68;154,20;686.358
2019-02-06;154,12;154,32;152,24;152,48;526.388
2019-02-07;152,08;153,46;151,64;152,06;451.093
2019-02-08;152,36;153,72;151,16;152,18;636.296
2019-02-11;153,30;155,48;153,30;154,36;328.228
2019-02-12;155,66;156,06;153,88;153,88;334.400
2019-02-13;152,66;153,60;150,58;151,58;546.285
2019-02-14;140,00;148,60;139,98;143,42;1.080.107
2019-02-15;143,00;145,42;141,96;145,12;805.024
2019-02-18;145,12;145,40;144,66;145,12;304.886
2019-02-19;145,00;145,72;143,30;143,54;589.671
2019-02-20;143,80;145,08;142,68;143,82;504.131
2019-02-21;144,50;144,92;143,72;143,78;379.390
2019-02-22;142,50;143,62;141,76;142,42;384.625
2019-02-25;142,40;143,94;142,14;142,84;310.981
2019-02-26;143,10;144,22;142,10;143,34;353.971
2019-02-27;143,92;144,16;142,58;143,76;456.704
2019-02-28;142,80;143,36;141,06;142,00;659.233
2019-03-01;142,22;143,56;141,70;141,80;443.603
2019-03-04;142,80;143,74;142,50;143,74;491.498
2019-03-05;143,74;144,40;143,02;144,28;356.355
2019-03-06;144,30;145,00;143,40;143,72;301.657
2019-03-07;144,50;145,78;143,38;144,32;373.227
2019-03-08;144,86;148,02;143,66;146,64;479.336
2019-03-11;147,54;147,54;145,38;146,00;384.312
2019-03-12;146,50;147,56;144,62;144,64;466.258
2019-03-13;144,00;145,62;143,70;145,50;461.695
2019-03-14;145,40;149,00;144,92;148,50;448.156
2019-03-15;147,60;149,40;146,94;149,34;1.602.848
2019-03-18;149,50;150,86;148,90;149,90;378.008
2019-03-19;150,00;150,98;149,06;150,04;414.128
2019-03-20;150,44;151,72;149,38;149,38;477.001
2019-03-21;150,50;152,56;149,90;151,92;563.934
2019-03-22;153,42;154,00;150,88;152,14;724.024
2019-03-25;153,00;153,62;149,90;150,50;610.162
2019-03-26;150,22;153,00;150,22;153,00;408.279
2019-03-27;147,36;148,90;146,52;147,96;527.169
2019-03-28;147,02;148,82;145,86;145,86;494.674
2019-03-29;146,00;147,18;145,56;146,14;538.989
2019-04-01;146,75;148,50;146,05;148,50;354.975
2019-04-02;148,50;150,35;148,20;149,85;476.251
2019-04-03;150,30;151,80;149,85;150,15;435.923
2019-04-04;149,95;151,95;149,70;151,95;392.271
2019-04-05;151,50;151,90;150,25;150,90;408.619
2019-04-08;151,50;151,95;149,10;149,10;323.701
2019-04-09;149,85;151,20;147,90;147,90;417.297
2019-04-10;148,25;153,25;148,25;153,25;433.591
2019-04-11;152,60;157,00;152,60;156,00;589.323
2019-04-12;156,35;156,35;154,15;154,50;357.676
2019-04-15;154,25;155,25;153,85;155,00;341.448
2019-04-16;154,40;157,15;154,25;156,50;372.381
2019-04-17;156,15;156,15;154,85;155,10;378.084
2019-04-18;155,30;155,95;153,75;154,65;607.297
2019-04-23;154,65;154,80;150,45;150,85;514.885
2019-04-24;150,85;155,80;150,85;155,50;506.989
2019-04-25;156,65;156,90;154,15;155,35;341.591
2019-04-26;156,00;156,55;153,95;155,95;352.183
2019-04-29;156,10;156,70;154,00;154,45;246.000
2019-04-30;154,20;154,50;151,95;153,25;467.114
2019-05-02;152,10;154,70;152,10;153,80;383.259
2019-05-03;153,30;153,45;150,70;150,90;283.943
2019-05-06;150,00;151,35;148,75;151,25;306.510
2019-05-07;151,85;152,45;149,55;149,55;360.116
2019-05-08;149,55;149,55;147,55;148,15;283.946
2019-05-09;147,50;147,80;145,05;146,60;418.966
2019-05-10;145,00;146,85;144,00;145,75;466.034
2019-05-13;145,75;145,75;142,00;143,10;457.730
2019-05-14;143,40;144,95;142,90;144,25;396.959
2019-05-15;143,80;144,40;142,45;143,25;399.995
2019-05-16;142,00;144,25;141,75;144,00;480.305
2019-05-17;144,00;144,70;141,20;142,10;558.868
2019-05-20;142,75;143,20;140,45;141,35;430.128
2019-05-21;142,25;142,50;140,30;141,30;445.590
2019-05-22;140,80;141,50;138,75;139,50;372.716
2019-05-23;139,45;139,50;135,55;135,60;519.881
2019-05-24;136,65;138,70;135,90;138,40;444.624
2019-05-27;139,55;140,00;138,05;138,90;163.099
2019-05-28;139,65;139,90;136,55;137,95;587.784
2019-05-29;137,45;138,05;135,90;136,35;403.698
2019-05-30;136,35;136,55;134,50;134,95;272.833
2019-05-31;133,75;135,35;132,85;135,35;509.383
2019-06-03;135,10;135,20;133,40;134,70;382.948
2019-06-04;136,50;138,30;135,95;136,40;485.468
2019-06-05;136,95;138,30;135,55;138,30;386.240
2019-06-06;137,85;138,20;134,50;135,00;516.386
2019-06-07;134,30;137,45;133,80;136,40;417.453
2019-06-10;137,10;138,10;136,85;137,85;166.006
2019-06-11;138,55;138,65;136,70;137,35;381.691
2019-06-12;137,40;137,85;135,00;135,65;407.257
2019-06-13;135,85;138,00;134,80;136,80;359.008
2019-06-14;136,40;136,65;135,15;135,85;304.687
2019-06-17;135,90;136,85;134,05;134,60;424.556
2019-06-18;135,00;136,85;133,30;136,55;602.143
2019-06-19;137,00;137,95;135,25;136,80;621.535
2019-06-20;137,00;137,60;133,75;133,85;544.168
2019-06-21;134,00;135,40;133,15;134,15;1.286.807
2019-06-24;135,00;135,00;129,25;129,25;692.148
2019-06-25;129,30;130,30;128,10;129,20;550.555
2019-06-26;129,10;129,10;125,75;126,30;658.463
2019-06-27;127,00;128,05;125,70;127,25;611.794
2019-06-28;128,00;131,80;127,00;131,75;875.812
2019-07-01;133,40;134,10;132,40;132,60;532.423
2019-07-02;133,05;133,70;130,40;133,25;553.065
2019-07-03;130,20;130,65;128,65;129,60;502.533
2019-07-04;130,35;131,25;129,80;130,10;369.150
2019-07-05;131,90;133,50;130,55;131,15;545.951
2019-07-08;131,15;131,60;130,30;130,90;287.415
2019-07-09;131,15;132,75;130,50;132,20;445.904
2019-07-10;131,80;132,00;129,15;129,55;517.330
2019-07-11;129,50;131,15;129,25;129,75;390.833
2019-07-12;129,90;130,40;129,15;129,50;394.388
2019-07-15;128,90;130,10;128,15;129,05;334.024
2019-07-16;128,95;129,05;127,00;127,00;550.304
2019-07-17;127,00;129,20;126,15;127,45;410.682
2019-07-18;126,60;127,95;125,85;126,70;405.974
2019-07-19;127,30;128,00;125,60;128,00;492.220
2019-07-22;127,95;128,35;124,95;126,00;513.377
2019-07-23;126,00;129,15;125,80;128,55;488.665
2019-07-24;128,70;129,70;128,20;128,55;360.128
2019-07-25;128,95;129,00;125,65;126,50;608.638
2019-07-26;124,80;125,45;122,95;124,50;811.578
2019-07-29;124,10;126,00;124,05;125,90;353.994
2019-07-30;126,00;127,60;124,60;125,25;631.078
2019-07-31;125,70;125,70;120,25;121,00;805.919
2019-08-01;123,50;124,20;119,65;122,50;1.152.994
2019-08-02;123,00;125,35;121,30;123,30;1.045.816
2019-08-05;122,50;125,40;122,10;123,15;716.141
2019-08-06;123,50;124,70;122,30;122,55;711.125
2019-08-07;123,00;124,30;122,55;123,30;592.947
2019-08-08;124,00;125,05;122,85;124,15;482.649
2019-08-09;123,75;124,20;122,75;123,15;451.726
2019-08-12;123,55;124,60;122,00;122,85;451.752
2019-08-13;123,55;124,25;122,15;122,50;599.367
2019-08-14;122,45;123,20;120,00;120,50;667.919
2019-08-15;120,75;120,80;119,15;119,40;696.913
2019-08-16;119,75;120,80;118,45;120,35;656.856
2019-08-19;121,10;122,60;120,60;122,20;748.136
2019-08-20;122,50;123,10;121,20;121,60;592.728
2019-08-21;121,55;124,05;121,55;123,35;432.869
2019-08-22;122,15;123,80;121,85;122,35;606.045
2019-08-23;123,40;123,90;121,85;122,00;583.242
2019-08-26;122,25;123,55;121,85;122,80;338.061
2019-08-27;123,20;124,10;122,35;123,55;604.332
2019-08-28;123,20;123,70;122,50;123,70;554.379
2019-08-29;123,40;124,20;121,60;122,00;717.739
2019-08-30;120,50;122,35;116,20;119,10;2.148.720
2019-09-02;119,00;120,35;118,85;119,80;738.429
2019-09-03;119,40;120,15;117,40;117,50;996.929
2019-09-04;118,55;119,10;117,85;118,35;562.830
2019-09-05;118,70;120,00;118,00;120,00;763.323
2019-09-06;120,00;120,75;118,45;119,95;631.666
2019-09-09;120,00;120,55;119,00;119,60;492.796
2019-09-10;120,25;126,60;119,95;126,00;1.201.598
2019-09-11;126,70;130,40;126,50;130,30;1.357.604
2019-09-12;130,50;130,80;125,90;126,70;1.323.004
2019-09-13;126,80;130,95;126,80;128,80;889.557
2019-09-16;128,00;129,75;127,25;129,35;768.386
2019-09-17;129,60;129,75;127,10;127,90;817.937
2019-09-18;128,00;130,10;127,55;128,60;575.380
2019-09-19;129,30;131,55;128,95;129,80;827.642
2019-09-20;130,00;132,95;129,70;132,25;6.575.554
2019-09-23;131,50;132,05;129,00;130,35;860.458
2019-09-24;130,05;130,30;128,00;128,50;595.278
2019-09-25;129,30;130,30;128,00;129,75;472.001
2019-09-26;130,25;132,40;129,25;131,80;473.725
2019-09-27;132,30;132,55;130,85;131,60;366.685
2019-09-30;132,15;133,95;131,10;133,75;521.212
2019-10-01;134,00;134,90;132,05;132,85;578.305
2019-10-02;132,30;132,65;127,25;127,45;997.775
2019-10-03;127,30;128,45;126,40;127,95;491.526
2019-10-04;128,30;129,10;127,30;129,10;404.942
2019-10-07;129,25;130,95;128,30;130,45;375.627
2019-10-08;131,25;131,25;128,60;128,60;446.984
2019-10-09;129,55;131,10;128,90;130,95;404.467
2019-10-10;130,95;131,80;130,05;130,60;534.115
2019-10-11;131,70;132,50;130,40;132,50;588.188
2019-10-14;132,40;133,60;130,95;133,60;403.921
2019-10-15;133,50;135,40;132,90;134,65;470.844
2019-10-16;135,30;135,90;133,45;135,90;446.047
2019-10-17;135,35;138,45;135,00;137,10;587.639
2019-10-18;137,55;139,05;137,15;137,65;546.573
2019-10-21;137,40;141,00;137,05;140,05;497.485
2019-10-22;140,00;141,85;139,35;140,55;450.483
2019-10-23;140,20;142,90;139,25;142,85;533.484
2019-10-24;142,70;143,30;141,75;141,80;520.691
2019-10-25;142,00;142,20;139,90;141,50;306.317
2019-10-28;141,50;142,30;140,65;141,75;426.322
2019-10-29;143,00;143,00;138,80;140,00;603.994
2019-10-30;139,90;140,10;137,15;138,60;469.381
2019-10-31;139,00;139,25;137,85;138,65;521.305
2019-11-01;139,35;139,35;137,80;137,80;239.670
2019-11-04;138,00;140,65;138,00;140,25;516.057
2019-11-05;140,00;142,95;139,55;142,05;525.567
2019-11-06;142,90;143,45;141,60;142,15;512.594
2019-11-07;142,95;144,30;141,90;143,30;436.505
2019-11-08;142,85;144,00;142,20;143,00;391.675
2019-11-11;143,00;145,10;142,45;144,30;397.635
2019-11-12;143,95;144,55;143,45;143,95;381.347
2019-11-13;143,35;144,20;142,10;143,05;471.049
2019-11-14;142,15;144,45;142,05;143,15;388.304
2019-11-15;143,10;144,20;142,55;142,95;364.044
2019-11-18;143,10;144,60;143,10;144,40;361.872
2019-11-19;144,40;145,20;143,50;143,75;310.608
2019-11-20;142,90;143,20;141,45;141,65;463.735
2019-11-21;141,35;141,90;140,55;140,85;360.495
2019-11-22;140,40;141,30;139,75;141,20;351.189
2019-11-25;142,00;143,95;141,75;142,70;339.772
2019-11-26;142,50;143,30;141,90;143,00;524.004
2019-11-27;143,15;143,50;141,55;142,20;332.632
2019-11-28;142,25;142,90;141,70;141,75;299.840
2019-11-29;141,75;141,95;140,70;141,90;498.016
2019-12-02;141,90;142,50;138,85;139,60;510.426
2019-12-03;139,85;140,30;137,35;138,70;488.196
2019-12-04;138,60;140,15;138,25;139,65;400.969
2019-12-05;140,00;141,30;139,90;140,50;249.328
2019-12-06;141,00;141,95;140,35;141,95;318.751
2019-12-09;142,00;142,35;140,60;141,60;264.127
2019-12-10;141,40;143,15;141,05;141,70;360.090
2019-12-11;142,10;142,10;139,80;140,40;399.161
2019-12-12;140,20;140,50;138,25;138,65;493.374
2019-12-13;139,50;139,95;136,75;138,00;506.551
2019-12-16;139,00;139,60;138,30;139,40;358.258
2019-12-17;139,55;140,15;139,00;139,45;586.532
2019-12-18;139,50;139,80;138,15;139,35;396.615
2019-12-19;139,30;139,95;138,80;139,75;419.942
2019-12-20;138,50;139,50;137,85;139,50;1.006.595
2019-12-23;139,35;139,90;138,50;139,65;381.731
2019-12-24;139,45;140,15;138,55;139,40;104.301
2019-12-27;140,30;141,30;139,80;141,00;393.394
2019-12-30;140,65;140,95;140,10;140,85;210.397
2019-12-31;140,25;140,85;139,05;140,65;128.052
2020-01-02;141,30;142,05;140,35;141,40;302.202
2020-01-03;141,10;141,60;140,25;141,60;326.908
2020-01-06;140,10;140,30;137,55;138,70;548.615
2020-01-07;139,00;139,70;138,20;139,40;361.786
2020-01-08;138,60;138,65;135,45;135,70;726.411
2020-01-09;136,60;136,75;133,20;133,75;647.998
2020-01-10;133,90;134,20;131,15;131,75;796.390
2020-01-13;131,95;132,95;131,35;132,00;422.342
2020-01-14;132,05;134,05;131,15;133,40;483.279
2020-01-15;133,55;134,30;132,85;133,85;533.136
2020-01-16;133,75;136,45;133,75;135,05;498.843
2020-01-17;134,40;135,40;133,90;134,10;535.744
2020-01-20;134,40;134,40;131,70;132,00;395.681
2020-01-21;131,85;133,10;130,55;132,35;375.850
2020-01-22;132,35;132,55;130,35;130,70;514.392
2020-01-23;130,75;131,75;130,40;131,35;490.948
2020-01-24;131,75;132,55;131,05;132,00;432.142
2020-01-27;131,45;132,25;128,35;129,25;701.735
2020-01-28;128,45;128,80;126,05;127,00;847.270
2020-01-29;127,50;128,35;125,65;126,70;679.876
2020-01-30;126,35;126,50;123,45;124,45;758.434
2020-01-31;124,35;124,65;121,80;122,60;853.770
2020-02-03;122,60;123,75;121,70;122,20;778.878
2020-02-04;122,95;124,25;121,75;123,65;657.665
2020-02-05;123,85;124,85;123,45;124,00;649.586
2020-02-06;125,00;125,65;122,20;122,55;892.559
2020-02-07;122,20;123,15;119,95;121,55;759.382
2020-02-10;122,00;123,80;120,95;123,70;565.757
2020-02-11;124,40;126,10;123,95;125,45;659.827
2020-02-12;126,00;127,00;124,55;125,10;663.225
2020-02-13;128,00;129,80;122,20;123,40;894.239
2020-02-14;124,25;127,85;124,15;126,95;707.479
2020-02-17;129,45;129,45;127,05;127,75;618.920
2020-02-18;128,00;128,25;126,20;126,55;478.062
2020-02-19;127,20;127,35;125,90;126,00;620.340
2020-02-20;126,05;126,25;124,75;125,50;496.501
2020-02-21;125,20;125,30;121,65;122,85;1.016.885
2020-02-24;121,25;121,35;117,85;118,50;1.532.989
2020-02-25;119,00;119,25;114,80;114,80;1.075.216
2020-02-26;114,80;116,95;114,45;116,95;1.088.442
2020-02-27;115,35;116,15;110,05;111,45;1.483.630
2020-02-28;109,20;109,60;104,90;109,00;2.084.044
2020-03-02;109,95;109,95;104,10;106,10;1.668.504
2020-03-03;107,15;108,25;106,00;106,05;1.381.001
2020-03-04;106,05;107,65;103,60;106,50;1.058.082
2020-03-05;105,45;105,70;100,80;101,40;1.353.349
2020-03-06;100,00;100,05;96,90;98,82;1.619.830
2020-03-09;93,76;94,60;89,06;89,88;2.990.477
2020-03-10;91,98;95,70;89,40;90,66;2.217.978
2020-03-11;91,24;95,14;89,94;89,94;1.805.827
2020-03-12;87,26;87,26;69,78;70,50;3.118.944
2020-03-13;77,50;81,50;70,64;72,18;2.920.785
2020-03-16;68,16;69,98;55,28;58,08;2.850.778
2020-03-17;59,16;60,96;49,71;53,80;2.416.926
2020-03-18;50,00;51,72;47,04;50,28;2.296.201
2020-03-19;52,28;59,44;50,38;59,44;1.726.932
2020-03-20;61,00;74,76;61,00;67,24;3.884.326
2020-03-23;62,58;69,02;61,60;64,52;2.122.318
2020-03-24;61,56;66,00;59,16;66,00;2.126.144
2020-03-25;66,14;66,64;53,30;57,98;2.846.198
2020-03-26;55,62;57,38;49,90;56,34;4.744.553
2020-03-27;54,76;54,76;50,64;53,78;2.497.074
2020-03-30;53,78;53,80;49,06;49,06;1.731.720
2020-03-31;50,00;52,40;49,11;51,56;1.604.218
2020-04-01;50,50;51,66;48,75;49,13;1.356.819
2020-04-02;48,50;50,76;47,52;49,72;1.432.452
2020-04-03;49,50;49,98;45,22;45,22;1.585.616
2020-04-06;47,10;51,48;45,95;50,40;2.070.118
2020-04-07;52,00;60,30;51,82;58,88;2.955.665
2020-04-08;57,00;59,62;55,36;59,62;1.298.461
2020-04-09;60,00;65,46;59,52;65,34;1.941.709
2020-04-14;65,32;66,96;58,68;58,72;1.945.691
2020-04-15;58,70;58,80;53,50;53,50;1.596.471
2020-04-16;53,60;56,54;52,82;54,10;1.297.959
2020-04-17;57,64;58,64;55,86;57,74;2.165.269
2020-04-20;57,88;57,90;54,78;55,86;1.255.083
2020-04-21;54,58;54,60;51,68;52,22;1.427.249
2020-04-22;52,36;52,96;50,64;52,96;1.054.785
2020-04-23;53,40;54,72;51,88;52,12;1.156.361
2020-04-24;51,50;52,08;50,20;50,20;1.060.417
2020-04-27;52,18;53,10;50,98;52,00;979.648
2020-04-28;52,86;55,98;51,60;53,46;1.475.413
2020-04-29;53,74;56,96;53,56;56,96;1.394.331
2020-04-30;58,00;59,84;53,72;53,72;2.170.962
2020-05-04;52,00;52,28;48,20;48,69;2.439.450
2020-05-05;50,08;51,94;49,39;51,94;1.281.966
2020-05-06;52,00;52,02;49,08;49,37;1.071.689
2020-05-07;49,72;50,90;49,11;50,06;906.239
2020-05-08;50,84;50,98;49,73;50,52;733.552
2020-05-11;51,00;51,36;47,40;48,41;1.925.681
2020-05-12;48,41;49,17;46,82;47,21;1.498.413
2020-05-13;46,40;46,40;42,91;43,42;2.549.571
2020-05-14;43,00;44,88;41,01;44,38;2.588.756
2020-05-15;45,30;46,00;42,75;43,43;1.460.774
2020-05-18;44,20;48,79;44,20;48,79;2.310.477
2020-05-19;49,50;49,68;45,13;45,93;2.508.669
2020-05-20;46,38;46,72;44,08;45,21;1.863.645
2020-05-21;45,00;45,00;41,51;41,52;3.502.788
2020-05-22;41,47;43,71;40,64;41,30;2.920.884
2020-05-25;42,49;44,77;42,11;44,53;1.936.852
2020-05-26;46,92;49,73;46,52;49,55;3.050.598
2020-05-27;50,62;53,48;50,48;51,82;3.097.540
2020-05-28;52,70;53,18;49,88;51,00;1.790.542
2020-05-29;49,96;52,50;47,51;47,70;2.631.340
2020-06-01;50,16;53,06;49,67;53,06;1.888.335
2020-06-02;54,78;59,82;54,70;58,02;4.309.895
2020-06-03;60,00;66,82;58,30;66,54;4.285.882
2020-06-04;66,30;66,40;62,10;63,70;2.917.784
2020-06-05;65,60;73,76;65,60;70,72;4.730.022
2020-06-08;70,10;76,20;67,52;69,10;4.490.143
2020-06-09;71,70;72,84;64,72;67,90;3.843.031
2020-06-10;67,80;70,70;61,66;62,96;3.014.529
2020-06-11;56,46;59,08;54,50;54,78;4.200.762
2020-06-12;54,50;59,34;53,52;57,34;3.032.690
2020-06-15;55,00;58,60;53,00;58,06;2.427.855
2020-06-16;60,50;61,84;57,20;58,80;2.945.134
2020-06-17;59,42;61,02;57,04;58,00;2.098.535
2020-06-18;57,20;58,40;55,92;56,10;1.812.758
2020-06-19;56,90;57,10;54,80;55,20;2.754.306
2020-06-22;54,42;55,72;53,20;55,10;1.638.319
2020-06-23;55,66;57,34;53,70;54,50;1.622.804
2020-06-24;54,56;55,54;51,00;51,00;2.507.597
2020-06-25;50,56;52,84;50,14;52,12;2.314.547
2020-06-26;53,00;53,16;48,90;49,44;2.266.507
2020-06-29;49,10;50,80;48,22;50,02;1.887.527
2020-06-30;50,76;51,64;49,20;50,16;1.332.883
2020-07-01;50,20;51,56;48,16;50,22;1.814.275
